"Step","test-model_231757 - Train RMSE (meters)","test-model_231757 - Train RMSE (meters)__MIN","test-model_231757 - Train RMSE (meters)__MAX"
"1","1.476658247815338","1.476658247815338","1.476658247815338"
"11","1.4135688636691528","1.4135688636691528","1.4135688636691528"
"19","1.1019666214542045","1.1019666214542045","1.1019666214542045"
"23","0.9567338753949538","0.9567338753949538","0.9567338753949538"
"29","1.6233996800853663","1.6233996800853663","1.6233996800853663"
"33","1.2192637998868825","1.2192637998868825","1.2192637998868825"
"35","1.419056540827198","1.419056540827198","1.419056540827198"
"37","1.3319891422361878","1.3319891422361878","1.3319891422361878"
"39","1.5898643698515027","1.5898643698515027","1.5898643698515027"
"43","1.0654149181205912","1.0654149181205912","1.0654149181205912"
"51","1.3393653482649208","1.3393653482649208","1.3393653482649208"
"53","0.7808945037741191","0.7808945037741191","0.7808945037741191"
"67","1.1296573239170231","1.1296573239170231","1.1296573239170231"
"69","1.1742902661624155","1.1742902661624155","1.1742902661624155"
"71","0.6709372829868657","0.6709372829868657","0.6709372829868657"
"73","0.9277461001006599","0.9277461001006599","0.9277461001006599"
"79","0.8029828580354422","0.8029828580354422","0.8029828580354422"
"85","1.055314393407531","1.055314393407531","1.055314393407531"
"89","1.4568464146595455","1.4568464146595455","1.4568464146595455"
"93","1.3281457338397666","1.3281457338397666","1.3281457338397666"
"97","1.5792907337311803","1.5792907337311803","1.5792907337311803"
"101","1.2823531821168856","1.2823531821168856","1.2823531821168856"
"103","1.0816488864262193","1.0816488864262193","1.0816488864262193"
"105","0.6758082830942588","0.6758082830942588","0.6758082830942588"
"113","1.0339526394598821","1.0339526394598821","1.0339526394598821"
"115","1.3193335430764495","1.3193335430764495","1.3193335430764495"
"117","1.3150821897980645","1.3150821897980645","1.3150821897980645"
"119","0.841943396187945","0.841943396187945","0.841943396187945"
"125","1.4109007753512144","1.4109007753512144","1.4109007753512144"
"127","0.7536559010439344","0.7536559010439344","0.7536559010439344"
"133","1.420919159938024","1.420919159938024","1.420919159938024"
"137","1.1111918333983863","1.1111918333983863","1.1111918333983863"
"141","0.9438039233737081","0.9438039233737081","0.9438039233737081"
"143","1.4096238671471015","1.4096238671471015","1.4096238671471015"
"145","1.0232840270073034","1.0232840270073034","1.0232840270073034"
"147","1.0737911968743565","1.0737911968743565","1.0737911968743565"
"149","1.1368695450746804","1.1368695450746804","1.1368695450746804"
"153","1.1200135240419489","1.1200135240419489","1.1200135240419489"
"155","0.9730117025798771","0.9730117025798771","0.9730117025798771"
"159","0.8416072693881591","0.8416072693881591","0.8416072693881591"
"165","1.2790038726962754","1.2790038726962754","1.2790038726962754"
"167","1.0420281101030207","1.0420281101030207","1.0420281101030207"
"175","1.3380483715311602","1.3380483715311602","1.3380483715311602"
"177","1.1056951284297973","1.1056951284297973","1.1056951284297973"
"183","1.319936484340391","1.319936484340391","1.319936484340391"
"187","0.6833556278204959","0.6833556278204959","0.6833556278204959"
"189","1.2246990262302175","1.2246990262302175","1.2246990262302175"
"193","1.3484422243815704","1.3484422243815704","1.3484422243815704"
"199","1.2722560339927196","1.2722560339927196","1.2722560339927196"
"205","0.7453794405323688","0.7453794405323688","0.7453794405323688"
"211","1.482963774574976","1.482963774574976","1.482963774574976"
"215","1.306633417540146","1.306633417540146","1.306633417540146"
"217","1.2175595264648171","1.2175595264648171","1.2175595264648171"
"235","1.1764819823091985","1.1764819823091985","1.1764819823091985"
"237","1.047372443597016","1.047372443597016","1.047372443597016"
"243","1.2405705514485412","1.2405705514485412","1.2405705514485412"
"247","1.0854260454608573","1.0854260454608573","1.0854260454608573"
"251","1.2621758167531754","1.2621758167531754","1.2621758167531754"
"255","0.8682079325556331","0.8682079325556331","0.8682079325556331"
"271","0.8638880396617655","0.8638880396617655","0.8638880396617655"
"273","1.2005672266581775","1.2005672266581775","1.2005672266581775"
"277","1.1617038051154442","1.1617038051154442","1.1617038051154442"
"279","0.8569453138109685","0.8569453138109685","0.8569453138109685"
"285","0.9851949395274746","0.9851949395274746","0.9851949395274746"
"287","1.210865633893169","1.210865633893169","1.210865633893169"
"291","1.0009476224856098","1.0009476224856098","1.0009476224856098"
"293","1.2608943170765976","1.2608943170765976","1.2608943170765976"
"297","0.8011724493432927","0.8011724493432927","0.8011724493432927"
"299","0.8527607318266621","0.8527607318266621","0.8527607318266621"
"301","0.769916341249813","0.769916341249813","0.769916341249813"
"305","1.4296017813912143","1.4296017813912143","1.4296017813912143"
"307","1.3485238199022025","1.3485238199022025","1.3485238199022025"
"309","0.8086945475533536","0.8086945475533536","0.8086945475533536"
"313","1.1888062670976347","1.1888062670976347","1.1888062670976347"
"315","1.3905441603577022","1.3905441603577022","1.3905441603577022"
"319","1.1848842019428967","1.1848842019428967","1.1848842019428967"
"325","1.4666463518180752","1.4666463518180752","1.4666463518180752"
"327","1.7881205381986438","1.7881205381986438","1.7881205381986438"
"333","1.3946769916019732","1.3946769916019732","1.3946769916019732"
"335","0.9903547526067324","0.9903547526067324","0.9903547526067324"
"341","1.1106056050253101","1.1106056050253101","1.1106056050253101"
"343","1.2563601810855474","1.2563601810855474","1.2563601810855474"
"345","1.0662950171284007","1.0662950171284007","1.0662950171284007"
"347","1.4191289521673633","1.4191289521673633","1.4191289521673633"
"349","1.0374073814507496","1.0374073814507496","1.0374073814507496"
"351","0.6765562255427469","0.6765562255427469","0.6765562255427469"
"355","1.1917132372970587","1.1917132372970587","1.1917132372970587"
"369","1.2798932032437687","1.2798932032437687","1.2798932032437687"
"371","1.1211674363646047","1.1211674363646047","1.1211674363646047"
"375","0.9051195855454852","0.9051195855454852","0.9051195855454852"
"379","1.2387635167343891","1.2387635167343891","1.2387635167343891"
"385","0.9858920200214153","0.9858920200214153","0.9858920200214153"
"389","1.1175190360306209","1.1175190360306209","1.1175190360306209"
"393","1.3267330280236962","1.3267330280236962","1.3267330280236962"
"395","1.1930219856979856","1.1930219856979856","1.1930219856979856"
"419","1.215548295687658","1.215548295687658","1.215548295687658"
"423","1.1706506054832964","1.1706506054832964","1.1706506054832964"
"427","1.3488891269600534","1.3488891269600534","1.3488891269600534"
"443","1.1956142967052128","1.1956142967052128","1.1956142967052128"
"447","1.1166668725843856","1.1166668725843856","1.1166668725843856"
"449","0.6474795101488122","0.6474795101488122","0.6474795101488122"
"451","1.2837180580689456","1.2837180580689456","1.2837180580689456"
"453","1.167798390291767","1.167798390291767","1.167798390291767"
"455","1.1126237500403033","1.1126237500403033","1.1126237500403033"
"459","1.036873943381205","1.036873943381205","1.036873943381205"
"461","0.829200118714364","0.829200118714364","0.829200118714364"
"467","0.838910706782319","0.838910706782319","0.838910706782319"
"469","0.9192300126447409","0.9192300126447409","0.9192300126447409"
"471","1.0907553411821194","1.0907553411821194","1.0907553411821194"
"481","0.9370185887580356","0.9370185887580356","0.9370185887580356"
"487","0.7431756919722878","0.7431756919722878","0.7431756919722878"
"489","0.938947513795321","0.938947513795321","0.938947513795321"
"493","1.0263052212985713","1.0263052212985713","1.0263052212985713"
"496","1.048677970040385","1.048677970040385","1.048677970040385"
"500","0.7895193005232631","0.7895193005232631","0.7895193005232631"
"508","1.067949680250202","1.067949680250202","1.067949680250202"
"510","1.232139978346216","1.232139978346216","1.232139978346216"
"518","1.236357388745169","1.236357388745169","1.236357388745169"
"532","1.2355748393210475","1.2355748393210475","1.2355748393210475"
"536","0.8319851141661682","0.8319851141661682","0.8319851141661682"
"540","0.988950118539777","0.988950118539777","0.988950118539777"
"546","1.2648707838745","1.2648707838745","1.2648707838745"
"548","1.056761334587914","1.056761334587914","1.056761334587914"
"554","1.102411146151608","1.102411146151608","1.102411146151608"
"556","0.8764955818077972","0.8764955818077972","0.8764955818077972"
"562","1.1728074496674044","1.1728074496674044","1.1728074496674044"
"568","0.8512868872673234","0.8512868872673234","0.8512868872673234"
"580","0.6722486255542328","0.6722486255542328","0.6722486255542328"
"584","1.063562927382303","1.063562927382303","1.063562927382303"
"590","1.0333057489610113","1.0333057489610113","1.0333057489610113"
"602","0.7359123776434373","0.7359123776434373","0.7359123776434373"
"606","1.0737623875250923","1.0737623875250923","1.0737623875250923"
"608","1.3557730121632654","1.3557730121632654","1.3557730121632654"
"610","0.6144795949852185","0.6144795949852185","0.6144795949852185"
"612","0.6771071992238177","0.6771071992238177","0.6771071992238177"
"618","1.0138735414385636","1.0138735414385636","1.0138735414385636"
"620","0.548822151776047","0.548822151776047","0.548822151776047"
"628","1.3989780169948747","1.3989780169948747","1.3989780169948747"
"630","1.158228753306514","1.158228753306514","1.158228753306514"
"634","0.6738074700327279","0.6738074700327279","0.6738074700327279"
"636","0.5552441396373935","0.5552441396373935","0.5552441396373935"
"640","0.829576875025085","0.829576875025085","0.829576875025085"
"650","1.1685058991622392","1.1685058991622392","1.1685058991622392"
"662","1.3167586038980859","1.3167586038980859","1.3167586038980859"
"664","0.5157346319922087","0.5157346319922087","0.5157346319922087"
"672","1.0260149117997919","1.0260149117997919","1.0260149117997919"
"674","1.0781224015798907","1.0781224015798907","1.0781224015798907"
"676","0.7165365967891077","0.7165365967891077","0.7165365967891077"
"688","0.7384300687450703","0.7384300687450703","0.7384300687450703"
"694","0.9369049090903907","0.9369049090903907","0.9369049090903907"
"698","1.1816642317502466","1.1816642317502466","1.1816642317502466"
"702","1.0271377066766012","1.0271377066766012","1.0271377066766012"
"706","1.0836689258068062","1.0836689258068062","1.0836689258068062"
"712","0.7603380258385555","0.7603380258385555","0.7603380258385555"
"722","0.9341544219469934","0.9341544219469934","0.9341544219469934"
"724","1.0970114989812525","1.0970114989812525","1.0970114989812525"
"730","0.9025565552889165","0.9025565552889165","0.9025565552889165"
"734","1.1187249122236156","1.1187249122236156","1.1187249122236156"
"736","0.6985722115339816","0.6985722115339816","0.6985722115339816"
"740","0.5197037431996469","0.5197037431996469","0.5197037431996469"
"744","0.9577055132358785","0.9577055132358785","0.9577055132358785"
"754","0.8378148967249054","0.8378148967249054","0.8378148967249054"
"756","1.5399313860631416","1.5399313860631416","1.5399313860631416"
"764","1.3170928070313341","1.3170928070313341","1.3170928070313341"
"778","1.0755379085093588","1.0755379085093588","1.0755379085093588"
"780","0.9215851344203576","0.9215851344203576","0.9215851344203576"
"784","1.0754546113520975","1.0754546113520975","1.0754546113520975"
"790","0.9582782950698623","0.9582782950698623","0.9582782950698623"
"794","0.5135814166466801","0.5135814166466801","0.5135814166466801"
"802","0.9270530045652557","0.9270530045652557","0.9270530045652557"
"810","1.1636076685059056","1.1636076685059056","1.1636076685059056"
"812","1.1329965376165536","1.1329965376165536","1.1329965376165536"
"814","0.9964202943996227","0.9964202943996227","0.9964202943996227"
"820","0.8870047893545393","0.8870047893545393","0.8870047893545393"
"828","1.291913942027857","1.291913942027857","1.291913942027857"
"850","0.8163022061721091","0.8163022061721091","0.8163022061721091"
"852","0.840945776108723","0.840945776108723","0.840945776108723"
"854","0.6381835237019974","0.6381835237019974","0.6381835237019974"
"856","0.6455417918439439","0.6455417918439439","0.6455417918439439"
"860","0.6835741530742923","0.6835741530742923","0.6835741530742923"
"870","1.158052688786831","1.158052688786831","1.158052688786831"
"882","1.1780116322660354","1.1780116322660354","1.1780116322660354"
"884","1.0050932401609496","1.0050932401609496","1.0050932401609496"
"894","1.0186261365048337","1.0186261365048337","1.0186261365048337"
"902","0.7635510439294749","0.7635510439294749","0.7635510439294749"
"908","1.064215789374105","1.064215789374105","1.064215789374105"
"910","1.19585815142532","1.19585815142532","1.19585815142532"
"914","0.3609576207287156","0.3609576207287156","0.3609576207287156"
"916","0.8433210907551327","0.8433210907551327","0.8433210907551327"
"920","1.1392575257927324","1.1392575257927324","1.1392575257927324"
"922","1.042960349059828","1.042960349059828","1.042960349059828"
"924","0.886439678624912","0.886439678624912","0.886439678624912"
"926","1.2937077372554087","1.2937077372554087","1.2937077372554087"
"930","0.6468150281518524","0.6468150281518524","0.6468150281518524"
"936","0.9625382465343454","0.9625382465343454","0.9625382465343454"
"940","1.1202970325460975","1.1202970325460975","1.1202970325460975"
"944","1.279290445326161","1.279290445326161","1.279290445326161"
"950","0.527314983572316","0.527314983572316","0.527314983572316"
"954","0.8851844183807505","0.8851844183807505","0.8851844183807505"
"964","0.7966202347351182","0.7966202347351182","0.7966202347351182"
"966","0.8142471967935256","0.8142471967935256","0.8142471967935256"
"976","1.1537855019278598","1.1537855019278598","1.1537855019278598"
"978","0.8261241132489313","0.8261241132489313","0.8261241132489313"
"980","0.7864509270595083","0.7864509270595083","0.7864509270595083"
"988","0.9951490822005494","0.9951490822005494","0.9951490822005494"
"990","0.7946855723379789","0.7946855723379789","0.7946855723379789"
"992","1.1533768500311883","1.1533768500311883","1.1533768500311883"
"994","0.9761793071437951","0.9761793071437951","0.9761793071437951"
"996","1.238468721560768","1.238468721560768","1.238468721560768"
"998","0.5276661770208468","0.5276661770208468","0.5276661770208468"
"1002","0.8288547970894559","0.8288547970894559","0.8288547970894559"
"1004","0.7352806756249475","0.7352806756249475","0.7352806756249475"
"1006","1.004810801484735","1.004810801484735","1.004810801484735"
"1012","0.5556728047251388","0.5556728047251388","0.5556728047251388"
"1022","0.9580303348923","0.9580303348923","0.9580303348923"
"1024","0.7347915360923185","0.7347915360923185","0.7347915360923185"
"1026","0.7286865197566181","0.7286865197566181","0.7286865197566181"
"1028","1.2272470107097513","1.2272470107097513","1.2272470107097513"
"1030","1.2178564463990182","1.2178564463990182","1.2178564463990182"
"1034","1.1520063520561041","1.1520063520561041","1.1520063520561041"
"1038","0.7027809148859998","0.7027809148859998","0.7027809148859998"
"1052","0.7043265989677904","0.7043265989677904","0.7043265989677904"
"1054","0.9021341980534866","0.9021341980534866","0.9021341980534866"
"1064","0.8108466272025581","0.8108466272025581","0.8108466272025581"
"1068","0.7029868943958498","0.7029868943958498","0.7029868943958498"
"1074","0.7585508937496256","0.7585508937496256","0.7585508937496256"
"1084","1.082936042904871","1.082936042904871","1.082936042904871"
"1086","0.9001246988481151","0.9001246988481151","0.9001246988481151"
"1090","1.2499390110396045","1.2499390110396045","1.2499390110396045"
"1098","0.782899450471836","0.782899450471836","0.782899450471836"
"1100","0.8975876811027915","0.8975876811027915","0.8975876811027915"
"1102","0.46717984757806363","0.46717984757806363","0.46717984757806363"
"1104","1.0286603838056474","1.0286603838056474","1.0286603838056474"
"1120","1.0278812061425386","1.0278812061425386","1.0278812061425386"
"1128","1.1419328481368467","1.1419328481368467","1.1419328481368467"
"1130","1.266564526748071","1.266564526748071","1.266564526748071"
"1136","0.7428375208471819","0.7428375208471819","0.7428375208471819"
"1148","0.6773955187874297","0.6773955187874297","0.6773955187874297"
"1150","0.46775247610508197","0.46775247610508197","0.46775247610508197"
"1154","0.6597020770784009","0.6597020770784009","0.6597020770784009"
"1156","0.8533246767330175","0.8533246767330175","0.8533246767330175"
"1162","0.9461168382443561","0.9461168382443561","0.9461168382443561"
"1164","0.8923664802030213","0.8923664802030213","0.8923664802030213"
"1166","0.8914412388801063","0.8914412388801063","0.8914412388801063"
"1168","1.1082711974392208","1.1082711974392208","1.1082711974392208"
"1170","0.98834457496138","0.98834457496138","0.98834457496138"
"1172","0.550802325122818","0.550802325122818","0.550802325122818"
"1174","0.81115714389637","0.81115714389637","0.81115714389637"
"1178","0.8154943748902258","0.8154943748902258","0.8154943748902258"
"1182","1.0107067452081564","1.0107067452081564","1.0107067452081564"
"1184","1.2077923199348333","1.2077923199348333","1.2077923199348333"
"1186","1.0049909379654929","1.0049909379654929","1.0049909379654929"
"1190","1.1406370711014464","1.1406370711014464","1.1406370711014464"
"1192","1.140823033529915","1.140823033529915","1.140823033529915"
"1194","0.5482746741138868","0.5482746741138868","0.5482746741138868"
"1196","0.785790106904942","0.785790106904942","0.785790106904942"
"1198","1.0100554118677525","1.0100554118677525","1.0100554118677525"
"1208","1.1934247038046109","1.1934247038046109","1.1934247038046109"
"1212","0.986238683289943","0.986238683289943","0.986238683289943"
"1216","1.041271128262666","1.041271128262666","1.041271128262666"
"1218","1.1518045489354365","1.1518045489354365","1.1518045489354365"
"1226","1.1298178190036585","1.1298178190036585","1.1298178190036585"
"1228","0.9258086767841999","0.9258086767841999","0.9258086767841999"
"1232","0.7591606025858386","0.7591606025858386","0.7591606025858386"
"1234","0.5711690923461001","0.5711690923461001","0.5711690923461001"
"1238","0.5548042658016152","0.5548042658016152","0.5548042658016152"
"1244","1.068644316506393","1.068644316506393","1.068644316506393"
"1246","0.9013215587635026","0.9013215587635026","0.9013215587635026"
"1250","0.5353275219913428","0.5353275219913428","0.5353275219913428"
"1252","0.7769191099673535","0.7769191099673535","0.7769191099673535"
"1256","0.5724191817663724","0.5724191817663724","0.5724191817663724"
"1268","1.032011386815911","1.032011386815911","1.032011386815911"
"1270","1.3483861743269125","1.3483861743269125","1.3483861743269125"
"1272","0.9307999566724477","0.9307999566724477","0.9307999566724477"
"1286","0.8506458843843099","0.8506458843843099","0.8506458843843099"
"1288","0.9940249932272789","0.9940249932272789","0.9940249932272789"
"1292","1.1383984926228519","1.1383984926228519","1.1383984926228519"
"1294","1.0188892433164038","1.0188892433164038","1.0188892433164038"
"1296","0.6581572111965069","0.6581572111965069","0.6581572111965069"
"1298","0.7483970280736596","0.7483970280736596","0.7483970280736596"
"1300","0.8143155281326214","0.8143155281326214","0.8143155281326214"
"1302","1.0070663173775773","1.0070663173775773","1.0070663173775773"
"1304","0.6490891411005975","0.6490891411005975","0.6490891411005975"
"1306","0.9637553141406603","0.9637553141406603","0.9637553141406603"
"1324","1.0747571116334391","1.0747571116334391","1.0747571116334391"
"1326","0.46791587365282256","0.46791587365282256","0.46791587365282256"
"1334","1.0413224732455038","1.0413224732455038","1.0413224732455038"
"1336","0.9203339643841212","0.9203339643841212","0.9203339643841212"
"1342","0.975680235008466","0.975680235008466","0.975680235008466"
"1350","1.0145550300258757","1.0145550300258757","1.0145550300258757"
"1352","0.7339860007616749","0.7339860007616749","0.7339860007616749"
"1366","0.4535061614291988","0.4535061614291988","0.4535061614291988"
"1372","0.9140202439151012","0.9140202439151012","0.9140202439151012"
"1382","0.6497355876995964","0.6497355876995964","0.6497355876995964"
"1384","0.6786511950648226","0.6786511950648226","0.6786511950648226"
"1386","0.573578406128436","0.573578406128436","0.573578406128436"
"1390","0.892429965554523","0.892429965554523","0.892429965554523"
"1394","0.5778710606610105","0.5778710606610105","0.5778710606610105"
"1400","0.2125973212152311","0.2125973212152311","0.2125973212152311"
"1404","0.7212365716778317","0.7212365716778317","0.7212365716778317"
"1406","1.075936404185273","1.075936404185273","1.075936404185273"
"1426","0.6266812837405967","0.6266812837405967","0.6266812837405967"
"1430","0.6035763361248451","0.6035763361248451","0.6035763361248451"
"1438","0.5883554794269683","0.5883554794269683","0.5883554794269683"
"1440","0.5669319081367643","0.5669319081367643","0.5669319081367643"
"1444","0.9693723340861728","0.9693723340861728","0.9693723340861728"
"1448","0.6399608518875979","0.6399608518875979","0.6399608518875979"
"1452","0.8529833218373989","0.8529833218373989","0.8529833218373989"
"1454","0.6817420949530066","0.6817420949530066","0.6817420949530066"
"1458","0.7184932498946637","0.7184932498946637","0.7184932498946637"
"1462","0.9798139232000531","0.9798139232000531","0.9798139232000531"
"1468","0.45642102902888276","0.45642102902888276","0.45642102902888276"
"1491","0.7320964446293204","0.7320964446293204","0.7320964446293204"
"1493","1.1517141917719034","1.1517141917719034","1.1517141917719034"
"1505","0.764560894199426","0.764560894199426","0.764560894199426"
"1511","1.1130247657193502","1.1130247657193502","1.1130247657193502"
"1517","0.9412172373101512","0.9412172373101512","0.9412172373101512"
"1521","0.7618670979341152","0.7618670979341152","0.7618670979341152"
"1523","0.9029291739226145","0.9029291739226145","0.9029291739226145"
"1527","0.9203844466527006","0.9203844466527006","0.9203844466527006"
"1529","0.470513364918252","0.470513364918252","0.470513364918252"
"1539","0.8740317232389204","0.8740317232389204","0.8740317232389204"
"1541","1.1009528454792012","1.1009528454792012","1.1009528454792012"
"1547","0.6551976394589256","0.6551976394589256","0.6551976394589256"
"1549","0.5858945195010914","0.5858945195010914","0.5858945195010914"
"1553","0.5003851063146322","0.5003851063146322","0.5003851063146322"
"1565","0.7865517205040381","0.7865517205040381","0.7865517205040381"
"1579","0.6515529888016902","0.6515529888016902","0.6515529888016902"
"1581","1.070696128535662","1.070696128535662","1.070696128535662"
"1591","0.8773976582026571","0.8773976582026571","0.8773976582026571"
"1605","0.7790996713106121","0.7790996713106121","0.7790996713106121"
"1611","0.7541609813061398","0.7541609813061398","0.7541609813061398"
"1615","0.8507622975041579","0.8507622975041579","0.8507622975041579"
"1617","1.0290710085584558","1.0290710085584558","1.0290710085584558"
"1627","0.9304981063708716","0.9304981063708716","0.9304981063708716"
"1655","0.757775374614128","0.757775374614128","0.757775374614128"
"1657","0.751370528798499","0.751370528798499","0.751370528798499"
"1667","0.9286559978163461","0.9286559978163461","0.9286559978163461"
"1677","1.0148865582817768","1.0148865582817768","1.0148865582817768"
"1679","0.6170501073185742","0.6170501073185742","0.6170501073185742"
"1681","0.6990757375051297","0.6990757375051297","0.6990757375051297"
"1699","0.7752389447193729","0.7752389447193729","0.7752389447193729"
"1709","0.7520633765308817","0.7520633765308817","0.7520633765308817"
"1711","0.699006629181126","0.699006629181126","0.699006629181126"
"1717","0.7185561706577432","0.7185561706577432","0.7185561706577432"
"1725","0.5696721858876456","0.5696721858876456","0.5696721858876456"
"1729","0.7932649256627209","0.7932649256627209","0.7932649256627209"
"1743","0.6503768323747496","0.6503768323747496","0.6503768323747496"
"1749","0.8662506404065163","0.8662506404065163","0.8662506404065163"
"1753","0.5251043738200994","0.5251043738200994","0.5251043738200994"
"1757","0.6827439175519567","0.6827439175519567","0.6827439175519567"
"1759","0.7660215090652589","0.7660215090652589","0.7660215090652589"
"1765","0.7691281032366357","0.7691281032366357","0.7691281032366357"
"1767","0.6706480755706618","0.6706480755706618","0.6706480755706618"
"1771","0.7268125042408123","0.7268125042408123","0.7268125042408123"
"1773","0.6865606826945697","0.6865606826945697","0.6865606826945697"
"1779","0.7625995727311765","0.7625995727311765","0.7625995727311765"
"1785","0.4987232776165982","0.4987232776165982","0.4987232776165982"
"1793","0.8742982911715518","0.8742982911715518","0.8742982911715518"
"1799","0.8259047488972918","0.8259047488972918","0.8259047488972918"
"1803","0.49128511752243015","0.49128511752243015","0.49128511752243015"
"1809","1.147187103712013","1.147187103712013","1.147187103712013"
"1813","0.9260799071086865","0.9260799071086865","0.9260799071086865"
"1815","0.6501838882464782","0.6501838882464782","0.6501838882464782"
"1821","0.6680805491977517","0.6680805491977517","0.6680805491977517"
"1827","0.8260658863520909","0.8260658863520909","0.8260658863520909"
"1829","1.0019039268387","1.0019039268387","1.0019039268387"
"1835","0.61637380536346","0.61637380536346","0.61637380536346"
"1841","0.5996835768324328","0.5996835768324328","0.5996835768324328"
"1843","0.5053098189943964","0.5053098189943964","0.5053098189943964"
"1845","0.9653095557259622","0.9653095557259622","0.9653095557259622"
"1851","0.9508564326104686","0.9508564326104686","0.9508564326104686"
"1853","0.6741704541144373","0.6741704541144373","0.6741704541144373"
"1865","0.8771298916405638","0.8771298916405638","0.8771298916405638"
"1879","0.7263281659658346","0.7263281659658346","0.7263281659658346"
"1881","0.9485385796921002","0.9485385796921002","0.9485385796921002"
"1889","0.6076459318085881","0.6076459318085881","0.6076459318085881"
"1893","0.9632494646630778","0.9632494646630778","0.9632494646630778"
"1895","0.7788268849488025","0.7788268849488025","0.7788268849488025"
"1897","0.6886172536392469","0.6886172536392469","0.6886172536392469"
"1899","0.9508503521246758","0.9508503521246758","0.9508503521246758"
"1901","0.9093784725476849","0.9093784725476849","0.9093784725476849"
"1909","0.8491245333320574","0.8491245333320574","0.8491245333320574"
"1911","0.37128419506689175","0.37128419506689175","0.37128419506689175"
"1915","0.9304849426244227","0.9304849426244227","0.9304849426244227"
"1919","1.0858260721904138","1.0858260721904138","1.0858260721904138"
"1925","0.7883519665516752","0.7883519665516752","0.7883519665516752"
"1927","0.5700407556552977","0.5700407556552977","0.5700407556552977"
"1931","1.041100532547431","1.041100532547431","1.041100532547431"
"1945","0.6690645654567177","0.6690645654567177","0.6690645654567177"
"1949","0.411655754901632","0.411655754901632","0.411655754901632"
"1953","0.808573588981467","0.808573588981467","0.808573588981467"
"1957","0.3704833381062039","0.3704833381062039","0.3704833381062039"
"1963","0.735505795863776","0.735505795863776","0.735505795863776"
"1971","0.7408624968422244","0.7408624968422244","0.7408624968422244"
"1979","0.5231313806689313","0.5231313806689313","0.5231313806689313"
"1981","0.5473391878949044","0.5473391878949044","0.5473391878949044"
"1983","0.8070160959451382","0.8070160959451382","0.8070160959451382"
"1989","0.9433662619645413","0.9433662619645413","0.9433662619645413"
"1995","0.9752699270493488","0.9752699270493488","0.9752699270493488"
"1997","0.8030743030028378","0.8030743030028378","0.8030743030028378"
"1999","0.5873608911463306","0.5873608911463306","0.5873608911463306"
"2003","0.8568567659982509","0.8568567659982509","0.8568567659982509"
"2005","0.4484761942474951","0.4484761942474951","0.4484761942474951"
"2007","0.5264529581201866","0.5264529581201866","0.5264529581201866"
"2011","0.8170439862184912","0.8170439862184912","0.8170439862184912"
"2017","0.68214456899324","0.68214456899324","0.68214456899324"
"2019","0.9592327410070146","0.9592327410070146","0.9592327410070146"
"2021","0.6940712726146816","0.6940712726146816","0.6940712726146816"
"2023","0.6672605139560399","0.6672605139560399","0.6672605139560399"
"2025","0.38735883894964773","0.38735883894964773","0.38735883894964773"
"2027","0.6185736241045242","0.6185736241045242","0.6185736241045242"
"2031","0.7323416297186843","0.7323416297186843","0.7323416297186843"
"2039","0.5511545580029978","0.5511545580029978","0.5511545580029978"
"2041","0.6514042238975779","0.6514042238975779","0.6514042238975779"
"2043","0.524873471907635","0.524873471907635","0.524873471907635"
"2051","0.6903857226584599","0.6903857226584599","0.6903857226584599"
"2053","0.6041784504585331","0.6041784504585331","0.6041784504585331"
"2055","0.551899525495969","0.551899525495969","0.551899525495969"
"2057","0.752510716181394","0.752510716181394","0.752510716181394"
"2059","0.6496085657239725","0.6496085657239725","0.6496085657239725"
"2063","0.708552121050985","0.708552121050985","0.708552121050985"
"2079","0.9236711042004583","0.9236711042004583","0.9236711042004583"
"2083","0.7531338228207515","0.7531338228207515","0.7531338228207515"
"2085","0.7710003843665247","0.7710003843665247","0.7710003843665247"
"2087","0.6459407768295582","0.6459407768295582","0.6459407768295582"
"2091","0.6690728281819492","0.6690728281819492","0.6690728281819492"
"2099","0.6878480463752086","0.6878480463752086","0.6878480463752086"
"2101","0.8612098180092518","0.8612098180092518","0.8612098180092518"
"2109","0.5140980740096873","0.5140980740096873","0.5140980740096873"
"2111","0.7286027135262861","0.7286027135262861","0.7286027135262861"
"2113","0.8042023316481192","0.8042023316481192","0.8042023316481192"
"2115","0.47535336426001534","0.47535336426001534","0.47535336426001534"
"2119","0.7227334471014069","0.7227334471014069","0.7227334471014069"
"2123","0.8958448734575143","0.8958448734575143","0.8958448734575143"
"2125","0.6416778751319133","0.6416778751319133","0.6416778751319133"
"2127","0.468951833505663","0.468951833505663","0.468951833505663"
"2131","0.7760929799023274","0.7760929799023274","0.7760929799023274"
"2133","0.5475719370678073","0.5475719370678073","0.5475719370678073"
"2135","0.9080047718964604","0.9080047718964604","0.9080047718964604"
"2143","0.49064895304139877","0.49064895304139877","0.49064895304139877"
"2149","0.6441816595643093","0.6441816595643093","0.6441816595643093"
"2151","0.658363028552722","0.658363028552722","0.658363028552722"
"2159","0.36751330915991054","0.36751330915991054","0.36751330915991054"
"2165","0.9446041195812931","0.9446041195812931","0.9446041195812931"
"2171","0.6569905870625545","0.6569905870625545","0.6569905870625545"
"2177","0.5827689648033489","0.5827689648033489","0.5827689648033489"
"2183","0.44970093432009806","0.44970093432009806","0.44970093432009806"
"2195","0.7465004336847066","0.7465004336847066","0.7465004336847066"
"2197","0.5350735175788919","0.5350735175788919","0.5350735175788919"
"2205","0.4957187166159269","0.4957187166159269","0.4957187166159269"
"2209","0.7514863782626569","0.7514863782626569","0.7514863782626569"
"2213","0.526182011178874","0.526182011178874","0.526182011178874"
"2217","0.7156405984436232","0.7156405984436232","0.7156405984436232"
"2227","0.7345621398130345","0.7345621398130345","0.7345621398130345"
"2229","0.6194236180829662","0.6194236180829662","0.6194236180829662"
"2231","0.7474176135638976","0.7474176135638976","0.7474176135638976"
"2235","0.6040772722690697","0.6040772722690697","0.6040772722690697"
"2243","0.7518364357511857","0.7518364357511857","0.7518364357511857"
"2257","0.9519501621480423","0.9519501621480423","0.9519501621480423"
"2259","0.6205147497589614","0.6205147497589614","0.6205147497589614"
"2261","1.0068237422348842","1.0068237422348842","1.0068237422348842"
"2263","0.7190311545412109","0.7190311545412109","0.7190311545412109"
"2265","0.8550510170422553","0.8550510170422553","0.8550510170422553"
"2267","0.49650721703784273","0.49650721703784273","0.49650721703784273"
"2273","0.6303759160289505","0.6303759160289505","0.6303759160289505"
"2275","0.7519912511894933","0.7519912511894933","0.7519912511894933"
"2277","0.4693790030276987","0.4693790030276987","0.4693790030276987"
"2283","0.40939350959923704","0.40939350959923704","0.40939350959923704"
"2287","0.6545268323671375","0.6545268323671375","0.6545268323671375"
"2291","0.9476612955762572","0.9476612955762572","0.9476612955762572"
"2297","0.6754468630779498","0.6754468630779498","0.6754468630779498"
"2309","0.473368336878708","0.473368336878708","0.473368336878708"
"2311","0.8403989863833052","0.8403989863833052","0.8403989863833052"
"2313","0.9407612027127993","0.9407612027127993","0.9407612027127993"
"2319","0.9044711313780766","0.9044711313780766","0.9044711313780766"
"2321","0.9480807228788981","0.9480807228788981","0.9480807228788981"
"2329","0.6671128170908791","0.6671128170908791","0.6671128170908791"
"2331","0.5981111478247858","0.5981111478247858","0.5981111478247858"
"2333","0.6312016364729086","0.6312016364729086","0.6312016364729086"
"2337","0.5288604964465494","0.5288604964465494","0.5288604964465494"
"2347","0.8396485922529988","0.8396485922529988","0.8396485922529988"
"2349","0.7292106933017902","0.7292106933017902","0.7292106933017902"
"2367","0.7249622976431243","0.7249622976431243","0.7249622976431243"
"2375","0.5006128965479155","0.5006128965479155","0.5006128965479155"
"2385","0.6183765883709688","0.6183765883709688","0.6183765883709688"
"2389","0.8409944325216304","0.8409944325216304","0.8409944325216304"
"2403","0.6731486336004606","0.6731486336004606","0.6731486336004606"
"2407","0.8324322159696323","0.8324322159696323","0.8324322159696323"
"2411","0.7233547649490022","0.7233547649490022","0.7233547649490022"
"2425","0.4412692034489727","0.4412692034489727","0.4412692034489727"
"2427","0.6425716086755815","0.6425716086755815","0.6425716086755815"
"2435","0.7027193382736732","0.7027193382736732","0.7027193382736732"
"2439","0.6665876063515795","0.6665876063515795","0.6665876063515795"
"2441","0.7498470786279722","0.7498470786279722","0.7498470786279722"
"2447","0.6929384270090072","0.6929384270090072","0.6929384270090072"
"2451","0.5947775732754621","0.5947775732754621","0.5947775732754621"
"2453","0.6752277378619828","0.6752277378619828","0.6752277378619828"
"2459","0.48480878909826214","0.48480878909826214","0.48480878909826214"
"2461","0.47312396529373046","0.47312396529373046","0.47312396529373046"
"2463","0.703446802037954","0.703446802037954","0.703446802037954"
"2465","0.6193463919198431","0.6193463919198431","0.6193463919198431"
"2467","0.8131853294422752","0.8131853294422752","0.8131853294422752"
"2469","0.7623916783545139","0.7623916783545139","0.7623916783545139"
"2471","0.4558761704725088","0.4558761704725088","0.4558761704725088"
"2474","0.578592034444756","0.578592034444756","0.578592034444756"
"2476","0.5777715427289467","0.5777715427289467","0.5777715427289467"
"2480","0.745686205057029","0.745686205057029","0.745686205057029"
"2482","0.6305825774760165","0.6305825774760165","0.6305825774760165"
"2496","0.7558875657770837","0.7558875657770837","0.7558875657770837"
"2498","0.6083931960956257","0.6083931960956257","0.6083931960956257"
"2506","0.9317415130818268","0.9317415130818268","0.9317415130818268"
"2508","0.5210650469010903","0.5210650469010903","0.5210650469010903"
"2514","0.6536769150313623","0.6536769150313623","0.6536769150313623"
"2520","0.9761507005291679","0.9761507005291679","0.9761507005291679"
"2522","0.9389707790272469","0.9389707790272469","0.9389707790272469"
"2526","0.4734210297895426","0.4734210297895426","0.4734210297895426"
"2528","0.9783088328517536","0.9783088328517536","0.9783088328517536"
"2534","0.7587231149576577","0.7587231149576577","0.7587231149576577"
"2540","0.840705110497776","0.840705110497776","0.840705110497776"
"2542","0.6673398096409934","0.6673398096409934","0.6673398096409934"
"2546","1.272220146717968","1.272220146717968","1.272220146717968"
"2550","0.35132673623368493","0.35132673623368493","0.35132673623368493"
"2560","0.4983508510072916","0.4983508510072916","0.4983508510072916"
"2562","0.45663966822462787","0.45663966822462787","0.45663966822462787"
"2564","0.7656611219954632","0.7656611219954632","0.7656611219954632"
"2570","0.7289126544110893","0.7289126544110893","0.7289126544110893"
"2574","0.6372669878701082","0.6372669878701082","0.6372669878701082"
"2576","0.7012791458573602","0.7012791458573602","0.7012791458573602"
"2578","0.46211644713019756","0.46211644713019756","0.46211644713019756"
"2580","0.42639728043272246","0.42639728043272246","0.42639728043272246"
"2586","0.7162305793326257","0.7162305793326257","0.7162305793326257"
"2592","0.5274872761136443","0.5274872761136443","0.5274872761136443"
"2606","0.4789818186046977","0.4789818186046977","0.4789818186046977"
"2612","0.804282966334177","0.804282966334177","0.804282966334177"
"2624","0.47640042597637944","0.47640042597637944","0.47640042597637944"
"2626","0.4741460320212655","0.4741460320212655","0.4741460320212655"
"2628","0.5444268606821605","0.5444268606821605","0.5444268606821605"
"2630","0.5019857195650562","0.5019857195650562","0.5019857195650562"
"2634","0.3424785573714028","0.3424785573714028","0.3424785573714028"
"2644","0.5693435799296775","0.5693435799296775","0.5693435799296775"
"2648","0.4427479969283058","0.4427479969283058","0.4427479969283058"
"2652","0.4251711087222241","0.4251711087222241","0.4251711087222241"
"2654","0.31001832955915243","0.31001832955915243","0.31001832955915243"
"2656","0.5895660959516469","0.5895660959516469","0.5895660959516469"
"2658","0.41481295541379365","0.41481295541379365","0.41481295541379365"
"2664","0.4373767542949686","0.4373767542949686","0.4373767542949686"
"2668","0.40483150055822364","0.40483150055822364","0.40483150055822364"
"2670","0.35774062488408986","0.35774062488408986","0.35774062488408986"
"2688","0.4720923157039708","0.4720923157039708","0.4720923157039708"
"2690","0.5020863397067695","0.5020863397067695","0.5020863397067695"
"2696","0.40142062683018326","0.40142062683018326","0.40142062683018326"
"2700","0.5108086158047473","0.5108086158047473","0.5108086158047473"
"2702","0.4477131366368524","0.4477131366368524","0.4477131366368524"
"2704","0.3784864400629277","0.3784864400629277","0.3784864400629277"
"2706","0.30945705423843645","0.30945705423843645","0.30945705423843645"
"2708","0.45419386059018674","0.45419386059018674","0.45419386059018674"
"2722","0.3808416509172139","0.3808416509172139","0.3808416509172139"
"2724","0.5939908793869834","0.5939908793869834","0.5939908793869834"
"2728","0.6731534372059057","0.6731534372059057","0.6731534372059057"
"2732","0.20033396129825773","0.20033396129825773","0.20033396129825773"
"2736","0.4640676607300967","0.4640676607300967","0.4640676607300967"
"2738","0.4967311758939288","0.4967311758939288","0.4967311758939288"
"2742","0.5248659201116221","0.5248659201116221","0.5248659201116221"
"2744","0.46612895281469324","0.46612895281469324","0.46612895281469324"
"2750","0.46189506120694507","0.46189506120694507","0.46189506120694507"
"2758","0.3817026046979868","0.3817026046979868","0.3817026046979868"
"2760","0.35364831362693966","0.35364831362693966","0.35364831362693966"
"2774","0.4339253472152897","0.4339253472152897","0.4339253472152897"
"2776","0.46798933617555066","0.46798933617555066","0.46798933617555066"
"2786","0.4989636230453818","0.4989636230453818","0.4989636230453818"
"2788","0.5153646100625572","0.5153646100625572","0.5153646100625572"
"2792","0.2343846478065966","0.2343846478065966","0.2343846478065966"
"2794","0.593621014086639","0.593621014086639","0.593621014086639"
"2796","0.26656950593710466","0.26656950593710466","0.26656950593710466"
"2798","0.4606441113662343","0.4606441113662343","0.4606441113662343"
"2800","0.2640990011956807","0.2640990011956807","0.2640990011956807"
"2810","0.6926022761523689","0.6926022761523689","0.6926022761523689"
"2812","0.5946459034310254","0.5946459034310254","0.5946459034310254"
"2814","0.4361628466120478","0.4361628466120478","0.4361628466120478"
"2816","0.3881966066878412","0.3881966066878412","0.3881966066878412"
"2820","0.4613752387890318","0.4613752387890318","0.4613752387890318"
"2824","0.2729769233742059","0.2729769233742059","0.2729769233742059"
"2830","0.3758656523962726","0.3758656523962726","0.3758656523962726"
"2838","0.32586504729845917","0.32586504729845917","0.32586504729845917"
"2840","0.3738394700643762","0.3738394700643762","0.3738394700643762"
"2852","0.48551281221065007","0.48551281221065007","0.48551281221065007"
"2860","0.5109654771803698","0.5109654771803698","0.5109654771803698"
"2870","0.3169963655413875","0.3169963655413875","0.3169963655413875"
"2874","0.44613616461129535","0.44613616461129535","0.44613616461129535"
"2876","0.33302410007593186","0.33302410007593186","0.33302410007593186"
"2886","0.4810467011953877","0.4810467011953877","0.4810467011953877"
"2892","0.24690574321784137","0.24690574321784137","0.24690574321784137"
"2896","0.42382188432027884","0.42382188432027884","0.42382188432027884"
"2898","0.29713784678493776","0.29713784678493776","0.29713784678493776"
"2900","0.27026317565376196","0.27026317565376196","0.27026317565376196"
"2902","0.39943316351026287","0.39943316351026287","0.39943316351026287"
"2908","0.38228142158992784","0.38228142158992784","0.38228142158992784"
"2918","0.5920944472908951","0.5920944472908951","0.5920944472908951"
"2920","0.677077951165351","0.677077951165351","0.677077951165351"
"2922","0.6104584134986447","0.6104584134986447","0.6104584134986447"
"2926","0.32989239404923393","0.32989239404923393","0.32989239404923393"
"2932","0.33857177698285307","0.33857177698285307","0.33857177698285307"
"2934","0.5233537977109082","0.5233537977109082","0.5233537977109082"
"2940","0.5006743889876403","0.5006743889876403","0.5006743889876403"
"2944","0.2706347832001644","0.2706347832001644","0.2706347832001644"
"2948","0.4188250033264579","0.4188250033264579","0.4188250033264579"
"2952","0.3310049013944686","0.3310049013944686","0.3310049013944686"
"2964","0.29717713591657735","0.29717713591657735","0.29717713591657735"
"2974","0.3716133695964422","0.3716133695964422","0.3716133695964422"
"2976","0.2699149206786547","0.2699149206786547","0.2699149206786547"
"2978","0.3584659731064585","0.3584659731064585","0.3584659731064585"
"2980","0.2707220392926747","0.2707220392926747","0.2707220392926747"
"2984","0.2783312611350474","0.2783312611350474","0.2783312611350474"
"2992","0.24579536422925757","0.24579536422925757","0.24579536422925757"
"3004","0.3962150749074012","0.3962150749074012","0.3962150749074012"
"3006","0.3442731041576077","0.3442731041576077","0.3442731041576077"
"3014","0.528801549017451","0.528801549017451","0.528801549017451"
"3018","0.3542121642938812","0.3542121642938812","0.3542121642938812"
"3020","0.5774070560503168","0.5774070560503168","0.5774070560503168"
"3026","0.4331012024610197","0.4331012024610197","0.4331012024610197"
"3028","0.5483402242005303","0.5483402242005303","0.5483402242005303"
"3040","0.26705407944038023","0.26705407944038023","0.26705407944038023"
"3054","0.20048243704117763","0.20048243704117763","0.20048243704117763"
"3062","0.3780998812757768","0.3780998812757768","0.3780998812757768"
"3066","0.571627681179503","0.571627681179503","0.571627681179503"
"3068","0.32175813655227953","0.32175813655227953","0.32175813655227953"
"3074","0.40505455264862295","0.40505455264862295","0.40505455264862295"
"3078","0.38834307771266774","0.38834307771266774","0.38834307771266774"
"3082","0.45236108776328404","0.45236108776328404","0.45236108776328404"
"3084","0.25147439882957656","0.25147439882957656","0.25147439882957656"
"3086","0.35068632723391746","0.35068632723391746","0.35068632723391746"
"3096","0.4646068899172553","0.4646068899172553","0.4646068899172553"
"3098","0.3855816857296086","0.3855816857296086","0.3855816857296086"
"3100","0.23610819679609013","0.23610819679609013","0.23610819679609013"
"3102","0.30146768196037765","0.30146768196037765","0.30146768196037765"
"3104","0.3794466471379286","0.3794466471379286","0.3794466471379286"
"3106","0.16772183300757754","0.16772183300757754","0.16772183300757754"
"3108","0.36108745085810695","0.36108745085810695","0.36108745085810695"
"3114","0.30758772209374324","0.30758772209374324","0.30758772209374324"
"3116","0.4994715043303276","0.4994715043303276","0.4994715043303276"
"3120","0.5195363553592256","0.5195363553592256","0.5195363553592256"
"3124","0.34401553908448934","0.34401553908448934","0.34401553908448934"
"3126","0.3173322901494914","0.3173322901494914","0.3173322901494914"
"3134","0.44016252691297925","0.44016252691297925","0.44016252691297925"
"3140","0.5600944048632885","0.5600944048632885","0.5600944048632885"
"3142","0.41763060251615275","0.41763060251615275","0.41763060251615275"
"3148","0.4752498120383303","0.4752498120383303","0.4752498120383303"
"3152","0.42941927774559485","0.42941927774559485","0.42941927774559485"
"3154","0.4406795427369253","0.4406795427369253","0.4406795427369253"
"3156","0.40358695759597535","0.40358695759597535","0.40358695759597535"
"3158","0.2886464243240024","0.2886464243240024","0.2886464243240024"
"3174","0.39882035654182046","0.39882035654182046","0.39882035654182046"
"3180","0.3549393704850903","0.3549393704850903","0.3549393704850903"
"3182","0.554415676512647","0.554415676512647","0.554415676512647"
"3188","0.32395650989882","0.32395650989882","0.32395650989882"
"3196","0.5429249203782318","0.5429249203782318","0.5429249203782318"
"3200","0.54544957905553","0.54544957905553","0.54544957905553"
"3204","0.29950657041917866","0.29950657041917866","0.29950657041917866"
"3210","0.21769952588921201","0.21769952588921201","0.21769952588921201"
"3212","0.2834109628907827","0.2834109628907827","0.2834109628907827"
"3218","0.5362588147236985","0.5362588147236985","0.5362588147236985"
"3220","0.37699069690735754","0.37699069690735754","0.37699069690735754"
"3224","0.5884228701806307","0.5884228701806307","0.5884228701806307"
"3230","0.5045109159424747","0.5045109159424747","0.5045109159424747"
"3234","0.33717634523764994","0.33717634523764994","0.33717634523764994"
"3236","0.26902277986687884","0.26902277986687884","0.26902277986687884"
"3238","0.2840236222171196","0.2840236222171196","0.2840236222171196"
"3240","0.45829427256454425","0.45829427256454425","0.45829427256454425"
"3244","0.29297888420379076","0.29297888420379076","0.29297888420379076"
"3248","0.6060561745293753","0.6060561745293753","0.6060561745293753"
"3250","0.6102575611207114","0.6102575611207114","0.6102575611207114"
"3258","0.3402445282499628","0.3402445282499628","0.3402445282499628"
"3266","0.3960343235438119","0.3960343235438119","0.3960343235438119"
"3270","0.26983795131070054","0.26983795131070054","0.26983795131070054"
"3274","0.2811497403627513","0.2811497403627513","0.2811497403627513"
"3276","0.5102842185037886","0.5102842185037886","0.5102842185037886"
"3278","0.2775899573310405","0.2775899573310405","0.2775899573310405"
"3286","0.2802064795710472","0.2802064795710472","0.2802064795710472"
"3288","0.2422853472154227","0.2422853472154227","0.2422853472154227"
"3290","0.2760246229608139","0.2760246229608139","0.2760246229608139"
"3292","0.172870257815968","0.172870257815968","0.172870257815968"
"3296","0.20045928299419308","0.20045928299419308","0.20045928299419308"
"3298","0.16156296390562766","0.16156296390562766","0.16156296390562766"
"3300","0.457833181571565","0.457833181571565","0.457833181571565"
"3304","0.34312732610626273","0.34312732610626273","0.34312732610626273"
"3308","0.26607688164906323","0.26607688164906323","0.26607688164906323"
"3318","0.3742961238120226","0.3742961238120226","0.3742961238120226"
"3320","0.4413527734821663","0.4413527734821663","0.4413527734821663"
"3334","0.3775827949877619","0.3775827949877619","0.3775827949877619"
"3344","0.4207613693056655","0.4207613693056655","0.4207613693056655"
"3348","0.29696381645757053","0.29696381645757053","0.29696381645757053"
"3350","0.25586394677190855","0.25586394677190855","0.25586394677190855"
"3354","0.35227349758763143","0.35227349758763143","0.35227349758763143"
"3358","0.17404833785679538","0.17404833785679538","0.17404833785679538"
"3362","0.35730249464497116","0.35730249464497116","0.35730249464497116"
"3368","0.2996773464881464","0.2996773464881464","0.2996773464881464"
"3372","0.6191642588247285","0.6191642588247285","0.6191642588247285"
"3376","0.3286777563455229","0.3286777563455229","0.3286777563455229"
"3384","0.2465781787533596","0.2465781787533596","0.2465781787533596"
"3386","0.24480106288380754","0.24480106288380754","0.24480106288380754"
"3388","0.2887256050951747","0.2887256050951747","0.2887256050951747"
"3400","0.40378132258700133","0.40378132258700133","0.40378132258700133"
"3404","0.22564587478019787","0.22564587478019787","0.22564587478019787"
"3408","0.5913503743916303","0.5913503743916303","0.5913503743916303"
"3410","0.36957883306700046","0.36957883306700046","0.36957883306700046"
"3414","0.4467717404874043","0.4467717404874043","0.4467717404874043"
"3418","0.36563129582649573","0.36563129582649573","0.36563129582649573"
"3422","0.2786510978035048","0.2786510978035048","0.2786510978035048"
"3426","0.4104963436660834","0.4104963436660834","0.4104963436660834"
"3428","0.28268635397085645","0.28268635397085645","0.28268635397085645"
"3430","0.2790331629233508","0.2790331629233508","0.2790331629233508"
"3432","0.42830991997659124","0.42830991997659124","0.42830991997659124"
"3436","0.3076772600888007","0.3076772600888007","0.3076772600888007"
"3440","0.26259602652228803","0.26259602652228803","0.26259602652228803"
"3444","0.28194505848580215","0.28194505848580215","0.28194505848580215"
"3448","0.3831414347074923","0.3831414347074923","0.3831414347074923"
"3452","0.2017560458405984","0.2017560458405984","0.2017560458405984"
"3454","0.43932340614760407","0.43932340614760407","0.43932340614760407"
"3456","0.3581408580710869","0.3581408580710869","0.3581408580710869"
"3458","0.20699048990596275","0.20699048990596275","0.20699048990596275"
"3465","0.41027474281229054","0.41027474281229054","0.41027474281229054"
"3469","0.3318223408231148","0.3318223408231148","0.3318223408231148"
"3473","0.29313347318233285","0.29313347318233285","0.29313347318233285"
"3479","0.2411268450605599","0.2411268450605599","0.2411268450605599"
"3481","0.2817017847285611","0.2817017847285611","0.2817017847285611"
"3487","0.3610958280548953","0.3610958280548953","0.3610958280548953"
"3505","0.31508253617039966","0.31508253617039966","0.31508253617039966"
"3509","0.37686205539646145","0.37686205539646145","0.37686205539646145"
"3511","0.631468275309292","0.631468275309292","0.631468275309292"
"3513","0.28804750347767266","0.28804750347767266","0.28804750347767266"
"3525","0.26674919093258687","0.26674919093258687","0.26674919093258687"
"3527","0.15957369339721916","0.15957369339721916","0.15957369339721916"
"3529","0.3660131301713433","0.3660131301713433","0.3660131301713433"
"3531","0.36381618533408366","0.36381618533408366","0.36381618533408366"
"3541","0.33417251374098966","0.33417251374098966","0.33417251374098966"
"3543","0.4724010219800733","0.4724010219800733","0.4724010219800733"
"3545","0.20358598192199037","0.20358598192199037","0.20358598192199037"
"3551","0.18062745831806515","0.18062745831806515","0.18062745831806515"
"3563","0.2684077606558384","0.2684077606558384","0.2684077606558384"
"3565","0.26910050844763245","0.26910050844763245","0.26910050844763245"
"3567","0.13647300569141418","0.13647300569141418","0.13647300569141418"
"3569","0.32495903618952543","0.32495903618952543","0.32495903618952543"
"3571","0.5343867428922652","0.5343867428922652","0.5343867428922652"
"3575","0.3287125050807119","0.3287125050807119","0.3287125050807119"
"3581","0.3772447278429821","0.3772447278429821","0.3772447278429821"
"3585","0.6392341028951273","0.6392341028951273","0.6392341028951273"
"3587","0.5502363715730706","0.5502363715730706","0.5502363715730706"
"3589","0.2668181856281897","0.2668181856281897","0.2668181856281897"
"3591","0.26994177749063974","0.26994177749063974","0.26994177749063974"
"3593","0.3852161925679602","0.3852161925679602","0.3852161925679602"
"3597","0.3627131542445617","0.3627131542445617","0.3627131542445617"
"3601","0.23039833706598795","0.23039833706598795","0.23039833706598795"
"3605","0.29502669738935505","0.29502669738935505","0.29502669738935505"
"3607","0.4014418595178423","0.4014418595178423","0.4014418595178423"
"3609","0.31151646573388125","0.31151646573388125","0.31151646573388125"
"3611","0.48808876821392405","0.48808876821392405","0.48808876821392405"
"3617","0.27200837645535375","0.27200837645535375","0.27200837645535375"
"3621","0.2853501327029732","0.2853501327029732","0.2853501327029732"
"3623","0.3623576369756084","0.3623576369756084","0.3623576369756084"
"3625","0.45017502215621535","0.45017502215621535","0.45017502215621535"
"3629","0.3073512547579848","0.3073512547579848","0.3073512547579848"
"3631","0.37310998193111666","0.37310998193111666","0.37310998193111666"
"3633","0.32861221562704496","0.32861221562704496","0.32861221562704496"
"3643","0.46320515823111036","0.46320515823111036","0.46320515823111036"
"3645","0.4103483749185955","0.4103483749185955","0.4103483749185955"
"3647","0.3247082129435441","0.3247082129435441","0.3247082129435441"
"3649","0.37022193090869554","0.37022193090869554","0.37022193090869554"
"3651","0.37308505996282976","0.37308505996282976","0.37308505996282976"
"3661","0.35937850369943075","0.35937850369943075","0.35937850369943075"
"3665","0.5169826897244839","0.5169826897244839","0.5169826897244839"
"3669","0.17644147860736625","0.17644147860736625","0.17644147860736625"
"3671","0.23026170967657666","0.23026170967657666","0.23026170967657666"
"3673","0.3144963631609186","0.3144963631609186","0.3144963631609186"
"3677","0.3665765590199328","0.3665765590199328","0.3665765590199328"
"3685","0.2924845317883155","0.2924845317883155","0.2924845317883155"
"3691","0.25221132754389736","0.25221132754389736","0.25221132754389736"
"3695","0.2325254898557475","0.2325254898557475","0.2325254898557475"
"3697","0.19978951054391814","0.19978951054391814","0.19978951054391814"
"3717","0.30314287496738207","0.30314287496738207","0.30314287496738207"
"3723","0.18516406674524089","0.18516406674524089","0.18516406674524089"
"3727","0.30790229784915557","0.30790229784915557","0.30790229784915557"
"3729","0.21593738849874397","0.21593738849874397","0.21593738849874397"
"3735","0.21306586271526676","0.21306586271526676","0.21306586271526676"
"3739","0.12512276998184713","0.12512276998184713","0.12512276998184713"
"3743","0.4146821405888037","0.4146821405888037","0.4146821405888037"
"3753","0.37326432925452147","0.37326432925452147","0.37326432925452147"
"3755","0.35205872800537646","0.35205872800537646","0.35205872800537646"
"3759","0.504858285688178","0.504858285688178","0.504858285688178"
"3761","0.28511817887010127","0.28511817887010127","0.28511817887010127"
"3769","0.43274530102554826","0.43274530102554826","0.43274530102554826"
"3771","0.3228740035863928","0.3228740035863928","0.3228740035863928"
"3781","0.281412991342915","0.281412991342915","0.281412991342915"
"3783","0.29217554159733583","0.29217554159733583","0.29217554159733583"
"3791","0.34048279059749","0.34048279059749","0.34048279059749"
"3799","0.27727026704678837","0.27727026704678837","0.27727026704678837"
"3803","0.23294243898726205","0.23294243898726205","0.23294243898726205"
"3811","0.28368229285094315","0.28368229285094315","0.28368229285094315"
"3815","0.3333376596090583","0.3333376596090583","0.3333376596090583"
"3825","0.32805498829470553","0.32805498829470553","0.32805498829470553"
"3855","0.33272814823440866","0.33272814823440866","0.33272814823440866"
"3859","0.2543367697365699","0.2543367697365699","0.2543367697365699"
"3861","0.33149219961324367","0.33149219961324367","0.33149219961324367"
"3863","0.2910137816505168","0.2910137816505168","0.2910137816505168"
"3871","0.28417431278979616","0.28417431278979616","0.28417431278979616"
"3883","0.2048177974156701","0.2048177974156701","0.2048177974156701"
"3887","0.2585246768910294","0.2585246768910294","0.2585246768910294"
"3893","0.2582618381154069","0.2582618381154069","0.2582618381154069"
"3895","0.17987841332572332","0.17987841332572332","0.17987841332572332"
"3901","0.3702440069732292","0.3702440069732292","0.3702440069732292"
"3907","0.27567076806919316","0.27567076806919316","0.27567076806919316"
"3913","0.6670171640838521","0.6670171640838521","0.6670171640838521"
"3917","0.30630371391477723","0.30630371391477723","0.30630371391477723"
"3923","0.34772122236757746","0.34772122236757746","0.34772122236757746"
"3925","0.25962398367413325","0.25962398367413325","0.25962398367413325"
"3937","0.21119971225569462","0.21119971225569462","0.21119971225569462"
"3949","0.24372310795747565","0.24372310795747565","0.24372310795747565"
"3955","0.1802300058867934","0.1802300058867934","0.1802300058867934"
"3959","0.25226140937578867","0.25226140937578867","0.25226140937578867"
"3963","0.4302798609658868","0.4302798609658868","0.4302798609658868"
"3969","0.181657626269049","0.181657626269049","0.181657626269049"
"3971","0.24341412597306727","0.24341412597306727","0.24341412597306727"
"3975","0.33133643884893643","0.33133643884893643","0.33133643884893643"
"3987","0.25745772023911784","0.25745772023911784","0.25745772023911784"
"3993","0.2694788619281671","0.2694788619281671","0.2694788619281671"
"3999","0.2754174212682508","0.2754174212682508","0.2754174212682508"
"4003","0.42759873142420024","0.42759873142420024","0.42759873142420024"
"4005","0.2955665111547864","0.2955665111547864","0.2955665111547864"
"4009","0.2902333928293113","0.2902333928293113","0.2902333928293113"
"4015","0.18106101476648093","0.18106101476648093","0.18106101476648093"
"4017","0.3755851789239691","0.3755851789239691","0.3755851789239691"
"4021","0.33564005480554","0.33564005480554","0.33564005480554"
"4025","0.38548505880788353","0.38548505880788353","0.38548505880788353"
"4027","0.3799376264315591","0.3799376264315591","0.3799376264315591"
"4029","0.33853070045707595","0.33853070045707595","0.33853070045707595"
"4033","0.21579443659947045","0.21579443659947045","0.21579443659947045"
"4037","0.2792610732387231","0.2792610732387231","0.2792610732387231"
"4047","0.41810065710371486","0.41810065710371486","0.41810065710371486"
"4053","0.2527833168953545","0.2527833168953545","0.2527833168953545"
"4055","0.3948819141187155","0.3948819141187155","0.3948819141187155"
"4057","0.3418595065907282","0.3418595065907282","0.3418595065907282"
"4061","0.25891392412708863","0.25891392412708863","0.25891392412708863"
"4065","0.4363900477935395","0.4363900477935395","0.4363900477935395"
"4071","0.28049424408890583","0.28049424408890583","0.28049424408890583"
"4073","0.3892558708850692","0.3892558708850692","0.3892558708850692"
"4079","0.1792516086092532","0.1792516086092532","0.1792516086092532"
"4083","0.3795479129354469","0.3795479129354469","0.3795479129354469"
"4087","0.25450597507605005","0.25450597507605005","0.25450597507605005"
"4089","0.37989897313592974","0.37989897313592974","0.37989897313592974"
"4097","0.3088429326184897","0.3088429326184897","0.3088429326184897"
"4099","0.33030440119375876","0.33030440119375876","0.33030440119375876"
"4101","0.3009632971610975","0.3009632971610975","0.3009632971610975"
"4103","0.32319273094926465","0.32319273094926465","0.32319273094926465"
"4115","0.28497060193308116","0.28497060193308116","0.28497060193308116"
"4139","0.2927841367796055","0.2927841367796055","0.2927841367796055"
"4141","0.1621046180486758","0.1621046180486758","0.1621046180486758"
"4145","0.2648718619266493","0.2648718619266493","0.2648718619266493"
"4151","0.24558072126627398","0.24558072126627398","0.24558072126627398"
"4157","0.22011464074327708","0.22011464074327708","0.22011464074327708"
"4159","0.19270628635934564","0.19270628635934564","0.19270628635934564"
"4165","0.22467155425162036","0.22467155425162036","0.22467155425162036"
"4169","0.2486099400454265","0.2486099400454265","0.2486099400454265"
"4175","0.3743427994815775","0.3743427994815775","0.3743427994815775"
"4181","0.29507949861101235","0.29507949861101235","0.29507949861101235"
"4183","0.35806279486019643","0.35806279486019643","0.35806279486019643"
"4185","0.2607377155506244","0.2607377155506244","0.2607377155506244"
"4189","0.36489152370909517","0.36489152370909517","0.36489152370909517"
"4191","0.30111037243587857","0.30111037243587857","0.30111037243587857"
"4197","0.3225595694240466","0.3225595694240466","0.3225595694240466"
"4201","0.28647176826645593","0.28647176826645593","0.28647176826645593"
"4205","0.2888094335548851","0.2888094335548851","0.2888094335548851"
"4207","0.3557316153997287","0.3557316153997287","0.3557316153997287"
"4209","0.3053784483294484","0.3053784483294484","0.3053784483294484"
"4213","0.41685644437336783","0.41685644437336783","0.41685644437336783"
"4215","0.3121139287318013","0.3121139287318013","0.3121139287318013"
"4217","0.24780522988852738","0.24780522988852738","0.24780522988852738"
"4225","0.10470928830114083","0.10470928830114083","0.10470928830114083"
"4227","0.5371445522926563","0.5371445522926563","0.5371445522926563"
"4229","0.26912718353147563","0.26912718353147563","0.26912718353147563"
"4239","0.29717115638068775","0.29717115638068775","0.29717115638068775"
"4245","0.34520297320081167","0.34520297320081167","0.34520297320081167"
"4247","0.3587146580131475","0.3587146580131475","0.3587146580131475"
"4253","0.2455239207977676","0.2455239207977676","0.2455239207977676"
"4265","0.3317346033089509","0.3317346033089509","0.3317346033089509"
"4267","0.23299798169305613","0.23299798169305613","0.23299798169305613"
"4271","0.27646411503541146","0.27646411503541146","0.27646411503541146"
"4273","0.3098037393218987","0.3098037393218987","0.3098037393218987"
"4275","0.1850533597905543","0.1850533597905543","0.1850533597905543"
"4277","0.2588467227830018","0.2588467227830018","0.2588467227830018"
"4279","0.36996068136621","0.36996068136621","0.36996068136621"
"4281","0.2732236025572496","0.2732236025572496","0.2732236025572496"
"4287","0.3858203470744339","0.3858203470744339","0.3858203470744339"
"4291","0.3067916206782245","0.3067916206782245","0.3067916206782245"
"4293","0.28432840866893966","0.28432840866893966","0.28432840866893966"
"4297","0.6881399643992002","0.6881399643992002","0.6881399643992002"
"4305","0.207120282444614","0.207120282444614","0.207120282444614"
"4309","0.23346106036275885","0.23346106036275885","0.23346106036275885"
"4311","0.46715310202945315","0.46715310202945315","0.46715310202945315"
"4317","0.3313890866912041","0.3313890866912041","0.3313890866912041"
"4321","0.26602683806908695","0.26602683806908695","0.26602683806908695"
"4323","0.3722866760898525","0.3722866760898525","0.3722866760898525"
"4329","0.27494527098783533","0.27494527098783533","0.27494527098783533"
"4333","0.3474888130486755","0.3474888130486755","0.3474888130486755"
"4335","0.20482047108029566","0.20482047108029566","0.20482047108029566"
"4337","0.1751725784912356","0.1751725784912356","0.1751725784912356"
"4347","0.23975683060045705","0.23975683060045705","0.23975683060045705"
"4351","0.2485896427407466","0.2485896427407466","0.2485896427407466"
"4361","0.39928096428304344","0.39928096428304344","0.39928096428304344"
"4365","0.1657779113692219","0.1657779113692219","0.1657779113692219"
"4369","0.3460256289915513","0.3460256289915513","0.3460256289915513"
"4373","0.2916524307432531","0.2916524307432531","0.2916524307432531"
"4375","0.36246057328852255","0.36246057328852255","0.36246057328852255"
"4379","0.1361361624963655","0.1361361624963655","0.1361361624963655"
"4381","0.3708885830358036","0.3708885830358036","0.3708885830358036"
"4383","0.22716663645216792","0.22716663645216792","0.22716663645216792"
"4389","0.3032485778835","0.3032485778835","0.3032485778835"
"4391","0.39028183168332325","0.39028183168332325","0.39028183168332325"
"4393","0.15343446794610133","0.15343446794610133","0.15343446794610133"
"4399","0.27765495677812124","0.27765495677812124","0.27765495677812124"
"4401","0.3056903255014628","0.3056903255014628","0.3056903255014628"
"4403","0.3098087776211337","0.3098087776211337","0.3098087776211337"
"4405","0.18299811713104716","0.18299811713104716","0.18299811713104716"
"4407","0.1840877380295991","0.1840877380295991","0.1840877380295991"
"4411","0.24579142362100065","0.24579142362100065","0.24579142362100065"
"4419","0.2985444186954052","0.2985444186954052","0.2985444186954052"
"4421","0.2455156666448472","0.2455156666448472","0.2455156666448472"
"4423","0.33994547099878025","0.33994547099878025","0.33994547099878025"
"4429","0.3313079248021411","0.3313079248021411","0.3313079248021411"
"4431","0.1948771010598191","0.1948771010598191","0.1948771010598191"
"4443","0.18124007082741178","0.18124007082741178","0.18124007082741178"
"4445","0.31360184017098874","0.31360184017098874","0.31360184017098874"
"4470","0.2936933584592961","0.2936933584592961","0.2936933584592961"
"4472","0.1996484964482969","0.1996484964482969","0.1996484964482969"
"4500","0.46399645158730407","0.46399645158730407","0.46399645158730407"
"4502","0.20550891498153212","0.20550891498153212","0.20550891498153212"
"4504","0.34210230668234465","0.34210230668234465","0.34210230668234465"
"4510","0.348135970814285","0.348135970814285","0.348135970814285"
"4520","0.13808092272769815","0.13808092272769815","0.13808092272769815"
"4522","0.1485737062748525","0.1485737062748525","0.1485737062748525"
"4526","0.35813147557314196","0.35813147557314196","0.35813147557314196"
"4528","0.2708170256228837","0.2708170256228837","0.2708170256228837"
"4532","0.2819496300856749","0.2819496300856749","0.2819496300856749"
"4534","0.28978085825217015","0.28978085825217015","0.28978085825217015"
"4536","0.2477998930669543","0.2477998930669543","0.2477998930669543"
"4544","0.222525976786298","0.222525976786298","0.222525976786298"
"4548","0.2510237296939344","0.2510237296939344","0.2510237296939344"
"4550","0.2922958020311751","0.2922958020311751","0.2922958020311751"
"4552","0.3447742915409486","0.3447742915409486","0.3447742915409486"
"4556","0.17650434329548756","0.17650434329548756","0.17650434329548756"
"4558","0.27557441314240955","0.27557441314240955","0.27557441314240955"
"4566","0.2565703959301256","0.2565703959301256","0.2565703959301256"
"4570","0.31450529435800356","0.31450529435800356","0.31450529435800356"
"4572","0.19281368125417664","0.19281368125417664","0.19281368125417664"
"4574","0.3224306897603057","0.3224306897603057","0.3224306897603057"
"4582","0.33916767879791204","0.33916767879791204","0.33916767879791204"
"4584","0.2586120864037346","0.2586120864037346","0.2586120864037346"
"4586","0.2405376845633208","0.2405376845633208","0.2405376845633208"
"4590","0.33822709898947645","0.33822709898947645","0.33822709898947645"
"4596","0.18354065106926762","0.18354065106926762","0.18354065106926762"
"4598","0.44528669985267816","0.44528669985267816","0.44528669985267816"
"4610","0.17827753763571333","0.17827753763571333","0.17827753763571333"
"4612","0.2386112195372628","0.2386112195372628","0.2386112195372628"
"4628","0.41845436050826906","0.41845436050826906","0.41845436050826906"
"4646","0.3189841733245623","0.3189841733245623","0.3189841733245623"
"4648","0.171971716545176","0.171971716545176","0.171971716545176"
"4656","0.1530368456297537","0.1530368456297537","0.1530368456297537"
"4662","0.28533877449180495","0.28533877449180495","0.28533877449180495"
"4674","0.2480233399046756","0.2480233399046756","0.2480233399046756"
"4678","0.33487496788121573","0.33487496788121573","0.33487496788121573"
"4682","0.3658214074162739","0.3658214074162739","0.3658214074162739"
"4686","0.29210011455572166","0.29210011455572166","0.29210011455572166"
"4692","0.24850723769309044","0.24850723769309044","0.24850723769309044"
"4698","0.10789340307759672","0.10789340307759672","0.10789340307759672"
"4702","0.18064387440652263","0.18064387440652263","0.18064387440652263"
"4704","0.24198236545583793","0.24198236545583793","0.24198236545583793"
"4710","0.3558445296137876","0.3558445296137876","0.3558445296137876"
"4714","0.31798815000245617","0.31798815000245617","0.31798815000245617"
"4718","0.17993294496723428","0.17993294496723428","0.17993294496723428"
"4720","0.4267283064988396","0.4267283064988396","0.4267283064988396"
"4724","0.42689360110302904","0.42689360110302904","0.42689360110302904"
"4732","0.11438568002834745","0.11438568002834745","0.11438568002834745"
"4748","0.2817634558049724","0.2817634558049724","0.2817634558049724"
"4752","0.15904803770528309","0.15904803770528309","0.15904803770528309"
"4754","0.1618724723567025","0.1618724723567025","0.1618724723567025"
"4756","0.3429010919732089","0.3429010919732089","0.3429010919732089"
"4760","0.17015818354836534","0.17015818354836534","0.17015818354836534"
"4762","0.23164597194733927","0.23164597194733927","0.23164597194733927"
"4766","0.19717325748569878","0.19717325748569878","0.19717325748569878"
"4770","0.3556468643144632","0.3556468643144632","0.3556468643144632"
"4772","0.3447063753522864","0.3447063753522864","0.3447063753522864"
"4774","0.19337530744783388","0.19337530744783388","0.19337530744783388"
"4780","0.32429573569836295","0.32429573569836295","0.32429573569836295"
"4782","0.3915571534810914","0.3915571534810914","0.3915571534810914"
"4786","0.33098691623592613","0.33098691623592613","0.33098691623592613"
"4792","0.2340769780345236","0.2340769780345236","0.2340769780345236"
"4794","0.2668540513529307","0.2668540513529307","0.2668540513529307"
"4796","0.2763803836111828","0.2763803836111828","0.2763803836111828"
"4798","0.2770664682609683","0.2770664682609683","0.2770664682609683"
"4802","0.3160742560318689","0.3160742560318689","0.3160742560318689"
"4806","0.3416441985143399","0.3416441985143399","0.3416441985143399"
"4814","0.3689510120862362","0.3689510120862362","0.3689510120862362"
"4816","0.22148328642939266","0.22148328642939266","0.22148328642939266"
"4818","0.240389370733689","0.240389370733689","0.240389370733689"
"4826","0.23812565648246245","0.23812565648246245","0.23812565648246245"
"4836","0.3404942349003263","0.3404942349003263","0.3404942349003263"
"4840","0.2636486749685564","0.2636486749685564","0.2636486749685564"
"4842","0.2776093621450689","0.2776093621450689","0.2776093621450689"
"4844","0.3175578412361973","0.3175578412361973","0.3175578412361973"
"4846","0.17092038694843428","0.17092038694843428","0.17092038694843428"
"4848","0.20374176947814357","0.20374176947814357","0.20374176947814357"
"4850","0.23883672755517726","0.23883672755517726","0.23883672755517726"
"4854","0.1470763515534485","0.1470763515534485","0.1470763515534485"
"4856","0.17790367112132444","0.17790367112132444","0.17790367112132444"
"4860","0.2401373209718876","0.2401373209718876","0.2401373209718876"
"4862","0.33907496433816164","0.33907496433816164","0.33907496433816164"
"4864","0.3821661221567848","0.3821661221567848","0.3821661221567848"
"4868","0.2807040744152836","0.2807040744152836","0.2807040744152836"
"4890","0.2291477865692577","0.2291477865692577","0.2291477865692577"
"4902","0.29324676038541264","0.29324676038541264","0.29324676038541264"
"4910","0.1444445749664583","0.1444445749664583","0.1444445749664583"
"4912","0.2448093030880059","0.2448093030880059","0.2448093030880059"
"4914","0.13600036712993127","0.13600036712993127","0.13600036712993127"
"4920","0.23199739080690396","0.23199739080690396","0.23199739080690396"
"4924","0.22969653994099065","0.22969653994099065","0.22969653994099065"
"4926","0.32378606764735735","0.32378606764735735","0.32378606764735735"
"4932","0.20351261056142916","0.20351261056142916","0.20351261056142916"
"4938","0.3211713302707901","0.3211713302707901","0.3211713302707901"
"4944","0.36380971392213685","0.36380971392213685","0.36380971392213685"
"4950","0.26458897221681404","0.26458897221681404","0.26458897221681404"
"4952","0.30879580244879756","0.30879580244879756","0.30879580244879756"
"4960","0.2756311164661703","0.2756311164661703","0.2756311164661703"
"4966","0.0963348587340157","0.0963348587340157","0.0963348587340157"
"4968","0.2557808850285205","0.2557808850285205","0.2557808850285205"
"4976","0.11613505955692896","0.11613505955692896","0.11613505955692896"
"4980","0.2643364619400236","0.2643364619400236","0.2643364619400236"
"4982","0.32881580024256535","0.32881580024256535","0.32881580024256535"
"4988","0.3283401079354356","0.3283401079354356","0.3283401079354356"
"4992","0.23885049207954914","0.23885049207954914","0.23885049207954914"
"5004","0.17740179741966508","0.17740179741966508","0.17740179741966508"
"5006","0.2795505971807352","0.2795505971807352","0.2795505971807352"
"5008","0.205660565121032","0.205660565121032","0.205660565121032"
"5016","0.11475248116104607","0.11475248116104607","0.11475248116104607"
"5026","0.2600520856202671","0.2600520856202671","0.2600520856202671"
"5028","0.41244634076993714","0.41244634076993714","0.41244634076993714"
"5042","0.3265260954464723","0.3265260954464723","0.3265260954464723"
"5046","0.2816680344617991","0.2816680344617991","0.2816680344617991"
"5048","0.30903531123681044","0.30903531123681044","0.30903531123681044"
"5050","0.21210728463395118","0.21210728463395118","0.21210728463395118"
"5058","0.4175724753558778","0.4175724753558778","0.4175724753558778"
"5060","0.25236232559286503","0.25236232559286503","0.25236232559286503"
"5064","0.2583418671034197","0.2583418671034197","0.2583418671034197"
"5066","0.35394398149190204","0.35394398149190204","0.35394398149190204"
"5068","0.3047253511832878","0.3047253511832878","0.3047253511832878"
"5072","0.2929014510104782","0.2929014510104782","0.2929014510104782"
"5074","0.21975001739777464","0.21975001739777464","0.21975001739777464"
"5080","0.2281573331467818","0.2281573331467818","0.2281573331467818"
"5084","0.3050684992093459","0.3050684992093459","0.3050684992093459"
"5086","0.34106650655643034","0.34106650655643034","0.34106650655643034"
"5088","0.24274303954897156","0.24274303954897156","0.24274303954897156"
"5090","0.2517672599872443","0.2517672599872443","0.2517672599872443"
"5094","0.32056084751410535","0.32056084751410535","0.32056084751410535"
"5102","0.2984799744304044","0.2984799744304044","0.2984799744304044"
"5104","0.27667911570951886","0.27667911570951886","0.27667911570951886"
"5108","0.20959423778301428","0.20959423778301428","0.20959423778301428"
"5116","0.22068232885636815","0.22068232885636815","0.22068232885636815"
"5118","0.3607656276091082","0.3607656276091082","0.3607656276091082"
"5120","0.5186973705940681","0.5186973705940681","0.5186973705940681"
"5126","0.12470486190211481","0.12470486190211481","0.12470486190211481"
"5128","0.29376228945976857","0.29376228945976857","0.29376228945976857"
"5130","0.23996357270050847","0.23996357270050847","0.23996357270050847"
"5132","0.199566397547332","0.199566397547332","0.199566397547332"
"5136","0.29182258196531335","0.29182258196531335","0.29182258196531335"
"5142","0.1643577711518663","0.1643577711518663","0.1643577711518663"
"5150","0.1645594235196764","0.1645594235196764","0.1645594235196764"
"5152","0.2889947811912765","0.2889947811912765","0.2889947811912765"
"5154","0.10813974751933726","0.10813974751933726","0.10813974751933726"
"5158","0.29722277448999984","0.29722277448999984","0.29722277448999984"
"5162","0.22406831340084893","0.22406831340084893","0.22406831340084893"
"5166","0.2671476925648347","0.2671476925648347","0.2671476925648347"
"5168","0.32750957540535053","0.32750957540535053","0.32750957540535053"
"5170","0.21277827176673603","0.21277827176673603","0.21277827176673603"
"5172","0.49420907372003064","0.49420907372003064","0.49420907372003064"
"5174","0.36599794424501086","0.36599794424501086","0.36599794424501086"
"5176","0.242742916775812","0.242742916775812","0.242742916775812"
"5178","0.27867417176553816","0.27867417176553816","0.27867417176553816"
"5180","0.1442110406544692","0.1442110406544692","0.1442110406544692"
"5186","0.28596064364466106","0.28596064364466106","0.28596064364466106"
"5190","0.15855014676107113","0.15855014676107113","0.15855014676107113"
"5192","0.25986187807985184","0.25986187807985184","0.25986187807985184"
"5194","0.3272646000295813","0.3272646000295813","0.3272646000295813"
"5204","0.2019633307174802","0.2019633307174802","0.2019633307174802"
"5212","0.17425026694069368","0.17425026694069368","0.17425026694069368"
"5218","0.2029860002589031","0.2029860002589031","0.2029860002589031"
"5230","0.2593282875832337","0.2593282875832337","0.2593282875832337"
"5236","0.29293709901864046","0.29293709901864046","0.29293709901864046"
"5238","0.36976157545060084","0.36976157545060084","0.36976157545060084"
"5248","0.18573027130314787","0.18573027130314787","0.18573027130314787"
"5254","0.21631182287143821","0.21631182287143821","0.21631182287143821"
"5264","0.3412360030926294","0.3412360030926294","0.3412360030926294"
"5268","0.32649648811414456","0.32649648811414456","0.32649648811414456"
"5270","0.2538482012782857","0.2538482012782857","0.2538482012782857"
"5288","0.20511354413026855","0.20511354413026855","0.20511354413026855"
"5298","0.2623630251457596","0.2623630251457596","0.2623630251457596"
"5300","0.28878324783768505","0.28878324783768505","0.28878324783768505"
"5304","0.2707772135667589","0.2707772135667589","0.2707772135667589"
"5316","0.39698577521348943","0.39698577521348943","0.39698577521348943"
"5318","0.2489985584472001","0.2489985584472001","0.2489985584472001"
"5322","0.39633997274775135","0.39633997274775135","0.39633997274775135"
"5326","0.3089899826987727","0.3089899826987727","0.3089899826987727"
"5330","0.26430775296667636","0.26430775296667636","0.26430775296667636"
"5332","0.17016286313435663","0.17016286313435663","0.17016286313435663"
"5340","0.27044258295214557","0.27044258295214557","0.27044258295214557"
"5346","0.22303001921342072","0.22303001921342072","0.22303001921342072"
"5350","0.22201396928581008","0.22201396928581008","0.22201396928581008"
"5352","0.22476938601871815","0.22476938601871815","0.22476938601871815"
"5358","0.21625960852384082","0.21625960852384082","0.21625960852384082"
"5366","0.3150613127748308","0.3150613127748308","0.3150613127748308"
"5372","0.15499411356423504","0.15499411356423504","0.15499411356423504"
"5374","0.3970897168823538","0.3970897168823538","0.3970897168823538"
"5382","0.09403077439643966","0.09403077439643966","0.09403077439643966"
"5404","0.3093389615348121","0.3093389615348121","0.3093389615348121"
"5406","0.2065020491374828","0.2065020491374828","0.2065020491374828"
"5410","0.25478323090989313","0.25478323090989313","0.25478323090989313"
"5414","0.2968605816000065","0.2968605816000065","0.2968605816000065"
"5416","0.23986886293731682","0.23986886293731682","0.23986886293731682"
"5420","0.2735155811544044","0.2735155811544044","0.2735155811544044"
"5424","0.2613890549772597","0.2613890549772597","0.2613890549772597"
"5430","0.187038708524567","0.187038708524567","0.187038708524567"
"5434","0.2485920329487195","0.2485920329487195","0.2485920329487195"
"5438","0.32845104004510445","0.32845104004510445","0.32845104004510445"
"5441","0.32554124640992593","0.32554124640992593","0.32554124640992593"
"5443","0.22794805451096548","0.22794805451096548","0.22794805451096548"
"5445","0.16468056561024044","0.16468056561024044","0.16468056561024044"
"5447","0.3216453709969141","0.3216453709969141","0.3216453709969141"
"5453","0.33120136893670193","0.33120136893670193","0.33120136893670193"
"5457","0.2124377955524154","0.2124377955524154","0.2124377955524154"
"5465","0.2914410496200443","0.2914410496200443","0.2914410496200443"
"5471","0.23914276782586522","0.23914276782586522","0.23914276782586522"
"5473","0.27466444220344277","0.27466444220344277","0.27466444220344277"
"5477","0.28987838969977353","0.28987838969977353","0.28987838969977353"
"5483","0.1876451010334166","0.1876451010334166","0.1876451010334166"
"5485","0.23010930625617654","0.23010930625617654","0.23010930625617654"
"5489","0.23966702868687828","0.23966702868687828","0.23966702868687828"
"5491","0.4208129654415338","0.4208129654415338","0.4208129654415338"
"5493","0.48267177333301564","0.48267177333301564","0.48267177333301564"
"5507","0.2181599953869117","0.2181599953869117","0.2181599953869117"
"5511","0.22940441644577853","0.22940441644577853","0.22940441644577853"
"5531","0.3351548748388289","0.3351548748388289","0.3351548748388289"
"5541","0.18550067125569142","0.18550067125569142","0.18550067125569142"
"5545","0.36787235025870285","0.36787235025870285","0.36787235025870285"
"5553","0.230446264818834","0.230446264818834","0.230446264818834"
"5569","0.18377032817903335","0.18377032817903335","0.18377032817903335"
"5587","0.16264514974082608","0.16264514974082608","0.16264514974082608"
"5589","0.12611682978424968","0.12611682978424968","0.12611682978424968"
"5591","0.2893734754147338","0.2893734754147338","0.2893734754147338"
"5593","0.20390925861930645","0.20390925861930645","0.20390925861930645"
"5595","0.17422158469900403","0.17422158469900403","0.17422158469900403"
"5601","0.24208015708732772","0.24208015708732772","0.24208015708732772"
"5603","0.3321550026444096","0.3321550026444096","0.3321550026444096"
"5605","0.4503934345670547","0.4503934345670547","0.4503934345670547"
"5607","0.1837035520392397","0.1837035520392397","0.1837035520392397"
"5611","0.1691802987048238","0.1691802987048238","0.1691802987048238"
"5615","0.2939621169650848","0.2939621169650848","0.2939621169650848"
"5619","0.13856641358968683","0.13856641358968683","0.13856641358968683"
"5627","0.2613313854339156","0.2613313854339156","0.2613313854339156"
"5637","0.30008170286874614","0.30008170286874614","0.30008170286874614"
"5639","0.20553971069679156","0.20553971069679156","0.20553971069679156"
"5645","0.2535984814966931","0.2535984814966931","0.2535984814966931"
"5649","0.24089400130087754","0.24089400130087754","0.24089400130087754"
"5657","0.21854532407555452","0.21854532407555452","0.21854532407555452"
"5671","0.1916289882493718","0.1916289882493718","0.1916289882493718"
"5673","0.2906366991949269","0.2906366991949269","0.2906366991949269"
"5675","0.11830737353330524","0.11830737353330524","0.11830737353330524"
"5679","0.21578395761701225","0.21578395761701225","0.21578395761701225"
"5685","0.30547001196949375","0.30547001196949375","0.30547001196949375"
"5689","0.31278611436777903","0.31278611436777903","0.31278611436777903"
"5691","0.18677799968690068","0.18677799968690068","0.18677799968690068"
"5695","0.2680643078108682","0.2680643078108682","0.2680643078108682"
"5701","0.28168424884857346","0.28168424884857346","0.28168424884857346"
"5705","0.2719981320295986","0.2719981320295986","0.2719981320295986"
"5707","0.23254319238415674","0.23254319238415674","0.23254319238415674"
"5709","0.21936566702506213","0.21936566702506213","0.21936566702506213"
"5713","0.25022566564328286","0.25022566564328286","0.25022566564328286"
"5719","0.20768320248841568","0.20768320248841568","0.20768320248841568"
"5725","0.24837535224778223","0.24837535224778223","0.24837535224778223"
"5727","0.19265768098570443","0.19265768098570443","0.19265768098570443"
"5731","0.2079749103725702","0.2079749103725702","0.2079749103725702"
"5733","0.1533358438485413","0.1533358438485413","0.1533358438485413"
"5737","0.29403847266857996","0.29403847266857996","0.29403847266857996"
"5743","0.2674465273505616","0.2674465273505616","0.2674465273505616"
"5745","0.10983697788286563","0.10983697788286563","0.10983697788286563"
"5749","0.16297773095069515","0.16297773095069515","0.16297773095069515"
"5755","0.12531815214086314","0.12531815214086314","0.12531815214086314"
"5761","0.2988830341430324","0.2988830341430324","0.2988830341430324"
"5765","0.329073556676231","0.329073556676231","0.329073556676231"
"5771","0.1680354108052288","0.1680354108052288","0.1680354108052288"
"5775","0.23560185399698225","0.23560185399698225","0.23560185399698225"
"5777","0.12656138207683626","0.12656138207683626","0.12656138207683626"
"5793","0.24225081877378152","0.24225081877378152","0.24225081877378152"
"5795","0.2417801230301908","0.2417801230301908","0.2417801230301908"
"5797","0.3277014087196805","0.3277014087196805","0.3277014087196805"
"5799","0.25203743344672014","0.25203743344672014","0.25203743344672014"
"5811","0.18964005126640038","0.18964005126640038","0.18964005126640038"
"5815","0.18691644657093423","0.18691644657093423","0.18691644657093423"
"5819","0.2425142667938928","0.2425142667938928","0.2425142667938928"
"5825","0.16292090260343628","0.16292090260343628","0.16292090260343628"
"5829","0.2629455594032942","0.2629455594032942","0.2629455594032942"
"5839","0.2111542259459162","0.2111542259459162","0.2111542259459162"
"5841","0.25281553011989216","0.25281553011989216","0.25281553011989216"
"5843","0.14188485581870833","0.14188485581870833","0.14188485581870833"
"5849","0.1660462295147795","0.1660462295147795","0.1660462295147795"
"5855","0.18911323339564778","0.18911323339564778","0.18911323339564778"
"5859","0.18859122548787988","0.18859122548787988","0.18859122548787988"
"5861","0.37566019594706196","0.37566019594706196","0.37566019594706196"
"5863","0.19738362814747756","0.19738362814747756","0.19738362814747756"
"5865","0.17684539184846257","0.17684539184846257","0.17684539184846257"
"5867","0.1744520263534781","0.1744520263534781","0.1744520263534781"
"5869","0.14175701159001067","0.14175701159001067","0.14175701159001067"
"5883","0.19088058886249426","0.19088058886249426","0.19088058886249426"
"5885","0.19991093418166683","0.19991093418166683","0.19991093418166683"
"5889","0.33989020282237065","0.33989020282237065","0.33989020282237065"
"5899","0.20245608816166585","0.20245608816166585","0.20245608816166585"
"5907","0.15093978715233916","0.15093978715233916","0.15093978715233916"
"5913","0.14549715527927579","0.14549715527927579","0.14549715527927579"
"5915","0.19376093656683005","0.19376093656683005","0.19376093656683005"
"5923","0.34886355204167474","0.34886355204167474","0.34886355204167474"
"5933","0.3009549172135504","0.3009549172135504","0.3009549172135504"
"5935","0.21911377121781125","0.21911377121781125","0.21911377121781125"
"5939","0.19169798824869538","0.19169798824869538","0.19169798824869538"
"5949","0.284592227445404","0.284592227445404","0.284592227445404"
"5957","0.19342745921277685","0.19342745921277685","0.19342745921277685"
"5961","0.1492647409715393","0.1492647409715393","0.1492647409715393"
"5969","0.28005567591039926","0.28005567591039926","0.28005567591039926"
"5973","0.41142005581406677","0.41142005581406677","0.41142005581406677"
"5983","0.30708219236621737","0.30708219236621737","0.30708219236621737"
"5985","0.2862766282010733","0.2862766282010733","0.2862766282010733"
"5989","0.41836716032931903","0.41836716032931903","0.41836716032931903"
"5991","0.1779645644843673","0.1779645644843673","0.1779645644843673"
"5999","0.18279634958640537","0.18279634958640537","0.18279634958640537"
"6013","0.2223587642138849","0.2223587642138849","0.2223587642138849"
"6017","0.22406675058054676","0.22406675058054676","0.22406675058054676"
"6025","0.3551666527100239","0.3551666527100239","0.3551666527100239"
"6027","0.14612897356502838","0.14612897356502838","0.14612897356502838"
"6039","0.20847086340591084","0.20847086340591084","0.20847086340591084"
"6041","0.4257617561007477","0.4257617561007477","0.4257617561007477"
"6043","0.2823286564840066","0.2823286564840066","0.2823286564840066"
"6053","0.3108645080311346","0.3108645080311346","0.3108645080311346"
"6055","0.3872690042975862","0.3872690042975862","0.3872690042975862"
"6061","0.23894943293619728","0.23894943293619728","0.23894943293619728"
"6065","0.23650881267665386","0.23650881267665386","0.23650881267665386"
"6067","0.20294408811373227","0.20294408811373227","0.20294408811373227"
"6069","0.24068419669615268","0.24068419669615268","0.24068419669615268"
"6071","0.15312847965529724","0.15312847965529724","0.15312847965529724"
"6075","0.2628740036175066","0.2628740036175066","0.2628740036175066"
"6077","0.1935867360024418","0.1935867360024418","0.1935867360024418"
"6083","0.32051126779277983","0.32051126779277983","0.32051126779277983"
"6087","0.22331468367876856","0.22331468367876856","0.22331468367876856"
"6091","0.23813443272848758","0.23813443272848758","0.23813443272848758"
"6093","0.20804784505963905","0.20804784505963905","0.20804784505963905"
"6095","0.21765379762602977","0.21765379762602977","0.21765379762602977"
"6099","0.20247301590057226","0.20247301590057226","0.20247301590057226"
"6111","0.30770197108687786","0.30770197108687786","0.30770197108687786"
"6121","0.3612580927434032","0.3612580927434032","0.3612580927434032"
"6125","0.4225702914052998","0.4225702914052998","0.4225702914052998"
"6127","0.4832013431599482","0.4832013431599482","0.4832013431599482"
"6129","0.2631780591959589","0.2631780591959589","0.2631780591959589"
"6131","0.21474155249484234","0.21474155249484234","0.21474155249484234"
"6139","0.19905500601491444","0.19905500601491444","0.19905500601491444"
"6143","0.24158022484885427","0.24158022484885427","0.24158022484885427"
"6145","0.22277888049747635","0.22277888049747635","0.22277888049747635"
"6147","0.1399135474022416","0.1399135474022416","0.1399135474022416"
"6153","0.2482072356894967","0.2482072356894967","0.2482072356894967"
"6155","0.2301604746931274","0.2301604746931274","0.2301604746931274"
"6173","0.19288197740195337","0.19288197740195337","0.19288197740195337"
"6175","0.21442997708490255","0.21442997708490255","0.21442997708490255"
"6177","0.12070750348936436","0.12070750348936436","0.12070750348936436"
"6189","0.2242766694282428","0.2242766694282428","0.2242766694282428"
"6193","0.26864051141061435","0.26864051141061435","0.26864051141061435"
"6199","0.2973540606893527","0.2973540606893527","0.2973540606893527"
"6201","0.13882335931587114","0.13882335931587114","0.13882335931587114"
"6207","0.3293453864116574","0.3293453864116574","0.3293453864116574"
"6211","0.32399212143805745","0.32399212143805745","0.32399212143805745"
"6213","0.2028595767466419","0.2028595767466419","0.2028595767466419"
"6223","0.24580817076980538","0.24580817076980538","0.24580817076980538"
"6229","0.23152091002882808","0.23152091002882808","0.23152091002882808"
"6235","0.29688078473127083","0.29688078473127083","0.29688078473127083"
"6241","0.20296067229856046","0.20296067229856046","0.20296067229856046"
"6249","0.21474425005847758","0.21474425005847758","0.21474425005847758"
"6251","0.3791509015435426","0.3791509015435426","0.3791509015435426"
"6255","0.2890827713121779","0.2890827713121779","0.2890827713121779"
"6257","0.26104101994326023","0.26104101994326023","0.26104101994326023"
"6267","0.13912354372484234","0.13912354372484234","0.13912354372484234"
"6271","0.2092586749317028","0.2092586749317028","0.2092586749317028"
"6275","0.28510964679062206","0.28510964679062206","0.28510964679062206"
"6277","0.2751844730232378","0.2751844730232378","0.2751844730232378"
"6283","0.26546547811915655","0.26546547811915655","0.26546547811915655"
"6289","0.23314621996246024","0.23314621996246024","0.23314621996246024"
"6297","0.30164954950092554","0.30164954950092554","0.30164954950092554"
"6305","0.19510271249715627","0.19510271249715627","0.19510271249715627"
"6307","0.19847791965968845","0.19847791965968845","0.19847791965968845"
"6313","0.22007213121241126","0.22007213121241126","0.22007213121241126"
"6317","0.18934007594876687","0.18934007594876687","0.18934007594876687"
"6319","0.34877202649785244","0.34877202649785244","0.34877202649785244"
"6321","0.2871502438476606","0.2871502438476606","0.2871502438476606"
"6329","0.08906000828185365","0.08906000828185365","0.08906000828185365"
"6333","0.1458506800915879","0.1458506800915879","0.1458506800915879"
"6341","0.21880925602103146","0.21880925602103146","0.21880925602103146"
"6349","0.31100536784679034","0.31100536784679034","0.31100536784679034"
"6353","0.2690633499539693","0.2690633499539693","0.2690633499539693"
"6359","0.20780609092294428","0.20780609092294428","0.20780609092294428"
"6361","0.23125495808673188","0.23125495808673188","0.23125495808673188"
"6383","0.24866175846395244","0.24866175846395244","0.24866175846395244"
"6389","0.2443561518149395","0.2443561518149395","0.2443561518149395"
"6405","0.17530328619300975","0.17530328619300975","0.17530328619300975"
"6409","0.35551238578166033","0.35551238578166033","0.35551238578166033"
"6411","0.2182796906106307","0.2182796906106307","0.2182796906106307"
"6419","0.20725007458617614","0.20725007458617614","0.20725007458617614"
"6421","0.16943752932856077","0.16943752932856077","0.16943752932856077"
"6423","0.25013324047966695","0.25013324047966695","0.25013324047966695"
"6432","0.23730759952469577","0.23730759952469577","0.23730759952469577"
"6434","0.2806835032441626","0.2806835032441626","0.2806835032441626"
"6436","0.2720574293078129","0.2720574293078129","0.2720574293078129"
"6438","0.17593992806685158","0.17593992806685158","0.17593992806685158"
"6450","0.2872173339905136","0.2872173339905136","0.2872173339905136"
"6454","0.30033907652646075","0.30033907652646075","0.30033907652646075"
"6456","0.2235017750731433","0.2235017750731433","0.2235017750731433"
"6466","0.28010647150133866","0.28010647150133866","0.28010647150133866"
"6468","0.29047409980201716","0.29047409980201716","0.29047409980201716"
"6470","0.4180181777106745","0.4180181777106745","0.4180181777106745"
"6482","0.3256416350964439","0.3256416350964439","0.3256416350964439"
"6484","0.23452301914428494","0.23452301914428494","0.23452301914428494"
"6486","0.28387454452629285","0.28387454452629285","0.28387454452629285"
"6490","0.2431103290799272","0.2431103290799272","0.2431103290799272"
"6500","0.20738720433479255","0.20738720433479255","0.20738720433479255"
"6502","0.19995811180209255","0.19995811180209255","0.19995811180209255"
"6504","0.20124785830856784","0.20124785830856784","0.20124785830856784"
"6510","0.1864663281316222","0.1864663281316222","0.1864663281316222"
"6532","0.20868596492487218","0.20868596492487218","0.20868596492487218"
"6534","0.2687981628908662","0.2687981628908662","0.2687981628908662"
"6538","0.07560391076861842","0.07560391076861842","0.07560391076861842"
"6554","0.23058396223703043","0.23058396223703043","0.23058396223703043"
"6556","0.2757091303641821","0.2757091303641821","0.2757091303641821"
"6560","0.31911158482109053","0.31911158482109053","0.31911158482109053"
"6562","0.26742557715868714","0.26742557715868714","0.26742557715868714"
"6568","0.26661697454933325","0.26661697454933325","0.26661697454933325"
"6570","0.2636028764656426","0.2636028764656426","0.2636028764656426"
"6572","0.2333541413094804","0.2333541413094804","0.2333541413094804"
"6578","0.2820778161067642","0.2820778161067642","0.2820778161067642"
"6586","0.32999760023602775","0.32999760023602775","0.32999760023602775"
"6592","0.4229259821925986","0.4229259821925986","0.4229259821925986"
"6594","0.3586792222759672","0.3586792222759672","0.3586792222759672"
"6600","0.20457339163752478","0.20457339163752478","0.20457339163752478"
"6602","0.2044960298514244","0.2044960298514244","0.2044960298514244"
"6616","0.22215455402494777","0.22215455402494777","0.22215455402494777"
"6620","0.24841649008628083","0.24841649008628083","0.24841649008628083"
"6626","0.22404511936297195","0.22404511936297195","0.22404511936297195"
"6628","0.2595791541804577","0.2595791541804577","0.2595791541804577"
"6632","0.15624251347726253","0.15624251347726253","0.15624251347726253"
"6640","0.16489577421615836","0.16489577421615836","0.16489577421615836"
"6644","0.2070563678979128","0.2070563678979128","0.2070563678979128"
"6646","0.35051721308379935","0.35051721308379935","0.35051721308379935"
"6650","0.18137029815641958","0.18137029815641958","0.18137029815641958"
"6652","0.16373886817666583","0.16373886817666583","0.16373886817666583"
"6664","0.2276094025039473","0.2276094025039473","0.2276094025039473"
"6672","0.2874882980743295","0.2874882980743295","0.2874882980743295"
"6678","0.20668059469084124","0.20668059469084124","0.20668059469084124"
"6680","0.2734218592938844","0.2734218592938844","0.2734218592938844"
"6682","0.2271454562436821","0.2271454562436821","0.2271454562436821"
"6688","0.23127453776931797","0.23127453776931797","0.23127453776931797"
"6690","0.18385954142991132","0.18385954142991132","0.18385954142991132"
"6694","0.22668247499252484","0.22668247499252484","0.22668247499252484"
"6700","0.25494097634292906","0.25494097634292906","0.25494097634292906"
"6706","0.15708664775719502","0.15708664775719502","0.15708664775719502"
"6714","0.278516332296407","0.278516332296407","0.278516332296407"
"6720","0.23778051386807103","0.23778051386807103","0.23778051386807103"
"6722","0.44863331005449153","0.44863331005449153","0.44863331005449153"
"6726","0.19163334278650881","0.19163334278650881","0.19163334278650881"
"6728","0.29742568790926666","0.29742568790926666","0.29742568790926666"
"6736","0.2212662559668913","0.2212662559668913","0.2212662559668913"
"6738","0.231863890764776","0.231863890764776","0.231863890764776"
"6740","0.20040783650210314","0.20040783650210314","0.20040783650210314"
"6742","0.20351142073551823","0.20351142073551823","0.20351142073551823"
"6746","0.2547658600816341","0.2547658600816341","0.2547658600816341"
"6748","0.17994595681617","0.17994595681617","0.17994595681617"
"6752","0.2525200195685442","0.2525200195685442","0.2525200195685442"
"6754","0.24056799913247418","0.24056799913247418","0.24056799913247418"
"6758","0.33918929388142305","0.33918929388142305","0.33918929388142305"
"6760","0.17348842431693545","0.17348842431693545","0.17348842431693545"
"6772","0.2065930136796013","0.2065930136796013","0.2065930136796013"
"6774","0.32899386174626855","0.32899386174626855","0.32899386174626855"
"6778","0.238914593899549","0.238914593899549","0.238914593899549"
"6782","0.21427469317443515","0.21427469317443515","0.21427469317443515"
"6790","0.17480530552248683","0.17480530552248683","0.17480530552248683"
"6792","0.23062095626914572","0.23062095626914572","0.23062095626914572"
"6794","0.17677433505736387","0.17677433505736387","0.17677433505736387"
"6804","0.14646723329065206","0.14646723329065206","0.14646723329065206"
"6806","0.22294252797470637","0.22294252797470637","0.22294252797470637"
"6808","0.24919411289328064","0.24919411289328064","0.24919411289328064"
"6810","0.22621053454218792","0.22621053454218792","0.22621053454218792"
"6814","0.1978746210577801","0.1978746210577801","0.1978746210577801"
"6824","0.2560694029047298","0.2560694029047298","0.2560694029047298"
"6840","0.39549852525144336","0.39549852525144336","0.39549852525144336"
"6842","0.19711120151031847","0.19711120151031847","0.19711120151031847"
"6846","0.34897587029909954","0.34897587029909954","0.34897587029909954"
"6850","0.20763363562210957","0.20763363562210957","0.20763363562210957"
"6852","0.3934893116002267","0.3934893116002267","0.3934893116002267"
"6854","0.2578533747088812","0.2578533747088812","0.2578533747088812"
"6858","0.15651981184863167","0.15651981184863167","0.15651981184863167"
"6864","0.12357356111542325","0.12357356111542325","0.12357356111542325"
"6866","0.21387788231990393","0.21387788231990393","0.21387788231990393"
"6868","0.2664335091480135","0.2664335091480135","0.2664335091480135"
"6878","0.3155134579936365","0.3155134579936365","0.3155134579936365"
"6886","0.23147500728895978","0.23147500728895978","0.23147500728895978"
"6888","0.26986422219781553","0.26986422219781553","0.26986422219781553"
"6890","0.15416098900491162","0.15416098900491162","0.15416098900491162"
"6892","0.248450109173825","0.248450109173825","0.248450109173825"
"6896","0.28070830790796253","0.28070830790796253","0.28070830790796253"
"6900","0.24945093747119756","0.24945093747119756","0.24945093747119756"
"6910","0.1918569824134185","0.1918569824134185","0.1918569824134185"
"6912","0.3145341235738777","0.3145341235738777","0.3145341235738777"
"6922","0.21521427974597598","0.21521427974597598","0.21521427974597598"
"6924","0.164582082561577","0.164582082561577","0.164582082561577"
"6938","0.1955769084280926","0.1955769084280926","0.1955769084280926"
"6950","0.3134586412292318","0.3134586412292318","0.3134586412292318"
"6952","0.26902440001834965","0.26902440001834965","0.26902440001834965"
"6958","0.07968431260709288","0.07968431260709288","0.07968431260709288"
"6960","0.23453995939446495","0.23453995939446495","0.23453995939446495"
"6966","0.21557278484651662","0.21557278484651662","0.21557278484651662"
"6974","0.262162188739289","0.262162188739289","0.262162188739289"
"6976","0.13042420294907295","0.13042420294907295","0.13042420294907295"
"6978","0.3525656164424134","0.3525656164424134","0.3525656164424134"
"6980","0.23509328766006224","0.23509328766006224","0.23509328766006224"
"6986","0.28246443864343057","0.28246443864343057","0.28246443864343057"
"6992","0.2921493133029901","0.2921493133029901","0.2921493133029901"
"6994","0.23702821992409723","0.23702821992409723","0.23702821992409723"
"6996","0.12045157803704833","0.12045157803704833","0.12045157803704833"
"6998","0.3932579758387599","0.3932579758387599","0.3932579758387599"
"7000","0.2919947391258181","0.2919947391258181","0.2919947391258181"
"7002","0.21293800596687076","0.21293800596687076","0.21293800596687076"
"7014","0.08247556587369405","0.08247556587369405","0.08247556587369405"
"7020","0.18765002447596207","0.18765002447596207","0.18765002447596207"
"7030","0.26253147050130615","0.26253147050130615","0.26253147050130615"
"7036","0.21095648432885797","0.21095648432885797","0.21095648432885797"
"7038","0.18557213059254493","0.18557213059254493","0.18557213059254493"
"7044","0.3866375731993113","0.3866375731993113","0.3866375731993113"
"7054","0.30171857659025264","0.30171857659025264","0.30171857659025264"
"7058","0.14271361301800353","0.14271361301800353","0.14271361301800353"
"7064","0.3747541495914783","0.3747541495914783","0.3747541495914783"
"7066","0.1869421946721396","0.1869421946721396","0.1869421946721396"
"7068","0.19908955068355433","0.19908955068355433","0.19908955068355433"
"7074","0.1851585339755418","0.1851585339755418","0.1851585339755418"
"7078","0.1459845407565251","0.1459845407565251","0.1459845407565251"
"7080","0.1781975297329572","0.1781975297329572","0.1781975297329572"
"7094","0.12221606136623453","0.12221606136623453","0.12221606136623453"
"7100","0.2385063671385772","0.2385063671385772","0.2385063671385772"
"7102","0.1911181890279528","0.1911181890279528","0.1911181890279528"
"7122","0.12739928415412122","0.12739928415412122","0.12739928415412122"
"7132","0.13132587238038712","0.13132587238038712","0.13132587238038712"
"7134","0.1702181655463362","0.1702181655463362","0.1702181655463362"
"7140","0.31602789780747476","0.31602789780747476","0.31602789780747476"
"7142","0.3890204280488274","0.3890204280488274","0.3890204280488274"
"7146","0.28993255252239236","0.28993255252239236","0.28993255252239236"
"7150","0.24741863681034082","0.24741863681034082","0.24741863681034082"
"7156","0.1672706067672122","0.1672706067672122","0.1672706067672122"
"7158","0.12834528762726674","0.12834528762726674","0.12834528762726674"
"7162","0.2028220742233147","0.2028220742233147","0.2028220742233147"
"7164","0.1758815161528847","0.1758815161528847","0.1758815161528847"
"7172","0.14615236167392726","0.14615236167392726","0.14615236167392726"
"7174","0.12642698568203256","0.12642698568203256","0.12642698568203256"
"7176","0.24267631853071026","0.24267631853071026","0.24267631853071026"
"7180","0.2857192113038793","0.2857192113038793","0.2857192113038793"
"7184","0.248784769913328","0.248784769913328","0.248784769913328"
"7186","0.11910381686590923","0.11910381686590923","0.11910381686590923"
"7190","0.25978346455058143","0.25978346455058143","0.25978346455058143"
"7196","0.226044407767861","0.226044407767861","0.226044407767861"
"7198","0.37677444413388184","0.37677444413388184","0.37677444413388184"
"7202","0.12808494755954833","0.12808494755954833","0.12808494755954833"
"7206","0.1504570331349162","0.1504570331349162","0.1504570331349162"
"7208","0.2541055337418166","0.2541055337418166","0.2541055337418166"
"7210","0.36507910217507034","0.36507910217507034","0.36507910217507034"
"7212","0.23912326377102738","0.23912326377102738","0.23912326377102738"
"7216","0.3623435315801399","0.3623435315801399","0.3623435315801399"
"7218","0.17949274123213307","0.17949274123213307","0.17949274123213307"
"7224","0.2078411079018563","0.2078411079018563","0.2078411079018563"
"7228","0.15518062144677666","0.15518062144677666","0.15518062144677666"
"7234","0.20357804027733917","0.20357804027733917","0.20357804027733917"
"7238","0.18691152373595768","0.18691152373595768","0.18691152373595768"
"7244","0.16663776956822146","0.16663776956822146","0.16663776956822146"
"7246","0.3076524744533507","0.3076524744533507","0.3076524744533507"
"7254","0.10850426516933771","0.10850426516933771","0.10850426516933771"
"7256","0.14748708859402532","0.14748708859402532","0.14748708859402532"
"7264","0.29846515926788897","0.29846515926788897","0.29846515926788897"
"7266","0.20785152133481702","0.20785152133481702","0.20785152133481702"
"7270","0.10157186208270165","0.10157186208270165","0.10157186208270165"
"7274","0.3390041151626874","0.3390041151626874","0.3390041151626874"
"7280","0.2805908744809968","0.2805908744809968","0.2805908744809968"
"7288","0.11488196668083282","0.11488196668083282","0.11488196668083282"
"7292","0.12544705496710662","0.12544705496710662","0.12544705496710662"
"7296","0.23487512951188022","0.23487512951188022","0.23487512951188022"
"7300","0.29806785859602203","0.29806785859602203","0.29806785859602203"
"7304","0.3156907858132857","0.3156907858132857","0.3156907858132857"
"7306","0.2673253584911526","0.2673253584911526","0.2673253584911526"
"7312","0.13900999031511282","0.13900999031511282","0.13900999031511282"
"7314","0.14010542011645685","0.14010542011645685","0.14010542011645685"
"7318","0.3034972392715507","0.3034972392715507","0.3034972392715507"
"7320","0.1732424717742755","0.1732424717742755","0.1732424717742755"
"7324","0.3244351503613758","0.3244351503613758","0.3244351503613758"
"7328","0.3034207101138808","0.3034207101138808","0.3034207101138808"
"7334","0.21394996260513188","0.21394996260513188","0.21394996260513188"
"7342","0.10550164221975865","0.10550164221975865","0.10550164221975865"
"7354","0.26058462289859713","0.26058462289859713","0.26058462289859713"
"7358","0.19008494741580123","0.19008494741580123","0.19008494741580123"
"7360","0.21971754267511012","0.21971754267511012","0.21971754267511012"
"7362","0.23777452902608365","0.23777452902608365","0.23777452902608365"
"7364","0.30198881572498504","0.30198881572498504","0.30198881572498504"
"7366","0.17230070020878763","0.17230070020878763","0.17230070020878763"
"7368","0.2751796807316009","0.2751796807316009","0.2751796807316009"
"7374","0.16112869719827658","0.16112869719827658","0.16112869719827658"
"7380","0.33266250964609684","0.33266250964609684","0.33266250964609684"
"7386","0.19819734564186497","0.19819734564186497","0.19819734564186497"
"7406","0.13613389806985046","0.13613389806985046","0.13613389806985046"
"7410","0.09954840065435613","0.09954840065435613","0.09954840065435613"
"7421","0.26610783562644186","0.26610783562644186","0.26610783562644186"
"7435","0.14887233462978497","0.14887233462978497","0.14887233462978497"
"7437","0.35564416183443276","0.35564416183443276","0.35564416183443276"
"7447","0.14640900262221562","0.14640900262221562","0.14640900262221562"
"7449","0.2376294053294928","0.2376294053294928","0.2376294053294928"
"7455","0.13702762998064236","0.13702762998064236","0.13702762998064236"
"7463","0.24613675241324356","0.24613675241324356","0.24613675241324356"
"7467","0.17732077462349202","0.17732077462349202","0.17732077462349202"
"7469","0.1986770370598814","0.1986770370598814","0.1986770370598814"
"7473","0.25171792340986476","0.25171792340986476","0.25171792340986476"
"7475","0.1705896585319387","0.1705896585319387","0.1705896585319387"
"7477","0.2029863214265135","0.2029863214265135","0.2029863214265135"
"7479","0.3114346464372017","0.3114346464372017","0.3114346464372017"
"7483","0.1961014263580714","0.1961014263580714","0.1961014263580714"
"7489","0.29857296740090716","0.29857296740090716","0.29857296740090716"
"7491","0.2769583051920724","0.2769583051920724","0.2769583051920724"
"7493","0.20529278011638172","0.20529278011638172","0.20529278011638172"
"7497","0.20807779057364084","0.20807779057364084","0.20807779057364084"
"7501","0.25222098727339376","0.25222098727339376","0.25222098727339376"
"7505","0.19990145818666055","0.19990145818666055","0.19990145818666055"
"7507","0.2910104533510428","0.2910104533510428","0.2910104533510428"
"7509","0.3232005573675099","0.3232005573675099","0.3232005573675099"
"7517","0.06950829132239297","0.06950829132239297","0.06950829132239297"
"7521","0.1433133087671902","0.1433133087671902","0.1433133087671902"
"7525","0.27440616148302227","0.27440616148302227","0.27440616148302227"
"7529","0.10921679277399059","0.10921679277399059","0.10921679277399059"
"7537","0.3215550652025387","0.3215550652025387","0.3215550652025387"
"7539","0.3950047248545675","0.3950047248545675","0.3950047248545675"
"7541","0.09992869002699059","0.09992869002699059","0.09992869002699059"
"7543","0.269766290433512","0.269766290433512","0.269766290433512"
"7545","0.2559002414127939","0.2559002414127939","0.2559002414127939"
"7547","0.2150872671094467","0.2150872671094467","0.2150872671094467"
"7549","0.28308834512328135","0.28308834512328135","0.28308834512328135"
"7551","0.1212078064942256","0.1212078064942256","0.1212078064942256"
"7555","0.401941042348692","0.401941042348692","0.401941042348692"
"7557","0.20036188034708127","0.20036188034708127","0.20036188034708127"
"7561","0.1925882704346947","0.1925882704346947","0.1925882704346947"
"7575","0.21114814801414525","0.21114814801414525","0.21114814801414525"
"7587","0.20357366675088226","0.20357366675088226","0.20357366675088226"
"7591","0.2009900947663805","0.2009900947663805","0.2009900947663805"
"7597","0.16904246012293273","0.16904246012293273","0.16904246012293273"
"7605","0.33381532551237975","0.33381532551237975","0.33381532551237975"
"7609","0.21503692092314175","0.21503692092314175","0.21503692092314175"
"7615","0.13981534413653762","0.13981534413653762","0.13981534413653762"
"7631","0.3648228494346952","0.3648228494346952","0.3648228494346952"
"7633","0.22573627895234316","0.22573627895234316","0.22573627895234316"
"7637","0.19066516304597259","0.19066516304597259","0.19066516304597259"
"7639","0.2667027794828283","0.2667027794828283","0.2667027794828283"
"7645","0.24289570596656","0.24289570596656","0.24289570596656"
"7651","0.2888272849192744","0.2888272849192744","0.2888272849192744"
"7655","0.17528517979395664","0.17528517979395664","0.17528517979395664"
"7657","0.2909039660794518","0.2909039660794518","0.2909039660794518"
"7661","0.24599045144667706","0.24599045144667706","0.24599045144667706"
"7667","0.36805792373918994","0.36805792373918994","0.36805792373918994"
"7669","0.3319412109362933","0.3319412109362933","0.3319412109362933"
"7673","0.1255027970405082","0.1255027970405082","0.1255027970405082"
"7675","0.173836311404734","0.173836311404734","0.173836311404734"
"7679","0.21082611145277072","0.21082611145277072","0.21082611145277072"
"7681","0.18133073439193606","0.18133073439193606","0.18133073439193606"
"7685","0.1465051254834032","0.1465051254834032","0.1465051254834032"
"7689","0.17663267353083947","0.17663267353083947","0.17663267353083947"
"7707","0.2250032206145897","0.2250032206145897","0.2250032206145897"
"7709","0.393395043643406","0.393395043643406","0.393395043643406"
"7715","0.12627863338556644","0.12627863338556644","0.12627863338556644"
"7719","0.2882902810767822","0.2882902810767822","0.2882902810767822"
"7723","0.3195757067842568","0.3195757067842568","0.3195757067842568"
"7729","0.1583387123520152","0.1583387123520152","0.1583387123520152"
"7731","0.1885991760048559","0.1885991760048559","0.1885991760048559"
"7733","0.21635343547532804","0.21635343547532804","0.21635343547532804"
"7735","0.2880754371927763","0.2880754371927763","0.2880754371927763"
"7745","0.10294308765198992","0.10294308765198992","0.10294308765198992"
"7749","0.18289707786781756","0.18289707786781756","0.18289707786781756"
"7751","0.12448249922831002","0.12448249922831002","0.12448249922831002"
"7763","0.10329530770320662","0.10329530770320662","0.10329530770320662"
"7765","0.23162409158920705","0.23162409158920705","0.23162409158920705"
"7767","0.16709566535372747","0.16709566535372747","0.16709566535372747"
"7771","0.29764990311711875","0.29764990311711875","0.29764990311711875"
"7775","0.28168762121796775","0.28168762121796775","0.28168762121796775"
"7779","0.16029826706172984","0.16029826706172984","0.16029826706172984"
"7783","0.17493134710197503","0.17493134710197503","0.17493134710197503"
"7787","0.19761668024037593","0.19761668024037593","0.19761668024037593"
"7793","0.2223808609987231","0.2223808609987231","0.2223808609987231"
"7795","0.15105564913210548","0.15105564913210548","0.15105564913210548"
"7797","0.10156467325379612","0.10156467325379612","0.10156467325379612"
"7799","0.23069159192466437","0.23069159192466437","0.23069159192466437"
"7803","0.27379161520579004","0.27379161520579004","0.27379161520579004"
"7807","0.2368257029173519","0.2368257029173519","0.2368257029173519"
"7817","0.20580508947773035","0.20580508947773035","0.20580508947773035"
"7825","0.37239401045488707","0.37239401045488707","0.37239401045488707"
"7829","0.28647769804726897","0.28647769804726897","0.28647769804726897"
"7833","0.11884735706075406","0.11884735706075406","0.11884735706075406"
"7837","0.33719981141899646","0.33719981141899646","0.33719981141899646"
"7843","0.3026299573420588","0.3026299573420588","0.3026299573420588"
"7847","0.17888091295227285","0.17888091295227285","0.17888091295227285"
"7849","0.3006225637983558","0.3006225637983558","0.3006225637983558"
"7851","0.1698796943401191","0.1698796943401191","0.1698796943401191"
"7855","0.24301625550906378","0.24301625550906378","0.24301625550906378"
"7859","0.2541391331710676","0.2541391331710676","0.2541391331710676"
"7871","0.1760486370508717","0.1760486370508717","0.1760486370508717"
"7873","0.17264020249716158","0.17264020249716158","0.17264020249716158"
"7875","0.14852047784372757","0.14852047784372757","0.14852047784372757"
"7877","0.20086059746505633","0.20086059746505633","0.20086059746505633"
"7883","0.26758859432928844","0.26758859432928844","0.26758859432928844"
"7885","0.1915327743877906","0.1915327743877906","0.1915327743877906"
"7891","0.18189205692705135","0.18189205692705135","0.18189205692705135"
"7893","0.20215333020467383","0.20215333020467383","0.20215333020467383"
"7895","0.15040197577309006","0.15040197577309006","0.15040197577309006"
"7897","0.1836231999416167","0.1836231999416167","0.1836231999416167"
"7901","0.154603863994268","0.154603863994268","0.154603863994268"
"7909","0.20119895567606366","0.20119895567606366","0.20119895567606366"
"7911","0.3044505420562522","0.3044505420562522","0.3044505420562522"
"7915","0.18976302216190832","0.18976302216190832","0.18976302216190832"
"7919","0.1913261440574867","0.1913261440574867","0.1913261440574867"
"7921","0.26810826042579883","0.26810826042579883","0.26810826042579883"
"7925","0.12291275010765805","0.12291275010765805","0.12291275010765805"
"7929","0.1862597374002782","0.1862597374002782","0.1862597374002782"
"7931","0.22323804269115174","0.22323804269115174","0.22323804269115174"
"7941","0.1876549676411413","0.1876549676411413","0.1876549676411413"
"7945","0.23384570118478665","0.23384570118478665","0.23384570118478665"
"7957","0.1712349711648912","0.1712349711648912","0.1712349711648912"
"7959","0.2817574003664274","0.2817574003664274","0.2817574003664274"
"7961","0.224692171841413","0.224692171841413","0.224692171841413"
"7965","0.30235190072519635","0.30235190072519635","0.30235190072519635"
"7967","0.23290247074778445","0.23290247074778445","0.23290247074778445"
"7971","0.3335596026916073","0.3335596026916073","0.3335596026916073"
"7987","0.14100163408864488","0.14100163408864488","0.14100163408864488"
"7989","0.2941144792302018","0.2941144792302018","0.2941144792302018"
"7991","0.16207989459100078","0.16207989459100078","0.16207989459100078"
"7995","0.18884335538137043","0.18884335538137043","0.18884335538137043"
"8005","0.24846490792772877","0.24846490792772877","0.24846490792772877"
"8009","0.17882066495308088","0.17882066495308088","0.17882066495308088"
"8011","0.17964332493663174","0.17964332493663174","0.17964332493663174"
"8013","0.19151252598794394","0.19151252598794394","0.19151252598794394"
"8025","0.16621493548774666","0.16621493548774666","0.16621493548774666"
"8027","0.20954775408861287","0.20954775408861287","0.20954775408861287"
"8033","0.21154494594509","0.21154494594509","0.21154494594509"
"8041","0.14104728079243353","0.14104728079243353","0.14104728079243353"
"8043","0.2362785208481029","0.2362785208481029","0.2362785208481029"
"8051","0.30066947594133403","0.30066947594133403","0.30066947594133403"
"8057","0.15814668920344252","0.15814668920344252","0.15814668920344252"
"8059","0.16485477632101886","0.16485477632101886","0.16485477632101886"
"8067","0.21400939881438674","0.21400939881438674","0.21400939881438674"
"8073","0.25430663891401867","0.25430663891401867","0.25430663891401867"
"8089","0.14798203661439263","0.14798203661439263","0.14798203661439263"
"8115","0.12800918176760878","0.12800918176760878","0.12800918176760878"
"8117","0.248010377376462","0.248010377376462","0.248010377376462"
"8119","0.1914819548230977","0.1914819548230977","0.1914819548230977"
"8127","0.1711593489109539","0.1711593489109539","0.1711593489109539"
"8129","0.27565176736516606","0.27565176736516606","0.27565176736516606"
"8141","0.1964200470053148","0.1964200470053148","0.1964200470053148"
"8157","0.19255283994442626","0.19255283994442626","0.19255283994442626"
"8179","0.25378683656711853","0.25378683656711853","0.25378683656711853"
"8183","0.22035214696413408","0.22035214696413408","0.22035214696413408"
"8187","0.19491550152283466","0.19491550152283466","0.19491550152283466"
"8189","0.2888687360720752","0.2888687360720752","0.2888687360720752"
"8191","0.16758183895343778","0.16758183895343778","0.16758183895343778"
"8193","0.30524789187104057","0.30524789187104057","0.30524789187104057"
"8201","0.17552083116374784","0.17552083116374784","0.17552083116374784"
"8203","0.09891775725679927","0.09891775725679927","0.09891775725679927"
"8209","0.21728951953407424","0.21728951953407424","0.21728951953407424"
"8211","0.13882644527795168","0.13882644527795168","0.13882644527795168"
"8213","0.08933872837365978","0.08933872837365978","0.08933872837365978"
"8217","0.19379502165601026","0.19379502165601026","0.19379502165601026"
"8219","0.17809006448772086","0.17809006448772086","0.17809006448772086"
"8235","0.22839464751103963","0.22839464751103963","0.22839464751103963"
"8237","0.15900347030274373","0.15900347030274373","0.15900347030274373"
"8239","0.22685073735939373","0.22685073735939373","0.22685073735939373"
"8243","0.3149035290555763","0.3149035290555763","0.3149035290555763"
"8247","0.2737540320312866","0.2737540320312866","0.2737540320312866"
"8261","0.36351551173143","0.36351551173143","0.36351551173143"
"8271","0.18695157032506304","0.18695157032506304","0.18695157032506304"
"8289","0.24694320364321992","0.24694320364321992","0.24694320364321992"
"8291","0.13533656489964474","0.13533656489964474","0.13533656489964474"
"8293","0.13235639342857652","0.13235639342857652","0.13235639342857652"
"8295","0.16814450007307766","0.16814450007307766","0.16814450007307766"
"8297","0.2480358662002092","0.2480358662002092","0.2480358662002092"
"8299","0.24753433499931943","0.24753433499931943","0.24753433499931943"
"8303","0.23781496294829002","0.23781496294829002","0.23781496294829002"
"8305","0.1854477667889797","0.1854477667889797","0.1854477667889797"
"8307","0.17139973821937174","0.17139973821937174","0.17139973821937174"
"8309","0.18349949466625348","0.18349949466625348","0.18349949466625348"
"8311","0.2874292162128498","0.2874292162128498","0.2874292162128498"
"8313","0.3044032213416564","0.3044032213416564","0.3044032213416564"
"8333","0.18247219184102823","0.18247219184102823","0.18247219184102823"
"8335","0.24063969356707582","0.24063969356707582","0.24063969356707582"
"8339","0.2890332052490737","0.2890332052490737","0.2890332052490737"
"8349","0.2788992899605968","0.2788992899605968","0.2788992899605968"
"8359","0.29327347484478533","0.29327347484478533","0.29327347484478533"
"8363","0.1704215671686568","0.1704215671686568","0.1704215671686568"
"8371","0.20053436596937235","0.20053436596937235","0.20053436596937235"
"8377","0.1809201255916043","0.1809201255916043","0.1809201255916043"
"8381","0.2137661961085758","0.2137661961085758","0.2137661961085758"
"8385","0.23504709200578666","0.23504709200578666","0.23504709200578666"
"8403","0.2876668176569566","0.2876668176569566","0.2876668176569566"
"8405","0.20478063531996127","0.20478063531996127","0.20478063531996127"
"8408","0.1577560264744355","0.1577560264744355","0.1577560264744355"
"8414","0.21785766956893268","0.21785766956893268","0.21785766956893268"
"8416","0.21051036893333241","0.21051036893333241","0.21051036893333241"
"8430","0.18940569097011273","0.18940569097011273","0.18940569097011273"
"8434","0.2386177454250822","0.2386177454250822","0.2386177454250822"
"8436","0.22074656776317522","0.22074656776317522","0.22074656776317522"
"8454","0.15306668046793118","0.15306668046793118","0.15306668046793118"
"8458","0.2861562205038944","0.2861562205038944","0.2861562205038944"
"8460","0.237045853352924","0.237045853352924","0.237045853352924"
"8462","0.15102155663908268","0.15102155663908268","0.15102155663908268"
"8464","0.1289208143849679","0.1289208143849679","0.1289208143849679"
"8466","0.10485802984561464","0.10485802984561464","0.10485802984561464"
"8468","0.24958426210398332","0.24958426210398332","0.24958426210398332"
"8470","0.16523210532972074","0.16523210532972074","0.16523210532972074"
"8472","0.16600052259977646","0.16600052259977646","0.16600052259977646"
"8486","0.19925991268879606","0.19925991268879606","0.19925991268879606"
"8490","0.16523294515870365","0.16523294515870365","0.16523294515870365"
"8494","0.22966095420648558","0.22966095420648558","0.22966095420648558"
"8498","0.2734188890935566","0.2734188890935566","0.2734188890935566"
"8504","0.2461013490018333","0.2461013490018333","0.2461013490018333"
"8510","0.2203639978052263","0.2203639978052263","0.2203639978052263"
"8512","0.2331668710563433","0.2331668710563433","0.2331668710563433"
"8524","0.40365029199250146","0.40365029199250146","0.40365029199250146"
"8534","0.1552672534886785","0.1552672534886785","0.1552672534886785"
"8546","0.3222972276393215","0.3222972276393215","0.3222972276393215"
"8548","0.24533745189284747","0.24533745189284747","0.24533745189284747"
"8550","0.1987217800481066","0.1987217800481066","0.1987217800481066"
"8554","0.16403423928770824","0.16403423928770824","0.16403423928770824"
"8558","0.22801228050780575","0.22801228050780575","0.22801228050780575"
"8560","0.15268882159950525","0.15268882159950525","0.15268882159950525"
"8564","0.21567668709944623","0.21567668709944623","0.21567668709944623"
"8570","0.18694084956115356","0.18694084956115356","0.18694084956115356"
"8572","0.1656230042445301","0.1656230042445301","0.1656230042445301"
"8586","0.39196189987643243","0.39196189987643243","0.39196189987643243"
"8600","0.29625816008037226","0.29625816008037226","0.29625816008037226"
"8604","0.1825151107195622","0.1825151107195622","0.1825151107195622"
"8606","0.16648177729799268","0.16648177729799268","0.16648177729799268"
"8618","0.376004265099035","0.376004265099035","0.376004265099035"
"8626","0.40525911604613707","0.40525911604613707","0.40525911604613707"
"8634","0.1512063371573953","0.1512063371573953","0.1512063371573953"
"8636","0.16417378102981736","0.16417378102981736","0.16417378102981736"
"8638","0.1573102799248704","0.1573102799248704","0.1573102799248704"
"8646","0.16637483891351068","0.16637483891351068","0.16637483891351068"
"8648","0.21255120508962386","0.21255120508962386","0.21255120508962386"
"8652","0.19752955956407867","0.19752955956407867","0.19752955956407867"
"8662","0.33319902942998103","0.33319902942998103","0.33319902942998103"
"8666","0.37184079918546936","0.37184079918546936","0.37184079918546936"
"8668","0.21106004687333235","0.21106004687333235","0.21106004687333235"
"8680","0.21240089679093616","0.21240089679093616","0.21240089679093616"
"8684","0.23385570535528824","0.23385570535528824","0.23385570535528824"
"8686","0.1440152675048523","0.1440152675048523","0.1440152675048523"
"8690","0.2432739438507672","0.2432739438507672","0.2432739438507672"
"8692","0.1736723812917862","0.1736723812917862","0.1736723812917862"
"8698","0.2738610393425496","0.2738610393425496","0.2738610393425496"
"8700","0.09013076216997709","0.09013076216997709","0.09013076216997709"
"8702","0.2762286509597199","0.2762286509597199","0.2762286509597199"
"8706","0.1908443728596549","0.1908443728596549","0.1908443728596549"
"8708","0.1969159681594617","0.1969159681594617","0.1969159681594617"
"8712","0.13134500437048358","0.13134500437048358","0.13134500437048358"
"8714","0.35519453098333226","0.35519453098333226","0.35519453098333226"
"8718","0.22578982432626832","0.22578982432626832","0.22578982432626832"
"8726","0.2549315804198493","0.2549315804198493","0.2549315804198493"
"8728","0.18203230640612372","0.18203230640612372","0.18203230640612372"
"8748","0.22379901490310017","0.22379901490310017","0.22379901490310017"
"8756","0.157308752482475","0.157308752482475","0.157308752482475"
"8758","0.15434102742523584","0.15434102742523584","0.15434102742523584"
"8760","0.24595193712691513","0.24595193712691513","0.24595193712691513"
"8764","0.2526588315247979","0.2526588315247979","0.2526588315247979"
"8768","0.25778582463833827","0.25778582463833827","0.25778582463833827"
"8772","0.22814874460153753","0.22814874460153753","0.22814874460153753"
"8774","0.2967607880795035","0.2967607880795035","0.2967607880795035"
"8778","0.2413176559173086","0.2413176559173086","0.2413176559173086"
"8782","0.24455339252292482","0.24455339252292482","0.24455339252292482"
"8790","0.19257298863120842","0.19257298863120842","0.19257298863120842"
"8792","0.31055975833296035","0.31055975833296035","0.31055975833296035"
"8794","0.138698427586385","0.138698427586385","0.138698427586385"
"8810","0.20200759477784716","0.20200759477784716","0.20200759477784716"
"8814","0.15433877665718598","0.15433877665718598","0.15433877665718598"
"8818","0.19257783444829538","0.19257783444829538","0.19257783444829538"
"8820","0.25430655102112787","0.25430655102112787","0.25430655102112787"
"8822","0.30318461746232706","0.30318461746232706","0.30318461746232706"
"8826","0.18355452341680017","0.18355452341680017","0.18355452341680017"
"8830","0.2590545012754296","0.2590545012754296","0.2590545012754296"
"8832","0.23444513225310143","0.23444513225310143","0.23444513225310143"
"8834","0.2333581003742381","0.2333581003742381","0.2333581003742381"
"8836","0.17180478764310297","0.17180478764310297","0.17180478764310297"
"8840","0.1290455701082829","0.1290455701082829","0.1290455701082829"
"8848","0.29675483781459244","0.29675483781459244","0.29675483781459244"
"8850","0.14219772857513108","0.14219772857513108","0.14219772857513108"
"8858","0.32018126148473386","0.32018126148473386","0.32018126148473386"
"8860","0.4202782648885212","0.4202782648885212","0.4202782648885212"
"8864","0.3107013917778232","0.3107013917778232","0.3107013917778232"
"8868","0.3195573698154657","0.3195573698154657","0.3195573698154657"
"8874","0.16692837393782986","0.16692837393782986","0.16692837393782986"
"8884","0.35536408193389724","0.35536408193389724","0.35536408193389724"
"8888","0.14810929278498103","0.14810929278498103","0.14810929278498103"
"8896","0.16842996131007346","0.16842996131007346","0.16842996131007346"
"8900","0.10454848813785196","0.10454848813785196","0.10454848813785196"
"8904","0.18606138670219538","0.18606138670219538","0.18606138670219538"
"8906","0.2738258465115688","0.2738258465115688","0.2738258465115688"
"8916","0.20989889958289934","0.20989889958289934","0.20989889958289934"
"8926","0.16607711438639475","0.16607711438639475","0.16607711438639475"
"8940","0.09796342223797967","0.09796342223797967","0.09796342223797967"
"8946","0.11175694196295997","0.11175694196295997","0.11175694196295997"
"8950","0.3007972762557117","0.3007972762557117","0.3007972762557117"
"8952","0.22841400756271624","0.22841400756271624","0.22841400756271624"
"8962","0.19670339288071362","0.19670339288071362","0.19670339288071362"
"8966","0.20998297287394588","0.20998297287394588","0.20998297287394588"
"8972","0.1193966615830977","0.1193966615830977","0.1193966615830977"
"8982","0.285390117842179","0.285390117842179","0.285390117842179"
"8984","0.13750204767523105","0.13750204767523105","0.13750204767523105"
"8988","0.10328741829959039","0.10328741829959039","0.10328741829959039"
"8992","0.17522307891423947","0.17522307891423947","0.17522307891423947"
"8996","0.15527757003371165","0.15527757003371165","0.15527757003371165"
"8998","0.21147644986373684","0.21147644986373684","0.21147644986373684"
"9002","0.12986959662638567","0.12986959662638567","0.12986959662638567"
"9014","0.16895701527718365","0.16895701527718365","0.16895701527718365"
"9016","0.19918866023793133","0.19918866023793133","0.19918866023793133"
"9020","0.18367488569796334","0.18367488569796334","0.18367488569796334"
"9030","0.27220203034588286","0.27220203034588286","0.27220203034588286"
"9034","0.24742753511729473","0.24742753511729473","0.24742753511729473"
"9048","0.15949475520129747","0.15949475520129747","0.15949475520129747"
"9050","0.2328788768309443","0.2328788768309443","0.2328788768309443"
"9052","0.10645949417975627","0.10645949417975627","0.10645949417975627"
"9054","0.1354006167828459","0.1354006167828459","0.1354006167828459"
"9056","0.2543884247323339","0.2543884247323339","0.2543884247323339"
"9062","0.1497799687588429","0.1497799687588429","0.1497799687588429"
"9064","0.11845548020217737","0.11845548020217737","0.11845548020217737"
"9074","0.18312775539824966","0.18312775539824966","0.18312775539824966"
"9078","0.21976065477161016","0.21976065477161016","0.21976065477161016"
"9088","0.17436709054489308","0.17436709054489308","0.17436709054489308"
"9092","0.24869017647220687","0.24869017647220687","0.24869017647220687"
"9094","0.12791930586062783","0.12791930586062783","0.12791930586062783"
"9096","0.41462852369115893","0.41462852369115893","0.41462852369115893"
"9104","0.31304575233267684","0.31304575233267684","0.31304575233267684"
"9108","0.25175950646847856","0.25175950646847856","0.25175950646847856"
"9116","0.2844158646283231","0.2844158646283231","0.2844158646283231"
"9120","0.18360243431817014","0.18360243431817014","0.18360243431817014"
"9126","0.11194989095250654","0.11194989095250654","0.11194989095250654"
"9128","0.23767328089698928","0.23767328089698928","0.23767328089698928"
"9130","0.14329886835658684","0.14329886835658684","0.14329886835658684"
"9136","0.21604918517570657","0.21604918517570657","0.21604918517570657"
"9138","0.18765061011879702","0.18765061011879702","0.18765061011879702"
"9140","0.13103575704780568","0.13103575704780568","0.13103575704780568"
"9142","0.2197204588996016","0.2197204588996016","0.2197204588996016"
"9144","0.17018646161186052","0.17018646161186052","0.17018646161186052"
"9150","0.16475077850247585","0.16475077850247585","0.16475077850247585"
"9156","0.1745536749494174","0.1745536749494174","0.1745536749494174"
"9162","0.10630354934321952","0.10630354934321952","0.10630354934321952"
"9164","0.28436907458158034","0.28436907458158034","0.28436907458158034"
"9166","0.2600991825140045","0.2600991825140045","0.2600991825140045"
"9168","0.2391169697908268","0.2391169697908268","0.2391169697908268"
"9172","0.39307228226149465","0.39307228226149465","0.39307228226149465"
"9174","0.12854308208982584","0.12854308208982584","0.12854308208982584"
"9182","0.2553646167057728","0.2553646167057728","0.2553646167057728"
"9184","0.12311558848442301","0.12311558848442301","0.12311558848442301"
"9192","0.21653069660337917","0.21653069660337917","0.21653069660337917"
"9200","0.14322455066409667","0.14322455066409667","0.14322455066409667"
"9202","0.19907459017210685","0.19907459017210685","0.19907459017210685"
"9218","0.19968513051568884","0.19968513051568884","0.19968513051568884"
"9222","0.12901411456507933","0.12901411456507933","0.12901411456507933"
"9224","0.2755978122804981","0.2755978122804981","0.2755978122804981"
"9226","0.2383866311602791","0.2383866311602791","0.2383866311602791"
"9228","0.1592933681807352","0.1592933681807352","0.1592933681807352"
"9242","0.23790782058279572","0.23790782058279572","0.23790782058279572"
"9246","0.23566344873319017","0.23566344873319017","0.23566344873319017"
"9248","0.20351574983794324","0.20351574983794324","0.20351574983794324"
"9252","0.16717923714371066","0.16717923714371066","0.16717923714371066"
"9260","0.11215603983698105","0.11215603983698105","0.11215603983698105"
"9262","0.31209613213356224","0.31209613213356224","0.31209613213356224"
"9264","0.18778249202551772","0.18778249202551772","0.18778249202551772"
"9270","0.15274574964271057","0.15274574964271057","0.15274574964271057"
"9272","0.19059884798731508","0.19059884798731508","0.19059884798731508"
"9276","0.197184243742087","0.197184243742087","0.197184243742087"
"9280","0.14654527669739276","0.14654527669739276","0.14654527669739276"
"9284","0.20445736075690132","0.20445736075690132","0.20445736075690132"
"9288","0.15365226915318167","0.15365226915318167","0.15365226915318167"
"9294","0.19060783856170824","0.19060783856170824","0.19060783856170824"
"9298","0.14688411846668858","0.14688411846668858","0.14688411846668858"
"9304","0.25241757249013685","0.25241757249013685","0.25241757249013685"
"9306","0.15725027817700013","0.15725027817700013","0.15725027817700013"
"9310","0.23633708621603378","0.23633708621603378","0.23633708621603378"
"9312","0.2712275298651536","0.2712275298651536","0.2712275298651536"
"9316","0.2572845631106594","0.2572845631106594","0.2572845631106594"
"9320","0.11669212782636736","0.11669212782636736","0.11669212782636736"
"9326","0.17711788195762096","0.17711788195762096","0.17711788195762096"
"9328","0.24113015895652143","0.24113015895652143","0.24113015895652143"
"9332","0.3509415971579654","0.3509415971579654","0.3509415971579654"
"9340","0.11188315602227106","0.11188315602227106","0.11188315602227106"
"9342","0.1979019552752999","0.1979019552752999","0.1979019552752999"
"9350","0.18149368947003572","0.18149368947003572","0.18149368947003572"
"9354","0.17384601350956802","0.17384601350956802","0.17384601350956802"
"9356","0.2920736499048264","0.2920736499048264","0.2920736499048264"
"9358","0.2800587752506778","0.2800587752506778","0.2800587752506778"
"9362","0.2546103471782486","0.2546103471782486","0.2546103471782486"
"9364","0.15634266370609046","0.15634266370609046","0.15634266370609046"
"9370","0.1351773427479803","0.1351773427479803","0.1351773427479803"
"9386","0.14977796035137064","0.14977796035137064","0.14977796035137064"
"9388","0.1946378500070647","0.1946378500070647","0.1946378500070647"
"9399","0.21104679102072355","0.21104679102072355","0.21104679102072355"
"9403","0.2662955963241945","0.2662955963241945","0.2662955963241945"
"9407","0.0873660966098442","0.0873660966098442","0.0873660966098442"
"9419","0.25368907150003606","0.25368907150003606","0.25368907150003606"
"9421","0.404428414585979","0.404428414585979","0.404428414585979"
"9427","0.33880907159508705","0.33880907159508705","0.33880907159508705"
"9431","0.2522769886905839","0.2522769886905839","0.2522769886905839"
"9435","0.25831370330389986","0.25831370330389986","0.25831370330389986"
"9437","0.0875477965762741","0.0875477965762741","0.0875477965762741"
"9441","0.2852022447463278","0.2852022447463278","0.2852022447463278"
"9449","0.34127759451611717","0.34127759451611717","0.34127759451611717"
"9451","0.2789338159696097","0.2789338159696097","0.2789338159696097"
"9463","0.23749169096717088","0.23749169096717088","0.23749169096717088"
"9465","0.2761093932266147","0.2761093932266147","0.2761093932266147"
"9469","0.298863938622696","0.298863938622696","0.298863938622696"
"9473","0.36364041283504217","0.36364041283504217","0.36364041283504217"
"9477","0.15594564239824812","0.15594564239824812","0.15594564239824812"
"9479","0.1777367853692906","0.1777367853692906","0.1777367853692906"
"9481","0.29733184748534575","0.29733184748534575","0.29733184748534575"
"9495","0.2729887549849346","0.2729887549849346","0.2729887549849346"
"9511","0.24867119653904649","0.24867119653904649","0.24867119653904649"
"9513","0.1806025219826752","0.1806025219826752","0.1806025219826752"
"9515","0.26520142722795825","0.26520142722795825","0.26520142722795825"
"9517","0.23230496038507778","0.23230496038507778","0.23230496038507778"
"9523","0.15013845158620714","0.15013845158620714","0.15013845158620714"
"9527","0.15413578895913513","0.15413578895913513","0.15413578895913513"
"9529","0.1865847821244009","0.1865847821244009","0.1865847821244009"
"9535","0.1488523395994357","0.1488523395994357","0.1488523395994357"
"9537","0.1108685888919964","0.1108685888919964","0.1108685888919964"
"9553","0.21610284668924348","0.21610284668924348","0.21610284668924348"
"9555","0.18803579547416105","0.18803579547416105","0.18803579547416105"
"9557","0.3113570292036973","0.3113570292036973","0.3113570292036973"
"9559","0.15148713066581088","0.15148713066581088","0.15148713066581088"
"9561","0.13495559019323974","0.13495559019323974","0.13495559019323974"
"9567","0.11911688630666513","0.11911688630666513","0.11911688630666513"
"9569","0.25018799686978144","0.25018799686978144","0.25018799686978144"
"9571","0.3271708238827921","0.3271708238827921","0.3271708238827921"
"9577","0.14942583025299092","0.14942583025299092","0.14942583025299092"
"9579","0.3435513724491907","0.3435513724491907","0.3435513724491907"
"9581","0.2027118221961552","0.2027118221961552","0.2027118221961552"
"9589","0.2076498273311194","0.2076498273311194","0.2076498273311194"
"9591","0.24896549972025203","0.24896549972025203","0.24896549972025203"
"9595","0.2838587570985826","0.2838587570985826","0.2838587570985826"
"9601","0.19403175048960178","0.19403175048960178","0.19403175048960178"
"9609","0.2329804736180354","0.2329804736180354","0.2329804736180354"
"9611","0.23489644536166307","0.23489644536166307","0.23489644536166307"
"9619","0.25509612704862034","0.25509612704862034","0.25509612704862034"
"9623","0.1644399705641077","0.1644399705641077","0.1644399705641077"
"9635","0.18706493765851495","0.18706493765851495","0.18706493765851495"
"9643","0.14275573745995607","0.14275573745995607","0.14275573745995607"
"9647","0.2410056518642828","0.2410056518642828","0.2410056518642828"
"9649","0.20928170986845573","0.20928170986845573","0.20928170986845573"
"9655","0.27640317541022197","0.27640317541022197","0.27640317541022197"
"9657","0.18694745545771338","0.18694745545771338","0.18694745545771338"
"9659","0.3936542545954537","0.3936542545954537","0.3936542545954537"
"9663","0.20106692493136075","0.20106692493136075","0.20106692493136075"
"9669","0.24129287779701764","0.24129287779701764","0.24129287779701764"
"9673","0.19686787229078478","0.19686787229078478","0.19686787229078478"
"9687","0.12147237436320915","0.12147237436320915","0.12147237436320915"
"9689","0.35754367441549356","0.35754367441549356","0.35754367441549356"
"9697","0.1503543995911419","0.1503543995911419","0.1503543995911419"
"9701","0.1580904924675783","0.1580904924675783","0.1580904924675783"
"9713","0.15733905582566426","0.15733905582566426","0.15733905582566426"
"9715","0.22330125442811094","0.22330125442811094","0.22330125442811094"
"9731","0.33886219647604415","0.33886219647604415","0.33886219647604415"
"9735","0.33967014789567745","0.33967014789567745","0.33967014789567745"
"9751","0.19992367994441035","0.19992367994441035","0.19992367994441035"
"9761","0.16390826718604629","0.16390826718604629","0.16390826718604629"
"9767","0.1282874339584408","0.1282874339584408","0.1282874339584408"
"9769","0.28837525662219365","0.28837525662219365","0.28837525662219365"
"9783","0.20653266971242742","0.20653266971242742","0.20653266971242742"
"9791","0.18300243276141168","0.18300243276141168","0.18300243276141168"
"9797","0.20759219524290015","0.20759219524290015","0.20759219524290015"
"9803","0.1814224101416725","0.1814224101416725","0.1814224101416725"
"9813","0.1664534517512565","0.1664534517512565","0.1664534517512565"
"9815","0.15808648648742862","0.15808648648742862","0.15808648648742862"
"9823","0.24120679071854223","0.24120679071854223","0.24120679071854223"
"9829","0.4305225234879567","0.4305225234879567","0.4305225234879567"
"9833","0.26101433199596785","0.26101433199596785","0.26101433199596785"
"9837","0.15341404764760358","0.15341404764760358","0.15341404764760358"
"9839","0.19391702904815594","0.19391702904815594","0.19391702904815594"
"9843","0.17957089621328895","0.17957089621328895","0.17957089621328895"
"9845","0.1918935217600276","0.1918935217600276","0.1918935217600276"
"9847","0.3054667314233452","0.3054667314233452","0.3054667314233452"
"9849","0.14717653144576176","0.14717653144576176","0.14717653144576176"
"9853","0.15130762958921107","0.15130762958921107","0.15130762958921107"
"9857","0.13040644277187702","0.13040644277187702","0.13040644277187702"
"9861","0.22226048314427174","0.22226048314427174","0.22226048314427174"
"9871","0.1425704170129257","0.1425704170129257","0.1425704170129257"
"9881","0.1254695997173757","0.1254695997173757","0.1254695997173757"
"9885","0.3561600471167649","0.3561600471167649","0.3561600471167649"
"9891","0.19000380405583187","0.19000380405583187","0.19000380405583187"
"9895","0.15453440454694153","0.15453440454694153","0.15453440454694153"
"9897","0.09189671302013447","0.09189671302013447","0.09189671302013447"
"9899","0.1393650955157804","0.1393650955157804","0.1393650955157804"
"9903","0.1292523160372773","0.1292523160372773","0.1292523160372773"
"9911","0.07661896102935957","0.07661896102935957","0.07661896102935957"
"9913","0.14037357477278148","0.14037357477278148","0.14037357477278148"
"9925","0.14425230171178746","0.14425230171178746","0.14425230171178746"
"9929","0.29117308587471674","0.29117308587471674","0.29117308587471674"
"9935","0.1449884965871729","0.1449884965871729","0.1449884965871729"
"9937","0.25663322890959556","0.25663322890959556","0.25663322890959556"
"9939","0.20937955338949973","0.20937955338949973","0.20937955338949973"
"9941","0.08845676764888825","0.08845676764888825","0.08845676764888825"
"9945","0.17845205932384497","0.17845205932384497","0.17845205932384497"
"9947","0.24666942898281857","0.24666942898281857","0.24666942898281857"
"9959","0.181939678735376","0.181939678735376","0.181939678735376"
"9967","0.2773211832670914","0.2773211832670914","0.2773211832670914"
"9969","0.19156956031134847","0.19156956031134847","0.19156956031134847"
"9977","0.12465751937636856","0.12465751937636856","0.12465751937636856"
"9991","0.08881951195554642","0.08881951195554642","0.08881951195554642"
"9993","0.17515443731181612","0.17515443731181612","0.17515443731181612"
"9995","0.15712072233766888","0.15712072233766888","0.15712072233766888"
"9999","0.2671230930087148","0.2671230930087148","0.2671230930087148"
"10007","0.3894297624351048","0.3894297624351048","0.3894297624351048"
"10009","0.191810220537659","0.191810220537659","0.191810220537659"
"10011","0.2508790535516184","0.2508790535516184","0.2508790535516184"
"10019","0.31458533214835127","0.31458533214835127","0.31458533214835127"
"10029","0.19367798651331108","0.19367798651331108","0.19367798651331108"
"10033","0.1586034560404557","0.1586034560404557","0.1586034560404557"
"10041","0.22872118385355306","0.22872118385355306","0.22872118385355306"
"10043","0.19383251217509354","0.19383251217509354","0.19383251217509354"
"10047","0.18776379347228003","0.18776379347228003","0.18776379347228003"
"10049","0.11668091794090911","0.11668091794090911","0.11668091794090911"
"10053","0.15193425676735922","0.15193425676735922","0.15193425676735922"
"10057","0.1618321012299612","0.1618321012299612","0.1618321012299612"
"10059","0.11320682251066833","0.11320682251066833","0.11320682251066833"
"10071","0.24187553987270302","0.24187553987270302","0.24187553987270302"
"10079","0.15838945859585138","0.15838945859585138","0.15838945859585138"
"10081","0.2614337308613337","0.2614337308613337","0.2614337308613337"
"10085","0.15113437961368315","0.15113437961368315","0.15113437961368315"
"10087","0.09562219389681492","0.09562219389681492","0.09562219389681492"
"10091","0.10533296268135485","0.10533296268135485","0.10533296268135485"
"10093","0.22904309098162462","0.22904309098162462","0.22904309098162462"
"10099","0.3406973018380408","0.3406973018380408","0.3406973018380408"
"10103","0.13835688532221463","0.13835688532221463","0.13835688532221463"
"10107","0.26662259141198025","0.26662259141198025","0.26662259141198025"
"10111","0.1445074770681676","0.1445074770681676","0.1445074770681676"
"10113","0.2758296686305516","0.2758296686305516","0.2758296686305516"
"10117","0.0774091468187366","0.0774091468187366","0.0774091468187366"
"10119","0.19659757330030797","0.19659757330030797","0.19659757330030797"
"10123","0.24123583985560987","0.24123583985560987","0.24123583985560987"
"10127","0.229189978121927","0.229189978121927","0.229189978121927"
"10131","0.18753279955401275","0.18753279955401275","0.18753279955401275"
"10133","0.21261209238266612","0.21261209238266612","0.21261209238266612"
"10135","0.1737474511494747","0.1737474511494747","0.1737474511494747"
"10141","0.36354084379144935","0.36354084379144935","0.36354084379144935"
"10143","0.22939201766090822","0.22939201766090822","0.22939201766090822"
"10145","0.2855634003539658","0.2855634003539658","0.2855634003539658"
"10149","0.15557283051774362","0.15557283051774362","0.15557283051774362"
"10153","0.2491083337019951","0.2491083337019951","0.2491083337019951"
"10159","0.2596804543743254","0.2596804543743254","0.2596804543743254"
"10163","0.14699169048354044","0.14699169048354044","0.14699169048354044"
"10167","0.2522031445478117","0.2522031445478117","0.2522031445478117"
"10171","0.24573059383337426","0.24573059383337426","0.24573059383337426"
"10183","0.19519959047159244","0.19519959047159244","0.19519959047159244"
"10189","0.14196928225213246","0.14196928225213246","0.14196928225213246"
"10193","0.35862180313382075","0.35862180313382075","0.35862180313382075"
"10197","0.13227266102534146","0.13227266102534146","0.13227266102534146"
"10213","0.3558061277246757","0.3558061277246757","0.3558061277246757"
"10219","0.31191323745417776","0.31191323745417776","0.31191323745417776"
"10221","0.2582755986937948","0.2582755986937948","0.2582755986937948"
"10231","0.20319814465442623","0.20319814465442623","0.20319814465442623"
"10237","0.17984658952421806","0.17984658952421806","0.17984658952421806"
"10245","0.13632758585869717","0.13632758585869717","0.13632758585869717"
"10249","0.18925232421664767","0.18925232421664767","0.18925232421664767"
"10257","0.20777480636865808","0.20777480636865808","0.20777480636865808"
"10261","0.22998862444434132","0.22998862444434132","0.22998862444434132"
"10267","0.04648661147275238","0.04648661147275238","0.04648661147275238"
"10271","0.30756682937418356","0.30756682937418356","0.30756682937418356"
"10273","0.2080317380514633","0.2080317380514633","0.2080317380514633"
"10279","0.2269541545063246","0.2269541545063246","0.2269541545063246"
"10283","0.193058261111014","0.193058261111014","0.193058261111014"
"10291","0.16834550565870204","0.16834550565870204","0.16834550565870204"
"10295","0.23885491371592502","0.23885491371592502","0.23885491371592502"
"10297","0.2177688529725186","0.2177688529725186","0.2177688529725186"
"10301","0.3100342748521514","0.3100342748521514","0.3100342748521514"
"10307","0.15993347025300658","0.15993347025300658","0.15993347025300658"
"10311","0.1562307584359056","0.1562307584359056","0.1562307584359056"
"10327","0.2521174877978587","0.2521174877978587","0.2521174877978587"
"10329","0.18827634266833115","0.18827634266833115","0.18827634266833115"
"10333","0.32947122205277035","0.32947122205277035","0.32947122205277035"
"10339","0.20617709207818244","0.20617709207818244","0.20617709207818244"
"10341","0.1449226800942486","0.1449226800942486","0.1449226800942486"
"10345","0.15030272503591888","0.15030272503591888","0.15030272503591888"
"10347","0.19421256284917127","0.19421256284917127","0.19421256284917127"
"10351","0.2429119626375496","0.2429119626375496","0.2429119626375496"
"10355","0.23252733226316424","0.23252733226316424","0.23252733226316424"
"10357","0.26516292154509435","0.26516292154509435","0.26516292154509435"
"10369","0.1697604300331263","0.1697604300331263","0.1697604300331263"
"10371","0.22511343580035895","0.22511343580035895","0.22511343580035895"
"10373","0.21135047822581854","0.21135047822581854","0.21135047822581854"
"10375","0.2513224819120193","0.2513224819120193","0.2513224819120193"
"10377","0.24424052674040314","0.24424052674040314","0.24424052674040314"
"10383","0.394964263784297","0.394964263784297","0.394964263784297"
"10394","0.2106069871801207","0.2106069871801207","0.2106069871801207"
"10398","0.14442631417500817","0.14442631417500817","0.14442631417500817"
"10400","0.25979424799350753","0.25979424799350753","0.25979424799350753"
"10402","0.1753879704093973","0.1753879704093973","0.1753879704093973"
"10410","0.15424034435123718","0.15424034435123718","0.15424034435123718"
"10412","0.2075045950507195","0.2075045950507195","0.2075045950507195"
"10414","0.10364363510669734","0.10364363510669734","0.10364363510669734"
"10416","0.1623677182976549","0.1623677182976549","0.1623677182976549"
"10418","0.12500086426436144","0.12500086426436144","0.12500086426436144"
"10420","0.1445531441884942","0.1445531441884942","0.1445531441884942"
"10426","0.16612285629027412","0.16612285629027412","0.16612285629027412"
"10432","0.19136870268957523","0.19136870268957523","0.19136870268957523"
"10434","0.28988328597237406","0.28988328597237406","0.28988328597237406"
"10436","0.25820932770404686","0.25820932770404686","0.25820932770404686"
"10442","0.127419758562185","0.127419758562185","0.127419758562185"
"10444","0.16807758885917182","0.16807758885917182","0.16807758885917182"
"10448","0.2040118152478599","0.2040118152478599","0.2040118152478599"
"10456","0.30569112980835683","0.30569112980835683","0.30569112980835683"
"10460","0.16944547715962405","0.16944547715962405","0.16944547715962405"
"10464","0.10277237008242587","0.10277237008242587","0.10277237008242587"
"10466","0.16926414525439798","0.16926414525439798","0.16926414525439798"
"10474","0.17879294509789195","0.17879294509789195","0.17879294509789195"
"10478","0.32722450624557364","0.32722450624557364","0.32722450624557364"
"10480","0.1472648807780031","0.1472648807780031","0.1472648807780031"
"10490","0.12875995860195635","0.12875995860195635","0.12875995860195635"
"10492","0.10129215866870615","0.10129215866870615","0.10129215866870615"
"10496","0.12459549049226666","0.12459549049226666","0.12459549049226666"
"10508","0.30601467949509603","0.30601467949509603","0.30601467949509603"
"10510","0.27841714880965396","0.27841714880965396","0.27841714880965396"
"10512","0.11801510872583383","0.11801510872583383","0.11801510872583383"
"10522","0.1359354468442712","0.1359354468442712","0.1359354468442712"
"10530","0.24860828425503967","0.24860828425503967","0.24860828425503967"
"10532","0.25207429382310803","0.25207429382310803","0.25207429382310803"
"10534","0.20728518549373387","0.20728518549373387","0.20728518549373387"
"10536","0.1977227739859457","0.1977227739859457","0.1977227739859457"
"10544","0.12872982957392184","0.12872982957392184","0.12872982957392184"
"10546","0.24015429177661682","0.24015429177661682","0.24015429177661682"
"10548","0.184505814681653","0.184505814681653","0.184505814681653"
"10556","0.309592405668039","0.309592405668039","0.309592405668039"
"10558","0.33209402949403183","0.33209402949403183","0.33209402949403183"
"10560","0.2018504595677122","0.2018504595677122","0.2018504595677122"
"10566","0.12730134012059288","0.12730134012059288","0.12730134012059288"
"10574","0.15984505565218202","0.15984505565218202","0.15984505565218202"
"10580","0.16155229931030096","0.16155229931030096","0.16155229931030096"
"10582","0.19274049030957763","0.19274049030957763","0.19274049030957763"
"10584","0.2733964344250504","0.2733964344250504","0.2733964344250504"
"10586","0.17652192366901218","0.17652192366901218","0.17652192366901218"
"10600","0.17284874994608293","0.17284874994608293","0.17284874994608293"
"10604","0.1539315837012824","0.1539315837012824","0.1539315837012824"
"10606","0.15104711594014372","0.15104711594014372","0.15104711594014372"
"10610","0.1658641404551259","0.1658641404551259","0.1658641404551259"
"10616","0.15176634304269904","0.15176634304269904","0.15176634304269904"
"10620","0.18001888649589015","0.18001888649589015","0.18001888649589015"
"10638","0.1915331731100034","0.1915331731100034","0.1915331731100034"
"10642","0.09517976652710568","0.09517976652710568","0.09517976652710568"
"10648","0.2381895467304387","0.2381895467304387","0.2381895467304387"
"10650","0.19976682630527576","0.19976682630527576","0.19976682630527576"
"10656","0.21686042678966036","0.21686042678966036","0.21686042678966036"
"10666","0.17384008302169182","0.17384008302169182","0.17384008302169182"
"10670","0.1520760029556843","0.1520760029556843","0.1520760029556843"
"10674","0.2783515511097628","0.2783515511097628","0.2783515511097628"
"10676","0.14648472468016532","0.14648472468016532","0.14648472468016532"
"10678","0.28215548666406004","0.28215548666406004","0.28215548666406004"
"10680","0.1443914949192558","0.1443914949192558","0.1443914949192558"
"10682","0.13641375172580034","0.13641375172580034","0.13641375172580034"
"10684","0.40549637511123054","0.40549637511123054","0.40549637511123054"
"10692","0.13963088345405048","0.13963088345405048","0.13963088345405048"
"10696","0.1904673710241931","0.1904673710241931","0.1904673710241931"
"10698","0.2803468641270389","0.2803468641270389","0.2803468641270389"
"10704","0.14729923578096132","0.14729923578096132","0.14729923578096132"
"10708","0.3412171597451141","0.3412171597451141","0.3412171597451141"
"10710","0.161324606526872","0.161324606526872","0.161324606526872"
"10712","0.1969687806156213","0.1969687806156213","0.1969687806156213"
"10716","0.31192458343438295","0.31192458343438295","0.31192458343438295"
"10722","0.16117893483670925","0.16117893483670925","0.16117893483670925"
"10724","0.13323862771697662","0.13323862771697662","0.13323862771697662"
"10728","0.09784510947172133","0.09784510947172133","0.09784510947172133"
"10732","0.20934368155524294","0.20934368155524294","0.20934368155524294"
"10734","0.20395994064164014","0.20395994064164014","0.20395994064164014"
"10750","0.2050591868784311","0.2050591868784311","0.2050591868784311"
"10764","0.2045784266525069","0.2045784266525069","0.2045784266525069"
"10770","0.08955214175955689","0.08955214175955689","0.08955214175955689"
"10776","0.1105940610245823","0.1105940610245823","0.1105940610245823"
"10778","0.2561321697078689","0.2561321697078689","0.2561321697078689"
"10780","0.2788143391192591","0.2788143391192591","0.2788143391192591"
"10788","0.10405610346251382","0.10405610346251382","0.10405610346251382"
"10790","0.26938995859694165","0.26938995859694165","0.26938995859694165"
"10792","0.11691188189521474","0.11691188189521474","0.11691188189521474"
"10796","0.16084940290735986","0.16084940290735986","0.16084940290735986"
"10798","0.292038534307279","0.292038534307279","0.292038534307279"
"10800","0.1913933846957306","0.1913933846957306","0.1913933846957306"
"10802","0.15159893138777486","0.15159893138777486","0.15159893138777486"
"10804","0.17280858254433182","0.17280858254433182","0.17280858254433182"
"10808","0.17670036668047237","0.17670036668047237","0.17670036668047237"
"10810","0.2607019657729968","0.2607019657729968","0.2607019657729968"
"10814","0.19459285718052333","0.19459285718052333","0.19459285718052333"
"10818","0.11973510232560393","0.11973510232560393","0.11973510232560393"
"10822","0.23167258584112924","0.23167258584112924","0.23167258584112924"
"10824","0.07413639971045731","0.07413639971045731","0.07413639971045731"
"10836","0.2378661025613896","0.2378661025613896","0.2378661025613896"
"10844","0.21985498701928347","0.21985498701928347","0.21985498701928347"
"10850","0.3058355660751153","0.3058355660751153","0.3058355660751153"
"10854","0.17656366212850616","0.17656366212850616","0.17656366212850616"
"10858","0.17252630137777875","0.17252630137777875","0.17252630137777875"
"10866","0.16283699268763657","0.16283699268763657","0.16283699268763657"
"10868","0.2391616472327851","0.2391616472327851","0.2391616472327851"
"10874","0.274130093950325","0.274130093950325","0.274130093950325"
"10880","0.2742957949746126","0.2742957949746126","0.2742957949746126"
"10882","0.26736511327932494","0.26736511327932494","0.26736511327932494"
"10886","0.2575379991039307","0.2575379991039307","0.2575379991039307"
"10888","0.2311802565591588","0.2311802565591588","0.2311802565591588"
"10890","0.1796773824745861","0.1796773824745861","0.1796773824745861"
"10898","0.1355253999611646","0.1355253999611646","0.1355253999611646"
"10900","0.09245429106572212","0.09245429106572212","0.09245429106572212"
"10902","0.17907638913691168","0.17907638913691168","0.17907638913691168"
"10904","0.18744694435974735","0.18744694435974735","0.18744694435974735"
"10908","0.19654776951611852","0.19654776951611852","0.19654776951611852"
"10910","0.15700183232264764","0.15700183232264764","0.15700183232264764"
"10920","0.14340444734595423","0.14340444734595423","0.14340444734595423"
"10924","0.22872839909065787","0.22872839909065787","0.22872839909065787"
"10928","0.26094490200668397","0.26094490200668397","0.26094490200668397"
"10930","0.21436639988166917","0.21436639988166917","0.21436639988166917"
"10936","0.15876042552378392","0.15876042552378392","0.15876042552378392"
"10938","0.16015386579646249","0.16015386579646249","0.16015386579646249"
"10942","0.15761854934576752","0.15761854934576752","0.15761854934576752"
"10948","0.28227537056501023","0.28227537056501023","0.28227537056501023"
"10950","0.27323067881497437","0.27323067881497437","0.27323067881497437"
"10958","0.1437494034340131","0.1437494034340131","0.1437494034340131"
"10974","0.2067058092652814","0.2067058092652814","0.2067058092652814"
"10978","0.15877599955712499","0.15877599955712499","0.15877599955712499"
"10982","0.23298134505562162","0.23298134505562162","0.23298134505562162"
"10984","0.18125873330879053","0.18125873330879053","0.18125873330879053"
"10998","0.20378225619718926","0.20378225619718926","0.20378225619718926"
"11000","0.18161028947085509","0.18161028947085509","0.18161028947085509"
"11006","0.24759150179124284","0.24759150179124284","0.24759150179124284"
"11008","0.19551633688590478","0.19551633688590478","0.19551633688590478"
"11012","0.1718346700168491","0.1718346700168491","0.1718346700168491"
"11032","0.0966192306915729","0.0966192306915729","0.0966192306915729"
"11040","0.3020430146090485","0.3020430146090485","0.3020430146090485"
"11044","0.199961632907893","0.199961632907893","0.199961632907893"
"11046","0.18378203456628817","0.18378203456628817","0.18378203456628817"
"11052","0.1776903642932767","0.1776903642932767","0.1776903642932767"
"11058","0.11627469597778567","0.11627469597778567","0.11627469597778567"
"11062","0.2864970600075523","0.2864970600075523","0.2864970600075523"
"11078","0.22132884423017535","0.22132884423017535","0.22132884423017535"
"11082","0.25980343937807043","0.25980343937807043","0.25980343937807043"
"11100","0.06983843571971621","0.06983843571971621","0.06983843571971621"
"11102","0.21545153392093874","0.21545153392093874","0.21545153392093874"
"11106","0.20690557876199175","0.20690557876199175","0.20690557876199175"
"11108","0.14047586957649136","0.14047586957649136","0.14047586957649136"
"11114","0.1456537858606851","0.1456537858606851","0.1456537858606851"
"11126","0.22014862215190117","0.22014862215190117","0.22014862215190117"
"11130","0.16711803624275237","0.16711803624275237","0.16711803624275237"
"11134","0.2072289260887661","0.2072289260887661","0.2072289260887661"
"11142","0.16833769399790818","0.16833769399790818","0.16833769399790818"
"11152","0.1046033695568298","0.1046033695568298","0.1046033695568298"
"11158","0.17228342967675886","0.17228342967675886","0.17228342967675886"
"11174","0.16135274154320225","0.16135274154320225","0.16135274154320225"
"11178","0.20799408450965046","0.20799408450965046","0.20799408450965046"
"11186","0.3247445909388835","0.3247445909388835","0.3247445909388835"
"11188","0.1715314042463702","0.1715314042463702","0.1715314042463702"
"11196","0.2661661498022545","0.2661661498022545","0.2661661498022545"
"11198","0.23683953712995812","0.23683953712995812","0.23683953712995812"
"11204","0.2461029611104989","0.2461029611104989","0.2461029611104989"
"11208","0.15585406922987197","0.15585406922987197","0.15585406922987197"
"11210","0.194165226703497","0.194165226703497","0.194165226703497"
"11216","0.13467055574827186","0.13467055574827186","0.13467055574827186"
"11220","0.3385055327083049","0.3385055327083049","0.3385055327083049"
"11226","0.19563642343555537","0.19563642343555537","0.19563642343555537"
"11228","0.29553863001633485","0.29553863001633485","0.29553863001633485"
"11232","0.16550555127930813","0.16550555127930813","0.16550555127930813"
"11238","0.15923199642509692","0.15923199642509692","0.15923199642509692"
"11240","0.1869145731186544","0.1869145731186544","0.1869145731186544"
"11244","0.19778751040679668","0.19778751040679668","0.19778751040679668"
"11246","0.14655158726178502","0.14655158726178502","0.14655158726178502"
"11248","0.1177724781281981","0.1177724781281981","0.1177724781281981"
"11252","0.10670133301960044","0.10670133301960044","0.10670133301960044"
"11254","0.3936043984796381","0.3936043984796381","0.3936043984796381"
"11262","0.23028257900273333","0.23028257900273333","0.23028257900273333"
"11268","0.1517454895947063","0.1517454895947063","0.1517454895947063"
"11270","0.2999731454154647","0.2999731454154647","0.2999731454154647"
"11278","0.18517950732800906","0.18517950732800906","0.18517950732800906"
"11280","0.15421988582482685","0.15421988582482685","0.15421988582482685"
"11292","0.16473000837398627","0.16473000837398627","0.16473000837398627"
"11296","0.18427273815810105","0.18427273815810105","0.18427273815810105"
"11300","0.20229989979572238","0.20229989979572238","0.20229989979572238"
"11302","0.1765372127384225","0.1765372127384225","0.1765372127384225"
"11306","0.1740344944191011","0.1740344944191011","0.1740344944191011"
"11308","0.10100352998917117","0.10100352998917117","0.10100352998917117"
"11314","0.2809906134293383","0.2809906134293383","0.2809906134293383"
"11318","0.2881287623757665","0.2881287623757665","0.2881287623757665"
"11322","0.21803270823573478","0.21803270823573478","0.21803270823573478"
"11328","0.3336047195310559","0.3336047195310559","0.3336047195310559"
"11330","0.19298269206040528","0.19298269206040528","0.19298269206040528"
"11334","0.3613595691092686","0.3613595691092686","0.3613595691092686"
"11336","0.13205232875206663","0.13205232875206663","0.13205232875206663"
"11338","0.18096190979707122","0.18096190979707122","0.18096190979707122"
"11340","0.16057558522299667","0.16057558522299667","0.16057558522299667"
"11344","0.13593663209879261","0.13593663209879261","0.13593663209879261"
"11352","0.21968948899205723","0.21968948899205723","0.21968948899205723"
"11358","0.1718927125040292","0.1718927125040292","0.1718927125040292"
"11360","0.22963747336099005","0.22963747336099005","0.22963747336099005"
"11375","0.32174267965642744","0.32174267965642744","0.32174267965642744"
"11379","0.17329637224136324","0.17329637224136324","0.17329637224136324"
"11383","0.24124665710129456","0.24124665710129456","0.24124665710129456"
"11387","0.249471418556411","0.249471418556411","0.249471418556411"
"11395","0.1576221595273023","0.1576221595273023","0.1576221595273023"
"11401","0.14434178279866677","0.14434178279866677","0.14434178279866677"
"11415","0.1966935540229122","0.1966935540229122","0.1966935540229122"
"11421","0.3050497786751985","0.3050497786751985","0.3050497786751985"
"11425","0.1284560738078787","0.1284560738078787","0.1284560738078787"
"11429","0.06396949911284582","0.06396949911284582","0.06396949911284582"
"11433","0.1693038773683866","0.1693038773683866","0.1693038773683866"
"11441","0.2356594493584544","0.2356594493584544","0.2356594493584544"
"11449","0.21257245497482763","0.21257245497482763","0.21257245497482763"
"11453","0.0882064733680614","0.0882064733680614","0.0882064733680614"
"11455","0.2850639899469374","0.2850639899469374","0.2850639899469374"
"11461","0.19540171492996858","0.19540171492996858","0.19540171492996858"
"11467","0.11618839975001492","0.11618839975001492","0.11618839975001492"
"11479","0.13555522090491867","0.13555522090491867","0.13555522090491867"
"11483","0.19012144524074523","0.19012144524074523","0.19012144524074523"
"11495","0.22270889663684523","0.22270889663684523","0.22270889663684523"
"11501","0.12407430221525506","0.12407430221525506","0.12407430221525506"
"11507","0.2258049368395516","0.2258049368395516","0.2258049368395516"
"11515","0.0990956983308584","0.0990956983308584","0.0990956983308584"
"11517","0.15274827996298532","0.15274827996298532","0.15274827996298532"
"11519","0.14579324440916896","0.14579324440916896","0.14579324440916896"
"11523","0.14286214157708385","0.14286214157708385","0.14286214157708385"
"11525","0.14048834624780185","0.14048834624780185","0.14048834624780185"
"11527","0.16964752696805468","0.16964752696805468","0.16964752696805468"
"11533","0.19778887592585176","0.19778887592585176","0.19778887592585176"
"11535","0.16465150597225633","0.16465150597225633","0.16465150597225633"
"11541","0.1600566880192398","0.1600566880192398","0.1600566880192398"
"11543","0.1584798664710508","0.1584798664710508","0.1584798664710508"
"11551","0.2093832541020187","0.2093832541020187","0.2093832541020187"
"11557","0.3305953899169426","0.3305953899169426","0.3305953899169426"
"11559","0.1282312900167017","0.1282312900167017","0.1282312900167017"
"11565","0.2166661908223967","0.2166661908223967","0.2166661908223967"
"11567","0.15997039082299142","0.15997039082299142","0.15997039082299142"
"11569","0.214436778503445","0.214436778503445","0.214436778503445"
"11583","0.1268785844728721","0.1268785844728721","0.1268785844728721"
"11603","0.1293289666240057","0.1293289666240057","0.1293289666240057"
"11605","0.15725373098551884","0.15725373098551884","0.15725373098551884"
"11607","0.15343518418547555","0.15343518418547555","0.15343518418547555"
"11613","0.3288194936107548","0.3288194936107548","0.3288194936107548"
"11615","0.25830003128952445","0.25830003128952445","0.25830003128952445"
"11617","0.2820764162031597","0.2820764162031597","0.2820764162031597"
"11621","0.12388379954303125","0.12388379954303125","0.12388379954303125"
"11623","0.20237140981966242","0.20237140981966242","0.20237140981966242"
"11627","0.1647392404936428","0.1647392404936428","0.1647392404936428"
"11629","0.14873482390331094","0.14873482390331094","0.14873482390331094"
"11647","0.18007933353506753","0.18007933353506753","0.18007933353506753"
"11649","0.26924557681156297","0.26924557681156297","0.26924557681156297"
"11651","0.2604916687088926","0.2604916687088926","0.2604916687088926"
"11655","0.161661027890075","0.161661027890075","0.161661027890075"
"11657","0.1471641281831711","0.1471641281831711","0.1471641281831711"
"11661","0.2804639215505337","0.2804639215505337","0.2804639215505337"
"11673","0.17002842839870255","0.17002842839870255","0.17002842839870255"
"11675","0.19093040757500235","0.19093040757500235","0.19093040757500235"
"11679","0.19716824120119647","0.19716824120119647","0.19716824120119647"
"11683","0.14839371236140253","0.14839371236140253","0.14839371236140253"
"11685","0.19171153265589685","0.19171153265589685","0.19171153265589685"
"11693","0.20120523231755427","0.20120523231755427","0.20120523231755427"
"11705","0.12576457973448224","0.12576457973448224","0.12576457973448224"
"11707","0.10742034044036637","0.10742034044036637","0.10742034044036637"
"11709","0.16555165362695864","0.16555165362695864","0.16555165362695864"
"11713","0.13566686749819334","0.13566686749819334","0.13566686749819334"
"11717","0.2328338818044171","0.2328338818044171","0.2328338818044171"
"11723","0.14761771148241395","0.14761771148241395","0.14761771148241395"
"11725","0.28383872955529027","0.28383872955529027","0.28383872955529027"
"11731","0.17676156393042977","0.17676156393042977","0.17676156393042977"
"11737","0.14507934672509373","0.14507934672509373","0.14507934672509373"
"11739","0.23750490603901028","0.23750490603901028","0.23750490603901028"
"11741","0.29398657423621616","0.29398657423621616","0.29398657423621616"
"11747","0.13738474079044596","0.13738474079044596","0.13738474079044596"
"11751","0.23138677283259287","0.23138677283259287","0.23138677283259287"
"11761","0.2253166176397219","0.2253166176397219","0.2253166176397219"
"11763","0.12584351751686373","0.12584351751686373","0.12584351751686373"
"11765","0.2152908181954565","0.2152908181954565","0.2152908181954565"
"11771","0.1474925190535785","0.1474925190535785","0.1474925190535785"
"11775","0.18352088090849292","0.18352088090849292","0.18352088090849292"
"11779","0.1363989564031555","0.1363989564031555","0.1363989564031555"
"11785","0.10374235568121633","0.10374235568121633","0.10374235568121633"
"11791","0.18519225112582952","0.18519225112582952","0.18519225112582952"
"11793","0.12866633659816235","0.12866633659816235","0.12866633659816235"
"11803","0.18225853936868305","0.18225853936868305","0.18225853936868305"
"11815","0.14465716393108505","0.14465716393108505","0.14465716393108505"
"11821","0.11522967118830016","0.11522967118830016","0.11522967118830016"
"11829","0.23230152059333256","0.23230152059333256","0.23230152059333256"
"11831","0.1369175759489131","0.1369175759489131","0.1369175759489131"
"11833","0.1286157310907126","0.1286157310907126","0.1286157310907126"
"11839","0.08054911109935844","0.08054911109935844","0.08054911109935844"
"11843","0.1540346694244786","0.1540346694244786","0.1540346694244786"
"11851","0.16090630881811666","0.16090630881811666","0.16090630881811666"
"11853","0.2283125243804359","0.2283125243804359","0.2283125243804359"
"11855","0.23640902371994948","0.23640902371994948","0.23640902371994948"
"11857","0.1666125896511857","0.1666125896511857","0.1666125896511857"
"11867","0.3430968712219032","0.3430968712219032","0.3430968712219032"
"11873","0.17983007993869335","0.17983007993869335","0.17983007993869335"
"11879","0.1611754967767507","0.1611754967767507","0.1611754967767507"
"11885","0.16326614519916774","0.16326614519916774","0.16326614519916774"
"11887","0.08783804857400437","0.08783804857400437","0.08783804857400437"
"11893","0.20620945907730498","0.20620945907730498","0.20620945907730498"
"11895","0.06462559599020526","0.06462559599020526","0.06462559599020526"
"11897","0.16240171706491055","0.16240171706491055","0.16240171706491055"
"11901","0.2216916858266089","0.2216916858266089","0.2216916858266089"
"11903","0.19879417429352317","0.19879417429352317","0.19879417429352317"
"11905","0.2709681591035852","0.2709681591035852","0.2709681591035852"
"11907","0.1853519419594871","0.1853519419594871","0.1853519419594871"
"11913","0.13138128226011103","0.13138128226011103","0.13138128226011103"
"11917","0.1769817998528186","0.1769817998528186","0.1769817998528186"
"11921","0.1674470117365549","0.1674470117365549","0.1674470117365549"
"11923","0.19475274938202322","0.19475274938202322","0.19475274938202322"
"11925","0.21212655062887062","0.21212655062887062","0.21212655062887062"
"11931","0.27685798495863156","0.27685798495863156","0.27685798495863156"
"11933","0.27926828998392644","0.27926828998392644","0.27926828998392644"
"11935","0.16594801255240266","0.16594801255240266","0.16594801255240266"
"11945","0.303626597674718","0.303626597674718","0.303626597674718"
"11949","0.2289597930390186","0.2289597930390186","0.2289597930390186"
"11951","0.12687655854324922","0.12687655854324922","0.12687655854324922"
"11955","0.23259036584534812","0.23259036584534812","0.23259036584534812"
"11957","0.1040637690234776","0.1040637690234776","0.1040637690234776"
"11963","0.42564228834983414","0.42564228834983414","0.42564228834983414"
"11967","0.19878886159300888","0.19878886159300888","0.19878886159300888"
"11969","0.1327688201433627","0.1327688201433627","0.1327688201433627"
"11971","0.19144478234896978","0.19144478234896978","0.19144478234896978"
"11973","0.19044699956989591","0.19044699956989591","0.19044699956989591"
"11981","0.14018703182208608","0.14018703182208608","0.14018703182208608"
"12003","0.21115434062219254","0.21115434062219254","0.21115434062219254"
"12005","0.12358117283125278","0.12358117283125278","0.12358117283125278"
"12011","0.22848151840910866","0.22848151840910866","0.22848151840910866"
"12013","0.1425869102906762","0.1425869102906762","0.1425869102906762"
"12027","0.3683383640352833","0.3683383640352833","0.3683383640352833"
"12031","0.21031900966880257","0.21031900966880257","0.21031900966880257"
"12035","0.31186734771131924","0.31186734771131924","0.31186734771131924"
"12041","0.2355326988294088","0.2355326988294088","0.2355326988294088"
"12049","0.22292626054267725","0.22292626054267725","0.22292626054267725"
"12055","0.137928987629297","0.137928987629297","0.137928987629297"
"12057","0.19362263146177583","0.19362263146177583","0.19362263146177583"
"12059","0.23492687736338358","0.23492687736338358","0.23492687736338358"
"12061","0.10688705825263808","0.10688705825263808","0.10688705825263808"
"12065","0.35301045948558746","0.35301045948558746","0.35301045948558746"
"12069","0.1902152590380392","0.1902152590380392","0.1902152590380392"
"12075","0.16786843453653924","0.16786843453653924","0.16786843453653924"
"12077","0.16113388176765545","0.16113388176765545","0.16113388176765545"
"12097","0.3664896197117569","0.3664896197117569","0.3664896197117569"
"12099","0.23604749932171523","0.23604749932171523","0.23604749932171523"
"12121","0.11067326670031091","0.11067326670031091","0.11067326670031091"
"12127","0.1740832118034243","0.1740832118034243","0.1740832118034243"
"12131","0.1626060414944403","0.1626060414944403","0.1626060414944403"
"12133","0.23948936157102363","0.23948936157102363","0.23948936157102363"
"12139","0.24037984769934886","0.24037984769934886","0.24037984769934886"
"12149","0.14281845739781293","0.14281845739781293","0.14281845739781293"
"12153","0.07232963137418762","0.07232963137418762","0.07232963137418762"
"12165","0.20215884011449603","0.20215884011449603","0.20215884011449603"
"12167","0.1292037997655471","0.1292037997655471","0.1292037997655471"
"12169","0.24885728566378915","0.24885728566378915","0.24885728566378915"
"12171","0.19140429398451986","0.19140429398451986","0.19140429398451986"
"12175","0.2777748786589545","0.2777748786589545","0.2777748786589545"
"12177","0.2626026656700452","0.2626026656700452","0.2626026656700452"
"12185","0.27383780469124774","0.27383780469124774","0.27383780469124774"
"12187","0.26374006449259274","0.26374006449259274","0.26374006449259274"
"12191","0.22611359815599216","0.22611359815599216","0.22611359815599216"
"12205","0.31213393228144937","0.31213393228144937","0.31213393228144937"
"12215","0.1920690252739235","0.1920690252739235","0.1920690252739235"
"12219","0.14735088915635902","0.14735088915635902","0.14735088915635902"
"12221","0.14720433373780484","0.14720433373780484","0.14720433373780484"
"12225","0.21174226116531994","0.21174226116531994","0.21174226116531994"
"12241","0.18084247131119718","0.18084247131119718","0.18084247131119718"
"12243","0.23534496187316714","0.23534496187316714","0.23534496187316714"
"12247","0.1271711531357432","0.1271711531357432","0.1271711531357432"
"12253","0.2718020302858446","0.2718020302858446","0.2718020302858446"
"12263","0.19771720639876283","0.19771720639876283","0.19771720639876283"
"12279","0.20850774299185626","0.20850774299185626","0.20850774299185626"
"12281","0.16402490502991243","0.16402490502991243","0.16402490502991243"
"12287","0.27461656042821087","0.27461656042821087","0.27461656042821087"
"12291","0.21097292426026482","0.21097292426026482","0.21097292426026482"
"12297","0.12377495541755723","0.12377495541755723","0.12377495541755723"
"12299","0.18842656949986322","0.18842656949986322","0.18842656949986322"
"12305","0.2575043657543855","0.2575043657543855","0.2575043657543855"
"12307","0.12174000875152201","0.12174000875152201","0.12174000875152201"
"12313","0.2908384948949217","0.2908384948949217","0.2908384948949217"
"12315","0.13144398103354224","0.13144398103354224","0.13144398103354224"
"12317","0.09883953375421549","0.09883953375421549","0.09883953375421549"
"12347","0.12198358124916564","0.12198358124916564","0.12198358124916564"
"12353","0.12603564688071134","0.12603564688071134","0.12603564688071134"
"12372","0.14895258177699525","0.14895258177699525","0.14895258177699525"
"12378","0.17232548134401868","0.17232548134401868","0.17232548134401868"
"12380","0.19959182960753447","0.19959182960753447","0.19959182960753447"
"12386","0.1117712454404578","0.1117712454404578","0.1117712454404578"
"12388","0.24986299098336487","0.24986299098336487","0.24986299098336487"
"12392","0.20313154723546292","0.20313154723546292","0.20313154723546292"
"12398","0.08509807371186408","0.08509807371186408","0.08509807371186408"
"12400","0.14583463256688617","0.14583463256688617","0.14583463256688617"
"12406","0.24949321939527638","0.24949321939527638","0.24949321939527638"
"12414","0.24245263015530383","0.24245263015530383","0.24245263015530383"
"12416","0.13694718214720955","0.13694718214720955","0.13694718214720955"
"12418","0.18781329841888367","0.18781329841888367","0.18781329841888367"
"12424","0.12310661651884842","0.12310661651884842","0.12310661651884842"
"12426","0.12968701109736563","0.12968701109736563","0.12968701109736563"
"12428","0.11249983459698916","0.11249983459698916","0.11249983459698916"
"12430","0.10275296652211362","0.10275296652211362","0.10275296652211362"
"12436","0.15084165588578582","0.15084165588578582","0.15084165588578582"
"12438","0.1366486096979999","0.1366486096979999","0.1366486096979999"
"12442","0.16080429226218332","0.16080429226218332","0.16080429226218332"
"12446","0.19146850118594458","0.19146850118594458","0.19146850118594458"
"12450","0.16530571788439846","0.16530571788439846","0.16530571788439846"
"12452","0.15671649674519597","0.15671649674519597","0.15671649674519597"
"12456","0.13262085551384634","0.13262085551384634","0.13262085551384634"
"12464","0.14210826715013417","0.14210826715013417","0.14210826715013417"
"12476","0.25541037554613716","0.25541037554613716","0.25541037554613716"
"12478","0.19264293647856467","0.19264293647856467","0.19264293647856467"
"12486","0.2189838742982963","0.2189838742982963","0.2189838742982963"
"12494","0.18004485544960547","0.18004485544960547","0.18004485544960547"
"12496","0.11474312311750613","0.11474312311750613","0.11474312311750613"
"12500","0.22371658688408128","0.22371658688408128","0.22371658688408128"
"12504","0.18698638863992242","0.18698638863992242","0.18698638863992242"
"12512","0.12666667018543204","0.12666667018543204","0.12666667018543204"
"12530","0.24990927271835317","0.24990927271835317","0.24990927271835317"
"12532","0.12822111438251263","0.12822111438251263","0.12822111438251263"
"12536","0.12624664335226535","0.12624664335226535","0.12624664335226535"
"12544","0.2965912843528786","0.2965912843528786","0.2965912843528786"
"12550","0.24128877102162816","0.24128877102162816","0.24128877102162816"
"12552","0.19478377302430858","0.19478377302430858","0.19478377302430858"
"12554","0.2187429920845108","0.2187429920845108","0.2187429920845108"
"12566","0.18078306248315948","0.18078306248315948","0.18078306248315948"
"12574","0.12798770287934766","0.12798770287934766","0.12798770287934766"
"12576","0.19284615657246235","0.19284615657246235","0.19284615657246235"
"12578","0.20055418645402315","0.20055418645402315","0.20055418645402315"
"12580","0.11367692575671293","0.11367692575671293","0.11367692575671293"
"12582","0.14645583828482522","0.14645583828482522","0.14645583828482522"
"12592","0.26632002053052745","0.26632002053052745","0.26632002053052745"
"12596","0.24847273426798025","0.24847273426798025","0.24847273426798025"
"12600","0.21154859116783217","0.21154859116783217","0.21154859116783217"
"12604","0.3706430609614049","0.3706430609614049","0.3706430609614049"
"12608","0.16552215613054064","0.16552215613054064","0.16552215613054064"
"12624","0.21667956709664993","0.21667956709664993","0.21667956709664993"
"12626","0.12919899182865574","0.12919899182865574","0.12919899182865574"
"12628","0.15452300775839367","0.15452300775839367","0.15452300775839367"
"12632","0.0646815874788513","0.0646815874788513","0.0646815874788513"
"12634","0.084478593077439","0.084478593077439","0.084478593077439"
"12638","0.17626191754157983","0.17626191754157983","0.17626191754157983"
"12646","0.11201779998394966","0.11201779998394966","0.11201779998394966"
"12650","0.14929910987486775","0.14929910987486775","0.14929910987486775"
"12658","0.16106513364908653","0.16106513364908653","0.16106513364908653"
"12670","0.2250747006972468","0.2250747006972468","0.2250747006972468"
"12682","0.22529826461857635","0.22529826461857635","0.22529826461857635"
"12688","0.11092801725128346","0.11092801725128346","0.11092801725128346"
"12694","0.25797913685803375","0.25797913685803375","0.25797913685803375"
"12696","0.1241706440102433","0.1241706440102433","0.1241706440102433"
"12698","0.137249766852054","0.137249766852054","0.137249766852054"
"12700","0.3027472462532814","0.3027472462532814","0.3027472462532814"
"12710","0.2673884366811428","0.2673884366811428","0.2673884366811428"
"12712","0.1259400662333469","0.1259400662333469","0.1259400662333469"
"12716","0.20431655074241087","0.20431655074241087","0.20431655074241087"
"12728","0.2295974976802417","0.2295974976802417","0.2295974976802417"
"12738","0.26483319579393555","0.26483319579393555","0.26483319579393555"
"12754","0.3623119877904904","0.3623119877904904","0.3623119877904904"
"12756","0.21139460062831925","0.21139460062831925","0.21139460062831925"
"12770","0.09691064394203454","0.09691064394203454","0.09691064394203454"
"12774","0.21852960723887918","0.21852960723887918","0.21852960723887918"
"12778","0.1267522249327485","0.1267522249327485","0.1267522249327485"
"12780","0.2142205215453193","0.2142205215453193","0.2142205215453193"
"12784","0.1385147520921014","0.1385147520921014","0.1385147520921014"
"12786","0.15548959716884045","0.15548959716884045","0.15548959716884045"
"12788","0.2572156760447219","0.2572156760447219","0.2572156760447219"
"12804","0.13170973070382494","0.13170973070382494","0.13170973070382494"
"12806","0.15876133478429524","0.15876133478429524","0.15876133478429524"
"12812","0.11648921746052077","0.11648921746052077","0.11648921746052077"
"12816","0.12648118403263806","0.12648118403263806","0.12648118403263806"
"12818","0.2071136544532656","0.2071136544532656","0.2071136544532656"
"12824","0.21365716280316072","0.21365716280316072","0.21365716280316072"
"12830","0.2358726099602765","0.2358726099602765","0.2358726099602765"
"12838","0.2394289300092362","0.2394289300092362","0.2394289300092362"
"12842","0.19839704506677058","0.19839704506677058","0.19839704506677058"
"12844","0.1755777770831056","0.1755777770831056","0.1755777770831056"
"12846","0.11269168104142019","0.11269168104142019","0.11269168104142019"
"12848","0.23637969660215905","0.23637969660215905","0.23637969660215905"
"12858","0.11518677035300888","0.11518677035300888","0.11518677035300888"
"12860","0.1404385456480036","0.1404385456480036","0.1404385456480036"
"12862","0.20109464959370935","0.20109464959370935","0.20109464959370935"
"12866","0.20293945311031467","0.20293945311031467","0.20293945311031467"
"12874","0.13565280084414613","0.13565280084414613","0.13565280084414613"
"12890","0.12130452086736403","0.12130452086736403","0.12130452086736403"
"12892","0.15518832123047877","0.15518832123047877","0.15518832123047877"
"12894","0.21887243625080519","0.21887243625080519","0.21887243625080519"
"12898","0.1481512408915393","0.1481512408915393","0.1481512408915393"
"12906","0.18658569056020163","0.18658569056020163","0.18658569056020163"
"12908","0.12178989244795292","0.12178989244795292","0.12178989244795292"
"12920","0.2135170286588176","0.2135170286588176","0.2135170286588176"
"12922","0.13614927627419804","0.13614927627419804","0.13614927627419804"
"12924","0.14170266849832533","0.14170266849832533","0.14170266849832533"
"12932","0.09260324628234548","0.09260324628234548","0.09260324628234548"
"12940","0.3442222970268086","0.3442222970268086","0.3442222970268086"
"12944","0.20804485474771994","0.20804485474771994","0.20804485474771994"
"12950","0.21622077760987593","0.21622077760987593","0.21622077760987593"
"12952","0.19411252468918883","0.19411252468918883","0.19411252468918883"
"12954","0.18400273525042374","0.18400273525042374","0.18400273525042374"
"12956","0.1300030488793769","0.1300030488793769","0.1300030488793769"
"12960","0.15142152487761876","0.15142152487761876","0.15142152487761876"
"12962","0.15846526245043818","0.15846526245043818","0.15846526245043818"
"12968","0.18755274269251526","0.18755274269251526","0.18755274269251526"
"12974","0.13969039286747806","0.13969039286747806","0.13969039286747806"
"12982","0.20396153880656911","0.20396153880656911","0.20396153880656911"
"12986","0.25625453165745904","0.25625453165745904","0.25625453165745904"
"12994","0.09470459594868152","0.09470459594868152","0.09470459594868152"
"12998","0.3104251887071209","0.3104251887071209","0.3104251887071209"
"13002","0.16032399720054263","0.16032399720054263","0.16032399720054263"
"13004","0.15376819503903277","0.15376819503903277","0.15376819503903277"
"13006","0.1920936366891224","0.1920936366891224","0.1920936366891224"
"13024","0.22371124158318703","0.22371124158318703","0.22371124158318703"
"13028","0.11624938264805933","0.11624938264805933","0.11624938264805933"
"13034","0.106191560156821","0.106191560156821","0.106191560156821"
"13036","0.13827957486361095","0.13827957486361095","0.13827957486361095"
"13042","0.12124489764902327","0.12124489764902327","0.12124489764902327"
"13044","0.1850458105498433","0.1850458105498433","0.1850458105498433"
"13050","0.20818115676726165","0.20818115676726165","0.20818115676726165"
"13054","0.16708011431657127","0.16708011431657127","0.16708011431657127"
"13058","0.20948316641096354","0.20948316641096354","0.20948316641096354"
"13064","0.11304589190052328","0.11304589190052328","0.11304589190052328"
"13066","0.22194851946726885","0.22194851946726885","0.22194851946726885"
"13070","0.2315569580176854","0.2315569580176854","0.2315569580176854"
"13074","0.2244079681976671","0.2244079681976671","0.2244079681976671"
"13082","0.16201989450456986","0.16201989450456986","0.16201989450456986"
"13084","0.2029588276388432","0.2029588276388432","0.2029588276388432"
"13086","0.09321733986660459","0.09321733986660459","0.09321733986660459"
"13088","0.17835910746971648","0.17835910746971648","0.17835910746971648"
"13090","0.08939039871301867","0.08939039871301867","0.08939039871301867"
"13092","0.23177786969994493","0.23177786969994493","0.23177786969994493"
"13098","0.194189850612787","0.194189850612787","0.194189850612787"
"13102","0.27560085361702163","0.27560085361702163","0.27560085361702163"
"13104","0.1381547985470918","0.1381547985470918","0.1381547985470918"
"13116","0.1975691132094816","0.1975691132094816","0.1975691132094816"
"13118","0.05048251773985849","0.05048251773985849","0.05048251773985849"
"13124","0.27383011832171544","0.27383011832171544","0.27383011832171544"
"13126","0.1389653699788513","0.1389653699788513","0.1389653699788513"
"13128","0.1679279144683324","0.1679279144683324","0.1679279144683324"
"13138","0.09997354582217621","0.09997354582217621","0.09997354582217621"
"13144","0.07639726280723774","0.07639726280723774","0.07639726280723774"
"13150","0.16069787018251191","0.16069787018251191","0.16069787018251191"
"13154","0.12928900104069216","0.12928900104069216","0.12928900104069216"
"13164","0.16537580051574374","0.16537580051574374","0.16537580051574374"
"13166","0.16547724435452466","0.16547724435452466","0.16547724435452466"
"13170","0.3873976518458886","0.3873976518458886","0.3873976518458886"
"13172","0.12231249626863344","0.12231249626863344","0.12231249626863344"
"13174","0.23016100881801294","0.23016100881801294","0.23016100881801294"
"13178","0.21098320077398305","0.21098320077398305","0.21098320077398305"
"13180","0.2627846519829761","0.2627846519829761","0.2627846519829761"
"13182","0.15998479923669298","0.15998479923669298","0.15998479923669298"
"13184","0.1614678281381588","0.1614678281381588","0.1614678281381588"
"13186","0.19177032411235923","0.19177032411235923","0.19177032411235923"
"13190","0.21951500774858554","0.21951500774858554","0.21951500774858554"
"13192","0.08954469520746008","0.08954469520746008","0.08954469520746008"
"13194","0.2549614766651295","0.2549614766651295","0.2549614766651295"
"13204","0.20704843341844575","0.20704843341844575","0.20704843341844575"
"13208","0.13061251058144918","0.13061251058144918","0.13061251058144918"
"13214","0.20121810900305703","0.20121810900305703","0.20121810900305703"
"13218","0.17287984713587895","0.17287984713587895","0.17287984713587895"
"13220","0.14998873976325344","0.14998873976325344","0.14998873976325344"
"13224","0.1586919168317357","0.1586919168317357","0.1586919168317357"
"13226","0.17316234796020744","0.17316234796020744","0.17316234796020744"
"13232","0.25088774003646536","0.25088774003646536","0.25088774003646536"
"13234","0.18577296887446182","0.18577296887446182","0.18577296887446182"
"13236","0.1332829222400939","0.1332829222400939","0.1332829222400939"
"13256","0.2264902558735976","0.2264902558735976","0.2264902558735976"
"13260","0.1843297692762574","0.1843297692762574","0.1843297692762574"
"13264","0.2280827440684085","0.2280827440684085","0.2280827440684085"
"13266","0.10440641965341357","0.10440641965341357","0.10440641965341357"
"13268","0.26496856583990297","0.26496856583990297","0.26496856583990297"
"13274","0.15833748304320747","0.15833748304320747","0.15833748304320747"
"13280","0.1406115022115398","0.1406115022115398","0.1406115022115398"
"13288","0.11029028668190011","0.11029028668190011","0.11029028668190011"
"13290","0.19971488433544402","0.19971488433544402","0.19971488433544402"
"13300","0.13042943699102344","0.13042943699102344","0.13042943699102344"
"13302","0.2057207755699378","0.2057207755699378","0.2057207755699378"
"13304","0.2013011350440768","0.2013011350440768","0.2013011350440768"
"13314","0.24672564865913743","0.24672564865913743","0.24672564865913743"
"13316","0.14142614219439295","0.14142614219439295","0.14142614219439295"
"13324","0.42602680719790453","0.42602680719790453","0.42602680719790453"
"13326","0.14078145463232142","0.14078145463232142","0.14078145463232142"
"13332","0.18853660971005118","0.18853660971005118","0.18853660971005118"
"13336","0.11791978761021649","0.11791978761021649","0.11791978761021649"
"13340","0.1229048507238812","0.1229048507238812","0.1229048507238812"
"13342","0.18184092972701102","0.18184092972701102","0.18184092972701102"
"13355","0.25888317484176565","0.25888317484176565","0.25888317484176565"
"13359","0.20722127686571978","0.20722127686571978","0.20722127686571978"
"13361","0.13607253898064547","0.13607253898064547","0.13607253898064547"
"13367","0.20194853698123083","0.20194853698123083","0.20194853698123083"
"13371","0.3279520441810187","0.3279520441810187","0.3279520441810187"
"13375","0.14140076047031544","0.14140076047031544","0.14140076047031544"
"13377","0.2504530021109813","0.2504530021109813","0.2504530021109813"
"13383","0.22133585442734724","0.22133585442734724","0.22133585442734724"
"13385","0.07856794791690323","0.07856794791690323","0.07856794791690323"
"13391","0.21406688685690478","0.21406688685690478","0.21406688685690478"
"13397","0.18694506420989587","0.18694506420989587","0.18694506420989587"
"13399","0.13727132302335507","0.13727132302335507","0.13727132302335507"
"13401","0.2117114350860547","0.2117114350860547","0.2117114350860547"
"13403","0.1645057571347227","0.1645057571347227","0.1645057571347227"
"13405","0.1607053114167888","0.1607053114167888","0.1607053114167888"
"13407","0.12397978607704191","0.12397978607704191","0.12397978607704191"
"13415","0.1875826137058086","0.1875826137058086","0.1875826137058086"
"13427","0.15491758511827453","0.15491758511827453","0.15491758511827453"
"13433","0.2611155034151238","0.2611155034151238","0.2611155034151238"
"13437","0.14674009255233578","0.14674009255233578","0.14674009255233578"
"13443","0.15299351603740496","0.15299351603740496","0.15299351603740496"
"13445","0.21763556867547407","0.21763556867547407","0.21763556867547407"
"13447","0.18698852036615504","0.18698852036615504","0.18698852036615504"
"13449","0.1218958523530032","0.1218958523530032","0.1218958523530032"
"13451","0.16639971899370792","0.16639971899370792","0.16639971899370792"
"13453","0.35133254689934484","0.35133254689934484","0.35133254689934484"
"13459","0.16756154202838716","0.16756154202838716","0.16756154202838716"
"13469","0.16941041815393432","0.16941041815393432","0.16941041815393432"
"13473","0.263734343864077","0.263734343864077","0.263734343864077"
"13481","0.14692923706078134","0.14692923706078134","0.14692923706078134"
"13487","0.16974854672614648","0.16974854672614648","0.16974854672614648"
"13489","0.12514001485033072","0.12514001485033072","0.12514001485033072"
"13499","0.19250035446927022","0.19250035446927022","0.19250035446927022"
"13501","0.2672360175402952","0.2672360175402952","0.2672360175402952"
"13507","0.24184354076038797","0.24184354076038797","0.24184354076038797"
"13509","0.22280878564164935","0.22280878564164935","0.22280878564164935"
"13513","0.11019355720466156","0.11019355720466156","0.11019355720466156"
"13527","0.14124813038508574","0.14124813038508574","0.14124813038508574"
"13533","0.2728278721196009","0.2728278721196009","0.2728278721196009"
"13539","0.19796585216373394","0.19796585216373394","0.19796585216373394"
"13541","0.14915446249711775","0.14915446249711775","0.14915446249711775"
"13547","0.3187319792533991","0.3187319792533991","0.3187319792533991"
"13549","0.1835849638114844","0.1835849638114844","0.1835849638114844"
"13559","0.14559714883921565","0.14559714883921565","0.14559714883921565"
"13565","0.16031167583179362","0.16031167583179362","0.16031167583179362"
"13567","0.11026467641525399","0.11026467641525399","0.11026467641525399"
"13571","0.24186622167522775","0.24186622167522775","0.24186622167522775"
"13575","0.14480694689041498","0.14480694689041498","0.14480694689041498"
"13579","0.12652686523995224","0.12652686523995224","0.12652686523995224"
"13581","0.11191792023752133","0.11191792023752133","0.11191792023752133"
"13587","0.18387596273137793","0.18387596273137793","0.18387596273137793"
"13593","0.12716684691588018","0.12716684691588018","0.12716684691588018"
"13599","0.11931297858693257","0.11931297858693257","0.11931297858693257"
"13603","0.08113718143669318","0.08113718143669318","0.08113718143669318"
"13609","0.19821300197796848","0.19821300197796848","0.19821300197796848"
"13615","0.2679460321255396","0.2679460321255396","0.2679460321255396"
"13619","0.2060730098876552","0.2060730098876552","0.2060730098876552"
"13621","0.1455885643871745","0.1455885643871745","0.1455885643871745"
"13625","0.14389659103632954","0.14389659103632954","0.14389659103632954"
"13633","0.11566170161503629","0.11566170161503629","0.11566170161503629"
"13637","0.18214780489562","0.18214780489562","0.18214780489562"
"13645","0.0984638958312274","0.0984638958312274","0.0984638958312274"
"13653","0.10248567008531913","0.10248567008531913","0.10248567008531913"
"13657","0.25660924734198254","0.25660924734198254","0.25660924734198254"
"13661","0.1489718194060764","0.1489718194060764","0.1489718194060764"
"13667","0.257260801546375","0.257260801546375","0.257260801546375"
"13669","0.2657201400239548","0.2657201400239548","0.2657201400239548"
"13671","0.25047241220158795","0.25047241220158795","0.25047241220158795"
"13673","0.1437181722609057","0.1437181722609057","0.1437181722609057"
"13675","0.3177483903407422","0.3177483903407422","0.3177483903407422"
"13679","0.1273947955721147","0.1273947955721147","0.1273947955721147"
"13683","0.19417685318457018","0.19417685318457018","0.19417685318457018"
"13687","0.14042004245747838","0.14042004245747838","0.14042004245747838"
"13703","0.29194245185972584","0.29194245185972584","0.29194245185972584"
"13705","0.25967098605901684","0.25967098605901684","0.25967098605901684"
"13715","0.2081476108909882","0.2081476108909882","0.2081476108909882"
"13725","0.22747711844706656","0.22747711844706656","0.22747711844706656"
"13735","0.13940184502524838","0.13940184502524838","0.13940184502524838"
"13749","0.24074730737216266","0.24074730737216266","0.24074730737216266"
"13751","0.2681169722762478","0.2681169722762478","0.2681169722762478"
"13753","0.23928161814067092","0.23928161814067092","0.23928161814067092"
"13761","0.2150485363223748","0.2150485363223748","0.2150485363223748"
"13763","0.21245508525718657","0.21245508525718657","0.21245508525718657"
"13765","0.19280276476427918","0.19280276476427918","0.19280276476427918"
"13777","0.1116001419868899","0.1116001419868899","0.1116001419868899"
"13779","0.18440365205003653","0.18440365205003653","0.18440365205003653"
"13785","0.12181193664189553","0.12181193664189553","0.12181193664189553"
"13787","0.1727730578151656","0.1727730578151656","0.1727730578151656"
"13803","0.20173700821772442","0.20173700821772442","0.20173700821772442"
"13805","0.13465607378282612","0.13465607378282612","0.13465607378282612"
"13811","0.26034618695512474","0.26034618695512474","0.26034618695512474"
"13813","0.23086967187112545","0.23086967187112545","0.23086967187112545"
"13815","0.19731976927439962","0.19731976927439962","0.19731976927439962"
"13819","0.1569981960125411","0.1569981960125411","0.1569981960125411"
"13825","0.2226665728669007","0.2226665728669007","0.2226665728669007"
"13827","0.2084035645759645","0.2084035645759645","0.2084035645759645"
"13835","0.19322240197267057","0.19322240197267057","0.19322240197267057"
"13839","0.18777130287628344","0.18777130287628344","0.18777130287628344"
"13843","0.1364124545535705","0.1364124545535705","0.1364124545535705"
"13847","0.13730690331658496","0.13730690331658496","0.13730690331658496"
"13853","0.25017236191891185","0.25017236191891185","0.25017236191891185"
"13855","0.17245379440704434","0.17245379440704434","0.17245379440704434"
"13857","0.1453410030938728","0.1453410030938728","0.1453410030938728"
"13863","0.15464915729961265","0.15464915729961265","0.15464915729961265"
"13877","0.26059301445360056","0.26059301445360056","0.26059301445360056"
"13883","0.20985498638277642","0.20985498638277642","0.20985498638277642"
"13885","0.14866735204931933","0.14866735204931933","0.14866735204931933"
"13887","0.20015787844624539","0.20015787844624539","0.20015787844624539"
"13893","0.10288684087093079","0.10288684087093079","0.10288684087093079"
"13901","0.14117974560725702","0.14117974560725702","0.14117974560725702"
"13903","0.1991496807866336","0.1991496807866336","0.1991496807866336"
"13907","0.1484145786758156","0.1484145786758156","0.1484145786758156"
"13909","0.22167748605584522","0.22167748605584522","0.22167748605584522"
"13915","0.17035572527142542","0.17035572527142542","0.17035572527142542"
"13925","0.16960384489029","0.16960384489029","0.16960384489029"
"13931","0.2622624770206525","0.2622624770206525","0.2622624770206525"
"13937","0.1661109594488949","0.1661109594488949","0.1661109594488949"
"13945","0.1313778371064482","0.1313778371064482","0.1313778371064482"
"13947","0.2507459716701494","0.2507459716701494","0.2507459716701494"
"13951","0.16124523171501456","0.16124523171501456","0.16124523171501456"
"13957","0.1975545844115773","0.1975545844115773","0.1975545844115773"
"13961","0.15053110249896007","0.15053110249896007","0.15053110249896007"
"13965","0.17869370799573653","0.17869370799573653","0.17869370799573653"
"13975","0.2629550231460698","0.2629550231460698","0.2629550231460698"
"13979","0.30785902901259127","0.30785902901259127","0.30785902901259127"
"13983","0.17216574937382043","0.17216574937382043","0.17216574937382043"
"13985","0.14410761013147705","0.14410761013147705","0.14410761013147705"
"13989","0.12096495085170196","0.12096495085170196","0.12096495085170196"
"13991","0.09570866198968377","0.09570866198968377","0.09570866198968377"
"13993","0.2251263184410855","0.2251263184410855","0.2251263184410855"
"13995","0.3170915294023217","0.3170915294023217","0.3170915294023217"
"14003","0.2595682900423893","0.2595682900423893","0.2595682900423893"
"14019","0.1299669882119978","0.1299669882119978","0.1299669882119978"
"14021","0.3319877820452584","0.3319877820452584","0.3319877820452584"
"14023","0.311987050593155","0.311987050593155","0.311987050593155"
"14025","0.13345654787176758","0.13345654787176758","0.13345654787176758"
"14029","0.14244393343705908","0.14244393343705908","0.14244393343705908"
"14035","0.22991394085015476","0.22991394085015476","0.22991394085015476"
"14037","0.16505374504553721","0.16505374504553721","0.16505374504553721"
"14041","0.18992522496823605","0.18992522496823605","0.18992522496823605"
"14049","0.20686988119782293","0.20686988119782293","0.20686988119782293"
"14051","0.1862151909308992","0.1862151909308992","0.1862151909308992"
"14059","0.182930641636141","0.182930641636141","0.182930641636141"
"14065","0.18010296681278207","0.18010296681278207","0.18010296681278207"
"14073","0.34375039013927167","0.34375039013927167","0.34375039013927167"
"14089","0.22281031548658392","0.22281031548658392","0.22281031548658392"
"14095","0.13560313368243812","0.13560313368243812","0.13560313368243812"
"14097","0.14111858080776052","0.14111858080776052","0.14111858080776052"
"14111","0.20448883403662624","0.20448883403662624","0.20448883403662624"
"14117","0.18825622883024634","0.18825622883024634","0.18825622883024634"
"14127","0.16941934575134338","0.16941934575134338","0.16941934575134338"
"14131","0.24694585869733032","0.24694585869733032","0.24694585869733032"
"14133","0.2083087678174957","0.2083087678174957","0.2083087678174957"
"14135","0.115020339005585","0.115020339005585","0.115020339005585"
"14137","0.24480279768668892","0.24480279768668892","0.24480279768668892"
"14139","0.20097040068705235","0.20097040068705235","0.20097040068705235"
"14143","0.1712939780387957","0.1712939780387957","0.1712939780387957"
"14147","0.40254480467971226","0.40254480467971226","0.40254480467971226"
"14155","0.15571481123966188","0.15571481123966188","0.15571481123966188"
"14161","0.15563426887340537","0.15563426887340537","0.15563426887340537"
"14169","0.10990731098779033","0.10990731098779033","0.10990731098779033"
"14177","0.28212456361485894","0.28212456361485894","0.28212456361485894"
"14179","0.18284862560773252","0.18284862560773252","0.18284862560773252"
"14181","0.24094199813423986","0.24094199813423986","0.24094199813423986"
"14189","0.2681030776436282","0.2681030776436282","0.2681030776436282"
"14193","0.25112428288430966","0.25112428288430966","0.25112428288430966"
"14195","0.19182131003677935","0.19182131003677935","0.19182131003677935"
"14197","0.1889067765158359","0.1889067765158359","0.1889067765158359"
"14203","0.20598387744458327","0.20598387744458327","0.20598387744458327"
"14209","0.12010272644576742","0.12010272644576742","0.12010272644576742"
"14239","0.22892037435967594","0.22892037435967594","0.22892037435967594"
"14243","0.20360869807292634","0.20360869807292634","0.20360869807292634"
"14253","0.2083285549728453","0.2083285549728453","0.2083285549728453"
"14257","0.13693509015217997","0.13693509015217997","0.13693509015217997"
"14265","0.17817407233236382","0.17817407233236382","0.17817407233236382"
"14271","0.15939835582959724","0.15939835582959724","0.15939835582959724"
"14273","0.19101538940914425","0.19101538940914425","0.19101538940914425"
"14277","0.16309024325414573","0.16309024325414573","0.16309024325414573"
"14279","0.18082758745683664","0.18082758745683664","0.18082758745683664"
"14287","0.17829094192612846","0.17829094192612846","0.17829094192612846"
"14289","0.15245548454539457","0.15245548454539457","0.15245548454539457"
"14295","0.16291784429571712","0.16291784429571712","0.16291784429571712"
"14303","0.24801275814651091","0.24801275814651091","0.24801275814651091"
"14313","0.17144691192756997","0.17144691192756997","0.17144691192756997"
"14317","0.15958567490511508","0.15958567490511508","0.15958567490511508"
"14323","0.1169572316266094","0.1169572316266094","0.1169572316266094"
"14333","0.20368098315792962","0.20368098315792962","0.20368098315792962"
"14335","0.33511195657055615","0.33511195657055615","0.33511195657055615"
"14339","0.30816731988319446","0.30816731988319446","0.30816731988319446"
"14344","0.13219996456691857","0.13219996456691857","0.13219996456691857"
"14348","0.26282136580110815","0.26282136580110815","0.26282136580110815"
"14352","0.2599858089388907","0.2599858089388907","0.2599858089388907"
"14362","0.20692279061979962","0.20692279061979962","0.20692279061979962"
"14364","0.10544123555611472","0.10544123555611472","0.10544123555611472"
"14368","0.1794037236665557","0.1794037236665557","0.1794037236665557"
"14388","0.25993467867531556","0.25993467867531556","0.25993467867531556"
"14392","0.17296442560581177","0.17296442560581177","0.17296442560581177"
"14396","0.28802942271241205","0.28802942271241205","0.28802942271241205"
"14402","0.2190516469718511","0.2190516469718511","0.2190516469718511"
"14404","0.31255703644000127","0.31255703644000127","0.31255703644000127"
"14408","0.1151961166105408","0.1151961166105408","0.1151961166105408"
"14412","0.17275651376674503","0.17275651376674503","0.17275651376674503"
"14416","0.13025151172609997","0.13025151172609997","0.13025151172609997"
"14426","0.1621923808647845","0.1621923808647845","0.1621923808647845"
"14428","0.1450695632273446","0.1450695632273446","0.1450695632273446"
"14430","0.14200369199298488","0.14200369199298488","0.14200369199298488"
"14432","0.08258354367727545","0.08258354367727545","0.08258354367727545"
"14436","0.375555878149","0.375555878149","0.375555878149"
"14440","0.314809076468184","0.314809076468184","0.314809076468184"
"14442","0.14245239357709796","0.14245239357709796","0.14245239357709796"
"14444","0.21531857126255174","0.21531857126255174","0.21531857126255174"
"14456","0.22457317392275025","0.22457317392275025","0.22457317392275025"
"14468","0.18571062391432058","0.18571062391432058","0.18571062391432058"
"14474","0.20708779696394145","0.20708779696394145","0.20708779696394145"
"14484","0.20831309558006136","0.20831309558006136","0.20831309558006136"
"14486","0.18318555987647503","0.18318555987647503","0.18318555987647503"
"14488","0.2616383728039759","0.2616383728039759","0.2616383728039759"
"14492","0.1397720336830773","0.1397720336830773","0.1397720336830773"
"14494","0.17267257777205575","0.17267257777205575","0.17267257777205575"
"14496","0.17155980339085056","0.17155980339085056","0.17155980339085056"
"14498","0.23114033012291388","0.23114033012291388","0.23114033012291388"
"14500","0.14933958254194094","0.14933958254194094","0.14933958254194094"
"14504","0.24302623473529597","0.24302623473529597","0.24302623473529597"
"14506","0.18266162229718796","0.18266162229718796","0.18266162229718796"
"14508","0.12684293513237177","0.12684293513237177","0.12684293513237177"
"14510","0.16593947627620262","0.16593947627620262","0.16593947627620262"
"14512","0.15506041207036017","0.15506041207036017","0.15506041207036017"
"14514","0.23461126498878407","0.23461126498878407","0.23461126498878407"
"14518","0.2092771351252952","0.2092771351252952","0.2092771351252952"
"14522","0.13150320804466686","0.13150320804466686","0.13150320804466686"
"14524","0.22924500809708065","0.22924500809708065","0.22924500809708065"
"14530","0.1296025457531741","0.1296025457531741","0.1296025457531741"
"14536","0.3163471637704804","0.3163471637704804","0.3163471637704804"
"14542","0.25699249543558444","0.25699249543558444","0.25699249543558444"
"14544","0.15081128824302878","0.15081128824302878","0.15081128824302878"
"14546","0.20460765096514158","0.20460765096514158","0.20460765096514158"
"14552","0.2942730796638205","0.2942730796638205","0.2942730796638205"
"14554","0.20142621563602253","0.20142621563602253","0.20142621563602253"
"14564","0.1985214502620115","0.1985214502620115","0.1985214502620115"
"14566","0.27618093246434455","0.27618093246434455","0.27618093246434455"
"14570","0.16910492518080478","0.16910492518080478","0.16910492518080478"
"14572","0.16368492707170854","0.16368492707170854","0.16368492707170854"
"14574","0.26629979308260343","0.26629979308260343","0.26629979308260343"
"14576","0.18837793764267793","0.18837793764267793","0.18837793764267793"
"14586","0.14553274670683763","0.14553274670683763","0.14553274670683763"
"14588","0.13557984228784212","0.13557984228784212","0.13557984228784212"
"14596","0.33634772869401947","0.33634772869401947","0.33634772869401947"
"14598","0.07985319845447529","0.07985319845447529","0.07985319845447529"
"14600","0.09502877859849052","0.09502877859849052","0.09502877859849052"
"14602","0.27432409691953547","0.27432409691953547","0.27432409691953547"
"14606","0.07752498047221656","0.07752498047221656","0.07752498047221656"
"14608","0.25028227724837826","0.25028227724837826","0.25028227724837826"
"14612","0.22581330108183736","0.22581330108183736","0.22581330108183736"
"14614","0.32410333486502046","0.32410333486502046","0.32410333486502046"
"14618","0.2323989456150172","0.2323989456150172","0.2323989456150172"
"14624","0.14216969399519697","0.14216969399519697","0.14216969399519697"
"14632","0.21813254406187943","0.21813254406187943","0.21813254406187943"
"14636","0.29433600230175133","0.29433600230175133","0.29433600230175133"
"14642","0.19820509878400486","0.19820509878400486","0.19820509878400486"
"14646","0.1414411491196383","0.1414411491196383","0.1414411491196383"
"14666","0.18647711613067203","0.18647711613067203","0.18647711613067203"
"14672","0.14925109477775816","0.14925109477775816","0.14925109477775816"
"14674","0.19798049190417163","0.19798049190417163","0.19798049190417163"
"14676","0.22318797450307604","0.22318797450307604","0.22318797450307604"
"14680","0.06136881228820743","0.06136881228820743","0.06136881228820743"
"14696","0.16464884747762987","0.16464884747762987","0.16464884747762987"
"14704","0.22955637095168083","0.22955637095168083","0.22955637095168083"
"14706","0.09053466853658779","0.09053466853658779","0.09053466853658779"
"14710","0.15554725447665435","0.15554725447665435","0.15554725447665435"
"14714","0.17697408522536393","0.17697408522536393","0.17697408522536393"
"14726","0.18254000006577187","0.18254000006577187","0.18254000006577187"
"14730","0.2340637922442305","0.2340637922442305","0.2340637922442305"
"14732","0.17475976846335267","0.17475976846335267","0.17475976846335267"
"14738","0.1754213251037487","0.1754213251037487","0.1754213251037487"
"14744","0.08994318808117054","0.08994318808117054","0.08994318808117054"
"14746","0.2861181261895982","0.2861181261895982","0.2861181261895982"
"14750","0.15955510948344634","0.15955510948344634","0.15955510948344634"
"14762","0.1156413521029289","0.1156413521029289","0.1156413521029289"
"14772","0.1952204391952327","0.1952204391952327","0.1952204391952327"
"14778","0.1710587866432019","0.1710587866432019","0.1710587866432019"
"14782","0.17669852722039397","0.17669852722039397","0.17669852722039397"
"14784","0.17429592108369285","0.17429592108369285","0.17429592108369285"
"14794","0.1645854834122391","0.1645854834122391","0.1645854834122391"
"14796","0.24000272980270027","0.24000272980270027","0.24000272980270027"
"14798","0.10469973087032546","0.10469973087032546","0.10469973087032546"
"14810","0.23916877335413636","0.23916877335413636","0.23916877335413636"
"14814","0.1860505946203939","0.1860505946203939","0.1860505946203939"
"14816","0.2284575331445076","0.2284575331445076","0.2284575331445076"
"14822","0.1894110603432883","0.1894110603432883","0.1894110603432883"
"14830","0.12300990321253318","0.12300990321253318","0.12300990321253318"
"14836","0.1788540459974797","0.1788540459974797","0.1788540459974797"
"14842","0.12171961954220016","0.12171961954220016","0.12171961954220016"
"14846","0.08397982274515031","0.08397982274515031","0.08397982274515031"
"14848","0.24422146793837293","0.24422146793837293","0.24422146793837293"
"14850","0.1303257238187215","0.1303257238187215","0.1303257238187215"
"14854","0.17325695366273955","0.17325695366273955","0.17325695366273955"
"14860","0.14601310579832136","0.14601310579832136","0.14601310579832136"
"14866","0.08136152879594204","0.08136152879594204","0.08136152879594204"
"14872","0.10368637181956517","0.10368637181956517","0.10368637181956517"
"14874","0.13859195152199577","0.13859195152199577","0.13859195152199577"
"14876","0.07868120860236501","0.07868120860236501","0.07868120860236501"
"14878","0.19642727289451814","0.19642727289451814","0.19642727289451814"
"14882","0.12170873879921584","0.12170873879921584","0.12170873879921584"
"14884","0.1761373674299074","0.1761373674299074","0.1761373674299074"
"14886","0.14202376595640714","0.14202376595640714","0.14202376595640714"
"14890","0.15119250893544917","0.15119250893544917","0.15119250893544917"
"14896","0.0632599582880596","0.0632599582880596","0.0632599582880596"
"14898","0.06456652693085507","0.06456652693085507","0.06456652693085507"
"14904","0.1256021658229272","0.1256021658229272","0.1256021658229272"
"14906","0.1363615342112728","0.1363615342112728","0.1363615342112728"
"14918","0.16817755805612403","0.16817755805612403","0.16817755805612403"
"14924","0.24089971534287408","0.24089971534287408","0.24089971534287408"
"14930","0.20675640035810441","0.20675640035810441","0.20675640035810441"
"14932","0.17820370717101974","0.17820370717101974","0.17820370717101974"
"14934","0.19466611714141285","0.19466611714141285","0.19466611714141285"
"14942","0.21869595745638729","0.21869595745638729","0.21869595745638729"
"14944","0.18176435542837616","0.18176435542837616","0.18176435542837616"
"14956","0.11072037682211558","0.11072037682211558","0.11072037682211558"
"14960","0.3131517527909905","0.3131517527909905","0.3131517527909905"
"14972","0.05429404143274101","0.05429404143274101","0.05429404143274101"
"14978","0.13426508067227244","0.13426508067227244","0.13426508067227244"
"14980","0.18126831044411876","0.18126831044411876","0.18126831044411876"
"14982","0.1544140841355949","0.1544140841355949","0.1544140841355949"
"14992","0.22408025032824658","0.22408025032824658","0.22408025032824658"
"15008","0.18507156729201343","0.18507156729201343","0.18507156729201343"
"15012","0.17132554769425665","0.17132554769425665","0.17132554769425665"
"15018","0.21609791642018197","0.21609791642018197","0.21609791642018197"
"15028","0.13060043108468813","0.13060043108468813","0.13060043108468813"
"15034","0.24191790619119885","0.24191790619119885","0.24191790619119885"
"15036","0.13404266657538846","0.13404266657538846","0.13404266657538846"
"15040","0.09824267741814892","0.09824267741814892","0.09824267741814892"
"15044","0.1600022855237801","0.1600022855237801","0.1600022855237801"
"15046","0.15642500851588312","0.15642500851588312","0.15642500851588312"
"15048","0.2655328422445672","0.2655328422445672","0.2655328422445672"
"15052","0.12062144077193909","0.12062144077193909","0.12062144077193909"
"15056","0.20087326442452985","0.20087326442452985","0.20087326442452985"
"15060","0.17649830161640495","0.17649830161640495","0.17649830161640495"
"15062","0.26197159353626687","0.26197159353626687","0.26197159353626687"
"15068","0.19428770147186888","0.19428770147186888","0.19428770147186888"
"15072","0.21324373411339922","0.21324373411339922","0.21324373411339922"
"15086","0.20017819215095206","0.20017819215095206","0.20017819215095206"
"15088","0.22641935430372329","0.22641935430372329","0.22641935430372329"
"15092","0.15963514964800643","0.15963514964800643","0.15963514964800643"
"15094","0.1633483579980743","0.1633483579980743","0.1633483579980743"
"15110","0.22026575688343764","0.22026575688343764","0.22026575688343764"
"15116","0.2601402134577882","0.2601402134577882","0.2601402134577882"
"15122","0.30630041797334184","0.30630041797334184","0.30630041797334184"
"15128","0.17618761246079845","0.17618761246079845","0.17618761246079845"
"15132","0.2636017882834919","0.2636017882834919","0.2636017882834919"
"15134","0.1754500978565242","0.1754500978565242","0.1754500978565242"
"15136","0.10054403191365281","0.10054403191365281","0.10054403191365281"
"15142","0.1198582610977523","0.1198582610977523","0.1198582610977523"
"15148","0.23962480075610995","0.23962480075610995","0.23962480075610995"
"15150","0.24256158978164397","0.24256158978164397","0.24256158978164397"
"15156","0.1138938666442473","0.1138938666442473","0.1138938666442473"
"15160","0.10870587508832698","0.10870587508832698","0.10870587508832698"
"15164","0.16737156432915384","0.16737156432915384","0.16737156432915384"
"15166","0.09516384030278503","0.09516384030278503","0.09516384030278503"
"15172","0.12662642330478768","0.12662642330478768","0.12662642330478768"
"15184","0.2888211067178675","0.2888211067178675","0.2888211067178675"
"15190","0.10776263721766186","0.10776263721766186","0.10776263721766186"
"15194","0.1932904284309361","0.1932904284309361","0.1932904284309361"
"15198","0.12035256870422412","0.12035256870422412","0.12035256870422412"
"15200","0.09930047589187548","0.09930047589187548","0.09930047589187548"
"15206","0.13200600568969914","0.13200600568969914","0.13200600568969914"
"15214","0.14529936536268348","0.14529936536268348","0.14529936536268348"
"15216","0.10423326945930157","0.10423326945930157","0.10423326945930157"
"15220","0.39200901894387835","0.39200901894387835","0.39200901894387835"
"15228","0.13703712450786945","0.13703712450786945","0.13703712450786945"
"15232","0.2334338125450863","0.2334338125450863","0.2334338125450863"
"15240","0.19393765068478622","0.19393765068478622","0.19393765068478622"
"15242","0.16298655948449473","0.16298655948449473","0.16298655948449473"
"15244","0.31740123988722435","0.31740123988722435","0.31740123988722435"
"15246","0.10298132207527284","0.10298132207527284","0.10298132207527284"
"15250","0.14074640199447994","0.14074640199447994","0.14074640199447994"
"15254","0.2183009118855094","0.2183009118855094","0.2183009118855094"
"15256","0.17465277949468647","0.17465277949468647","0.17465277949468647"
"15258","0.23092806838137217","0.23092806838137217","0.23092806838137217"
"15268","0.08479944314823035","0.08479944314823035","0.08479944314823035"
"15270","0.1522965724962024","0.1522965724962024","0.1522965724962024"
"15274","0.15857056932211938","0.15857056932211938","0.15857056932211938"
"15278","0.07256405657077032","0.07256405657077032","0.07256405657077032"
"15284","0.1789323862632872","0.1789323862632872","0.1789323862632872"
"15290","0.18659911692523828","0.18659911692523828","0.18659911692523828"
"15292","0.1561272377314978","0.1561272377314978","0.1561272377314978"
"15294","0.09964023841225397","0.09964023841225397","0.09964023841225397"
"15298","0.27031579759824476","0.27031579759824476","0.27031579759824476"
"15304","0.15964388884506336","0.15964388884506336","0.15964388884506336"
"15308","0.32344451058202817","0.32344451058202817","0.32344451058202817"
"15310","0.19337076095812264","0.19337076095812264","0.19337076095812264"
"15314","0.08190796875378348","0.08190796875378348","0.08190796875378348"
"15316","0.22260756545952284","0.22260756545952284","0.22260756545952284"
"15320","0.19021721748823908","0.19021721748823908","0.19021721748823908"
"15324","0.21658431621718424","0.21658431621718424","0.21658431621718424"
"15328","0.22191963989200147","0.22191963989200147","0.22191963989200147"
"15335","0.20127550252305149","0.20127550252305149","0.20127550252305149"
"15339","0.10067706933328156","0.10067706933328156","0.10067706933328156"
"15341","0.18586633185779408","0.18586633185779408","0.18586633185779408"
"15351","0.11357595076679425","0.11357595076679425","0.11357595076679425"
"15355","0.14841637335561242","0.14841637335561242","0.14841637335561242"
"15357","0.12378113273147001","0.12378113273147001","0.12378113273147001"
"15359","0.1889380305387195","0.1889380305387195","0.1889380305387195"
"15361","0.1514716864392339","0.1514716864392339","0.1514716864392339"
"15365","0.2701745028311457","0.2701745028311457","0.2701745028311457"
"15367","0.1210330341775426","0.1210330341775426","0.1210330341775426"
"15369","0.156068804105997","0.156068804105997","0.156068804105997"
"15379","0.11576704389212586","0.11576704389212586","0.11576704389212586"
"15385","0.09405083866009104","0.09405083866009104","0.09405083866009104"
"15389","0.08006477826239752","0.08006477826239752","0.08006477826239752"
"15395","0.16829249874832347","0.16829249874832347","0.16829249874832347"
"15397","0.20389818709060037","0.20389818709060037","0.20389818709060037"
"15399","0.08424382830761286","0.08424382830761286","0.08424382830761286"
"15409","0.10349268929086361","0.10349268929086361","0.10349268929086361"
"15421","0.265458447468061","0.265458447468061","0.265458447468061"
"15423","0.22816951330486043","0.22816951330486043","0.22816951330486043"
"15427","0.1599356364640628","0.1599356364640628","0.1599356364640628"
"15433","0.07981026148270703","0.07981026148270703","0.07981026148270703"
"15437","0.1517274200170087","0.1517274200170087","0.1517274200170087"
"15443","0.19591204176699312","0.19591204176699312","0.19591204176699312"
"15451","0.10239777595013531","0.10239777595013531","0.10239777595013531"
"15457","0.19953296228986997","0.19953296228986997","0.19953296228986997"
"15461","0.15285360165802195","0.15285360165802195","0.15285360165802195"
"15469","0.16949024407687396","0.16949024407687396","0.16949024407687396"
"15471","0.19789083002669433","0.19789083002669433","0.19789083002669433"
"15479","0.10478974694028703","0.10478974694028703","0.10478974694028703"
"15485","0.22023919387476468","0.22023919387476468","0.22023919387476468"
"15491","0.21925849226671734","0.21925849226671734","0.21925849226671734"
"15495","0.16233977066024075","0.16233977066024075","0.16233977066024075"
"15497","0.13312807877656352","0.13312807877656352","0.13312807877656352"
"15519","0.18844775241587888","0.18844775241587888","0.18844775241587888"
"15527","0.21768892470152887","0.21768892470152887","0.21768892470152887"
"15537","0.1592917837477119","0.1592917837477119","0.1592917837477119"
"15539","0.16619325559454395","0.16619325559454395","0.16619325559454395"
"15541","0.4018326077268123","0.4018326077268123","0.4018326077268123"
"15543","0.1791159828895257","0.1791159828895257","0.1791159828895257"
"15545","0.1791248115084682","0.1791248115084682","0.1791248115084682"
"15547","0.1660015100200753","0.1660015100200753","0.1660015100200753"
"15559","0.20766897766741885","0.20766897766741885","0.20766897766741885"
"15569","0.25132858881079007","0.25132858881079007","0.25132858881079007"
"15571","0.13302457930633316","0.13302457930633316","0.13302457930633316"
"15573","0.34794022181525397","0.34794022181525397","0.34794022181525397"
"15575","0.12892676681467785","0.12892676681467785","0.12892676681467785"
"15585","0.14712938082532506","0.14712938082532506","0.14712938082532506"
"15587","0.30090275081557416","0.30090275081557416","0.30090275081557416"
"15595","0.22078229952520217","0.22078229952520217","0.22078229952520217"
"15601","0.20348694538847212","0.20348694538847212","0.20348694538847212"
"15603","0.2732405361864583","0.2732405361864583","0.2732405361864583"
"15605","0.2617605090632158","0.2617605090632158","0.2617605090632158"
"15607","0.20232537491776745","0.20232537491776745","0.20232537491776745"
"15611","0.1978608583938312","0.1978608583938312","0.1978608583938312"
"15615","0.2117052499753299","0.2117052499753299","0.2117052499753299"
"15617","0.3661606410773251","0.3661606410773251","0.3661606410773251"
"15621","0.24631051704442916","0.24631051704442916","0.24631051704442916"
"15629","0.18846381346914157","0.18846381346914157","0.18846381346914157"
"15631","0.23954554014385776","0.23954554014385776","0.23954554014385776"
"15635","0.09699754770057277","0.09699754770057277","0.09699754770057277"
"15637","0.3200168640938214","0.3200168640938214","0.3200168640938214"
"15645","0.1487600373540047","0.1487600373540047","0.1487600373540047"
"15649","0.11701697817669596","0.11701697817669596","0.11701697817669596"
"15663","0.21574001630954182","0.21574001630954182","0.21574001630954182"
"15665","0.12364523962277907","0.12364523962277907","0.12364523962277907"
"15673","0.1926063555594291","0.1926063555594291","0.1926063555594291"
"15681","0.16675899910878825","0.16675899910878825","0.16675899910878825"
"15683","0.10802287260605697","0.10802287260605697","0.10802287260605697"
"15687","0.18847128509881028","0.18847128509881028","0.18847128509881028"
"15691","0.131385003775219","0.131385003775219","0.131385003775219"
"15693","0.17691272459663449","0.17691272459663449","0.17691272459663449"
"15699","0.27276540992152754","0.27276540992152754","0.27276540992152754"
"15703","0.15242707590197718","0.15242707590197718","0.15242707590197718"
"15705","0.13979398705119622","0.13979398705119622","0.13979398705119622"
"15713","0.26046576831760915","0.26046576831760915","0.26046576831760915"
"15717","0.17565806629074587","0.17565806629074587","0.17565806629074587"
"15719","0.14592786617256506","0.14592786617256506","0.14592786617256506"
"15721","0.1745327587284458","0.1745327587284458","0.1745327587284458"
"15723","0.16213249708067867","0.16213249708067867","0.16213249708067867"
"15727","0.11461446801475395","0.11461446801475395","0.11461446801475395"
"15731","0.06476621013234386","0.06476621013234386","0.06476621013234386"
"15733","0.08489706664076922","0.08489706664076922","0.08489706664076922"
"15743","0.12408978647392907","0.12408978647392907","0.12408978647392907"
"15751","0.11043178123888461","0.11043178123888461","0.11043178123888461"
"15755","0.143209743627756","0.143209743627756","0.143209743627756"
"15759","0.19917021889558056","0.19917021889558056","0.19917021889558056"
"15765","0.1405730350166926","0.1405730350166926","0.1405730350166926"
"15767","0.22596056493316874","0.22596056493316874","0.22596056493316874"
"15771","0.10667064858929155","0.10667064858929155","0.10667064858929155"
"15781","0.19789751278064596","0.19789751278064596","0.19789751278064596"
"15783","0.18886618786520656","0.18886618786520656","0.18886618786520656"
"15787","0.1773490921761933","0.1773490921761933","0.1773490921761933"
"15789","0.21522869822636675","0.21522869822636675","0.21522869822636675"
"15805","0.199495049152275","0.199495049152275","0.199495049152275"
"15811","0.15156021116435808","0.15156021116435808","0.15156021116435808"
"15813","0.12859380309519824","0.12859380309519824","0.12859380309519824"
"15817","0.23369396127020614","0.23369396127020614","0.23369396127020614"
"15819","0.14788115544136166","0.14788115544136166","0.14788115544136166"
"15825","0.11309858920096914","0.11309858920096914","0.11309858920096914"
"15827","0.1806158877915492","0.1806158877915492","0.1806158877915492"
"15833","0.2122299898159767","0.2122299898159767","0.2122299898159767"
"15835","0.1262343231467372","0.1262343231467372","0.1262343231467372"
"15841","0.1871530979494255","0.1871530979494255","0.1871530979494255"
"15843","0.19868896200884723","0.19868896200884723","0.19868896200884723"
"15845","0.23416975889562577","0.23416975889562577","0.23416975889562577"
"15847","0.24294777715264326","0.24294777715264326","0.24294777715264326"
"15851","0.09011163372822482","0.09011163372822482","0.09011163372822482"
"15865","0.31310630632133457","0.31310630632133457","0.31310630632133457"
"15877","0.15283782021768286","0.15283782021768286","0.15283782021768286"
"15883","0.17596436076142735","0.17596436076142735","0.17596436076142735"
"15895","0.2889137916550262","0.2889137916550262","0.2889137916550262"
"15899","0.22087039347887535","0.22087039347887535","0.22087039347887535"
"15907","0.13056878663363322","0.13056878663363322","0.13056878663363322"
"15909","0.15600118495761636","0.15600118495761636","0.15600118495761636"
"15911","0.16353780996023112","0.16353780996023112","0.16353780996023112"
"15913","0.11563250494777474","0.11563250494777474","0.11563250494777474"
"15917","0.12653828112502355","0.12653828112502355","0.12653828112502355"
"15919","0.17595880865536745","0.17595880865536745","0.17595880865536745"
"15923","0.37982928529013155","0.37982928529013155","0.37982928529013155"
"15925","0.12764136751752575","0.12764136751752575","0.12764136751752575"
"15941","0.26811354036895413","0.26811354036895413","0.26811354036895413"
"15947","0.13116798733646612","0.13116798733646612","0.13116798733646612"
"15949","0.23602795256487286","0.23602795256487286","0.23602795256487286"
"15951","0.10913190905174976","0.10913190905174976","0.10913190905174976"
"15959","0.22005744604013044","0.22005744604013044","0.22005744604013044"
"15961","0.3043350969434433","0.3043350969434433","0.3043350969434433"
"15963","0.14227430423989748","0.14227430423989748","0.14227430423989748"
"15993","0.09926644834521939","0.09926644834521939","0.09926644834521939"
"16001","0.17309578383084717","0.17309578383084717","0.17309578383084717"
"16005","0.14968146910294786","0.14968146910294786","0.14968146910294786"
"16009","0.1187301623878097","0.1187301623878097","0.1187301623878097"
"16015","0.09844418230536432","0.09844418230536432","0.09844418230536432"
"16021","0.17867319302558562","0.17867319302558562","0.17867319302558562"
"16023","0.23746186219989338","0.23746186219989338","0.23746186219989338"
"16025","0.1387871947781535","0.1387871947781535","0.1387871947781535"
"16033","0.12304366576838627","0.12304366576838627","0.12304366576838627"
"16035","0.13958736231194085","0.13958736231194085","0.13958736231194085"
"16043","0.16989012673728654","0.16989012673728654","0.16989012673728654"
"16045","0.14644822628310405","0.14644822628310405","0.14644822628310405"
"16053","0.15595212796122515","0.15595212796122515","0.15595212796122515"
"16061","0.22401468081932863","0.22401468081932863","0.22401468081932863"
"16063","0.1320685912265214","0.1320685912265214","0.1320685912265214"
"16071","0.09014913239968705","0.09014913239968705","0.09014913239968705"
"16075","0.3156609764934874","0.3156609764934874","0.3156609764934874"
"16081","0.2338879770392415","0.2338879770392415","0.2338879770392415"
"16083","0.2716942394536063","0.2716942394536063","0.2716942394536063"
"16087","0.20209368825875845","0.20209368825875845","0.20209368825875845"
"16089","0.1605238243596298","0.1605238243596298","0.1605238243596298"
"16103","0.16844177729885407","0.16844177729885407","0.16844177729885407"
"16113","0.08516714131412138","0.08516714131412138","0.08516714131412138"
"16117","0.169217353711131","0.169217353711131","0.169217353711131"
"16121","0.22569926004081448","0.22569926004081448","0.22569926004081448"
"16127","0.14059930142721544","0.14059930142721544","0.14059930142721544"
"16135","0.2043244819150065","0.2043244819150065","0.2043244819150065"
"16137","0.11087970605010421","0.11087970605010421","0.11087970605010421"
"16145","0.2760231383721188","0.2760231383721188","0.2760231383721188"
"16149","0.17520845123662016","0.17520845123662016","0.17520845123662016"
"16151","0.14504563453100322","0.14504563453100322","0.14504563453100322"
"16163","0.2234982331305308","0.2234982331305308","0.2234982331305308"
"16165","0.15674204836682692","0.15674204836682692","0.15674204836682692"
"16167","0.1860080509013628","0.1860080509013628","0.1860080509013628"
"16175","0.1069369903443062","0.1069369903443062","0.1069369903443062"
"16179","0.1009439282835727","0.1009439282835727","0.1009439282835727"
"16187","0.12253282283648123","0.12253282283648123","0.12253282283648123"
"16189","0.3300734750995749","0.3300734750995749","0.3300734750995749"
"16193","0.23586863782294712","0.23586863782294712","0.23586863782294712"
"16197","0.14460019451905856","0.14460019451905856","0.14460019451905856"
"16199","0.17055350234417713","0.17055350234417713","0.17055350234417713"
"16201","0.10858123419011745","0.10858123419011745","0.10858123419011745"
"16207","0.22086534193174004","0.22086534193174004","0.22086534193174004"
"16209","0.0674394873681109","0.0674394873681109","0.0674394873681109"
"16219","0.09692766196406","0.09692766196406","0.09692766196406"
"16227","0.20244881063888256","0.20244881063888256","0.20244881063888256"
"16229","0.13753639682308977","0.13753639682308977","0.13753639682308977"
"16231","0.1170738980886874","0.1170738980886874","0.1170738980886874"
"16233","0.17623260090047685","0.17623260090047685","0.17623260090047685"
"16235","0.2332136787569597","0.2332136787569597","0.2332136787569597"
"16239","0.1576804604858449","0.1576804604858449","0.1576804604858449"
"16241","0.169308476052779","0.169308476052779","0.169308476052779"
"16245","0.12144279933818657","0.12144279933818657","0.12144279933818657"
"16253","0.15376969102821883","0.15376969102821883","0.15376969102821883"
"16255","0.1515221325709224","0.1515221325709224","0.1515221325709224"
"16275","0.154206164773149","0.154206164773149","0.154206164773149"
"16283","0.2096219364515628","0.2096219364515628","0.2096219364515628"
"16287","0.17303541072302556","0.17303541072302556","0.17303541072302556"
"16289","0.17271955481746007","0.17271955481746007","0.17271955481746007"
"16295","0.16260846992710715","0.16260846992710715","0.16260846992710715"
"16303","0.1296874994254974","0.1296874994254974","0.1296874994254974"
"16305","0.11300910948962754","0.11300910948962754","0.11300910948962754"
"16307","0.31514670607679107","0.31514670607679107","0.31514670607679107"
"16311","0.17908946321941943","0.17908946321941943","0.17908946321941943"
"16313","0.25846373063984585","0.25846373063984585","0.25846373063984585"
"16315","0.18043584069419616","0.18043584069419616","0.18043584069419616"
"16320","0.1946997950301049","0.1946997950301049","0.1946997950301049"
"16322","0.23121359448357165","0.23121359448357165","0.23121359448357165"
"16324","0.24219269131664867","0.24219269131664867","0.24219269131664867"
"16334","0.09097324334162808","0.09097324334162808","0.09097324334162808"
"16338","0.25705902216251575","0.25705902216251575","0.25705902216251575"
"16350","0.17691793618201174","0.17691793618201174","0.17691793618201174"
"16352","0.2331601446726565","0.2331601446726565","0.2331601446726565"
"16368","0.11838534812978407","0.11838534812978407","0.11838534812978407"
"16374","0.14301414967520631","0.14301414967520631","0.14301414967520631"
"16378","0.12181716610449961","0.12181716610449961","0.12181716610449961"
"16384","0.20149138918763576","0.20149138918763576","0.20149138918763576"
"16390","0.1743086698295267","0.1743086698295267","0.1743086698295267"
"16394","0.16489563866537738","0.16489563866537738","0.16489563866537738"
"16396","0.1522288194586459","0.1522288194586459","0.1522288194586459"
"16400","0.33311176635193024","0.33311176635193024","0.33311176635193024"
"16402","0.17873057273183904","0.17873057273183904","0.17873057273183904"
"16408","0.11644898004780276","0.11644898004780276","0.11644898004780276"
"16410","0.09923539360002925","0.09923539360002925","0.09923539360002925"
"16412","0.08885514523584827","0.08885514523584827","0.08885514523584827"
"16414","0.09878779972003918","0.09878779972003918","0.09878779972003918"
"16422","0.1381226529918825","0.1381226529918825","0.1381226529918825"
"16426","0.3394073446677801","0.3394073446677801","0.3394073446677801"
"16428","0.10549324687167914","0.10549324687167914","0.10549324687167914"
"16430","0.1318279546510727","0.1318279546510727","0.1318279546510727"
"16432","0.11081470086697845","0.11081470086697845","0.11081470086697845"
"16436","0.16532144146446293","0.16532144146446293","0.16532144146446293"
"16442","0.12305112861668313","0.12305112861668313","0.12305112861668313"
"16444","0.1784448675415055","0.1784448675415055","0.1784448675415055"
"16446","0.280633250159841","0.280633250159841","0.280633250159841"
"16448","0.267026932192068","0.267026932192068","0.267026932192068"
"16452","0.20424523840680323","0.20424523840680323","0.20424523840680323"
"16456","0.16736545450484763","0.16736545450484763","0.16736545450484763"
"16458","0.26359308266456305","0.26359308266456305","0.26359308266456305"
"16464","0.13558618926319166","0.13558618926319166","0.13558618926319166"
"16468","0.07278053385258151","0.07278053385258151","0.07278053385258151"
"16474","0.10401263670477395","0.10401263670477395","0.10401263670477395"
"16476","0.3042177099789092","0.3042177099789092","0.3042177099789092"
"16478","0.100183022546577","0.100183022546577","0.100183022546577"
"16480","0.1969967321945392","0.1969967321945392","0.1969967321945392"
"16488","0.15348173257533096","0.15348173257533096","0.15348173257533096"
"16494","0.3032757747888986","0.3032757747888986","0.3032757747888986"
"16498","0.1816546219385789","0.1816546219385789","0.1816546219385789"
"16510","0.13461759979395668","0.13461759979395668","0.13461759979395668"
"16518","0.24403820941462215","0.24403820941462215","0.24403820941462215"
"16520","0.20422728102595453","0.20422728102595453","0.20422728102595453"
"16528","0.20479261414750788","0.20479261414750788","0.20479261414750788"
"16530","0.09745770298056894","0.09745770298056894","0.09745770298056894"
"16536","0.21811994859644898","0.21811994859644898","0.21811994859644898"
"16538","0.14975875787010232","0.14975875787010232","0.14975875787010232"
"16544","0.23220435149393379","0.23220435149393379","0.23220435149393379"
"16546","0.21392856222389686","0.21392856222389686","0.21392856222389686"
"16550","0.0898789254035616","0.0898789254035616","0.0898789254035616"
"16552","0.19352410745645285","0.19352410745645285","0.19352410745645285"
"16556","0.1365951047095759","0.1365951047095759","0.1365951047095759"
"16558","0.14913319386852086","0.14913319386852086","0.14913319386852086"
"16560","0.10791754805160156","0.10791754805160156","0.10791754805160156"
"16566","0.22300827073093415","0.22300827073093415","0.22300827073093415"
"16568","0.08248115245238531","0.08248115245238531","0.08248115245238531"
"16570","0.23629073170321285","0.23629073170321285","0.23629073170321285"
"16576","0.09221514311639384","0.09221514311639384","0.09221514311639384"
"16582","0.26909236835217626","0.26909236835217626","0.26909236835217626"
"16586","0.14755604058208452","0.14755604058208452","0.14755604058208452"
"16592","0.26385062481269644","0.26385062481269644","0.26385062481269644"
"16596","0.13405367168622107","0.13405367168622107","0.13405367168622107"
"16606","0.14573989511576985","0.14573989511576985","0.14573989511576985"
"16608","0.13462818434995033","0.13462818434995033","0.13462818434995033"
"16622","0.1283857718598854","0.1283857718598854","0.1283857718598854"
"16632","0.25938510989972763","0.25938510989972763","0.25938510989972763"
"16640","0.15012175813854328","0.15012175813854328","0.15012175813854328"
"16648","0.31331304640905894","0.31331304640905894","0.31331304640905894"
"16654","0.2452270216141668","0.2452270216141668","0.2452270216141668"
"16660","0.2883565116994411","0.2883565116994411","0.2883565116994411"
"16662","0.0943740795261134","0.0943740795261134","0.0943740795261134"
"16672","0.18553837204573836","0.18553837204573836","0.18553837204573836"
"16674","0.14651650394315596","0.14651650394315596","0.14651650394315596"
"16678","0.15492371094924398","0.15492371094924398","0.15492371094924398"
"16680","0.05994020788673491","0.05994020788673491","0.05994020788673491"
"16682","0.1593218209797533","0.1593218209797533","0.1593218209797533"
"16686","0.11944285346728642","0.11944285346728642","0.11944285346728642"
"16688","0.12059052950114299","0.12059052950114299","0.12059052950114299"
"16690","0.12966507752314224","0.12966507752314224","0.12966507752314224"
"16696","0.13061881372413814","0.13061881372413814","0.13061881372413814"
"16704","0.13415314218843172","0.13415314218843172","0.13415314218843172"
"16710","0.12745770901873874","0.12745770901873874","0.12745770901873874"
"16712","0.35732743313144527","0.35732743313144527","0.35732743313144527"
"16716","0.22589333138128007","0.22589333138128007","0.22589333138128007"
"16722","0.16133350243277134","0.16133350243277134","0.16133350243277134"
"16724","0.09163463235531524","0.09163463235531524","0.09163463235531524"
"16726","0.19564392580249226","0.19564392580249226","0.19564392580249226"
"16730","0.15427171526168895","0.15427171526168895","0.15427171526168895"
"16732","0.10692392592948687","0.10692392592948687","0.10692392592948687"
"16736","0.15104080205428733","0.15104080205428733","0.15104080205428733"
"16742","0.08490418040112328","0.08490418040112328","0.08490418040112328"
"16758","0.287759317709549","0.287759317709549","0.287759317709549"
"16760","0.270080821581359","0.270080821581359","0.270080821581359"
"16762","0.18314446606207224","0.18314446606207224","0.18314446606207224"
"16764","0.15422071315555533","0.15422071315555533","0.15422071315555533"
"16772","0.2032009221287186","0.2032009221287186","0.2032009221287186"
"16774","0.11611782879983724","0.11611782879983724","0.11611782879983724"
"16780","0.17950560858924597","0.17950560858924597","0.17950560858924597"
"16794","0.1967193290817064","0.1967193290817064","0.1967193290817064"
"16796","0.1493733980280474","0.1493733980280474","0.1493733980280474"
"16798","0.1444054262087814","0.1444054262087814","0.1444054262087814"
"16800","0.24421084347872019","0.24421084347872019","0.24421084347872019"
"16804","0.10285174062288234","0.10285174062288234","0.10285174062288234"
"16812","0.3866433734838503","0.3866433734838503","0.3866433734838503"
"16814","0.13555503540319802","0.13555503540319802","0.13555503540319802"
"16826","0.2078231385741796","0.2078231385741796","0.2078231385741796"
"16844","0.15897010978228152","0.15897010978228152","0.15897010978228152"
"16850","0.2472419142842565","0.2472419142842565","0.2472419142842565"
"16854","0.16689561538835232","0.16689561538835232","0.16689561538835232"
"16858","0.2666721599852479","0.2666721599852479","0.2666721599852479"
"16860","0.3105647723720709","0.3105647723720709","0.3105647723720709"
"16862","0.24909599593488468","0.24909599593488468","0.24909599593488468"
"16864","0.1451050669869696","0.1451050669869696","0.1451050669869696"
"16866","0.12087920240796474","0.12087920240796474","0.12087920240796474"
"16868","0.1349519326370563","0.1349519326370563","0.1349519326370563"
"16872","0.18814222299749223","0.18814222299749223","0.18814222299749223"
"16878","0.08717076026793844","0.08717076026793844","0.08717076026793844"
"16882","0.12568162799474653","0.12568162799474653","0.12568162799474653"
"16884","0.26291878139947167","0.26291878139947167","0.26291878139947167"
"16886","0.11674895084785776","0.11674895084785776","0.11674895084785776"
"16888","0.20200318725002397","0.20200318725002397","0.20200318725002397"
"16896","0.27449664302155974","0.27449664302155974","0.27449664302155974"
"16898","0.22707803214007038","0.22707803214007038","0.22707803214007038"
"16912","0.09126703060944062","0.09126703060944062","0.09126703060944062"
"16914","0.11276395845760838","0.11276395845760838","0.11276395845760838"
"16916","0.15705955710464176","0.15705955710464176","0.15705955710464176"
"16922","0.21175179663484817","0.21175179663484817","0.21175179663484817"
"16930","0.20737084840489875","0.20737084840489875","0.20737084840489875"
"16932","0.1807587761951172","0.1807587761951172","0.1807587761951172"
"16938","0.19525102601593777","0.19525102601593777","0.19525102601593777"
"16940","0.21686295198290878","0.21686295198290878","0.21686295198290878"
"16950","0.23233298196576757","0.23233298196576757","0.23233298196576757"
"16952","0.13690989619948188","0.13690989619948188","0.13690989619948188"
"16966","0.17803900675777143","0.17803900675777143","0.17803900675777143"
"16968","0.16617398282657006","0.16617398282657006","0.16617398282657006"
"16988","0.13428167162769752","0.13428167162769752","0.13428167162769752"
"16990","0.16400981238714085","0.16400981238714085","0.16400981238714085"
"17000","0.10961409814192451","0.10961409814192451","0.10961409814192451"
"17002","0.18130762072220608","0.18130762072220608","0.18130762072220608"
"17006","0.16085623499550858","0.16085623499550858","0.16085623499550858"
"17022","0.12026528788327664","0.12026528788327664","0.12026528788327664"
"17028","0.30634898999270105","0.30634898999270105","0.30634898999270105"
"17036","0.14248605917198692","0.14248605917198692","0.14248605917198692"
"17038","0.09871592183392561","0.09871592183392561","0.09871592183392561"
"17040","0.2053851145966063","0.2053851145966063","0.2053851145966063"
"17048","0.1843853381863098","0.1843853381863098","0.1843853381863098"
"17062","0.15311643688431134","0.15311643688431134","0.15311643688431134"
"17066","0.22665400958982124","0.22665400958982124","0.22665400958982124"
"17074","0.1049787388148935","0.1049787388148935","0.1049787388148935"
"17078","0.1894534789406528","0.1894534789406528","0.1894534789406528"
"17080","0.13442919381293156","0.13442919381293156","0.13442919381293156"
"17082","0.11572431007845253","0.11572431007845253","0.11572431007845253"
"17084","0.2779049098965793","0.2779049098965793","0.2779049098965793"
"17086","0.16143182695886718","0.16143182695886718","0.16143182695886718"
"17088","0.16547492556084012","0.16547492556084012","0.16547492556084012"
"17092","0.2987289762880543","0.2987289762880543","0.2987289762880543"
"17098","0.08984903133460057","0.08984903133460057","0.08984903133460057"
"17100","0.13916379689590822","0.13916379689590822","0.13916379689590822"
"17106","0.19930142201941786","0.19930142201941786","0.19930142201941786"
"17112","0.12120972355841082","0.12120972355841082","0.12120972355841082"
"17118","0.0939905487959597","0.0939905487959597","0.0939905487959597"
"17120","0.08462278442990122","0.08462278442990122","0.08462278442990122"
"17128","0.11476931235594182","0.11476931235594182","0.11476931235594182"
"17138","0.2632268753274073","0.2632268753274073","0.2632268753274073"
"17154","0.12126315480574407","0.12126315480574407","0.12126315480574407"
"17156","0.1736559765514797","0.1736559765514797","0.1736559765514797"
"17164","0.09493832170992228","0.09493832170992228","0.09493832170992228"
"17176","0.12922463689630556","0.12922463689630556","0.12922463689630556"
"17184","0.1407198850741386","0.1407198850741386","0.1407198850741386"
"17186","0.12326054715908552","0.12326054715908552","0.12326054715908552"
"17196","0.09894148992781682","0.09894148992781682","0.09894148992781682"
"17198","0.13534259986652994","0.13534259986652994","0.13534259986652994"
"17200","0.18734684291764941","0.18734684291764941","0.18734684291764941"
"17202","0.17593575151499527","0.17593575151499527","0.17593575151499527"
"17212","0.16911805422970472","0.16911805422970472","0.16911805422970472"
"17226","0.1188378395032181","0.1188378395032181","0.1188378395032181"
"17236","0.16445877264840586","0.16445877264840586","0.16445877264840586"
"17238","0.1433109887813273","0.1433109887813273","0.1433109887813273"
"17242","0.1601310337963739","0.1601310337963739","0.1601310337963739"
"17248","0.23173128640749993","0.23173128640749993","0.23173128640749993"
"17256","0.24850190845232545","0.24850190845232545","0.24850190845232545"
"17260","0.09149552147065863","0.09149552147065863","0.09149552147065863"
"17262","0.1544458659834281","0.1544458659834281","0.1544458659834281"
"17272","0.07540540327987158","0.07540540327987158","0.07540540327987158"
"17280","0.23088922775557244","0.23088922775557244","0.23088922775557244"
"17282","0.18359624576901326","0.18359624576901326","0.18359624576901326"
"17290","0.4269962299502106","0.4269962299502106","0.4269962299502106"
"17292","0.10686554332912641","0.10686554332912641","0.10686554332912641"
"17298","0.13633764829409836","0.13633764829409836","0.13633764829409836"
"17304","0.155775123425978","0.155775123425978","0.155775123425978"
"17309","0.09158365363312915","0.09158365363312915","0.09158365363312915"
"17311","0.3384892557606969","0.3384892557606969","0.3384892557606969"
"17313","0.22649635796429304","0.22649635796429304","0.22649635796429304"
"17317","0.17534638231273547","0.17534638231273547","0.17534638231273547"
"17333","0.20241816120870665","0.20241816120870665","0.20241816120870665"
"17339","0.09165675040094477","0.09165675040094477","0.09165675040094477"
"17341","0.2655573786885656","0.2655573786885656","0.2655573786885656"
"17343","0.15329995597260485","0.15329995597260485","0.15329995597260485"
"17345","0.17821928047222965","0.17821928047222965","0.17821928047222965"
"17351","0.12053407262385556","0.12053407262385556","0.12053407262385556"
"17355","0.1332982870015293","0.1332982870015293","0.1332982870015293"
"17357","0.13188059015312809","0.13188059015312809","0.13188059015312809"
"17359","0.19130695453309557","0.19130695453309557","0.19130695453309557"
"17371","0.12802819834408666","0.12802819834408666","0.12802819834408666"
"17373","0.15284476059622626","0.15284476059622626","0.15284476059622626"
"17383","0.16004519566521994","0.16004519566521994","0.16004519566521994"
"17385","0.16353142591372577","0.16353142591372577","0.16353142591372577"
"17387","0.19113278803541633","0.19113278803541633","0.19113278803541633"
"17393","0.15715183828051235","0.15715183828051235","0.15715183828051235"
"17401","0.31559593142363596","0.31559593142363596","0.31559593142363596"
"17403","0.12870190057592365","0.12870190057592365","0.12870190057592365"
"17411","0.11326192411459039","0.11326192411459039","0.11326192411459039"
"17415","0.1318342138107081","0.1318342138107081","0.1318342138107081"
"17417","0.15456975877502147","0.15456975877502147","0.15456975877502147"
"17419","0.24262324480250275","0.24262324480250275","0.24262324480250275"
"17437","0.18200069547614636","0.18200069547614636","0.18200069547614636"
"17439","0.20797425657587243","0.20797425657587243","0.20797425657587243"
"17447","0.12444562466728509","0.12444562466728509","0.12444562466728509"
"17451","0.18098760965126479","0.18098760965126479","0.18098760965126479"
"17459","0.25551430532268266","0.25551430532268266","0.25551430532268266"
"17463","0.08539040312428456","0.08539040312428456","0.08539040312428456"
"17465","0.3267140935550498","0.3267140935550498","0.3267140935550498"
"17467","0.20783936032970962","0.20783936032970962","0.20783936032970962"
"17473","0.18685010694799814","0.18685010694799814","0.18685010694799814"
"17475","0.19024660161262733","0.19024660161262733","0.19024660161262733"
"17489","0.12821754799841212","0.12821754799841212","0.12821754799841212"
"17491","0.16150804236408653","0.16150804236408653","0.16150804236408653"
"17493","0.28233593995903833","0.28233593995903833","0.28233593995903833"
"17497","0.11807005271612961","0.11807005271612961","0.11807005271612961"
"17519","0.14242096953488703","0.14242096953488703","0.14242096953488703"
"17523","0.2075304634356201","0.2075304634356201","0.2075304634356201"
"17527","0.09767000578319972","0.09767000578319972","0.09767000578319972"
"17529","0.1438378441410584","0.1438378441410584","0.1438378441410584"
"17545","0.1449784564279824","0.1449784564279824","0.1449784564279824"
"17547","0.19339941554245021","0.19339941554245021","0.19339941554245021"
"17565","0.25937478341242926","0.25937478341242926","0.25937478341242926"
"17567","0.08313439198726691","0.08313439198726691","0.08313439198726691"
"17573","0.2158163424165565","0.2158163424165565","0.2158163424165565"
"17575","0.08465522815450939","0.08465522815450939","0.08465522815450939"
"17581","0.17133328835760292","0.17133328835760292","0.17133328835760292"
"17585","0.14364392886744665","0.14364392886744665","0.14364392886744665"
"17587","0.26636775737119134","0.26636775737119134","0.26636775737119134"
"17593","0.1274705173961888","0.1274705173961888","0.1274705173961888"
"17595","0.13562350951311852","0.13562350951311852","0.13562350951311852"
"17601","0.3016585399699234","0.3016585399699234","0.3016585399699234"
"17619","0.13934285401507304","0.13934285401507304","0.13934285401507304"
"17623","0.2577619792104397","0.2577619792104397","0.2577619792104397"
"17625","0.11207844709655607","0.11207844709655607","0.11207844709655607"
"17629","0.3207282183142618","0.3207282183142618","0.3207282183142618"
"17631","0.2658247477142506","0.2658247477142506","0.2658247477142506"
"17639","0.1419744252215259","0.1419744252215259","0.1419744252215259"
"17647","0.1577643384715726","0.1577643384715726","0.1577643384715726"
"17649","0.28080754445141937","0.28080754445141937","0.28080754445141937"
"17651","0.16295029944471065","0.16295029944471065","0.16295029944471065"
"17663","0.1465140503388574","0.1465140503388574","0.1465140503388574"
"17667","0.13502366475582395","0.13502366475582395","0.13502366475582395"
"17669","0.1654180542910081","0.1654180542910081","0.1654180542910081"
"17673","0.15814684820580294","0.15814684820580294","0.15814684820580294"
"17679","0.17564448228205673","0.17564448228205673","0.17564448228205673"
"17687","0.04377139565634718","0.04377139565634718","0.04377139565634718"
"17691","0.1314024970281867","0.1314024970281867","0.1314024970281867"
"17697","0.09287414104544514","0.09287414104544514","0.09287414104544514"
"17705","0.1184526733578021","0.1184526733578021","0.1184526733578021"
"17709","0.29716585367273046","0.29716585367273046","0.29716585367273046"
"17711","0.10339889152291708","0.10339889152291708","0.10339889152291708"
"17713","0.3217068538532115","0.3217068538532115","0.3217068538532115"
"17717","0.11674601522390643","0.11674601522390643","0.11674601522390643"
"17721","0.2937603618945111","0.2937603618945111","0.2937603618945111"
"17729","0.13196882685262298","0.13196882685262298","0.13196882685262298"
"17731","0.0528678110954596","0.0528678110954596","0.0528678110954596"
"17739","0.19115320333535263","0.19115320333535263","0.19115320333535263"
"17741","0.16668292738646814","0.16668292738646814","0.16668292738646814"
"17745","0.16465354789323805","0.16465354789323805","0.16465354789323805"
"17749","0.16761301317708938","0.16761301317708938","0.16761301317708938"
"17757","0.20051422768813962","0.20051422768813962","0.20051422768813962"
"17759","0.19360345789943378","0.19360345789943378","0.19360345789943378"
"17761","0.09314360803909301","0.09314360803909301","0.09314360803909301"
"17763","0.11410275150790931","0.11410275150790931","0.11410275150790931"
"17765","0.16469428486392823","0.16469428486392823","0.16469428486392823"
"17775","0.135465133381122","0.135465133381122","0.135465133381122"
"17781","0.14250319615343454","0.14250319615343454","0.14250319615343454"
"17787","0.11908446223283581","0.11908446223283581","0.11908446223283581"
"17791","0.10582702325359787","0.10582702325359787","0.10582702325359787"
"17807","0.16561812890393143","0.16561812890393143","0.16561812890393143"
"17809","0.19707303985734878","0.19707303985734878","0.19707303985734878"
"17813","0.20230082052821527","0.20230082052821527","0.20230082052821527"
"17819","0.10850073738358472","0.10850073738358472","0.10850073738358472"
"17823","0.06498483768701076","0.06498483768701076","0.06498483768701076"
"17827","0.19475430833277038","0.19475430833277038","0.19475430833277038"
"17829","0.14815265530142036","0.14815265530142036","0.14815265530142036"
"17831","0.20587823191493332","0.20587823191493332","0.20587823191493332"
"17841","0.09275004945384813","0.09275004945384813","0.09275004945384813"
"17847","0.24230457368018124","0.24230457368018124","0.24230457368018124"
"17851","0.3432410764388621","0.3432410764388621","0.3432410764388621"
"17857","0.07125907750716892","0.07125907750716892","0.07125907750716892"
"17859","0.14990630750354828","0.14990630750354828","0.14990630750354828"
"17865","0.06427947406837684","0.06427947406837684","0.06427947406837684"
"17867","0.139196638712571","0.139196638712571","0.139196638712571"
"17871","0.18330451827388355","0.18330451827388355","0.18330451827388355"
"17873","0.12962020052767717","0.12962020052767717","0.12962020052767717"
"17875","0.10220449452137997","0.10220449452137997","0.10220449452137997"
"17897","0.20179740170222893","0.20179740170222893","0.20179740170222893"
"17905","0.1518715975619691","0.1518715975619691","0.1518715975619691"
"17909","0.2525927976953483","0.2525927976953483","0.2525927976953483"
"17911","0.1974665968298091","0.1974665968298091","0.1974665968298091"
"17913","0.12667505916312136","0.12667505916312136","0.12667505916312136"
"17919","0.11922169881701022","0.11922169881701022","0.11922169881701022"
"17925","0.07120470058919605","0.07120470058919605","0.07120470058919605"
"17931","0.23894499745830716","0.23894499745830716","0.23894499745830716"
"17937","0.06833761413809604","0.06833761413809604","0.06833761413809604"
"17943","0.2562814536213051","0.2562814536213051","0.2562814536213051"
"17945","0.11880782031024334","0.11880782031024334","0.11880782031024334"
"17951","0.3243238439628871","0.3243238439628871","0.3243238439628871"
"17953","0.25895934350749406","0.25895934350749406","0.25895934350749406"
"17957","0.16707088333899298","0.16707088333899298","0.16707088333899298"
"17961","0.14296375015771504","0.14296375015771504","0.14296375015771504"
"17967","0.17680186570996084","0.17680186570996084","0.17680186570996084"
"17969","0.120306466774956","0.120306466774956","0.120306466774956"
"17971","0.15936178779065893","0.15936178779065893","0.15936178779065893"
"17973","0.1664395137905694","0.1664395137905694","0.1664395137905694"
"17975","0.17772563451717285","0.17772563451717285","0.17772563451717285"
"17977","0.18748538635843318","0.18748538635843318","0.18748538635843318"
"17981","0.09265879524620549","0.09265879524620549","0.09265879524620549"
"17983","0.16819631331524904","0.16819631331524904","0.16819631331524904"
"17985","0.1471087880358379","0.1471087880358379","0.1471087880358379"
"17995","0.1700694933756835","0.1700694933756835","0.1700694933756835"
"18005","0.10772213154656801","0.10772213154656801","0.10772213154656801"
"18013","0.2072917810436553","0.2072917810436553","0.2072917810436553"
"18017","0.13278026750667485","0.13278026750667485","0.13278026750667485"
"18023","0.12042166723716259","0.12042166723716259","0.12042166723716259"
"18033","0.1814109416555403","0.1814109416555403","0.1814109416555403"
"18035","0.1354654221307469","0.1354654221307469","0.1354654221307469"
"18037","0.18286691002672537","0.18286691002672537","0.18286691002672537"
"18041","0.18351571474036585","0.18351571474036585","0.18351571474036585"
"18051","0.12446118993783241","0.12446118993783241","0.12446118993783241"
"18053","0.07568794976281143","0.07568794976281143","0.07568794976281143"
"18055","0.25586493682640193","0.25586493682640193","0.25586493682640193"
"18057","0.15725301437111744","0.15725301437111744","0.15725301437111744"
"18059","0.11424073474771386","0.11424073474771386","0.11424073474771386"
"18063","0.16614095781361662","0.16614095781361662","0.16614095781361662"
"18065","0.09807870089969743","0.09807870089969743","0.09807870089969743"
"18069","0.17216817279182586","0.17216817279182586","0.17216817279182586"
"18071","0.15309864469382412","0.15309864469382412","0.15309864469382412"
"18073","0.20065250759261766","0.20065250759261766","0.20065250759261766"
"18079","0.08931643774856622","0.08931643774856622","0.08931643774856622"
"18081","0.20572137314886954","0.20572137314886954","0.20572137314886954"
"18087","0.1137752449663761","0.1137752449663761","0.1137752449663761"
"18093","0.20484114078573823","0.20484114078573823","0.20484114078573823"
"18101","0.11203570287891722","0.11203570287891722","0.11203570287891722"
"18105","0.10988684083733087","0.10988684083733087","0.10988684083733087"
"18111","0.09496143560620207","0.09496143560620207","0.09496143560620207"
"18127","0.12217681053848421","0.12217681053848421","0.12217681053848421"
"18137","0.1905945577702853","0.1905945577702853","0.1905945577702853"
"18141","0.1006449554037628","0.1006449554037628","0.1006449554037628"
"18147","0.15634803080945775","0.15634803080945775","0.15634803080945775"
"18149","0.12517830678148245","0.12517830678148245","0.12517830678148245"
"18153","0.14583214833141436","0.14583214833141436","0.14583214833141436"
"18155","0.2137631115182515","0.2137631115182515","0.2137631115182515"
"18159","0.12012166115718373","0.12012166115718373","0.12012166115718373"
"18165","0.28155068378019954","0.28155068378019954","0.28155068378019954"
"18167","0.14487543235900255","0.14487543235900255","0.14487543235900255"
"18189","0.30784581483360085","0.30784581483360085","0.30784581483360085"
"18195","0.1466573583925583","0.1466573583925583","0.1466573583925583"
"18201","0.10327675988540776","0.10327675988540776","0.10327675988540776"
"18205","0.09908530336102041","0.09908530336102041","0.09908530336102041"
"18209","0.11585965075495412","0.11585965075495412","0.11585965075495412"
"18211","0.13469726791497993","0.13469726791497993","0.13469726791497993"
"18223","0.06138826082473151","0.06138826082473151","0.06138826082473151"
"18225","0.15500551176461783","0.15500551176461783","0.15500551176461783"
"18227","0.15077528126421086","0.15077528126421086","0.15077528126421086"
"18231","0.12475419463299219","0.12475419463299219","0.12475419463299219"
"18233","0.2069327461977817","0.2069327461977817","0.2069327461977817"
"18235","0.09487548899587381","0.09487548899587381","0.09487548899587381"
"18237","0.24276859803413156","0.24276859803413156","0.24276859803413156"
"18241","0.2920794532022044","0.2920794532022044","0.2920794532022044"
"18245","0.11896168450491576","0.11896168450491576","0.11896168450491576"
"18251","0.10523152162723338","0.10523152162723338","0.10523152162723338"
"18257","0.13021058477998365","0.13021058477998365","0.13021058477998365"
"18263","0.30121943522554545","0.30121943522554545","0.30121943522554545"
"18285","0.19150847994153872","0.19150847994153872","0.19150847994153872"
"18287","0.27354241129669","0.27354241129669","0.27354241129669"
"18302","0.19127228973185156","0.19127228973185156","0.19127228973185156"
"18304","0.20201771881861902","0.20201771881861902","0.20201771881861902"
"18306","0.2033408008992971","0.2033408008992971","0.2033408008992971"
"18310","0.24216439536850462","0.24216439536850462","0.24216439536850462"
"18312","0.13422277555546158","0.13422277555546158","0.13422277555546158"
"18326","0.07019730244035866","0.07019730244035866","0.07019730244035866"
"18330","0.28521351696474595","0.28521351696474595","0.28521351696474595"
"18336","0.10765201884178155","0.10765201884178155","0.10765201884178155"
"18344","0.15509260191714425","0.15509260191714425","0.15509260191714425"
"18346","0.07625711085920314","0.07625711085920314","0.07625711085920314"
"18350","0.11541389366963345","0.11541389366963345","0.11541389366963345"
"18352","0.11433071679752264","0.11433071679752264","0.11433071679752264"
"18354","0.1794293871779193","0.1794293871779193","0.1794293871779193"
"18356","0.1614560439860153","0.1614560439860153","0.1614560439860153"
"18360","0.11897088294325407","0.11897088294325407","0.11897088294325407"
"18366","0.08394327655149897","0.08394327655149897","0.08394327655149897"
"18368","0.09478663476576488","0.09478663476576488","0.09478663476576488"
"18372","0.11222696102428746","0.11222696102428746","0.11222696102428746"
"18374","0.23448922235004893","0.23448922235004893","0.23448922235004893"
"18378","0.13093676342677335","0.13093676342677335","0.13093676342677335"
"18384","0.21920812692549713","0.21920812692549713","0.21920812692549713"
"18386","0.2510342958299492","0.2510342958299492","0.2510342958299492"
"18396","0.14651902106963427","0.14651902106963427","0.14651902106963427"
"18398","0.1378448634629129","0.1378448634629129","0.1378448634629129"
"18400","0.15978265429073082","0.15978265429073082","0.15978265429073082"
"18406","0.3264668895076518","0.3264668895076518","0.3264668895076518"
"18412","0.07965924741549887","0.07965924741549887","0.07965924741549887"
"18414","0.1806114120058308","0.1806114120058308","0.1806114120058308"
"18416","0.18063063441137633","0.18063063441137633","0.18063063441137633"
"18436","0.10089737168301857","0.10089737168301857","0.10089737168301857"
"18440","0.1558205902869827","0.1558205902869827","0.1558205902869827"
"18442","0.12321023844307223","0.12321023844307223","0.12321023844307223"
"18446","0.279059596073296","0.279059596073296","0.279059596073296"
"18448","0.1681294614969222","0.1681294614969222","0.1681294614969222"
"18450","0.1685089694686477","0.1685089694686477","0.1685089694686477"
"18452","0.14174100652721108","0.14174100652721108","0.14174100652721108"
"18460","0.10893815369609595","0.10893815369609595","0.10893815369609595"
"18464","0.3527501496666821","0.3527501496666821","0.3527501496666821"
"18492","0.1369031956233342","0.1369031956233342","0.1369031956233342"
"18504","0.17019152347496133","0.17019152347496133","0.17019152347496133"
"18506","0.25342133506935177","0.25342133506935177","0.25342133506935177"
"18510","0.20460338138047285","0.20460338138047285","0.20460338138047285"
"18514","0.07368247889300378","0.07368247889300378","0.07368247889300378"
"18526","0.16274870766801952","0.16274870766801952","0.16274870766801952"
"18528","0.18141737929252255","0.18141737929252255","0.18141737929252255"
"18530","0.07187996878242106","0.07187996878242106","0.07187996878242106"
"18542","0.23021080647229","0.23021080647229","0.23021080647229"
"18552","0.2594315237479498","0.2594315237479498","0.2594315237479498"
"18556","0.15734129327032337","0.15734129327032337","0.15734129327032337"
"18560","0.08506088297552136","0.08506088297552136","0.08506088297552136"
"18572","0.1083370026057216","0.1083370026057216","0.1083370026057216"
"18578","0.10966475457417892","0.10966475457417892","0.10966475457417892"
"18588","0.1586311989058485","0.1586311989058485","0.1586311989058485"
"18590","0.21483938039324185","0.21483938039324185","0.21483938039324185"
"18598","0.14164779829028634","0.14164779829028634","0.14164779829028634"
"18600","0.19423473540953828","0.19423473540953828","0.19423473540953828"
"18612","0.10513509850809939","0.10513509850809939","0.10513509850809939"
"18616","0.15908831331648066","0.15908831331648066","0.15908831331648066"
"18618","0.12514021579076814","0.12514021579076814","0.12514021579076814"
"18626","0.19689833563304135","0.19689833563304135","0.19689833563304135"
"18628","0.24856436806951096","0.24856436806951096","0.24856436806951096"
"18636","0.36522095191483067","0.36522095191483067","0.36522095191483067"
"18638","0.12341193888175518","0.12341193888175518","0.12341193888175518"
"18650","0.1250951672916139","0.1250951672916139","0.1250951672916139"
"18662","0.10945530906257125","0.10945530906257125","0.10945530906257125"
"18666","0.1387452280774765","0.1387452280774765","0.1387452280774765"
"18668","0.19424841937289797","0.19424841937289797","0.19424841937289797"
"18680","0.15930036054561125","0.15930036054561125","0.15930036054561125"
"18682","0.2048879286397286","0.2048879286397286","0.2048879286397286"
"18684","0.1501614384841425","0.1501614384841425","0.1501614384841425"
"18686","0.12351199826387739","0.12351199826387739","0.12351199826387739"
"18692","0.1391202702163856","0.1391202702163856","0.1391202702163856"
"18694","0.24390473222962886","0.24390473222962886","0.24390473222962886"
"18696","0.1734364737231159","0.1734364737231159","0.1734364737231159"
"18698","0.15009448383778554","0.15009448383778554","0.15009448383778554"
"18700","0.18294773683164645","0.18294773683164645","0.18294773683164645"
"18704","0.10283677614573282","0.10283677614573282","0.10283677614573282"
"18706","0.05987707091251242","0.05987707091251242","0.05987707091251242"
"18712","0.16114666041199152","0.16114666041199152","0.16114666041199152"
"18714","0.13928802371184668","0.13928802371184668","0.13928802371184668"
"18716","0.09935801711806538","0.09935801711806538","0.09935801711806538"
"18720","0.11500299791906565","0.11500299791906565","0.11500299791906565"
"18724","0.10046845584369508","0.10046845584369508","0.10046845584369508"
"18730","0.12268606904682468","0.12268606904682468","0.12268606904682468"
"18740","0.14718202398525043","0.14718202398525043","0.14718202398525043"
"18746","0.18102600339559552","0.18102600339559552","0.18102600339559552"
"18752","0.2110978682516535","0.2110978682516535","0.2110978682516535"
"18760","0.197713117749282","0.197713117749282","0.197713117749282"
"18762","0.1820524837732281","0.1820524837732281","0.1820524837732281"
"18768","0.12013431752570695","0.12013431752570695","0.12013431752570695"
"18770","0.21405653214315068","0.21405653214315068","0.21405653214315068"
"18778","0.081178191896549","0.081178191896549","0.081178191896549"
"18782","0.335843439019147","0.335843439019147","0.335843439019147"
"18784","0.12541862513854896","0.12541862513854896","0.12541862513854896"
"18786","0.10481186568125686","0.10481186568125686","0.10481186568125686"
"18788","0.1418959943744498","0.1418959943744498","0.1418959943744498"
"18790","0.30048120073140777","0.30048120073140777","0.30048120073140777"
"18800","0.17837775810304077","0.17837775810304077","0.17837775810304077"
"18808","0.2425360862806138","0.2425360862806138","0.2425360862806138"
"18814","0.08954862136482482","0.08954862136482482","0.08954862136482482"
"18816","0.10168116771047045","0.10168116771047045","0.10168116771047045"
"18818","0.20624204678084332","0.20624204678084332","0.20624204678084332"
"18820","0.09617514884390344","0.09617514884390344","0.09617514884390344"
"18824","0.14955543860548923","0.14955543860548923","0.14955543860548923"
"18866","0.2034633917234083","0.2034633917234083","0.2034633917234083"
"18868","0.19007172808562375","0.19007172808562375","0.19007172808562375"
"18874","0.20274109507688995","0.20274109507688995","0.20274109507688995"
"18878","0.18026199965804668","0.18026199965804668","0.18026199965804668"
"18880","0.11412301630074996","0.11412301630074996","0.11412301630074996"
"18882","0.12465345505884913","0.12465345505884913","0.12465345505884913"
"18886","0.09704764502531077","0.09704764502531077","0.09704764502531077"
"18888","0.0707873002733801","0.0707873002733801","0.0707873002733801"
"18890","0.2165005093016812","0.2165005093016812","0.2165005093016812"
"18892","0.08999531338827467","0.08999531338827467","0.08999531338827467"
"18894","0.14113760609830983","0.14113760609830983","0.14113760609830983"
"18896","0.11577610198119226","0.11577610198119226","0.11577610198119226"
"18900","0.1547248734976929","0.1547248734976929","0.1547248734976929"
"18904","0.22356222946186882","0.22356222946186882","0.22356222946186882"
"18908","0.12842052877797092","0.12842052877797092","0.12842052877797092"
"18910","0.11511263639982777","0.11511263639982777","0.11511263639982777"
"18912","0.13534237966722343","0.13534237966722343","0.13534237966722343"
"18914","0.16968024821443245","0.16968024821443245","0.16968024821443245"
"18916","0.11182515972140117","0.11182515972140117","0.11182515972140117"
"18918","0.10552850990561849","0.10552850990561849","0.10552850990561849"
"18930","0.2011882534581818","0.2011882534581818","0.2011882534581818"
"18932","0.2243286866815184","0.2243286866815184","0.2243286866815184"
"18936","0.1395621066239515","0.1395621066239515","0.1395621066239515"
"18948","0.08384615869026672","0.08384615869026672","0.08384615869026672"
"18950","0.11961577985721485","0.11961577985721485","0.11961577985721485"
"18954","0.23961073089902543","0.23961073089902543","0.23961073089902543"
"18960","0.07337328939336607","0.07337328939336607","0.07337328939336607"
"18962","0.1892540662648651","0.1892540662648651","0.1892540662648651"
"18964","0.23769393049103213","0.23769393049103213","0.23769393049103213"
"18966","0.1426243707043692","0.1426243707043692","0.1426243707043692"
"18988","0.23806749981281555","0.23806749981281555","0.23806749981281555"
"18990","0.11409860098448761","0.11409860098448761","0.11409860098448761"
"18992","0.19653883268456082","0.19653883268456082","0.19653883268456082"
"18994","0.28996441583758203","0.28996441583758203","0.28996441583758203"
"18998","0.15243339957422902","0.15243339957422902","0.15243339957422902"
"19000","0.16342180467555387","0.16342180467555387","0.16342180467555387"
"19006","0.13092487034169367","0.13092487034169367","0.13092487034169367"
"19010","0.19852212580726059","0.19852212580726059","0.19852212580726059"
"19018","0.14180654618881589","0.14180654618881589","0.14180654618881589"
"19024","0.13875628306794527","0.13875628306794527","0.13875628306794527"
"19036","0.12391865802250082","0.12391865802250082","0.12391865802250082"
"19040","0.12401320948440595","0.12401320948440595","0.12401320948440595"
"19042","0.12836102575725433","0.12836102575725433","0.12836102575725433"
"19044","0.2336926461428801","0.2336926461428801","0.2336926461428801"
"19046","0.20009615233392805","0.20009615233392805","0.20009615233392805"
"19056","0.14044920874510597","0.14044920874510597","0.14044920874510597"
"19060","0.21292823494286453","0.21292823494286453","0.21292823494286453"
"19064","0.25679321804059774","0.25679321804059774","0.25679321804059774"
"19076","0.09787495442002064","0.09787495442002064","0.09787495442002064"
"19080","0.17664013944792795","0.17664013944792795","0.17664013944792795"
"19082","0.09415198115158831","0.09415198115158831","0.09415198115158831"
"19084","0.13297586351411192","0.13297586351411192","0.13297586351411192"
"19086","0.09323016726455917","0.09323016726455917","0.09323016726455917"
"19090","0.16907921484573132","0.16907921484573132","0.16907921484573132"
"19104","0.18775258336721698","0.18775258336721698","0.18775258336721698"
"19108","0.11930196422096438","0.11930196422096438","0.11930196422096438"
"19114","0.18144077669023903","0.18144077669023903","0.18144077669023903"
"19116","0.19926904529647405","0.19926904529647405","0.19926904529647405"
"19128","0.1305506180980548","0.1305506180980548","0.1305506180980548"
"19132","0.08226607691630741","0.08226607691630741","0.08226607691630741"
"19136","0.2182170301596586","0.2182170301596586","0.2182170301596586"
"19138","0.12672119963755873","0.12672119963755873","0.12672119963755873"
"19142","0.25349289920086343","0.25349289920086343","0.25349289920086343"
"19158","0.18041001061663564","0.18041001061663564","0.18041001061663564"
"19162","0.13452806820136193","0.13452806820136193","0.13452806820136193"
"19164","0.23503030718510454","0.23503030718510454","0.23503030718510454"
"19184","0.1244946711220364","0.1244946711220364","0.1244946711220364"
"19192","0.15273741453224424","0.15273741453224424","0.15273741453224424"
"19198","0.2068317279621451","0.2068317279621451","0.2068317279621451"
"19200","0.12337218530346732","0.12337218530346732","0.12337218530346732"
"19216","0.1396309168034944","0.1396309168034944","0.1396309168034944"
"19218","0.22615670168089502","0.22615670168089502","0.22615670168089502"
"19220","0.10237073251425648","0.10237073251425648","0.10237073251425648"
"19230","0.14200700396613852","0.14200700396613852","0.14200700396613852"
"19232","0.15932853152193388","0.15932853152193388","0.15932853152193388"
"19234","0.2622267078141836","0.2622267078141836","0.2622267078141836"
"19244","0.21272458592256985","0.21272458592256985","0.21272458592256985"
"19252","0.211349826058126","0.211349826058126","0.211349826058126"
"19258","0.1380671829696093","0.1380671829696093","0.1380671829696093"
"19260","0.20273730987012126","0.20273730987012126","0.20273730987012126"
"19262","0.15623962844758796","0.15623962844758796","0.15623962844758796"
"19264","0.1251500838019212","0.1251500838019212","0.1251500838019212"
"19272","0.2219858366195237","0.2219858366195237","0.2219858366195237"
"19276","0.16795828143476807","0.16795828143476807","0.16795828143476807"
"19278","0.173313455856568","0.173313455856568","0.173313455856568"
"19280","0.18925894785128122","0.18925894785128122","0.18925894785128122"
"19287","0.06594572189447112","0.06594572189447112","0.06594572189447112"
"19289","0.20340081892090162","0.20340081892090162","0.20340081892090162"
"19291","0.12279167277151433","0.12279167277151433","0.12279167277151433"
"19295","0.19450589516489886","0.19450589516489886","0.19450589516489886"
"19297","0.09542716391088468","0.09542716391088468","0.09542716391088468"
"19303","0.13785684187938835","0.13785684187938835","0.13785684187938835"
"19311","0.19647955310281834","0.19647955310281834","0.19647955310281834"
"19317","0.11624240849815747","0.11624240849815747","0.11624240849815747"
"19319","0.15609835776362352","0.15609835776362352","0.15609835776362352"
"19321","0.12947175222861848","0.12947175222861848","0.12947175222861848"
"19323","0.2007075478766939","0.2007075478766939","0.2007075478766939"
"19325","0.15026173703976015","0.15026173703976015","0.15026173703976015"
"19329","0.05289546328126957","0.05289546328126957","0.05289546328126957"
"19335","0.12366134998191092","0.12366134998191092","0.12366134998191092"
"19339","0.22100959868051304","0.22100959868051304","0.22100959868051304"
"19341","0.18570660191074667","0.18570660191074667","0.18570660191074667"
"19343","0.2237896515033979","0.2237896515033979","0.2237896515033979"
"19345","0.18079499320212264","0.18079499320212264","0.18079499320212264"
"19357","0.18718332131550527","0.18718332131550527","0.18718332131550527"
"19361","0.14659124926123693","0.14659124926123693","0.14659124926123693"
"19365","0.14875464690587445","0.14875464690587445","0.14875464690587445"
"19369","0.2193636546366551","0.2193636546366551","0.2193636546366551"
"19375","0.09174395111020882","0.09174395111020882","0.09174395111020882"
"19383","0.14169877760100097","0.14169877760100097","0.14169877760100097"
"19387","0.21565591583590896","0.21565591583590896","0.21565591583590896"
"19389","0.0921549003957583","0.0921549003957583","0.0921549003957583"
"19397","0.12215381817850225","0.12215381817850225","0.12215381817850225"
"19405","0.14516221678863953","0.14516221678863953","0.14516221678863953"
"19407","0.07479016658590032","0.07479016658590032","0.07479016658590032"
"19409","0.1643908937914496","0.1643908937914496","0.1643908937914496"
"19413","0.16868994271077561","0.16868994271077561","0.16868994271077561"
"19417","0.1608700198763915","0.1608700198763915","0.1608700198763915"
"19421","0.21650204930866307","0.21650204930866307","0.21650204930866307"
"19423","0.1398492849309532","0.1398492849309532","0.1398492849309532"
"19427","0.10369608102773911","0.10369608102773911","0.10369608102773911"
"19431","0.21252241577400935","0.21252241577400935","0.21252241577400935"
"19433","0.19177644313900322","0.19177644313900322","0.19177644313900322"
"19443","0.1460559301331133","0.1460559301331133","0.1460559301331133"
"19447","0.25756020194058027","0.25756020194058027","0.25756020194058027"
"19455","0.16318983777174947","0.16318983777174947","0.16318983777174947"
"19457","0.1320419609081693","0.1320419609081693","0.1320419609081693"
"19459","0.18436104147816054","0.18436104147816054","0.18436104147816054"
"19461","0.1195046772435548","0.1195046772435548","0.1195046772435548"
"19471","0.19471665092197624","0.19471665092197624","0.19471665092197624"
"19483","0.09487271586157696","0.09487271586157696","0.09487271586157696"
"19489","0.20147265013725393","0.20147265013725393","0.20147265013725393"
"19493","0.15776749667953713","0.15776749667953713","0.15776749667953713"
"19495","0.19418633995409487","0.19418633995409487","0.19418633995409487"
"19501","0.20179965387632254","0.20179965387632254","0.20179965387632254"
"19507","0.1427471060939712","0.1427471060939712","0.1427471060939712"
"19517","0.10653010324760064","0.10653010324760064","0.10653010324760064"
"19519","0.19921908659065085","0.19921908659065085","0.19921908659065085"
"19523","0.12826237844056734","0.12826237844056734","0.12826237844056734"
"19525","0.11797485493658937","0.11797485493658937","0.11797485493658937"
"19529","0.09112936166246195","0.09112936166246195","0.09112936166246195"
"19535","0.09904755368280786","0.09904755368280786","0.09904755368280786"
"19541","0.17179525757982775","0.17179525757982775","0.17179525757982775"
"19545","0.11560739740850062","0.11560739740850062","0.11560739740850062"
"19549","0.08716023066109811","0.08716023066109811","0.08716023066109811"
"19553","0.2336164358216435","0.2336164358216435","0.2336164358216435"
"19561","0.1245363697258394","0.1245363697258394","0.1245363697258394"
"19563","0.19475873644995745","0.19475873644995745","0.19475873644995745"
"19565","0.13956318100123768","0.13956318100123768","0.13956318100123768"
"19587","0.29908884430691335","0.29908884430691335","0.29908884430691335"
"19593","0.08061245555928957","0.08061245555928957","0.08061245555928957"
"19597","0.05365768306759112","0.05365768306759112","0.05365768306759112"
"19599","0.23187652688924654","0.23187652688924654","0.23187652688924654"
"19603","0.19214720264773974","0.19214720264773974","0.19214720264773974"
"19605","0.1063890877367666","0.1063890877367666","0.1063890877367666"
"19609","0.09893293326640844","0.09893293326640844","0.09893293326640844"
"19621","0.09122242661189425","0.09122242661189425","0.09122242661189425"
"19623","0.1761235401304237","0.1761235401304237","0.1761235401304237"
"19629","0.17625429822029728","0.17625429822029728","0.17625429822029728"
"19657","0.11020117192070362","0.11020117192070362","0.11020117192070362"
"19661","0.07251398799945595","0.07251398799945595","0.07251398799945595"
"19663","0.06962186997160762","0.06962186997160762","0.06962186997160762"
"19671","0.1250822273644322","0.1250822273644322","0.1250822273644322"
"19673","0.1956296539210089","0.1956296539210089","0.1956296539210089"
"19693","0.18945905341871525","0.18945905341871525","0.18945905341871525"
"19701","0.1330357666440698","0.1330357666440698","0.1330357666440698"
"19709","0.06738650270391691","0.06738650270391691","0.06738650270391691"
"19715","0.27737141860705866","0.27737141860705866","0.27737141860705866"
"19719","0.126559630702896","0.126559630702896","0.126559630702896"
"19725","0.06516569170934937","0.06516569170934937","0.06516569170934937"
"19729","0.1573493845043472","0.1573493845043472","0.1573493845043472"
"19731","0.16831465523278707","0.16831465523278707","0.16831465523278707"
"19737","0.15301348118900232","0.15301348118900232","0.15301348118900232"
"19745","0.14978629226840728","0.14978629226840728","0.14978629226840728"
"19757","0.1296743282844939","0.1296743282844939","0.1296743282844939"
"19759","0.21453432863031072","0.21453432863031072","0.21453432863031072"
"19763","0.1971469087581118","0.1971469087581118","0.1971469087581118"
"19767","0.08891583777320332","0.08891583777320332","0.08891583777320332"
"19775","0.17593316295590264","0.17593316295590264","0.17593316295590264"
"19779","0.1521731423923425","0.1521731423923425","0.1521731423923425"
"19781","0.17649396414371452","0.17649396414371452","0.17649396414371452"
"19783","0.10602834384891917","0.10602834384891917","0.10602834384891917"
"19787","0.14692375408765324","0.14692375408765324","0.14692375408765324"
"19789","0.20371467023668263","0.20371467023668263","0.20371467023668263"
"19795","0.16471676703952784","0.16471676703952784","0.16471676703952784"
"19809","0.1554979165192915","0.1554979165192915","0.1554979165192915"
"19811","0.15279149014414478","0.15279149014414478","0.15279149014414478"
"19821","0.1994301011438414","0.1994301011438414","0.1994301011438414"
"19823","0.12438658990366037","0.12438658990366037","0.12438658990366037"
"19827","0.17511590499799723","0.17511590499799723","0.17511590499799723"
"19829","0.12857317520035666","0.12857317520035666","0.12857317520035666"
"19831","0.14330919515306942","0.14330919515306942","0.14330919515306942"
"19833","0.2155573006099949","0.2155573006099949","0.2155573006099949"
"19835","0.17655328118892494","0.17655328118892494","0.17655328118892494"
"19839","0.16474002630234713","0.16474002630234713","0.16474002630234713"
"19841","0.16637904835840614","0.16637904835840614","0.16637904835840614"
"19851","0.09885053399432109","0.09885053399432109","0.09885053399432109"
"19855","0.13202587855997877","0.13202587855997877","0.13202587855997877"
"19857","0.15879865690104444","0.15879865690104444","0.15879865690104444"
"19859","0.11700014396194013","0.11700014396194013","0.11700014396194013"
"19861","0.207463676565279","0.207463676565279","0.207463676565279"
"19867","0.07963965618243292","0.07963965618243292","0.07963965618243292"
"19869","0.1988511059114015","0.1988511059114015","0.1988511059114015"
"19881","0.15233755099082164","0.15233755099082164","0.15233755099082164"
"19887","0.08794770506543793","0.08794770506543793","0.08794770506543793"
"19889","0.20213775790840138","0.20213775790840138","0.20213775790840138"
"19891","0.14821904822328996","0.14821904822328996","0.14821904822328996"
"19903","0.1281060466471248","0.1281060466471248","0.1281060466471248"
"19925","0.2176873331953708","0.2176873331953708","0.2176873331953708"
"19929","0.08819053132574081","0.08819053132574081","0.08819053132574081"
"19937","0.17664884928572264","0.17664884928572264","0.17664884928572264"
"19939","0.09371397200358593","0.09371397200358593","0.09371397200358593"
"19951","0.08425332408935414","0.08425332408935414","0.08425332408935414"
"19953","0.1327213156654015","0.1327213156654015","0.1327213156654015"
"19955","0.15546885974439265","0.15546885974439265","0.15546885974439265"
"19957","0.09509701407186938","0.09509701407186938","0.09509701407186938"
"19959","0.21790622716871016","0.21790622716871016","0.21790622716871016"
"19961","0.16384707794651257","0.16384707794651257","0.16384707794651257"
"19963","0.18342592807252667","0.18342592807252667","0.18342592807252667"
"19967","0.19852138458387858","0.19852138458387858","0.19852138458387858"
"19979","0.17106964255025506","0.17106964255025506","0.17106964255025506"
"19983","0.1188862422158342","0.1188862422158342","0.1188862422158342"
"19987","0.20811620762441577","0.20811620762441577","0.20811620762441577"
"20003","0.08511095395312226","0.08511095395312226","0.08511095395312226"
"20005","0.11912297290045973","0.11912297290045973","0.11912297290045973"
"20007","0.13225946566395627","0.13225946566395627","0.13225946566395627"
"20011","0.13135367595960099","0.13135367595960099","0.13135367595960099"
"20027","0.1604196777824913","0.1604196777824913","0.1604196777824913"
"20029","0.15382022510932758","0.15382022510932758","0.15382022510932758"
"20035","0.1333674938119505","0.1333674938119505","0.1333674938119505"
"20037","0.20238314469720126","0.20238314469720126","0.20238314469720126"
"20039","0.08986364538247071","0.08986364538247071","0.08986364538247071"
"20049","0.10240687069080542","0.10240687069080542","0.10240687069080542"
"20051","0.2379542436392459","0.2379542436392459","0.2379542436392459"
"20055","0.0997486776641329","0.0997486776641329","0.0997486776641329"
"20061","0.13081676586556987","0.13081676586556987","0.13081676586556987"
"20067","0.10021287752972312","0.10021287752972312","0.10021287752972312"
"20073","0.29896445063181804","0.29896445063181804","0.29896445063181804"
"20079","0.19774205678595114","0.19774205678595114","0.19774205678595114"
"20081","0.15890344392217506","0.15890344392217506","0.15890344392217506"
"20085","0.13269288623153697","0.13269288623153697","0.13269288623153697"
"20087","0.21125084068480932","0.21125084068480932","0.21125084068480932"
"20091","0.20777814122165109","0.20777814122165109","0.20777814122165109"
"20097","0.1438172139199684","0.1438172139199684","0.1438172139199684"
"20101","0.11987993410917751","0.11987993410917751","0.11987993410917751"
"20105","0.09996489117142643","0.09996489117142643","0.09996489117142643"
"20107","0.12855737610900098","0.12855737610900098","0.12855737610900098"
"20109","0.08840817551658248","0.08840817551658248","0.08840817551658248"
"20111","0.13681090518802602","0.13681090518802602","0.13681090518802602"
"20115","0.1912535428049395","0.1912535428049395","0.1912535428049395"
"20117","0.10778303987781535","0.10778303987781535","0.10778303987781535"
"20123","0.13147097332858224","0.13147097332858224","0.13147097332858224"
"20125","0.15744036005124712","0.15744036005124712","0.15744036005124712"
"20127","0.1893100198046131","0.1893100198046131","0.1893100198046131"
"20129","0.19704668718165264","0.19704668718165264","0.19704668718165264"
"20131","0.14809689217884672","0.14809689217884672","0.14809689217884672"
"20133","0.16080627878670614","0.16080627878670614","0.16080627878670614"
"20135","0.14946061076207842","0.14946061076207842","0.14946061076207842"
"20137","0.1229585148673084","0.1229585148673084","0.1229585148673084"
"20141","0.0728221259845399","0.0728221259845399","0.0728221259845399"
"20155","0.13156804310952733","0.13156804310952733","0.13156804310952733"
"20159","0.17352421586000066","0.17352421586000066","0.17352421586000066"
"20163","0.12994474354260876","0.12994474354260876","0.12994474354260876"
"20165","0.13314782614070414","0.13314782614070414","0.13314782614070414"
"20171","0.17136527467994422","0.17136527467994422","0.17136527467994422"
"20173","0.1396897528293899","0.1396897528293899","0.1396897528293899"
"20175","0.20568756193868887","0.20568756193868887","0.20568756193868887"
"20185","0.21042416947903275","0.21042416947903275","0.21042416947903275"
"20189","0.17418526810994525","0.17418526810994525","0.17418526810994525"
"20193","0.11933523839692715","0.11933523839692715","0.11933523839692715"
"20195","0.1449014394803644","0.1449014394803644","0.1449014394803644"
"20199","0.2630210473591654","0.2630210473591654","0.2630210473591654"
"20201","0.13175686478238624","0.13175686478238624","0.13175686478238624"
"20203","0.14038288280853203","0.14038288280853203","0.14038288280853203"
"20215","0.25164138374581363","0.25164138374581363","0.25164138374581363"
"20217","0.2094086947301953","0.2094086947301953","0.2094086947301953"
"20229","0.08135172695219123","0.08135172695219123","0.08135172695219123"
"20231","0.09202521413656678","0.09202521413656678","0.09202521413656678"
"20233","0.09971430338195601","0.09971430338195601","0.09971430338195601"
"20235","0.1383584671701538","0.1383584671701538","0.1383584671701538"
"20239","0.14462243889277698","0.14462243889277698","0.14462243889277698"
"20241","0.18476291477078616","0.18476291477078616","0.18476291477078616"
"20243","0.25345308505209013","0.25345308505209013","0.25345308505209013"
"20245","0.1339199511841915","0.1339199511841915","0.1339199511841915"
"20249","0.1964543628712791","0.1964543628712791","0.1964543628712791"
"20263","0.25175451982355895","0.25175451982355895","0.25175451982355895"
"20273","0.11548943498210314","0.11548943498210314","0.11548943498210314"
"20280","0.14203170688165384","0.14203170688165384","0.14203170688165384"
"20302","0.10410135029382889","0.10410135029382889","0.10410135029382889"
"20306","0.14441580930504136","0.14441580930504136","0.14441580930504136"
"20320","0.24003852831763228","0.24003852831763228","0.24003852831763228"
"20322","0.14194084824006403","0.14194084824006403","0.14194084824006403"
"20326","0.14584926251426705","0.14584926251426705","0.14584926251426705"
"20328","0.1720921488490517","0.1720921488490517","0.1720921488490517"
"20334","0.176465931579243","0.176465931579243","0.176465931579243"
"20336","0.13131726278467185","0.13131726278467185","0.13131726278467185"
"20338","0.21881858567919776","0.21881858567919776","0.21881858567919776"
"20340","0.18689325629401504","0.18689325629401504","0.18689325629401504"
"20342","0.1724830405909965","0.1724830405909965","0.1724830405909965"
"20348","0.1513461744428168","0.1513461744428168","0.1513461744428168"
"20350","0.057852408369449916","0.057852408369449916","0.057852408369449916"
"20352","0.09624676636273848","0.09624676636273848","0.09624676636273848"
"20354","0.1216418375813556","0.1216418375813556","0.1216418375813556"
"20362","0.14110055621893872","0.14110055621893872","0.14110055621893872"
"20372","0.10576870878443427","0.10576870878443427","0.10576870878443427"
"20376","0.16791246269499416","0.16791246269499416","0.16791246269499416"
"20380","0.16784797806671115","0.16784797806671115","0.16784797806671115"
"20382","0.21890066271777886","0.21890066271777886","0.21890066271777886"
"20388","0.120891798727642","0.120891798727642","0.120891798727642"
"20390","0.11904439792291503","0.11904439792291503","0.11904439792291503"
"20392","0.20864527812400788","0.20864527812400788","0.20864527812400788"
"20404","0.18694392835646753","0.18694392835646753","0.18694392835646753"
"20406","0.25854660768472615","0.25854660768472615","0.25854660768472615"
"20412","0.15181348287696894","0.15181348287696894","0.15181348287696894"
"20414","0.093249175341644","0.093249175341644","0.093249175341644"
"20416","0.15164610483840776","0.15164610483840776","0.15164610483840776"
"20420","0.1523677978120035","0.1523677978120035","0.1523677978120035"
"20422","0.11336019658974666","0.11336019658974666","0.11336019658974666"
"20430","0.1041466266508132","0.1041466266508132","0.1041466266508132"
"20434","0.15689114516982836","0.15689114516982836","0.15689114516982836"
"20438","0.16883974691104514","0.16883974691104514","0.16883974691104514"
"20440","0.17729104473021362","0.17729104473021362","0.17729104473021362"
"20446","0.19260556255747327","0.19260556255747327","0.19260556255747327"
"20458","0.10959444426264173","0.10959444426264173","0.10959444426264173"
"20460","0.1185539921169846","0.1185539921169846","0.1185539921169846"
"20466","0.11902343739984385","0.11902343739984385","0.11902343739984385"
"20472","0.16635555919055628","0.16635555919055628","0.16635555919055628"
"20474","0.17176968967892908","0.17176968967892908","0.17176968967892908"
"20478","0.12522813720779222","0.12522813720779222","0.12522813720779222"
"20486","0.14376523673120487","0.14376523673120487","0.14376523673120487"
"20490","0.1662397274540028","0.1662397274540028","0.1662397274540028"
"20494","0.16884679623104046","0.16884679623104046","0.16884679623104046"
"20496","0.1516403932093048","0.1516403932093048","0.1516403932093048"
"20506","0.10674173745635122","0.10674173745635122","0.10674173745635122"
"20510","0.18043076169044592","0.18043076169044592","0.18043076169044592"
"20514","0.09086492427204534","0.09086492427204534","0.09086492427204534"
"20516","0.2564057347945129","0.2564057347945129","0.2564057347945129"
"20518","0.14351957890936054","0.14351957890936054","0.14351957890936054"
"20526","0.09712753221286702","0.09712753221286702","0.09712753221286702"
"20528","0.0676220365313902","0.0676220365313902","0.0676220365313902"
"20538","0.08972666201089831","0.08972666201089831","0.08972666201089831"
"20548","0.12089777285342328","0.12089777285342328","0.12089777285342328"
"20550","0.19154056390804888","0.19154056390804888","0.19154056390804888"
"20554","0.1539905501181797","0.1539905501181797","0.1539905501181797"
"20558","0.14698253484332183","0.14698253484332183","0.14698253484332183"
"20560","0.1565094462749169","0.1565094462749169","0.1565094462749169"
"20562","0.18195813638510358","0.18195813638510358","0.18195813638510358"
"20566","0.20961406354178289","0.20961406354178289","0.20961406354178289"
"20570","0.28780612611288114","0.28780612611288114","0.28780612611288114"
"20574","0.1664631701444259","0.1664631701444259","0.1664631701444259"
"20582","0.18956560551545532","0.18956560551545532","0.18956560551545532"
"20590","0.32750163583856545","0.32750163583856545","0.32750163583856545"
"20592","0.06122421357420615","0.06122421357420615","0.06122421357420615"
"20600","0.1690874989795325","0.1690874989795325","0.1690874989795325"
"20602","0.21273610868388465","0.21273610868388465","0.21273610868388465"
"20612","0.22848283907453576","0.22848283907453576","0.22848283907453576"
"20614","0.1805689380854052","0.1805689380854052","0.1805689380854052"
"20622","0.1847381837560786","0.1847381837560786","0.1847381837560786"
"20626","0.09728242851558105","0.09728242851558105","0.09728242851558105"
"20628","0.23616599992718756","0.23616599992718756","0.23616599992718756"
"20632","0.1385504432697116","0.1385504432697116","0.1385504432697116"
"20634","0.09656490872289278","0.09656490872289278","0.09656490872289278"
"20656","0.1477368470383043","0.1477368470383043","0.1477368470383043"
"20660","0.08094078126353736","0.08094078126353736","0.08094078126353736"
"20666","0.23808581514175436","0.23808581514175436","0.23808581514175436"
"20672","0.09162169847225815","0.09162169847225815","0.09162169847225815"
"20678","0.1334770071788656","0.1334770071788656","0.1334770071788656"
"20680","0.07500872747484816","0.07500872747484816","0.07500872747484816"
"20682","0.1352327791645426","0.1352327791645426","0.1352327791645426"
"20686","0.1469136496682365","0.1469136496682365","0.1469136496682365"
"20690","0.1219232054279331","0.1219232054279331","0.1219232054279331"
"20692","0.11419584354444967","0.11419584354444967","0.11419584354444967"
"20694","0.10955879402475566","0.10955879402475566","0.10955879402475566"
"20698","0.1713749645147558","0.1713749645147558","0.1713749645147558"
"20706","0.24566607173147156","0.24566607173147156","0.24566607173147156"
"20716","0.2613132666453639","0.2613132666453639","0.2613132666453639"
"20720","0.10722744425426708","0.10722744425426708","0.10722744425426708"
"20724","0.11035461337167946","0.11035461337167946","0.11035461337167946"
"20726","0.10603298154811751","0.10603298154811751","0.10603298154811751"
"20728","0.08367142477724705","0.08367142477724705","0.08367142477724705"
"20732","0.1480127141689049","0.1480127141689049","0.1480127141689049"
"20736","0.18076365020066298","0.18076365020066298","0.18076365020066298"
"20740","0.14321613613734066","0.14321613613734066","0.14321613613734066"
"20744","0.145357419064888","0.145357419064888","0.145357419064888"
"20750","0.14610371402685957","0.14610371402685957","0.14610371402685957"
"20758","0.1552207245510087","0.1552207245510087","0.1552207245510087"
"20766","0.25134908733987626","0.25134908733987626","0.25134908733987626"
"20772","0.08354484517970709","0.08354484517970709","0.08354484517970709"
"20774","0.09977555904353679","0.09977555904353679","0.09977555904353679"
"20782","0.13779689207378626","0.13779689207378626","0.13779689207378626"
"20786","0.13271055095317866","0.13271055095317866","0.13271055095317866"
"20790","0.19674297060945264","0.19674297060945264","0.19674297060945264"
"20800","0.08001993263019196","0.08001993263019196","0.08001993263019196"
"20804","0.12910981433253058","0.12910981433253058","0.12910981433253058"
"20810","0.05312166124609202","0.05312166124609202","0.05312166124609202"
"20812","0.13460980266385766","0.13460980266385766","0.13460980266385766"
"20818","0.10235058856276817","0.10235058856276817","0.10235058856276817"
"20822","0.17356540886361432","0.17356540886361432","0.17356540886361432"
"20824","0.12971817423675028","0.12971817423675028","0.12971817423675028"
"20826","0.13179723383431238","0.13179723383431238","0.13179723383431238"
"20828","0.12213371918914617","0.12213371918914617","0.12213371918914617"
"20830","0.16554727687489876","0.16554727687489876","0.16554727687489876"
"20834","0.11058259932675182","0.11058259932675182","0.11058259932675182"
"20842","0.11830929036404052","0.11830929036404052","0.11830929036404052"
"20846","0.1310444562076329","0.1310444562076329","0.1310444562076329"
"20848","0.07989850193299716","0.07989850193299716","0.07989850193299716"
"20854","0.12185485135322661","0.12185485135322661","0.12185485135322661"
"20866","0.20459410451308","0.20459410451308","0.20459410451308"
"20876","0.2497717739490227","0.2497717739490227","0.2497717739490227"
"20884","0.1429127724295837","0.1429127724295837","0.1429127724295837"
"20886","0.20977275310602334","0.20977275310602334","0.20977275310602334"
"20888","0.13402676870886399","0.13402676870886399","0.13402676870886399"
"20892","0.07581370152911338","0.07581370152911338","0.07581370152911338"
"20894","0.09414960216915762","0.09414960216915762","0.09414960216915762"
"20900","0.17429401884384835","0.17429401884384835","0.17429401884384835"
"20902","0.11604961048398396","0.11604961048398396","0.11604961048398396"
"20906","0.1332554163610303","0.1332554163610303","0.1332554163610303"
"20908","0.16267159645174703","0.16267159645174703","0.16267159645174703"
"20910","0.19322540959889672","0.19322540959889672","0.19322540959889672"
"20912","0.13954144493996465","0.13954144493996465","0.13954144493996465"
"20920","0.1800622660010743","0.1800622660010743","0.1800622660010743"
"20922","0.2339951377393038","0.2339951377393038","0.2339951377393038"
"20928","0.13751490252105317","0.13751490252105317","0.13751490252105317"
"20932","0.10844773812429385","0.10844773812429385","0.10844773812429385"
"20938","0.1462332480263166","0.1462332480263166","0.1462332480263166"
"20940","0.13755078542858462","0.13755078542858462","0.13755078542858462"
"20946","0.16692102600291678","0.16692102600291678","0.16692102600291678"
"20950","0.09294233507868982","0.09294233507868982","0.09294233507868982"
"20956","0.07274023349986175","0.07274023349986175","0.07274023349986175"
"20958","0.09766601990466227","0.09766601990466227","0.09766601990466227"
"20960","0.12525786683414442","0.12525786683414442","0.12525786683414442"
"20962","0.0955609023869399","0.0955609023869399","0.0955609023869399"
"20966","0.2212733944146448","0.2212733944146448","0.2212733944146448"
"20968","0.18574846259105973","0.18574846259105973","0.18574846259105973"
"20970","0.08816549182945067","0.08816549182945067","0.08816549182945067"
"20972","0.19437940868517356","0.19437940868517356","0.19437940868517356"
"20982","0.14555347929307658","0.14555347929307658","0.14555347929307658"
"20992","0.1448681809007057","0.1448681809007057","0.1448681809007057"
"20998","0.21700342322651095","0.21700342322651095","0.21700342322651095"
"21004","0.06910423059094446","0.06910423059094446","0.06910423059094446"
"21024","0.14253530773884612","0.14253530773884612","0.14253530773884612"
"21028","0.11299596000434275","0.11299596000434275","0.11299596000434275"
"21030","0.22193883461149425","0.22193883461149425","0.22193883461149425"
"21034","0.15164875790907695","0.15164875790907695","0.15164875790907695"
"21040","0.17343175895742988","0.17343175895742988","0.17343175895742988"
"21042","0.12455569967770133","0.12455569967770133","0.12455569967770133"
"21046","0.10016085792629868","0.10016085792629868","0.10016085792629868"
"21050","0.10216526290440368","0.10216526290440368","0.10216526290440368"
"21056","0.1319201024157897","0.1319201024157897","0.1319201024157897"
"21058","0.18223185352686425","0.18223185352686425","0.18223185352686425"
"21066","0.1346168664540223","0.1346168664540223","0.1346168664540223"
"21070","0.13508972642145206","0.13508972642145206","0.13508972642145206"
"21072","0.12199637653488692","0.12199637653488692","0.12199637653488692"
"21076","0.08746114276761377","0.08746114276761377","0.08746114276761377"
"21084","0.06578080777452291","0.06578080777452291","0.06578080777452291"
"21088","0.10233029047715876","0.10233029047715876","0.10233029047715876"
"21090","0.09595928165429884","0.09595928165429884","0.09595928165429884"
"21096","0.1338187832085471","0.1338187832085471","0.1338187832085471"
"21102","0.12691083350378507","0.12691083350378507","0.12691083350378507"
"21104","0.14325187170801457","0.14325187170801457","0.14325187170801457"
"21106","0.1934820806932095","0.1934820806932095","0.1934820806932095"
"21122","0.1454897427699935","0.1454897427699935","0.1454897427699935"
"21126","0.09713633420100078","0.09713633420100078","0.09713633420100078"
"21130","0.13653175645185553","0.13653175645185553","0.13653175645185553"
"21132","0.15132185964853498","0.15132185964853498","0.15132185964853498"
"21140","0.09076165284034761","0.09076165284034761","0.09076165284034761"
"21148","0.09507887497530115","0.09507887497530115","0.09507887497530115"
"21150","0.08320151896113204","0.08320151896113204","0.08320151896113204"
"21152","0.09001599262455816","0.09001599262455816","0.09001599262455816"
"21158","0.14101148187146184","0.14101148187146184","0.14101148187146184"
"21162","0.2076010151375223","0.2076010151375223","0.2076010151375223"
"21164","0.16541424828986775","0.16541424828986775","0.16541424828986775"
"21166","0.08080243879595521","0.08080243879595521","0.08080243879595521"
"21176","0.24814376290482756","0.24814376290482756","0.24814376290482756"
"21182","0.13340223734234455","0.13340223734234455","0.13340223734234455"
"21184","0.10888434095309626","0.10888434095309626","0.10888434095309626"
"21198","0.15936662661303516","0.15936662661303516","0.15936662661303516"
"21200","0.16437856565168993","0.16437856565168993","0.16437856565168993"
"21202","0.1311393134829779","0.1311393134829779","0.1311393134829779"
"21206","0.14960476293003663","0.14960476293003663","0.14960476293003663"
"21216","0.1622841478886429","0.1622841478886429","0.1622841478886429"
"21232","0.14634852149592545","0.14634852149592545","0.14634852149592545"
"21234","0.1391032119156129","0.1391032119156129","0.1391032119156129"
"21250","0.15906711412418767","0.15906711412418767","0.15906711412418767"
"21254","0.1168185226766603","0.1168185226766603","0.1168185226766603"
"21258","0.09722797898532402","0.09722797898532402","0.09722797898532402"
"21260","0.11403095922984474","0.11403095922984474","0.11403095922984474"
"21273","0.28141741273504545","0.28141741273504545","0.28141741273504545"
"21277","0.1574053606595515","0.1574053606595515","0.1574053606595515"
"21279","0.17986314937384984","0.17986314937384984","0.17986314937384984"
"21287","0.1228127750364529","0.1228127750364529","0.1228127750364529"
"21293","0.2078488776985814","0.2078488776985814","0.2078488776985814"
"21295","0.11570960586937537","0.11570960586937537","0.11570960586937537"
"21297","0.10670948495203722","0.10670948495203722","0.10670948495203722"
"21301","0.1709528482196235","0.1709528482196235","0.1709528482196235"
"21303","0.26844709148302115","0.26844709148302115","0.26844709148302115"
"21309","0.1616408978455768","0.1616408978455768","0.1616408978455768"
"21345","0.21652739332488635","0.21652739332488635","0.21652739332488635"
"21347","0.10697130296069494","0.10697130296069494","0.10697130296069494"
"21355","0.13405278241788957","0.13405278241788957","0.13405278241788957"
"21359","0.18797425056710954","0.18797425056710954","0.18797425056710954"
"21361","0.07994063133984437","0.07994063133984437","0.07994063133984437"
"21369","0.16576607966425855","0.16576607966425855","0.16576607966425855"
"21373","0.13580048633347552","0.13580048633347552","0.13580048633347552"
"21377","0.11108434488426648","0.11108434488426648","0.11108434488426648"
"21379","0.14129791588501642","0.14129791588501642","0.14129791588501642"
"21383","0.134130341952742","0.134130341952742","0.134130341952742"
"21385","0.14251922671168024","0.14251922671168024","0.14251922671168024"
"21393","0.14852319301805625","0.14852319301805625","0.14852319301805625"
"21399","0.19321713851412178","0.19321713851412178","0.19321713851412178"
"21401","0.15595805789463887","0.15595805789463887","0.15595805789463887"
"21407","0.09133288626419296","0.09133288626419296","0.09133288626419296"
"21413","0.12141939952390121","0.12141939952390121","0.12141939952390121"
"21417","0.21011113849023796","0.21011113849023796","0.21011113849023796"
"21423","0.2225233819280651","0.2225233819280651","0.2225233819280651"
"21433","0.21792104875912985","0.21792104875912985","0.21792104875912985"
"21437","0.09445557718114968","0.09445557718114968","0.09445557718114968"
"21439","0.23451103395254191","0.23451103395254191","0.23451103395254191"
"21443","0.16555483204403854","0.16555483204403854","0.16555483204403854"
"21449","0.1612292376909676","0.1612292376909676","0.1612292376909676"
"21457","0.17222556753513588","0.17222556753513588","0.17222556753513588"
"21461","0.3571976130097677","0.3571976130097677","0.3571976130097677"
"21467","0.11885234083787023","0.11885234083787023","0.11885234083787023"
"21473","0.2536679396633943","0.2536679396633943","0.2536679396633943"
"21475","0.1709418977244949","0.1709418977244949","0.1709418977244949"
"21477","0.11941820000221223","0.11941820000221223","0.11941820000221223"
"21483","0.13747278453511022","0.13747278453511022","0.13747278453511022"
"21485","0.1698462438531887","0.1698462438531887","0.1698462438531887"
"21487","0.2500610872975789","0.2500610872975789","0.2500610872975789"
"21491","0.13715331631432673","0.13715331631432673","0.13715331631432673"
"21501","0.21868763613689815","0.21868763613689815","0.21868763613689815"
"21507","0.15447787641752556","0.15447787641752556","0.15447787641752556"
"21509","0.1501451321672787","0.1501451321672787","0.1501451321672787"
"21521","0.06032947186913162","0.06032947186913162","0.06032947186913162"
"21525","0.10551321010913291","0.10551321010913291","0.10551321010913291"
"21531","0.11344584477682443","0.11344584477682443","0.11344584477682443"
"21537","0.09504080786084265","0.09504080786084265","0.09504080786084265"
"21539","0.08810399963534159","0.08810399963534159","0.08810399963534159"
"21541","0.11368588413680876","0.11368588413680876","0.11368588413680876"
"21549","0.1706355989224387","0.1706355989224387","0.1706355989224387"
"21551","0.06694428827933728","0.06694428827933728","0.06694428827933728"
"21563","0.14682814631959737","0.14682814631959737","0.14682814631959737"
"21569","0.16060396163365043","0.16060396163365043","0.16060396163365043"
"21571","0.12487298502599453","0.12487298502599453","0.12487298502599453"
"21575","0.09432135265853941","0.09432135265853941","0.09432135265853941"
"21577","0.11458530930058013","0.11458530930058013","0.11458530930058013"
"21581","0.117651426398806","0.117651426398806","0.117651426398806"
"21587","0.14122425322584226","0.14122425322584226","0.14122425322584226"
"21589","0.090030750255065","0.090030750255065","0.090030750255065"
"21591","0.20437633690411364","0.20437633690411364","0.20437633690411364"
"21593","0.08723635602314536","0.08723635602314536","0.08723635602314536"
"21605","0.13639927048759012","0.13639927048759012","0.13639927048759012"
"21619","0.14158934836490802","0.14158934836490802","0.14158934836490802"
"21623","0.16976314563055445","0.16976314563055445","0.16976314563055445"
"21637","0.1307961396545403","0.1307961396545403","0.1307961396545403"
"21639","0.20427228549873602","0.20427228549873602","0.20427228549873602"
"21647","0.10776924409274655","0.10776924409274655","0.10776924409274655"
"21649","0.1486687051692739","0.1486687051692739","0.1486687051692739"
"21651","0.13500142545962993","0.13500142545962993","0.13500142545962993"
"21657","0.04403428501704438","0.04403428501704438","0.04403428501704438"
"21663","0.13399998543333572","0.13399998543333572","0.13399998543333572"
"21667","0.16155458216938373","0.16155458216938373","0.16155458216938373"
"21669","0.19978827057604928","0.19978827057604928","0.19978827057604928"
"21671","0.1490997798854091","0.1490997798854091","0.1490997798854091"
"21677","0.1334465333909437","0.1334465333909437","0.1334465333909437"
"21679","0.13739833188791717","0.13739833188791717","0.13739833188791717"
"21681","0.19943378100668002","0.19943378100668002","0.19943378100668002"
"21683","0.17557114654466485","0.17557114654466485","0.17557114654466485"
"21689","0.1999150803705652","0.1999150803705652","0.1999150803705652"
"21691","0.13579718072716584","0.13579718072716584","0.13579718072716584"
"21699","0.15882581447378671","0.15882581447378671","0.15882581447378671"
"21701","0.37465461083923113","0.37465461083923113","0.37465461083923113"
"21707","0.16761235752227677","0.16761235752227677","0.16761235752227677"
"21717","0.1418394983612097","0.1418394983612097","0.1418394983612097"
"21727","0.10250027240740237","0.10250027240740237","0.10250027240740237"
"21729","0.0934819073788931","0.0934819073788931","0.0934819073788931"
"21751","0.16711180568815914","0.16711180568815914","0.16711180568815914"
"21757","0.09725593533950108","0.09725593533950108","0.09725593533950108"
"21767","0.19688120294820247","0.19688120294820247","0.19688120294820247"
"21771","0.09128447331363194","0.09128447331363194","0.09128447331363194"
"21777","0.11225512696400998","0.11225512696400998","0.11225512696400998"
"21779","0.12411937607387788","0.12411937607387788","0.12411937607387788"
"21785","0.17227560196095856","0.17227560196095856","0.17227560196095856"
"21787","0.08378828521848158","0.08378828521848158","0.08378828521848158"
"21789","0.08594796539652856","0.08594796539652856","0.08594796539652856"
"21793","0.10984571528406284","0.10984571528406284","0.10984571528406284"
"21795","0.294404668952949","0.294404668952949","0.294404668952949"
"21797","0.1283868091912673","0.1283868091912673","0.1283868091912673"
"21807","0.0947753397230496","0.0947753397230496","0.0947753397230496"
"21809","0.09961597570352851","0.09961597570352851","0.09961597570352851"
"21811","0.10390888942148331","0.10390888942148331","0.10390888942148331"
"21813","0.1348825790332549","0.1348825790332549","0.1348825790332549"
"21815","0.2324891353704102","0.2324891353704102","0.2324891353704102"
"21821","0.1235001480496442","0.1235001480496442","0.1235001480496442"
"21825","0.11943243592294465","0.11943243592294465","0.11943243592294465"
"21829","0.2048685728930455","0.2048685728930455","0.2048685728930455"
"21833","0.10781461706708963","0.10781461706708963","0.10781461706708963"
"21839","0.11606714825676577","0.11606714825676577","0.11606714825676577"
"21847","0.10171285833415425","0.10171285833415425","0.10171285833415425"
"21853","0.15741538917110812","0.15741538917110812","0.15741538917110812"
"21855","0.13497147525880868","0.13497147525880868","0.13497147525880868"
"21857","0.09005733168112083","0.09005733168112083","0.09005733168112083"
"21863","0.27047336785987314","0.27047336785987314","0.27047336785987314"
"21867","0.19501085830375475","0.19501085830375475","0.19501085830375475"
"21869","0.21107711410195676","0.21107711410195676","0.21107711410195676"
"21871","0.17519830894672006","0.17519830894672006","0.17519830894672006"
"21873","0.11590264403060765","0.11590264403060765","0.11590264403060765"
"21879","0.0969377454859726","0.0969377454859726","0.0969377454859726"
"21883","0.17121871364862565","0.17121871364862565","0.17121871364862565"
"21885","0.10031156246840497","0.10031156246840497","0.10031156246840497"
"21891","0.09384363187642115","0.09384363187642115","0.09384363187642115"
"21895","0.12296999694405271","0.12296999694405271","0.12296999694405271"
"21897","0.22730350990337816","0.22730350990337816","0.22730350990337816"
"21901","0.11337007131661948","0.11337007131661948","0.11337007131661948"
"21905","0.12905252711394544","0.12905252711394544","0.12905252711394544"
"21915","0.13368964155772628","0.13368964155772628","0.13368964155772628"
"21917","0.15616108033131806","0.15616108033131806","0.15616108033131806"
"21919","0.1236057343743076","0.1236057343743076","0.1236057343743076"
"21921","0.07193199675892703","0.07193199675892703","0.07193199675892703"
"21927","0.16839191449795365","0.16839191449795365","0.16839191449795365"
"21929","0.14300640657760713","0.14300640657760713","0.14300640657760713"
"21931","0.0775210009998057","0.0775210009998057","0.0775210009998057"
"21937","0.16658815506610036","0.16658815506610036","0.16658815506610036"
"21939","0.1083598068066432","0.1083598068066432","0.1083598068066432"
"21941","0.1977151338220353","0.1977151338220353","0.1977151338220353"
"21947","0.2767608453965359","0.2767608453965359","0.2767608453965359"
"21955","0.14631255563452183","0.14631255563452183","0.14631255563452183"
"21965","0.09767979338090325","0.09767979338090325","0.09767979338090325"
"21971","0.17072739897746358","0.17072739897746358","0.17072739897746358"
"21981","0.08655242477408104","0.08655242477408104","0.08655242477408104"
"21985","0.13201688428746147","0.13201688428746147","0.13201688428746147"
"21987","0.1299341501870228","0.1299341501870228","0.1299341501870228"
"21989","0.13973526156260574","0.13973526156260574","0.13973526156260574"
"21991","0.13317326325656711","0.13317326325656711","0.13317326325656711"
"21993","0.14032627537231204","0.14032627537231204","0.14032627537231204"
"22005","0.18575750743049804","0.18575750743049804","0.18575750743049804"
"22009","0.23911047310780484","0.23911047310780484","0.23911047310780484"
"22017","0.31638921291494554","0.31638921291494554","0.31638921291494554"
"22029","0.1619859190869379","0.1619859190869379","0.1619859190869379"
"22035","0.11024590725935852","0.11024590725935852","0.11024590725935852"
"22039","0.07597952790344849","0.07597952790344849","0.07597952790344849"
"22047","0.16895572542062479","0.16895572542062479","0.16895572542062479"
"22049","0.16273408613211365","0.16273408613211365","0.16273408613211365"
"22051","0.25108441955664007","0.25108441955664007","0.25108441955664007"
"22053","0.12133231812236228","0.12133231812236228","0.12133231812236228"
"22055","0.09641409043745269","0.09641409043745269","0.09641409043745269"
"22059","0.15916154325084275","0.15916154325084275","0.15916154325084275"
"22069","0.19285455946731028","0.19285455946731028","0.19285455946731028"
"22077","0.16228356826488272","0.16228356826488272","0.16228356826488272"
"22079","0.06336069536068062","0.06336069536068062","0.06336069536068062"
"22083","0.15663526839802963","0.15663526839802963","0.15663526839802963"
"22087","0.11921787102901465","0.11921787102901465","0.11921787102901465"
"22091","0.19687120267445365","0.19687120267445365","0.19687120267445365"
"22093","0.06354934481184377","0.06354934481184377","0.06354934481184377"
"22099","0.16827123596233287","0.16827123596233287","0.16827123596233287"
"22101","0.18512012193603464","0.18512012193603464","0.18512012193603464"
"22113","0.11026055457019907","0.11026055457019907","0.11026055457019907"
"22115","0.12464201598331538","0.12464201598331538","0.12464201598331538"
"22121","0.11729950320804498","0.11729950320804498","0.11729950320804498"
"22123","0.17893664380893667","0.17893664380893667","0.17893664380893667"
"22125","0.11115631012650848","0.11115631012650848","0.11115631012650848"
"22127","0.1789684316693248","0.1789684316693248","0.1789684316693248"
"22133","0.09863048494066563","0.09863048494066563","0.09863048494066563"
"22137","0.09513255255670615","0.09513255255670615","0.09513255255670615"
"22139","0.12352703655834293","0.12352703655834293","0.12352703655834293"
"22145","0.1108448010651039","0.1108448010651039","0.1108448010651039"
"22155","0.13632272174041346","0.13632272174041346","0.13632272174041346"
"22165","0.10818020874033404","0.10818020874033404","0.10818020874033404"
"22171","0.16353578827755316","0.16353578827755316","0.16353578827755316"
"22173","0.15529733150103045","0.15529733150103045","0.15529733150103045"
"22183","0.11998238403813513","0.11998238403813513","0.11998238403813513"
"22193","0.299585417544384","0.299585417544384","0.299585417544384"
"22197","0.18278747411752636","0.18278747411752636","0.18278747411752636"
"22199","0.1183595931173902","0.1183595931173902","0.1183595931173902"
"22203","0.09332567787953766","0.09332567787953766","0.09332567787953766"
"22209","0.10369961060705621","0.10369961060705621","0.10369961060705621"
"22211","0.13456429771191675","0.13456429771191675","0.13456429771191675"
"22217","0.08291051716271018","0.08291051716271018","0.08291051716271018"
"22223","0.16872952301682342","0.16872952301682342","0.16872952301682342"
"22231","0.14099806071234586","0.14099806071234586","0.14099806071234586"
"22239","0.10436180929391052","0.10436180929391052","0.10436180929391052"
"22245","0.0635989513132976","0.0635989513132976","0.0635989513132976"
"22247","0.22851163094445406","0.22851163094445406","0.22851163094445406"
"22249","0.13108964132706355","0.13108964132706355","0.13108964132706355"
"22251","0.15948434939850956","0.15948434939850956","0.15948434939850956"
"22256","0.08754467962321837","0.08754467962321837","0.08754467962321837"
"22258","0.16121404507569445","0.16121404507569445","0.16121404507569445"
"22270","0.23210401196930178","0.23210401196930178","0.23210401196930178"
"22274","0.14621608961497432","0.14621608961497432","0.14621608961497432"
"22276","0.13437718234397011","0.13437718234397011","0.13437718234397011"
"22288","0.2541033639924611","0.2541033639924611","0.2541033639924611"
"22290","0.10584575769599959","0.10584575769599959","0.10584575769599959"
"22294","0.11545521378057053","0.11545521378057053","0.11545521378057053"
"22296","0.1318224723438666","0.1318224723438666","0.1318224723438666"
"22298","0.09180929221722757","0.09180929221722757","0.09180929221722757"
"22304","0.0933862324313978","0.0933862324313978","0.0933862324313978"
"22312","0.11728017639209505","0.11728017639209505","0.11728017639209505"
"22314","0.11124761497828818","0.11124761497828818","0.11124761497828818"
"22316","0.18330453859684193","0.18330453859684193","0.18330453859684193"
"22324","0.16057811396013136","0.16057811396013136","0.16057811396013136"
"22330","0.0911220746636971","0.0911220746636971","0.0911220746636971"
"22340","0.16968125264204562","0.16968125264204562","0.16968125264204562"
"22342","0.1168284159910918","0.1168284159910918","0.1168284159910918"
"22344","0.14361170200956605","0.14361170200956605","0.14361170200956605"
"22346","0.09303857160940518","0.09303857160940518","0.09303857160940518"
"22352","0.25170543235248366","0.25170543235248366","0.25170543235248366"
"22354","0.2045215137516094","0.2045215137516094","0.2045215137516094"
"22372","0.15319970118827164","0.15319970118827164","0.15319970118827164"
"22374","0.0733419787557123","0.0733419787557123","0.0733419787557123"
"22380","0.2562292352264765","0.2562292352264765","0.2562292352264765"
"22382","0.17257317792813925","0.17257317792813925","0.17257317792813925"
"22388","0.20311428922144154","0.20311428922144154","0.20311428922144154"
"22400","0.1402412582875842","0.1402412582875842","0.1402412582875842"
"22404","0.25716710949575533","0.25716710949575533","0.25716710949575533"
"22406","0.2278130155068257","0.2278130155068257","0.2278130155068257"
"22410","0.12470740853702884","0.12470740853702884","0.12470740853702884"
"22412","0.14831905282073124","0.14831905282073124","0.14831905282073124"
"22416","0.15717579632145226","0.15717579632145226","0.15717579632145226"
"22430","0.2277995734347686","0.2277995734347686","0.2277995734347686"
"22436","0.08746301686863531","0.08746301686863531","0.08746301686863531"
"22442","0.1019133733299877","0.1019133733299877","0.1019133733299877"
"22450","0.10363496792532814","0.10363496792532814","0.10363496792532814"
"22452","0.23075130889568882","0.23075130889568882","0.23075130889568882"
"22454","0.09311826267929114","0.09311826267929114","0.09311826267929114"
"22456","0.07561200355348521","0.07561200355348521","0.07561200355348521"
"22460","0.10829431671029081","0.10829431671029081","0.10829431671029081"
"22470","0.0974998509194995","0.0974998509194995","0.0974998509194995"
"22478","0.09826448805532367","0.09826448805532367","0.09826448805532367"
"22482","0.15593597924517236","0.15593597924517236","0.15593597924517236"
"22486","0.11161454482737257","0.11161454482737257","0.11161454482737257"
"22488","0.06893056922598563","0.06893056922598563","0.06893056922598563"
"22492","0.06672809249540562","0.06672809249540562","0.06672809249540562"
"22500","0.18200065453904216","0.18200065453904216","0.18200065453904216"
"22502","0.14900250569099238","0.14900250569099238","0.14900250569099238"
"22504","0.19147768439281326","0.19147768439281326","0.19147768439281326"
"22520","0.10253143282161599","0.10253143282161599","0.10253143282161599"
"22534","0.05713606243469882","0.05713606243469882","0.05713606243469882"
"22538","0.17011335699277744","0.17011335699277744","0.17011335699277744"
"22540","0.20413848323990502","0.20413848323990502","0.20413848323990502"
"22544","0.10614547145745631","0.10614547145745631","0.10614547145745631"
"22546","0.28161925341910093","0.28161925341910093","0.28161925341910093"
"22548","0.13167869939803956","0.13167869939803956","0.13167869939803956"
"22552","0.12030179483917117","0.12030179483917117","0.12030179483917117"
"22554","0.15218548011614313","0.15218548011614313","0.15218548011614313"
"22560","0.1161680943990486","0.1161680943990486","0.1161680943990486"
"22566","0.10376647927498821","0.10376647927498821","0.10376647927498821"
"22568","0.15318669127426301","0.15318669127426301","0.15318669127426301"
"22576","0.12458894615968288","0.12458894615968288","0.12458894615968288"
"22578","0.12489760943903215","0.12489760943903215","0.12489760943903215"
"22582","0.09866789392216041","0.09866789392216041","0.09866789392216041"
"22584","0.2765448305983487","0.2765448305983487","0.2765448305983487"
"22604","0.15528006509515735","0.15528006509515735","0.15528006509515735"
"22608","0.1847347657158324","0.1847347657158324","0.1847347657158324"
"22610","0.08362492165094962","0.08362492165094962","0.08362492165094962"
"22614","0.22348255623519633","0.22348255623519633","0.22348255623519633"
"22620","0.19727850390401822","0.19727850390401822","0.19727850390401822"
"22624","0.07655296606921018","0.07655296606921018","0.07655296606921018"
"22632","0.15719974478661167","0.15719974478661167","0.15719974478661167"
"22634","0.18672610551719054","0.18672610551719054","0.18672610551719054"
"22640","0.06676976200207387","0.06676976200207387","0.06676976200207387"
"22642","0.07937036571152828","0.07937036571152828","0.07937036571152828"
"22644","0.1401246760174888","0.1401246760174888","0.1401246760174888"
"22646","0.08925314813859815","0.08925314813859815","0.08925314813859815"
"22648","0.09515858479784593","0.09515858479784593","0.09515858479784593"
"22650","0.1830383381173681","0.1830383381173681","0.1830383381173681"
"22652","0.29157639565426957","0.29157639565426957","0.29157639565426957"
"22654","0.11586548244458186","0.11586548244458186","0.11586548244458186"
"22660","0.0703061750004311","0.0703061750004311","0.0703061750004311"
"22664","0.07469997185657251","0.07469997185657251","0.07469997185657251"
"22668","0.13422477386687895","0.13422477386687895","0.13422477386687895"
"22672","0.16254039707016407","0.16254039707016407","0.16254039707016407"
"22678","0.16698383288091578","0.16698383288091578","0.16698383288091578"
"22680","0.09552085802971629","0.09552085802971629","0.09552085802971629"
"22682","0.19377227009176784","0.19377227009176784","0.19377227009176784"
"22692","0.05301783021482948","0.05301783021482948","0.05301783021482948"
"22698","0.11016058642732637","0.11016058642732637","0.11016058642732637"
"22702","0.14475957131118958","0.14475957131118958","0.14475957131118958"
"22714","0.13773028964314452","0.13773028964314452","0.13773028964314452"
"22716","0.09582837336427333","0.09582837336427333","0.09582837336427333"
"22718","0.2283443722150654","0.2283443722150654","0.2283443722150654"
"22722","0.07903924889432717","0.07903924889432717","0.07903924889432717"
"22730","0.21120225221453998","0.21120225221453998","0.21120225221453998"
"22732","0.09095691334407767","0.09095691334407767","0.09095691334407767"
"22740","0.07685473828289724","0.07685473828289724","0.07685473828289724"
"22750","0.19335879701470196","0.19335879701470196","0.19335879701470196"
"22752","0.15502212387671865","0.15502212387671865","0.15502212387671865"
"22754","0.09652384325264063","0.09652384325264063","0.09652384325264063"
"22756","0.05548830896394998","0.05548830896394998","0.05548830896394998"
"22758","0.14162974241629425","0.14162974241629425","0.14162974241629425"
"22762","0.11826394328664107","0.11826394328664107","0.11826394328664107"
"22770","0.16151928648406225","0.16151928648406225","0.16151928648406225"
"22772","0.12601632961731296","0.12601632961731296","0.12601632961731296"
"22778","0.09173598197474227","0.09173598197474227","0.09173598197474227"
"22784","0.12957020476379608","0.12957020476379608","0.12957020476379608"
"22786","0.14918259537173412","0.14918259537173412","0.14918259537173412"
"22792","0.2275715424109157","0.2275715424109157","0.2275715424109157"
"22794","0.08282755746342954","0.08282755746342954","0.08282755746342954"
"22806","0.09324144472578255","0.09324144472578255","0.09324144472578255"
"22816","0.10942908210175696","0.10942908210175696","0.10942908210175696"
"22834","0.08877886061120088","0.08877886061120088","0.08877886061120088"
"22840","0.20704396226829275","0.20704396226829275","0.20704396226829275"
"22842","0.16287063045964176","0.16287063045964176","0.16287063045964176"
"22848","0.18604031252786485","0.18604031252786485","0.18604031252786485"
"22850","0.18382398899806296","0.18382398899806296","0.18382398899806296"
"22854","0.23540474856571472","0.23540474856571472","0.23540474856571472"
"22856","0.15996456305152787","0.15996456305152787","0.15996456305152787"
"22868","0.10295297551053777","0.10295297551053777","0.10295297551053777"
"22870","0.2423460733510155","0.2423460733510155","0.2423460733510155"
"22876","0.0960551618616306","0.0960551618616306","0.0960551618616306"
"22884","0.20556623409019384","0.20556623409019384","0.20556623409019384"
"22888","0.06976941098430878","0.06976941098430878","0.06976941098430878"
"22890","0.24418950926610908","0.24418950926610908","0.24418950926610908"
"22896","0.11273912077475809","0.11273912077475809","0.11273912077475809"
"22902","0.14841463515208397","0.14841463515208397","0.14841463515208397"
"22904","0.11486014521598355","0.11486014521598355","0.11486014521598355"
"22908","0.0759734785635735","0.0759734785635735","0.0759734785635735"
"22910","0.16274945730823506","0.16274945730823506","0.16274945730823506"
"22916","0.14282784084295558","0.14282784084295558","0.14282784084295558"
"22918","0.20228389679561887","0.20228389679561887","0.20228389679561887"
"22920","0.11045476425644617","0.11045476425644617","0.11045476425644617"
"22924","0.13249213484371608","0.13249213484371608","0.13249213484371608"
"22940","0.09870487828559708","0.09870487828559708","0.09870487828559708"
"22942","0.09381330359551236","0.09381330359551236","0.09381330359551236"
"22946","0.09340480991707051","0.09340480991707051","0.09340480991707051"
"22948","0.18339670036232592","0.18339670036232592","0.18339670036232592"
"22954","0.16143849017636716","0.16143849017636716","0.16143849017636716"
"22960","0.07936049690249702","0.07936049690249702","0.07936049690249702"
"22964","0.18171655442017667","0.18171655442017667","0.18171655442017667"
"22974","0.0995814293573965","0.0995814293573965","0.0995814293573965"
"22976","0.14302180118909374","0.14302180118909374","0.14302180118909374"
"22978","0.13656221693083803","0.13656221693083803","0.13656221693083803"
"22980","0.1758794880909803","0.1758794880909803","0.1758794880909803"
"22984","0.15218663672646887","0.15218663672646887","0.15218663672646887"
"22986","0.0942221069291458","0.0942221069291458","0.0942221069291458"
"22994","0.09187337548740031","0.09187337548740031","0.09187337548740031"
"23004","0.10710376541868487","0.10710376541868487","0.10710376541868487"
"23010","0.07780846606372939","0.07780846606372939","0.07780846606372939"
"23016","0.09208004475600143","0.09208004475600143","0.09208004475600143"
"23024","0.14051896972306518","0.14051896972306518","0.14051896972306518"
"23026","0.16311467654165884","0.16311467654165884","0.16311467654165884"
"23038","0.08805843069696605","0.08805843069696605","0.08805843069696605"
"23048","0.11717505786330502","0.11717505786330502","0.11717505786330502"
"23052","0.17860544979056228","0.17860544979056228","0.17860544979056228"
"23060","0.10761703190039379","0.10761703190039379","0.10761703190039379"
"23066","0.25811661498834326","0.25811661498834326","0.25811661498834326"
"23072","0.09771337745568255","0.09771337745568255","0.09771337745568255"
"23082","0.12870733490505507","0.12870733490505507","0.12870733490505507"
"23086","0.1194921295500082","0.1194921295500082","0.1194921295500082"
"23092","0.15970054200881545","0.15970054200881545","0.15970054200881545"
"23094","0.14788141365000296","0.14788141365000296","0.14788141365000296"
"23098","0.16711862696306393","0.16711862696306393","0.16711862696306393"
"23100","0.21600933341716338","0.21600933341716338","0.21600933341716338"
"23102","0.15945656806820777","0.15945656806820777","0.15945656806820777"
"23108","0.2977100348752094","0.2977100348752094","0.2977100348752094"
"23110","0.15156786137369493","0.15156786137369493","0.15156786137369493"
"23112","0.10847682953534829","0.10847682953534829","0.10847682953534829"
"23120","0.227493920166393","0.227493920166393","0.227493920166393"
"23122","0.10421908867536474","0.10421908867536474","0.10421908867536474"
"23124","0.11717054721279871","0.11717054721279871","0.11717054721279871"
"23126","0.12076193972213693","0.12076193972213693","0.12076193972213693"
"23136","0.1786042609004473","0.1786042609004473","0.1786042609004473"
"23140","0.17282326245725038","0.17282326245725038","0.17282326245725038"
"23142","0.15459115900768192","0.15459115900768192","0.15459115900768192"
"23146","0.2079088754825016","0.2079088754825016","0.2079088754825016"
"23148","0.11586769286359225","0.11586769286359225","0.11586769286359225"
"23152","0.13385311041562417","0.13385311041562417","0.13385311041562417"
"23154","0.16108367054964493","0.16108367054964493","0.16108367054964493"
"23158","0.11738463351190738","0.11738463351190738","0.11738463351190738"
"23162","0.11498501435760554","0.11498501435760554","0.11498501435760554"
"23170","0.07343896816186163","0.07343896816186163","0.07343896816186163"
"23174","0.08413496765715346","0.08413496765715346","0.08413496765715346"
"23186","0.10430053711651838","0.10430053711651838","0.10430053711651838"
"23188","0.14868530494421414","0.14868530494421414","0.14868530494421414"
"23190","0.13723404370684564","0.13723404370684564","0.13723404370684564"
"23194","0.12517109724504827","0.12517109724504827","0.12517109724504827"
"23196","0.11153961471834531","0.11153961471834531","0.11153961471834531"
"23198","0.20554542887522237","0.20554542887522237","0.20554542887522237"
"23204","0.15459295427539013","0.15459295427539013","0.15459295427539013"
"23210","0.13854618824007434","0.13854618824007434","0.13854618824007434"
"23212","0.08206053052305318","0.08206053052305318","0.08206053052305318"
"23216","0.14000013387622562","0.14000013387622562","0.14000013387622562"
"23234","0.12029413045875635","0.12029413045875635","0.12029413045875635"
"23236","0.14081678954861726","0.14081678954861726","0.14081678954861726"
"23238","0.20043759455498705","0.20043759455498705","0.20043759455498705"
"23240","0.1385757220390348","0.1385757220390348","0.1385757220390348"
"23243","0.11257331482473962","0.11257331482473962","0.11257331482473962"
"23249","0.16841241549795055","0.16841241549795055","0.16841241549795055"
"23253","0.07961395986548632","0.07961395986548632","0.07961395986548632"
"23255","0.15848760576254417","0.15848760576254417","0.15848760576254417"
"23257","0.11342005611316548","0.11342005611316548","0.11342005611316548"
"23259","0.18460595326717344","0.18460595326717344","0.18460595326717344"
"23261","0.1470118055448533","0.1470118055448533","0.1470118055448533"
"23263","0.12435521406312687","0.12435521406312687","0.12435521406312687"
"23267","0.2446404947364715","0.2446404947364715","0.2446404947364715"
"23271","0.15816091044896535","0.15816091044896535","0.15816091044896535"
"23275","0.07839061763634893","0.07839061763634893","0.07839061763634893"
"23279","0.1599494832168261","0.1599494832168261","0.1599494832168261"
"23283","0.12398440204781115","0.12398440204781115","0.12398440204781115"
"23289","0.19678379928563533","0.19678379928563533","0.19678379928563533"
"23291","0.16106645200193656","0.16106645200193656","0.16106645200193656"
"23293","0.18110826886671674","0.18110826886671674","0.18110826886671674"
"23299","0.13613558100070366","0.13613558100070366","0.13613558100070366"
"23301","0.14542241118510435","0.14542241118510435","0.14542241118510435"
"23305","0.04923275188311682","0.04923275188311682","0.04923275188311682"
"23307","0.1649089503498201","0.1649089503498201","0.1649089503498201"
"23309","0.11141354228679944","0.11141354228679944","0.11141354228679944"
"23317","0.16702156477737032","0.16702156477737032","0.16702156477737032"
"23319","0.17162350113833091","0.17162350113833091","0.17162350113833091"
"23325","0.11097279108199018","0.11097279108199018","0.11097279108199018"
"23327","0.13415484302510716","0.13415484302510716","0.13415484302510716"
"23337","0.2691529701623904","0.2691529701623904","0.2691529701623904"
"23343","0.25092543738078965","0.25092543738078965","0.25092543738078965"
"23345","0.15917600147683583","0.15917600147683583","0.15917600147683583"
"23347","0.14470059551849357","0.14470059551849357","0.14470059551849357"
"23351","0.14616605504456956","0.14616605504456956","0.14616605504456956"
"23353","0.19596298614794966","0.19596298614794966","0.19596298614794966"
"23355","0.11065549265880557","0.11065549265880557","0.11065549265880557"
"23357","0.21615233277503262","0.21615233277503262","0.21615233277503262"
"23359","0.17740222790210422","0.17740222790210422","0.17740222790210422"
"23363","0.12230070116777055","0.12230070116777055","0.12230070116777055"
"23367","0.2423807880277105","0.2423807880277105","0.2423807880277105"
"23369","0.15676808296739692","0.15676808296739692","0.15676808296739692"
"23375","0.06701550022464058","0.06701550022464058","0.06701550022464058"
"23401","0.16749169559496382","0.16749169559496382","0.16749169559496382"
"23411","0.18229516343895544","0.18229516343895544","0.18229516343895544"
"23421","0.09114949752617592","0.09114949752617592","0.09114949752617592"
"23423","0.10050128411485638","0.10050128411485638","0.10050128411485638"
"23435","0.20999759087997213","0.20999759087997213","0.20999759087997213"
"23445","0.06484339423828886","0.06484339423828886","0.06484339423828886"
"23449","0.10153304644968181","0.10153304644968181","0.10153304644968181"
"23459","0.09549358355539296","0.09549358355539296","0.09549358355539296"
"23461","0.15979842010270273","0.15979842010270273","0.15979842010270273"
"23463","0.10863547998450214","0.10863547998450214","0.10863547998450214"
"23467","0.094964613143103","0.094964613143103","0.094964613143103"
"23473","0.1925697386735913","0.1925697386735913","0.1925697386735913"
"23479","0.13515680318509712","0.13515680318509712","0.13515680318509712"
"23489","0.0984166959698063","0.0984166959698063","0.0984166959698063"
"23497","0.22536515500235882","0.22536515500235882","0.22536515500235882"
"23501","0.18871930160100742","0.18871930160100742","0.18871930160100742"
"23503","0.08759473159993993","0.08759473159993993","0.08759473159993993"
"23509","0.12593651659938895","0.12593651659938895","0.12593651659938895"
"23513","0.16874603690685966","0.16874603690685966","0.16874603690685966"
"23515","0.10170189296634319","0.10170189296634319","0.10170189296634319"
"23519","0.12035578778807053","0.12035578778807053","0.12035578778807053"
"23531","0.1755310503215038","0.1755310503215038","0.1755310503215038"
"23537","0.10529583425555185","0.10529583425555185","0.10529583425555185"
"23541","0.1075226917547258","0.1075226917547258","0.1075226917547258"
"23545","0.15060951355113403","0.15060951355113403","0.15060951355113403"
"23555","0.10325862362550194","0.10325862362550194","0.10325862362550194"
"23559","0.10533412093783402","0.10533412093783402","0.10533412093783402"
"23567","0.13045576110873974","0.13045576110873974","0.13045576110873974"
"23569","0.11873695119890994","0.11873695119890994","0.11873695119890994"
"23579","0.15228151615259689","0.15228151615259689","0.15228151615259689"
"23589","0.10801772542925686","0.10801772542925686","0.10801772542925686"
"23599","0.12051509065458897","0.12051509065458897","0.12051509065458897"
"23601","0.08686087084355561","0.08686087084355561","0.08686087084355561"
"23603","0.07568567334671245","0.07568567334671245","0.07568567334671245"
"23609","0.28789972008840264","0.28789972008840264","0.28789972008840264"
"23611","0.1393407887436943","0.1393407887436943","0.1393407887436943"
"23613","0.09062629916641066","0.09062629916641066","0.09062629916641066"
"23619","0.20294188535303082","0.20294188535303082","0.20294188535303082"
"23621","0.17584074920756754","0.17584074920756754","0.17584074920756754"
"23623","0.24735832013600506","0.24735832013600506","0.24735832013600506"
"23625","0.1200916487983705","0.1200916487983705","0.1200916487983705"
"23635","0.17856200844747455","0.17856200844747455","0.17856200844747455"
"23637","0.14512815164500206","0.14512815164500206","0.14512815164500206"
"23639","0.1325054686920262","0.1325054686920262","0.1325054686920262"
"23643","0.20124285103261166","0.20124285103261166","0.20124285103261166"
"23645","0.16821034378316205","0.16821034378316205","0.16821034378316205"
"23649","0.17281238736981935","0.17281238736981935","0.17281238736981935"
"23651","0.1499071337900676","0.1499071337900676","0.1499071337900676"
"23653","0.19458630024188522","0.19458630024188522","0.19458630024188522"
"23655","0.2143724908348245","0.2143724908348245","0.2143724908348245"
"23657","0.2792196367075737","0.2792196367075737","0.2792196367075737"
"23675","0.21686150901893875","0.21686150901893875","0.21686150901893875"
"23677","0.1928613780990923","0.1928613780990923","0.1928613780990923"
"23679","0.18491390077313993","0.18491390077313993","0.18491390077313993"
"23681","0.20429848110523144","0.20429848110523144","0.20429848110523144"
"23693","0.13781068581189299","0.13781068581189299","0.13781068581189299"
"23701","0.11601051309671248","0.11601051309671248","0.11601051309671248"
"23721","0.10579050399725576","0.10579050399725576","0.10579050399725576"
"23723","0.11482106863892731","0.11482106863892731","0.11482106863892731"
"23737","0.15764526627599376","0.15764526627599376","0.15764526627599376"
"23739","0.18267225771315646","0.18267225771315646","0.18267225771315646"
"23743","0.22864373194540616","0.22864373194540616","0.22864373194540616"
"23747","0.09868841209376675","0.09868841209376675","0.09868841209376675"
"23749","0.10101847101761999","0.10101847101761999","0.10101847101761999"
"23751","0.05778958101518283","0.05778958101518283","0.05778958101518283"
"23753","0.10089942080985563","0.10089942080985563","0.10089942080985563"
"23755","0.1395784816385084","0.1395784816385084","0.1395784816385084"
"23757","0.16183691222909924","0.16183691222909924","0.16183691222909924"
"23761","0.0916167327991235","0.0916167327991235","0.0916167327991235"
"23765","0.2938779329147893","0.2938779329147893","0.2938779329147893"
"23769","0.057709230434004055","0.057709230434004055","0.057709230434004055"
"23771","0.16171544251307726","0.16171544251307726","0.16171544251307726"
"23773","0.08494414788455329","0.08494414788455329","0.08494414788455329"
"23777","0.1165445372020599","0.1165445372020599","0.1165445372020599"
"23783","0.16414521607192833","0.16414521607192833","0.16414521607192833"
"23803","0.17845072328170283","0.17845072328170283","0.17845072328170283"
"23805","0.12733627601642666","0.12733627601642666","0.12733627601642666"
"23815","0.05533802812936398","0.05533802812936398","0.05533802812936398"
"23817","0.3255168939987875","0.3255168939987875","0.3255168939987875"
"23823","0.27671523806531306","0.27671523806531306","0.27671523806531306"
"23833","0.15722239826445372","0.15722239826445372","0.15722239826445372"
"23835","0.13257687367448373","0.13257687367448373","0.13257687367448373"
"23841","0.08523025523280975","0.08523025523280975","0.08523025523280975"
"23845","0.10353147637261612","0.10353147637261612","0.10353147637261612"
"23853","0.12641564078513012","0.12641564078513012","0.12641564078513012"
"23859","0.167219592739784","0.167219592739784","0.167219592739784"
"23863","0.12041289673693051","0.12041289673693051","0.12041289673693051"
"23865","0.10785643936482571","0.10785643936482571","0.10785643936482571"
"23871","0.12580314054795347","0.12580314054795347","0.12580314054795347"
"23883","0.2341626317778481","0.2341626317778481","0.2341626317778481"
"23889","0.051007785680404205","0.051007785680404205","0.051007785680404205"
"23891","0.09260639410948059","0.09260639410948059","0.09260639410948059"
"23895","0.1039590111844484","0.1039590111844484","0.1039590111844484"
"23897","0.11033781354206412","0.11033781354206412","0.11033781354206412"
"23901","0.10651494294818771","0.10651494294818771","0.10651494294818771"
"23903","0.18309426845627533","0.18309426845627533","0.18309426845627533"
"23907","0.07191616698650835","0.07191616698650835","0.07191616698650835"
"23909","0.16405191841515243","0.16405191841515243","0.16405191841515243"
"23911","0.16327622442405512","0.16327622442405512","0.16327622442405512"
"23925","0.16213554722574108","0.16213554722574108","0.16213554722574108"
"23927","0.120325144964046","0.120325144964046","0.120325144964046"
"23929","0.21449622744241564","0.21449622744241564","0.21449622744241564"
"23931","0.08752093447867287","0.08752093447867287","0.08752093447867287"
"23935","0.20690068140272622","0.20690068140272622","0.20690068140272622"
"23937","0.1380341264033367","0.1380341264033367","0.1380341264033367"
"23945","0.14940916938498708","0.14940916938498708","0.14940916938498708"
"23947","0.04094549837126647","0.04094549837126647","0.04094549837126647"
"23953","0.1387361458142184","0.1387361458142184","0.1387361458142184"
"23955","0.12935304516482096","0.12935304516482096","0.12935304516482096"
"23961","0.12294406986135817","0.12294406986135817","0.12294406986135817"
"23965","0.19848049103622128","0.19848049103622128","0.19848049103622128"
"23973","0.1415498244376965","0.1415498244376965","0.1415498244376965"
"23983","0.11719431062616859","0.11719431062616859","0.11719431062616859"
"23989","0.19278032122440983","0.19278032122440983","0.19278032122440983"
"23995","0.06701148383606106","0.06701148383606106","0.06701148383606106"
"23997","0.15777191216151049","0.15777191216151049","0.15777191216151049"
"24001","0.12993192819637342","0.12993192819637342","0.12993192819637342"
"24003","0.13814021666455334","0.13814021666455334","0.13814021666455334"
"24005","0.09840052701269353","0.09840052701269353","0.09840052701269353"
"24007","0.13467326662128196","0.13467326662128196","0.13467326662128196"
"24009","0.1193607204694503","0.1193607204694503","0.1193607204694503"
"24013","0.05043992543622551","0.05043992543622551","0.05043992543622551"
"24015","0.08896752865337886","0.08896752865337886","0.08896752865337886"
"24017","0.23757975142780566","0.23757975142780566","0.23757975142780566"
"24019","0.10989979878799626","0.10989979878799626","0.10989979878799626"
"24029","0.13922858981585193","0.13922858981585193","0.13922858981585193"
"24049","0.11879460319033633","0.11879460319033633","0.11879460319033633"
"24059","0.14606713955308778","0.14606713955308778","0.14606713955308778"
"24061","0.12113174872867734","0.12113174872867734","0.12113174872867734"
"24063","0.18598290458046013","0.18598290458046013","0.18598290458046013"
"24069","0.11730991962869103","0.11730991962869103","0.11730991962869103"
"24073","0.20339895993776078","0.20339895993776078","0.20339895993776078"
"24101","0.12192005446479229","0.12192005446479229","0.12192005446479229"
"24105","0.06813617439120365","0.06813617439120365","0.06813617439120365"
"24111","0.18760471598791695","0.18760471598791695","0.18760471598791695"
"24117","0.29171736168799206","0.29171736168799206","0.29171736168799206"
"24119","0.0883960075061283","0.0883960075061283","0.0883960075061283"
"24121","0.12086358037781954","0.12086358037781954","0.12086358037781954"
"24131","0.12850853949728525","0.12850853949728525","0.12850853949728525"
"24137","0.19148003849144704","0.19148003849144704","0.19148003849144704"
"24141","0.12903785489889094","0.12903785489889094","0.12903785489889094"
"24145","0.08082812599220475","0.08082812599220475","0.08082812599220475"
"24151","0.17292860437075097","0.17292860437075097","0.17292860437075097"
"24153","0.21611950706343377","0.21611950706343377","0.21611950706343377"
"24163","0.16655462504946286","0.16655462504946286","0.16655462504946286"
"24175","0.046777449868545734","0.046777449868545734","0.046777449868545734"
"24181","0.12049618685024344","0.12049618685024344","0.12049618685024344"
"24189","0.23019310259312534","0.23019310259312534","0.23019310259312534"
"24191","0.07209689831070495","0.07209689831070495","0.07209689831070495"
"24193","0.12312295998538907","0.12312295998538907","0.12312295998538907"
"24195","0.1334250712580899","0.1334250712580899","0.1334250712580899"
"24197","0.08675129522451215","0.08675129522451215","0.08675129522451215"
"24205","0.1175987339651475","0.1175987339651475","0.1175987339651475"
"24215","0.15833875352487226","0.15833875352487226","0.15833875352487226"
"24221","0.16574506591268165","0.16574506591268165","0.16574506591268165"
"24225","0.2757933762561675","0.2757933762561675","0.2757933762561675"
"24227","0.11704313604911167","0.11704313604911167","0.11704313604911167"
"24229","0.19603859403096136","0.19603859403096136","0.19603859403096136"
"24240","0.27737225130875864","0.27737225130875864","0.27737225130875864"
"24242","0.0815367353649463","0.0815367353649463","0.0815367353649463"
"24246","0.1127951650694664","0.1127951650694664","0.1127951650694664"
"24248","0.12557174638033808","0.12557174638033808","0.12557174638033808"
"24250","0.10509794448929276","0.10509794448929276","0.10509794448929276"
"24254","0.15113804608726644","0.15113804608726644","0.15113804608726644"
"24256","0.08308829444999999","0.08308829444999999","0.08308829444999999"
"24262","0.09078734835365569","0.09078734835365569","0.09078734835365569"
"24264","0.10450575196826387","0.10450575196826387","0.10450575196826387"
"24270","0.2835192001760672","0.2835192001760672","0.2835192001760672"
"24272","0.07733215416092423","0.07733215416092423","0.07733215416092423"
"24274","0.21851438367188952","0.21851438367188952","0.21851438367188952"
"24276","0.22216359228497629","0.22216359228497629","0.22216359228497629"
"24280","0.15310804896048577","0.15310804896048577","0.15310804896048577"
"24282","0.31046597608643134","0.31046597608643134","0.31046597608643134"
"24288","0.08615721445578071","0.08615721445578071","0.08615721445578071"
"24290","0.09793700867574079","0.09793700867574079","0.09793700867574079"
"24292","0.07872448631843146","0.07872448631843146","0.07872448631843146"
"24300","0.1714777256538922","0.1714777256538922","0.1714777256538922"
"24304","0.22270873772864266","0.22270873772864266","0.22270873772864266"
"24306","0.16142785774275442","0.16142785774275442","0.16142785774275442"
"24312","0.06220573763797321","0.06220573763797321","0.06220573763797321"
"24314","0.07903257352068424","0.07903257352068424","0.07903257352068424"
"24328","0.05538684849582969","0.05538684849582969","0.05538684849582969"
"24332","0.09420363624460601","0.09420363624460601","0.09420363624460601"
"24334","0.06769637390422838","0.06769637390422838","0.06769637390422838"
"24338","0.1735829274162809","0.1735829274162809","0.1735829274162809"
"24346","0.1224396192743069","0.1224396192743069","0.1224396192743069"
"24366","0.10218171567761175","0.10218171567761175","0.10218171567761175"
"24368","0.13148256910356626","0.13148256910356626","0.13148256910356626"
"24370","0.1804900078411757","0.1804900078411757","0.1804900078411757"
"24378","0.14977156808888442","0.14977156808888442","0.14977156808888442"
"24392","0.037910560458847165","0.037910560458847165","0.037910560458847165"
"24398","0.1226154438707834","0.1226154438707834","0.1226154438707834"
"24402","0.1389482256348288","0.1389482256348288","0.1389482256348288"
"24404","0.2590258972115612","0.2590258972115612","0.2590258972115612"
"24406","0.22991228003901243","0.22991228003901243","0.22991228003901243"
"24410","0.08914913263936634","0.08914913263936634","0.08914913263936634"
"24414","0.12678028959531576","0.12678028959531576","0.12678028959531576"
"24418","0.11576038662971201","0.11576038662971201","0.11576038662971201"
"24422","0.14809945790668458","0.14809945790668458","0.14809945790668458"
"24428","0.16162043683705127","0.16162043683705127","0.16162043683705127"
"24430","0.14087292221520567","0.14087292221520567","0.14087292221520567"
"24432","0.09524293142908562","0.09524293142908562","0.09524293142908562"
"24434","0.09079839072688003","0.09079839072688003","0.09079839072688003"
"24444","0.0773740138463266","0.0773740138463266","0.0773740138463266"
"24446","0.1706637978808202","0.1706637978808202","0.1706637978808202"
"24454","0.19681430403281455","0.19681430403281455","0.19681430403281455"
"24464","0.2280614202551713","0.2280614202551713","0.2280614202551713"
"24476","0.15799528763102544","0.15799528763102544","0.15799528763102544"
"24478","0.1129637741903034","0.1129637741903034","0.1129637741903034"
"24480","0.08011397280444095","0.08011397280444095","0.08011397280444095"
"24482","0.06437301714861834","0.06437301714861834","0.06437301714861834"
"24484","0.08901918428713214","0.08901918428713214","0.08901918428713214"
"24494","0.1060763228110659","0.1060763228110659","0.1060763228110659"
"24502","0.13094014905967474","0.13094014905967474","0.13094014905967474"
"24504","0.09484432706547352","0.09484432706547352","0.09484432706547352"
"24506","0.1375629316255591","0.1375629316255591","0.1375629316255591"
"24510","0.20447998010438276","0.20447998010438276","0.20447998010438276"
"24512","0.13024743605614392","0.13024743605614392","0.13024743605614392"
"24514","0.11267956073232552","0.11267956073232552","0.11267956073232552"
"24518","0.11709809071416044","0.11709809071416044","0.11709809071416044"
"24524","0.13127793798103024","0.13127793798103024","0.13127793798103024"
"24538","0.07818044542734509","0.07818044542734509","0.07818044542734509"
"24546","0.14560202294512406","0.14560202294512406","0.14560202294512406"
"24550","0.12102906745343354","0.12102906745343354","0.12102906745343354"
"24560","0.11098380549560104","0.11098380549560104","0.11098380549560104"
"24566","0.059948510177540014","0.059948510177540014","0.059948510177540014"
"24572","0.14669294132336286","0.14669294132336286","0.14669294132336286"
"24574","0.11779742858494535","0.11779742858494535","0.11779742858494535"
"24576","0.13840524130776868","0.13840524130776868","0.13840524130776868"
"24578","0.08462042370069428","0.08462042370069428","0.08462042370069428"
"24582","0.08267624212146021","0.08267624212146021","0.08267624212146021"
"24584","0.09721620598790207","0.09721620598790207","0.09721620598790207"
"24598","0.22988183240916552","0.22988183240916552","0.22988183240916552"
"24608","0.1426359542727992","0.1426359542727992","0.1426359542727992"
"24610","0.07586599642734213","0.07586599642734213","0.07586599642734213"
"24614","0.12057138262473852","0.12057138262473852","0.12057138262473852"
"24618","0.1843675478544536","0.1843675478544536","0.1843675478544536"
"24620","0.11838866003726031","0.11838866003726031","0.11838866003726031"
"24628","0.10290035448728073","0.10290035448728073","0.10290035448728073"
"24634","0.09679576378985774","0.09679576378985774","0.09679576378985774"
"24636","0.09542807154120705","0.09542807154120705","0.09542807154120705"
"24648","0.13273182690820123","0.13273182690820123","0.13273182690820123"
"24650","0.15387996652476232","0.15387996652476232","0.15387996652476232"
"24654","0.11668142478346817","0.11668142478346817","0.11668142478346817"
"24658","0.12820865702854256","0.12820865702854256","0.12820865702854256"
"24662","0.09141187385636491","0.09141187385636491","0.09141187385636491"
"24666","0.06618916918884953","0.06618916918884953","0.06618916918884953"
"24674","0.12842313226682422","0.12842313226682422","0.12842313226682422"
"24682","0.1435385909106238","0.1435385909106238","0.1435385909106238"
"24684","0.07157441732342325","0.07157441732342325","0.07157441732342325"
"24686","0.10400070937710239","0.10400070937710239","0.10400070937710239"
"24688","0.2261981418490506","0.2261981418490506","0.2261981418490506"
"24698","0.14743173070003915","0.14743173070003915","0.14743173070003915"
"24704","0.11492154120702133","0.11492154120702133","0.11492154120702133"
"24708","0.11050501425130746","0.11050501425130746","0.11050501425130746"
"24710","0.10739623544058399","0.10739623544058399","0.10739623544058399"
"24712","0.14458623690694486","0.14458623690694486","0.14458623690694486"
"24714","0.12819629290669238","0.12819629290669238","0.12819629290669238"
"24716","0.1290866860548836","0.1290866860548836","0.1290866860548836"
"24720","0.15297731069704565","0.15297731069704565","0.15297731069704565"
"24722","0.11788353447418419","0.11788353447418419","0.11788353447418419"
"24730","0.07241611662546232","0.07241611662546232","0.07241611662546232"
"24736","0.058373675710295746","0.058373675710295746","0.058373675710295746"
"24742","0.12100394441322193","0.12100394441322193","0.12100394441322193"
"24746","0.14303440087523148","0.14303440087523148","0.14303440087523148"
"24748","0.11916284275824958","0.11916284275824958","0.11916284275824958"
"24750","0.1639022271359932","0.1639022271359932","0.1639022271359932"
"24758","0.10238209472020407","0.10238209472020407","0.10238209472020407"
"24766","0.12023648486352809","0.12023648486352809","0.12023648486352809"
"24770","0.07802227538528594","0.07802227538528594","0.07802227538528594"
"24776","0.10961663428077192","0.10961663428077192","0.10961663428077192"
"24780","0.15724845994375625","0.15724845994375625","0.15724845994375625"
"24784","0.08850830573941981","0.08850830573941981","0.08850830573941981"
"24796","0.161912833417362","0.161912833417362","0.161912833417362"
"24802","0.16821999389532943","0.16821999389532943","0.16821999389532943"
"24806","0.13887210279261608","0.13887210279261608","0.13887210279261608"
"24808","0.1153307447111385","0.1153307447111385","0.1153307447111385"
"24814","0.1589706194688774","0.1589706194688774","0.1589706194688774"
"24818","0.17256019302257447","0.17256019302257447","0.17256019302257447"
"24824","0.08458289632054045","0.08458289632054045","0.08458289632054045"
"24828","0.18902210481871157","0.18902210481871157","0.18902210481871157"
"24846","0.11800048477065192","0.11800048477065192","0.11800048477065192"
"24854","0.14830035851281548","0.14830035851281548","0.14830035851281548"
"24858","0.18878636568788634","0.18878636568788634","0.18878636568788634"
"24860","0.11149968764556446","0.11149968764556446","0.11149968764556446"
"24862","0.1303307974614198","0.1303307974614198","0.1303307974614198"
"24866","0.21478681676947214","0.21478681676947214","0.21478681676947214"
"24868","0.06473795492994243","0.06473795492994243","0.06473795492994243"
"24880","0.11861219629563816","0.11861219629563816","0.11861219629563816"
"24882","0.09869234724443611","0.09869234724443611","0.09869234724443611"
"24884","0.11030326056217697","0.11030326056217697","0.11030326056217697"
"24890","0.10720573702500266","0.10720573702500266","0.10720573702500266"
"24894","0.12521379783668377","0.12521379783668377","0.12521379783668377"
"24898","0.06331205324766619","0.06331205324766619","0.06331205324766619"
"24918","0.13606232688763129","0.13606232688763129","0.13606232688763129"
"24920","0.1364478219754647","0.1364478219754647","0.1364478219754647"
"24924","0.3205728868143092","0.3205728868143092","0.3205728868143092"
"24926","0.08289130673950601","0.08289130673950601","0.08289130673950601"
"24928","0.13242104988628778","0.13242104988628778","0.13242104988628778"
"24930","0.11689623558185075","0.11689623558185075","0.11689623558185075"
"24932","0.12790297455022354","0.12790297455022354","0.12790297455022354"
"24936","0.09705258712270673","0.09705258712270673","0.09705258712270673"
"24956","0.10712678432536499","0.10712678432536499","0.10712678432536499"
"24958","0.05018931883714454","0.05018931883714454","0.05018931883714454"
"24964","0.11387065764385516","0.11387065764385516","0.11387065764385516"
"24966","0.1224268170633014","0.1224268170633014","0.1224268170633014"
"24968","0.1412076535509184","0.1412076535509184","0.1412076535509184"
"24974","0.13353294723355216","0.13353294723355216","0.13353294723355216"
"24978","0.10577776902442697","0.10577776902442697","0.10577776902442697"
"24982","0.245219562626398","0.245219562626398","0.245219562626398"
"24988","0.08918139694587267","0.08918139694587267","0.08918139694587267"
"24992","0.11394620038465693","0.11394620038465693","0.11394620038465693"
"24994","0.10944005189705651","0.10944005189705651","0.10944005189705651"
"24998","0.20125569754585385","0.20125569754585385","0.20125569754585385"
"25002","0.1509191588992583","0.1509191588992583","0.1509191588992583"
"25020","0.1649825659666351","0.1649825659666351","0.1649825659666351"
"25022","0.10796788772868032","0.10796788772868032","0.10796788772868032"
"25028","0.07646012784950752","0.07646012784950752","0.07646012784950752"
"25030","0.05485221206558607","0.05485221206558607","0.05485221206558607"
"25042","0.10275351034297346","0.10275351034297346","0.10275351034297346"
"25048","0.1359762396914084","0.1359762396914084","0.1359762396914084"
"25052","0.10132349759596769","0.10132349759596769","0.10132349759596769"
"25054","0.05533204905438633","0.05533204905438633","0.05533204905438633"
"25058","0.13764937967135696","0.13764937967135696","0.13764937967135696"
"25072","0.14384542594263175","0.14384542594263175","0.14384542594263175"
"25076","0.10429492941481149","0.10429492941481149","0.10429492941481149"
"25078","0.16946021758555285","0.16946021758555285","0.16946021758555285"
"25090","0.1593223178501438","0.1593223178501438","0.1593223178501438"
"25094","0.10390500394174408","0.10390500394174408","0.10390500394174408"
"25104","0.14625152518830195","0.14625152518830195","0.14625152518830195"
"25110","0.11449974480880593","0.11449974480880593","0.11449974480880593"
"25118","0.1346161192733766","0.1346161192733766","0.1346161192733766"
"25122","0.05312557728537888","0.05312557728537888","0.05312557728537888"
"25124","0.12893144765860273","0.12893144765860273","0.12893144765860273"
"25144","0.22040749050923308","0.22040749050923308","0.22040749050923308"
"25146","0.21070704410176921","0.21070704410176921","0.21070704410176921"
"25154","0.23624842064193335","0.23624842064193335","0.23624842064193335"
"25158","0.2330008835893462","0.2330008835893462","0.2330008835893462"
"25164","0.09106472925548262","0.09106472925548262","0.09106472925548262"
"25170","0.08481807865701861","0.08481807865701861","0.08481807865701861"
"25172","0.15330135932936817","0.15330135932936817","0.15330135932936817"
"25174","0.20668600193515493","0.20668600193515493","0.20668600193515493"
"25176","0.1900141363469085","0.1900141363469085","0.1900141363469085"
"25184","0.12704385303135257","0.12704385303135257","0.12704385303135257"
"25188","0.10574657881305875","0.10574657881305875","0.10574657881305875"
"25194","0.10104551230155151","0.10104551230155151","0.10104551230155151"
"25196","0.1939073465917228","0.1939073465917228","0.1939073465917228"
"25198","0.09698583795671098","0.09698583795671098","0.09698583795671098"
"25210","0.157210029301425","0.157210029301425","0.157210029301425"
"25214","0.16880230004864508","0.16880230004864508","0.16880230004864508"
"25223","0.08662548806657128","0.08662548806657128","0.08662548806657128"
"25227","0.11349395809025313","0.11349395809025313","0.11349395809025313"
"25229","0.1891472598885269","0.1891472598885269","0.1891472598885269"
"25237","0.18864233998125976","0.18864233998125976","0.18864233998125976"
"25239","0.15564462092815032","0.15564462092815032","0.15564462092815032"
"25243","0.13348060049190216","0.13348060049190216","0.13348060049190216"
"25245","0.08004425367571585","0.08004425367571585","0.08004425367571585"
"25259","0.12426810273844782","0.12426810273844782","0.12426810273844782"
"25265","0.13218018128265477","0.13218018128265477","0.13218018128265477"
"25281","0.14982579417041292","0.14982579417041292","0.14982579417041292"
"25287","0.13330592330684404","0.13330592330684404","0.13330592330684404"
"25289","0.17806293175786575","0.17806293175786575","0.17806293175786575"
"25291","0.10550819648297123","0.10550819648297123","0.10550819648297123"
"25295","0.19289477239192646","0.19289477239192646","0.19289477239192646"
"25303","0.2124934209478345","0.2124934209478345","0.2124934209478345"
"25305","0.11436030689562914","0.11436030689562914","0.11436030689562914"
"25309","0.12570213767944807","0.12570213767944807","0.12570213767944807"
"25311","0.13194360927964408","0.13194360927964408","0.13194360927964408"
"25313","0.12302913235098355","0.12302913235098355","0.12302913235098355"
"25315","0.11736761001041614","0.11736761001041614","0.11736761001041614"
"25323","0.1321126224382627","0.1321126224382627","0.1321126224382627"
"25331","0.06255304797289246","0.06255304797289246","0.06255304797289246"
"25335","0.0968376179834378","0.0968376179834378","0.0968376179834378"
"25337","0.1756896946151492","0.1756896946151492","0.1756896946151492"
"25339","0.0866029238647635","0.0866029238647635","0.0866029238647635"
"25341","0.12318501589746338","0.12318501589746338","0.12318501589746338"
"25345","0.11882024039745934","0.11882024039745934","0.11882024039745934"
"25347","0.09691778399553755","0.09691778399553755","0.09691778399553755"
"25351","0.2158369170140546","0.2158369170140546","0.2158369170140546"
"25359","0.09850082442076588","0.09850082442076588","0.09850082442076588"
"25363","0.13558724706353106","0.13558724706353106","0.13558724706353106"
"25365","0.06181979139981666","0.06181979139981666","0.06181979139981666"
"25369","0.13711321328162196","0.13711321328162196","0.13711321328162196"
"25373","0.05504434256341355","0.05504434256341355","0.05504434256341355"
"25377","0.1267681387999181","0.1267681387999181","0.1267681387999181"
"25405","0.0993380028903348","0.0993380028903348","0.0993380028903348"
"25413","0.22908300892142117","0.22908300892142117","0.22908300892142117"
"25425","0.11343483132909243","0.11343483132909243","0.11343483132909243"
"25431","0.10840871263897513","0.10840871263897513","0.10840871263897513"
"25435","0.10324978882355834","0.10324978882355834","0.10324978882355834"
"25441","0.11558564843866495","0.11558564843866495","0.11558564843866495"
"25451","0.20126096363887366","0.20126096363887366","0.20126096363887366"
"25453","0.12458070452081788","0.12458070452081788","0.12458070452081788"
"25463","0.2124799652332084","0.2124799652332084","0.2124799652332084"
"25467","0.17981205645239007","0.17981205645239007","0.17981205645239007"
"25471","0.09886870173180551","0.09886870173180551","0.09886870173180551"
"25475","0.17705818072435872","0.17705818072435872","0.17705818072435872"
"25477","0.08646863209137703","0.08646863209137703","0.08646863209137703"
"25481","0.12175174343096519","0.12175174343096519","0.12175174343096519"
"25487","0.08418443051316576","0.08418443051316576","0.08418443051316576"
"25489","0.23200219996823326","0.23200219996823326","0.23200219996823326"
"25493","0.09114424045624095","0.09114424045624095","0.09114424045624095"
"25495","0.1801814876986329","0.1801814876986329","0.1801814876986329"
"25497","0.49067771288282686","0.49067771288282686","0.49067771288282686"
"25499","0.05501390020055151","0.05501390020055151","0.05501390020055151"
"25503","0.09579018117140839","0.09579018117140839","0.09579018117140839"
"25511","0.1604836768810266","0.1604836768810266","0.1604836768810266"
"25513","0.06040421530071457","0.06040421530071457","0.06040421530071457"
"25519","0.1478665375779145","0.1478665375779145","0.1478665375779145"
"25523","0.2466684246738931","0.2466684246738931","0.2466684246738931"
"25525","0.18698723535652234","0.18698723535652234","0.18698723535652234"
"25531","0.13952543937528142","0.13952543937528142","0.13952543937528142"
"25537","0.07717570897248754","0.07717570897248754","0.07717570897248754"
"25541","0.08086984308640437","0.08086984308640437","0.08086984308640437"
"25543","0.10529019995523128","0.10529019995523128","0.10529019995523128"
"25557","0.11985202923591773","0.11985202923591773","0.11985202923591773"
"25559","0.13685295466338676","0.13685295466338676","0.13685295466338676"
"25561","0.09284613922868622","0.09284613922868622","0.09284613922868622"
"25565","0.0864691760070255","0.0864691760070255","0.0864691760070255"
"25569","0.06887426268053974","0.06887426268053974","0.06887426268053974"
"25571","0.24143914767055388","0.24143914767055388","0.24143914767055388"
"25581","0.20697645145920554","0.20697645145920554","0.20697645145920554"
"25585","0.06817115689388399","0.06817115689388399","0.06817115689388399"
"25597","0.1787975914162462","0.1787975914162462","0.1787975914162462"
"25605","0.2279597964499288","0.2279597964499288","0.2279597964499288"
"25607","0.17322824673648285","0.17322824673648285","0.17322824673648285"
"25611","0.0708431971860333","0.0708431971860333","0.0708431971860333"
"25613","0.10403890423849692","0.10403890423849692","0.10403890423849692"
"25615","0.143189205027985","0.143189205027985","0.143189205027985"
"25621","0.07511961210466947","0.07511961210466947","0.07511961210466947"
"25625","0.11099210859182994","0.11099210859182994","0.11099210859182994"
"25631","0.07640979058988628","0.07640979058988628","0.07640979058988628"
"25637","0.1977489988871961","0.1977489988871961","0.1977489988871961"
"25639","0.12431292278027072","0.12431292278027072","0.12431292278027072"
"25643","0.12185367434330396","0.12185367434330396","0.12185367434330396"
"25655","0.07234343000345335","0.07234343000345335","0.07234343000345335"
"25657","0.13723405727960794","0.13723405727960794","0.13723405727960794"
"25659","0.13707752836056916","0.13707752836056916","0.13707752836056916"
"25663","0.12510414553389845","0.12510414553389845","0.12510414553389845"
"25665","0.17641756599224373","0.17641756599224373","0.17641756599224373"
"25667","0.10252907113943222","0.10252907113943222","0.10252907113943222"
"25677","0.16211072507548874","0.16211072507548874","0.16211072507548874"
"25683","0.11609627973796104","0.11609627973796104","0.11609627973796104"
"25687","0.09713943100714414","0.09713943100714414","0.09713943100714414"
"25691","0.10725302864680135","0.10725302864680135","0.10725302864680135"
"25693","0.14909192182770906","0.14909192182770906","0.14909192182770906"
"25701","0.07627540057820122","0.07627540057820122","0.07627540057820122"
"25709","0.13220206390124548","0.13220206390124548","0.13220206390124548"
"25713","0.14608071340441878","0.14608071340441878","0.14608071340441878"
"25715","0.08870583337724815","0.08870583337724815","0.08870583337724815"
"25721","0.10322365882119586","0.10322365882119586","0.10322365882119586"
"25723","0.12786584090827072","0.12786584090827072","0.12786584090827072"
"25725","0.07393924887774285","0.07393924887774285","0.07393924887774285"
"25727","0.1453823150051456","0.1453823150051456","0.1453823150051456"
"25741","0.09280506398053737","0.09280506398053737","0.09280506398053737"
"25751","0.12796951722228325","0.12796951722228325","0.12796951722228325"
"25755","0.24192833877883776","0.24192833877883776","0.24192833877883776"
"25759","0.2642546817794269","0.2642546817794269","0.2642546817794269"
"25767","0.12850527823170596","0.12850527823170596","0.12850527823170596"
"25779","0.13305958035922508","0.13305958035922508","0.13305958035922508"
"25785","0.1035436286474942","0.1035436286474942","0.1035436286474942"
"25787","0.1348578165371111","0.1348578165371111","0.1348578165371111"
"25789","0.07488001014249601","0.07488001014249601","0.07488001014249601"
"25791","0.0699050142428806","0.0699050142428806","0.0699050142428806"
"25795","0.1780370085034198","0.1780370085034198","0.1780370085034198"
"25797","0.1611492899937217","0.1611492899937217","0.1611492899937217"
"25801","0.0641558322000998","0.0641558322000998","0.0641558322000998"
"25803","0.14083897682550536","0.14083897682550536","0.14083897682550536"
"25813","0.2854311806522384","0.2854311806522384","0.2854311806522384"
"25821","0.13738909279940614","0.13738909279940614","0.13738909279940614"
"25833","0.18718992860584638","0.18718992860584638","0.18718992860584638"
"25841","0.08255162264016462","0.08255162264016462","0.08255162264016462"
"25861","0.07606961036797663","0.07606961036797663","0.07606961036797663"
"25867","0.09343976605739042","0.09343976605739042","0.09343976605739042"
"25871","0.0601215381609607","0.0601215381609607","0.0601215381609607"
"25873","0.11223798512459002","0.11223798512459002","0.11223798512459002"
"25875","0.16888212665143837","0.16888212665143837","0.16888212665143837"
"25883","0.09335691775994678","0.09335691775994678","0.09335691775994678"
"25885","0.19969567077707256","0.19969567077707256","0.19969567077707256"
"25887","0.14606608113496594","0.14606608113496594","0.14606608113496594"
"25889","0.07050811524471474","0.07050811524471474","0.07050811524471474"
"25893","0.04800615591429962","0.04800615591429962","0.04800615591429962"
"25895","0.11846458036767223","0.11846458036767223","0.11846458036767223"
"25907","0.06442503967464344","0.06442503967464344","0.06442503967464344"
"25909","0.08422179540832304","0.08422179540832304","0.08422179540832304"
"25915","0.06796015926309726","0.06796015926309726","0.06796015926309726"
"25923","0.19095202481266835","0.19095202481266835","0.19095202481266835"
"25925","0.18917531359931256","0.18917531359931256","0.18917531359931256"
"25933","0.20106183903709723","0.20106183903709723","0.20106183903709723"
"25937","0.27573578759691547","0.27573578759691547","0.27573578759691547"
"25939","0.10349398062802566","0.10349398062802566","0.10349398062802566"
"25941","0.13112647993827212","0.13112647993827212","0.13112647993827212"
"25945","0.15725884195055526","0.15725884195055526","0.15725884195055526"
"25957","0.10785443174696684","0.10785443174696684","0.10785443174696684"
"25959","0.08965264603453856","0.08965264603453856","0.08965264603453856"
"25961","0.06986002237527222","0.06986002237527222","0.06986002237527222"
"25967","0.17491975651830124","0.17491975651830124","0.17491975651830124"
"25969","0.14414797043110902","0.14414797043110902","0.14414797043110902"
"25971","0.13803114417687182","0.13803114417687182","0.13803114417687182"
"25977","0.12109230025254236","0.12109230025254236","0.12109230025254236"
"25989","0.19646207102688512","0.19646207102688512","0.19646207102688512"
"25995","0.08447887144211588","0.08447887144211588","0.08447887144211588"
"26005","0.1212093201706702","0.1212093201706702","0.1212093201706702"
"26007","0.057912477990322675","0.057912477990322675","0.057912477990322675"
"26011","0.07441592376864309","0.07441592376864309","0.07441592376864309"
"26013","0.08296164743550959","0.08296164743550959","0.08296164743550959"
"26019","0.12394943056740361","0.12394943056740361","0.12394943056740361"
"26021","0.05340723962101299","0.05340723962101299","0.05340723962101299"
"26023","0.21381095251411533","0.21381095251411533","0.21381095251411533"
"26029","0.11136697208513495","0.11136697208513495","0.11136697208513495"
"26033","0.11417553865749623","0.11417553865749623","0.11417553865749623"
"26035","0.25827239661207624","0.25827239661207624","0.25827239661207624"
"26045","0.138093352759438","0.138093352759438","0.138093352759438"
"26049","0.14976819152105467","0.14976819152105467","0.14976819152105467"
"26051","0.1433537822536767","0.1433537822536767","0.1433537822536767"
"26057","0.2243178092304841","0.2243178092304841","0.2243178092304841"
"26063","0.17316879644620126","0.17316879644620126","0.17316879644620126"
"26065","0.07782478167133024","0.07782478167133024","0.07782478167133024"
"26067","0.10955138119434508","0.10955138119434508","0.10955138119434508"
"26077","0.10933144161852187","0.10933144161852187","0.10933144161852187"
"26081","0.11765598589650943","0.11765598589650943","0.11765598589650943"
"26083","0.06494553273219976","0.06494553273219976","0.06494553273219976"
"26087","0.13790562307689425","0.13790562307689425","0.13790562307689425"
"26089","0.11645455430270892","0.11645455430270892","0.11645455430270892"
"26095","0.12388337479164432","0.12388337479164432","0.12388337479164432"
"26097","0.17341047647804228","0.17341047647804228","0.17341047647804228"
"26103","0.12296521413801789","0.12296521413801789","0.12296521413801789"
"26105","0.1269295010227532","0.1269295010227532","0.1269295010227532"
"26109","0.09670793236336808","0.09670793236336808","0.09670793236336808"
"26111","0.06043997294846063","0.06043997294846063","0.06043997294846063"
"26115","0.10870163844529968","0.10870163844529968","0.10870163844529968"
"26119","0.20134732086423093","0.20134732086423093","0.20134732086423093"
"26125","0.16675805526790788","0.16675805526790788","0.16675805526790788"
"26127","0.11019260638462877","0.11019260638462877","0.11019260638462877"
"26129","0.09480271277239498","0.09480271277239498","0.09480271277239498"
"26131","0.10772528282206086","0.10772528282206086","0.10772528282206086"
"26133","0.12144431775441202","0.12144431775441202","0.12144431775441202"
"26135","0.11338855331082215","0.11338855331082215","0.11338855331082215"
"26139","0.135664320642614","0.135664320642614","0.135664320642614"
"26149","0.1120713089572542","0.1120713089572542","0.1120713089572542"
"26157","0.15168953075000505","0.15168953075000505","0.15168953075000505"
"26161","0.08856012932573157","0.08856012932573157","0.08856012932573157"
"26163","0.1174890255051369","0.1174890255051369","0.1174890255051369"
"26171","0.14402639649312898","0.14402639649312898","0.14402639649312898"
"26173","0.09836200324282254","0.09836200324282254","0.09836200324282254"
"26181","0.10034028861961186","0.10034028861961186","0.10034028861961186"
"26189","0.23609469842120673","0.23609469842120673","0.23609469842120673"
"26193","0.23872476481842464","0.23872476481842464","0.23872476481842464"
"26195","0.16114483412778258","0.16114483412778258","0.16114483412778258"
"26205","0.13386521643241361","0.13386521643241361","0.13386521643241361"
"26207","0.16144584535685724","0.16144584535685724","0.16144584535685724"
"26210","0.21220199080413332","0.21220199080413332","0.21220199080413332"
"26220","0.09022464039134477","0.09022464039134477","0.09022464039134477"
"26222","0.24355561929997144","0.24355561929997144","0.24355561929997144"
"26224","0.175053302489574","0.175053302489574","0.175053302489574"
"26228","0.0816059326309153","0.0816059326309153","0.0816059326309153"
"26230","0.07400661820944349","0.07400661820944349","0.07400661820944349"
"26236","0.2020357896157599","0.2020357896157599","0.2020357896157599"
"26240","0.12410445833414711","0.12410445833414711","0.12410445833414711"
"26244","0.156114418095325","0.156114418095325","0.156114418095325"
"26246","0.14990584155049522","0.14990584155049522","0.14990584155049522"
"26248","0.17678690507585457","0.17678690507585457","0.17678690507585457"
"26250","0.09759438462467877","0.09759438462467877","0.09759438462467877"
"26254","0.21292514696110545","0.21292514696110545","0.21292514696110545"
"26258","0.1919278608502219","0.1919278608502219","0.1919278608502219"
"26260","0.15570893783552373","0.15570893783552373","0.15570893783552373"
"26268","0.0749302098537721","0.0749302098537721","0.0749302098537721"
"26284","0.23909544593080923","0.23909544593080923","0.23909544593080923"
"26286","0.16864676364133932","0.16864676364133932","0.16864676364133932"
"26290","0.1390728191233195","0.1390728191233195","0.1390728191233195"
"26296","0.25909575516938543","0.25909575516938543","0.25909575516938543"
"26300","0.10007846462212974","0.10007846462212974","0.10007846462212974"
"26304","0.14051043294033186","0.14051043294033186","0.14051043294033186"
"26310","0.14154458708408427","0.14154458708408427","0.14154458708408427"
"26312","0.21324725421588991","0.21324725421588991","0.21324725421588991"
"26316","0.07127604300350643","0.07127604300350643","0.07127604300350643"
"26326","0.14432464472840784","0.14432464472840784","0.14432464472840784"
"26328","0.08811551832279967","0.08811551832279967","0.08811551832279967"
"26330","0.30039337464501537","0.30039337464501537","0.30039337464501537"
"26338","0.1083833967547967","0.1083833967547967","0.1083833967547967"
"26340","0.24179021490288888","0.24179021490288888","0.24179021490288888"
"26342","0.115564677090302","0.115564677090302","0.115564677090302"
"26344","0.0898837850353109","0.0898837850353109","0.0898837850353109"
"26348","0.10219159062681957","0.10219159062681957","0.10219159062681957"
"26350","0.13031350338958925","0.13031350338958925","0.13031350338958925"
"26352","0.15446236343038172","0.15446236343038172","0.15446236343038172"
"26354","0.09584796416337396","0.09584796416337396","0.09584796416337396"
"26360","0.09937236207333844","0.09937236207333844","0.09937236207333844"
"26372","0.21698239267459699","0.21698239267459699","0.21698239267459699"
"26374","0.14077045282838727","0.14077045282838727","0.14077045282838727"
"26376","0.12253448735586311","0.12253448735586311","0.12253448735586311"
"26380","0.11824363204784429","0.11824363204784429","0.11824363204784429"
"26382","0.27589771577972116","0.27589771577972116","0.27589771577972116"
"26386","0.18285595996754284","0.18285595996754284","0.18285595996754284"
"26390","0.12035482052432886","0.12035482052432886","0.12035482052432886"
"26392","0.12196407272642018","0.12196407272642018","0.12196407272642018"
"26398","0.10250554218079257","0.10250554218079257","0.10250554218079257"
"26408","0.050971513805088416","0.050971513805088416","0.050971513805088416"
"26412","0.14128702680594082","0.14128702680594082","0.14128702680594082"
"26424","0.046712220199704994","0.046712220199704994","0.046712220199704994"
"26426","0.36368573138824223","0.36368573138824223","0.36368573138824223"
"26428","0.12143926012768143","0.12143926012768143","0.12143926012768143"
"26430","0.15354579090439482","0.15354579090439482","0.15354579090439482"
"26432","0.08160217214624138","0.08160217214624138","0.08160217214624138"
"26436","0.16453524439782108","0.16453524439782108","0.16453524439782108"
"26444","0.11305092547949784","0.11305092547949784","0.11305092547949784"
"26446","0.09100842733942588","0.09100842733942588","0.09100842733942588"
"26450","0.18699024365978462","0.18699024365978462","0.18699024365978462"
"26472","0.13735600186839467","0.13735600186839467","0.13735600186839467"
"26474","0.12866733547650006","0.12866733547650006","0.12866733547650006"
"26476","0.18819284579660414","0.18819284579660414","0.18819284579660414"
"26486","0.24140729132369051","0.24140729132369051","0.24140729132369051"
"26490","0.14378841990705815","0.14378841990705815","0.14378841990705815"
"26492","0.0883589321558789","0.0883589321558789","0.0883589321558789"
"26500","0.1545570268818859","0.1545570268818859","0.1545570268818859"
"26502","0.16383871074306858","0.16383871074306858","0.16383871074306858"
"26504","0.06317286098068368","0.06317286098068368","0.06317286098068368"
"26510","0.17999298623447285","0.17999298623447285","0.17999298623447285"
"26516","0.19100383378907174","0.19100383378907174","0.19100383378907174"
"26518","0.11495918616083027","0.11495918616083027","0.11495918616083027"
"26522","0.0950423463206272","0.0950423463206272","0.0950423463206272"
"26528","0.1077676583068274","0.1077676583068274","0.1077676583068274"
"26532","0.2319770129871359","0.2319770129871359","0.2319770129871359"
"26534","0.09461451815730629","0.09461451815730629","0.09461451815730629"
"26542","0.12894281677863217","0.12894281677863217","0.12894281677863217"
"26544","0.2193120479736714","0.2193120479736714","0.2193120479736714"
"26548","0.2812328995698216","0.2812328995698216","0.2812328995698216"
"26550","0.04032285068574397","0.04032285068574397","0.04032285068574397"
"26556","0.16046806545167272","0.16046806545167272","0.16046806545167272"
"26558","0.1922635710977394","0.1922635710977394","0.1922635710977394"
"26562","0.26248824456550424","0.26248824456550424","0.26248824456550424"
"26574","0.22493510469389225","0.22493510469389225","0.22493510469389225"
"26582","0.12911393312636993","0.12911393312636993","0.12911393312636993"
"26584","0.1081388087840103","0.1081388087840103","0.1081388087840103"
"26588","0.13375785212997743","0.13375785212997743","0.13375785212997743"
"26594","0.08977403216255923","0.08977403216255923","0.08977403216255923"
"26604","0.08065663400486191","0.08065663400486191","0.08065663400486191"
"26606","0.1763330593441269","0.1763330593441269","0.1763330593441269"
"26608","0.07545129750918642","0.07545129750918642","0.07545129750918642"
"26610","0.12351456949336762","0.12351456949336762","0.12351456949336762"
"26614","0.14119060997917174","0.14119060997917174","0.14119060997917174"
"26618","0.0911884843852906","0.0911884843852906","0.0911884843852906"
"26622","0.10874899891825557","0.10874899891825557","0.10874899891825557"
"26624","0.13870629702739015","0.13870629702739015","0.13870629702739015"
"26626","0.17497914415640115","0.17497914415640115","0.17497914415640115"
"26632","0.14796092676349698","0.14796092676349698","0.14796092676349698"
"26634","0.16188437002082698","0.16188437002082698","0.16188437002082698"
"26636","0.15148320212852018","0.15148320212852018","0.15148320212852018"
"26640","0.10422820766807002","0.10422820766807002","0.10422820766807002"
"26642","0.0890900939306989","0.0890900939306989","0.0890900939306989"
"26646","0.12428022818640494","0.12428022818640494","0.12428022818640494"
"26648","0.14136194804955204","0.14136194804955204","0.14136194804955204"
"26650","0.11606613722860447","0.11606613722860447","0.11606613722860447"
"26658","0.15757036234431054","0.15757036234431054","0.15757036234431054"
"26662","0.15769441667197898","0.15769441667197898","0.15769441667197898"
"26664","0.11689819148554731","0.11689819148554731","0.11689819148554731"
"26668","0.06374547557226018","0.06374547557226018","0.06374547557226018"
"26670","0.2686655405312223","0.2686655405312223","0.2686655405312223"
"26674","0.11529355226860517","0.11529355226860517","0.11529355226860517"
"26676","0.21757190085913444","0.21757190085913444","0.21757190085913444"
"26684","0.1165951460282122","0.1165951460282122","0.1165951460282122"
"26688","0.22891741259962192","0.22891741259962192","0.22891741259962192"
"26692","0.07493020674647201","0.07493020674647201","0.07493020674647201"
"26698","0.09671182291032501","0.09671182291032501","0.09671182291032501"
"26700","0.132301997328316","0.132301997328316","0.132301997328316"
"26702","0.1432227494507282","0.1432227494507282","0.1432227494507282"
"26704","0.07974440830961917","0.07974440830961917","0.07974440830961917"
"26708","0.16190714458968705","0.16190714458968705","0.16190714458968705"
"26710","0.10021049838030485","0.10021049838030485","0.10021049838030485"
"26718","0.10753534566246023","0.10753534566246023","0.10753534566246023"
"26722","0.1366679710366159","0.1366679710366159","0.1366679710366159"
"26724","0.2281184861807817","0.2281184861807817","0.2281184861807817"
"26726","0.13559215817129217","0.13559215817129217","0.13559215817129217"
"26732","0.08468777217064649","0.08468777217064649","0.08468777217064649"
"26736","0.06864621744183487","0.06864621744183487","0.06864621744183487"
"26742","0.13167419401765557","0.13167419401765557","0.13167419401765557"
"26746","0.1418384674905619","0.1418384674905619","0.1418384674905619"
"26758","0.16534688559518415","0.16534688559518415","0.16534688559518415"
"26762","0.10106521603208521","0.10106521603208521","0.10106521603208521"
"26764","0.054190781082598165","0.054190781082598165","0.054190781082598165"
"26766","0.23097899092622295","0.23097899092622295","0.23097899092622295"
"26768","0.0691237830538662","0.0691237830538662","0.0691237830538662"
"26770","0.14626334999563848","0.14626334999563848","0.14626334999563848"
"26778","0.16386436805527468","0.16386436805527468","0.16386436805527468"
"26780","0.18139853803619618","0.18139853803619618","0.18139853803619618"
"26786","0.1412992341185154","0.1412992341185154","0.1412992341185154"
"26790","0.18258748348411244","0.18258748348411244","0.18258748348411244"
"26796","0.18235589780443032","0.18235589780443032","0.18235589780443032"
"26800","0.09663899846662555","0.09663899846662555","0.09663899846662555"
"26804","0.1333181977684119","0.1333181977684119","0.1333181977684119"
"26814","0.17577913071096582","0.17577913071096582","0.17577913071096582"
"26816","0.13403414116202877","0.13403414116202877","0.13403414116202877"
"26824","0.11314984625684953","0.11314984625684953","0.11314984625684953"
"26826","0.13753539464296574","0.13753539464296574","0.13753539464296574"
"26828","0.1694445922535849","0.1694445922535849","0.1694445922535849"
"26832","0.16497707331385444","0.16497707331385444","0.16497707331385444"
"26838","0.07860991073870167","0.07860991073870167","0.07860991073870167"
"26848","0.0992172273008392","0.0992172273008392","0.0992172273008392"
"26862","0.12355390037095339","0.12355390037095339","0.12355390037095339"
"26872","0.10449968293303889","0.10449968293303889","0.10449968293303889"
"26878","0.16983861637340977","0.16983861637340977","0.16983861637340977"
"26886","0.1970483886803386","0.1970483886803386","0.1970483886803386"
"26894","0.1273310318546096","0.1273310318546096","0.1273310318546096"
"26902","0.082263928755456","0.082263928755456","0.082263928755456"
"26904","0.15031087296531237","0.15031087296531237","0.15031087296531237"
"26906","0.09121804669139442","0.09121804669139442","0.09121804669139442"
"26908","0.1707434087311221","0.1707434087311221","0.1707434087311221"
"26914","0.2423007454213993","0.2423007454213993","0.2423007454213993"
"26916","0.12356619388454866","0.12356619388454866","0.12356619388454866"
"26920","0.12080168881765403","0.12080168881765403","0.12080168881765403"
"26932","0.071944114377661","0.071944114377661","0.071944114377661"
"26934","0.09077259060994601","0.09077259060994601","0.09077259060994601"
"26938","0.20084886636919771","0.20084886636919771","0.20084886636919771"
"26940","0.08398468549804067","0.08398468549804067","0.08398468549804067"
"26944","0.13006884653490106","0.13006884653490106","0.13006884653490106"
"26946","0.1126352338459847","0.1126352338459847","0.1126352338459847"
"26950","0.11000254810969066","0.11000254810969066","0.11000254810969066"
"26952","0.31117047969688216","0.31117047969688216","0.31117047969688216"
"26954","0.19817794736121594","0.19817794736121594","0.19817794736121594"
"26958","0.1257309108013719","0.1257309108013719","0.1257309108013719"
"26962","0.12536096608334824","0.12536096608334824","0.12536096608334824"
"26964","0.08100405225985746","0.08100405225985746","0.08100405225985746"
"26966","0.09894533030091497","0.09894533030091497","0.09894533030091497"
"26972","0.2573128685085724","0.2573128685085724","0.2573128685085724"
"26974","0.0773292577295978","0.0773292577295978","0.0773292577295978"
"26978","0.1061217263012238","0.1061217263012238","0.1061217263012238"
"26980","0.2078340279033616","0.2078340279033616","0.2078340279033616"
"26982","0.13884847437110062","0.13884847437110062","0.13884847437110062"
"26986","0.0810618024024344","0.0810618024024344","0.0810618024024344"
"26988","0.16346447807685152","0.16346447807685152","0.16346447807685152"
"26990","0.1421037123161643","0.1421037123161643","0.1421037123161643"
"27002","0.050786641641640116","0.050786641641640116","0.050786641641640116"
"27004","0.16095482214508866","0.16095482214508866","0.16095482214508866"
"27006","0.10521262470155034","0.10521262470155034","0.10521262470155034"
"27008","0.12340665247719444","0.12340665247719444","0.12340665247719444"
"27014","0.10521207588765667","0.10521207588765667","0.10521207588765667"
"27020","0.22893462119191757","0.22893462119191757","0.22893462119191757"
"27024","0.08825000298563544","0.08825000298563544","0.08825000298563544"
"27028","0.09333092184105515","0.09333092184105515","0.09333092184105515"
"27030","0.10214754928436104","0.10214754928436104","0.10214754928436104"
"27036","0.11608092865540769","0.11608092865540769","0.11608092865540769"
"27040","0.11448548529981903","0.11448548529981903","0.11448548529981903"
"27042","0.057563085532860415","0.057563085532860415","0.057563085532860415"
"27050","0.10266880274367399","0.10266880274367399","0.10266880274367399"
"27052","0.10770190758724774","0.10770190758724774","0.10770190758724774"
"27054","0.15846699619733212","0.15846699619733212","0.15846699619733212"
"27056","0.16393390224979598","0.16393390224979598","0.16393390224979598"
"27062","0.12262463405148169","0.12262463405148169","0.12262463405148169"
"27064","0.11961119384429197","0.11961119384429197","0.11961119384429197"
"27066","0.09255519595070517","0.09255519595070517","0.09255519595070517"
"27072","0.09754796700551492","0.09754796700551492","0.09754796700551492"
"27078","0.12686858663651332","0.12686858663651332","0.12686858663651332"
"27080","0.19137728724990924","0.19137728724990924","0.19137728724990924"
"27084","0.08342644368633112","0.08342644368633112","0.08342644368633112"
"27092","0.10303919394080734","0.10303919394080734","0.10303919394080734"
"27100","0.09183376666658827","0.09183376666658827","0.09183376666658827"
"27102","0.057020908554679346","0.057020908554679346","0.057020908554679346"
"27104","0.13159205165972843","0.13159205165972843","0.13159205165972843"
"27106","0.1109598661093155","0.1109598661093155","0.1109598661093155"
"27112","0.05901961931518351","0.05901961931518351","0.05901961931518351"
"27116","0.1876085086604576","0.1876085086604576","0.1876085086604576"
"27120","0.08485127913980293","0.08485127913980293","0.08485127913980293"
"27122","0.13996272966162143","0.13996272966162143","0.13996272966162143"
"27128","0.11432354821166112","0.11432354821166112","0.11432354821166112"
"27130","0.13934719165368137","0.13934719165368137","0.13934719165368137"
"27132","0.10507795996812531","0.10507795996812531","0.10507795996812531"
"27134","0.11109414525773224","0.11109414525773224","0.11109414525773224"
"27140","0.09932384988202683","0.09932384988202683","0.09932384988202683"
"27142","0.1365176151873246","0.1365176151873246","0.1365176151873246"
"27146","0.07787697881041354","0.07787697881041354","0.07787697881041354"
"27148","0.14983974230660507","0.14983974230660507","0.14983974230660507"
"27152","0.24371170513400872","0.24371170513400872","0.24371170513400872"
"27154","0.14306168011354997","0.14306168011354997","0.14306168011354997"
"27156","0.12442323869434296","0.12442323869434296","0.12442323869434296"
"27160","0.11702950874199551","0.11702950874199551","0.11702950874199551"
"27164","0.11076327128256425","0.11076327128256425","0.11076327128256425"
"27166","0.10426450148356861","0.10426450148356861","0.10426450148356861"
"27174","0.13735615781649133","0.13735615781649133","0.13735615781649133"
"27176","0.1413377277049397","0.1413377277049397","0.1413377277049397"
"27178","0.15703297182344295","0.15703297182344295","0.15703297182344295"
"27180","0.08189811290675551","0.08189811290675551","0.08189811290675551"
"27182","0.11590610723057293","0.11590610723057293","0.11590610723057293"
"27190","0.1085533375637241","0.1085533375637241","0.1085533375637241"
"27201","0.19145583464189192","0.19145583464189192","0.19145583464189192"
"27203","0.06339621594051141","0.06339621594051141","0.06339621594051141"
"27205","0.11220109972037677","0.11220109972037677","0.11220109972037677"
"27209","0.1565814079927952","0.1565814079927952","0.1565814079927952"
"27215","0.13864336929692053","0.13864336929692053","0.13864336929692053"
"27221","0.12300337294934464","0.12300337294934464","0.12300337294934464"
"27223","0.07176055841689873","0.07176055841689873","0.07176055841689873"
"27227","0.2543725060942897","0.2543725060942897","0.2543725060942897"
"27235","0.06953706917896732","0.06953706917896732","0.06953706917896732"
"27237","0.1606321590958167","0.1606321590958167","0.1606321590958167"
"27241","0.06902026460065724","0.06902026460065724","0.06902026460065724"
"27249","0.1450917099655848","0.1450917099655848","0.1450917099655848"
"27257","0.04848259261263774","0.04848259261263774","0.04848259261263774"
"27261","0.08369448443597534","0.08369448443597534","0.08369448443597534"
"27263","0.06422365042860888","0.06422365042860888","0.06422365042860888"
"27265","0.10450851455478902","0.10450851455478902","0.10450851455478902"
"27269","0.13965794724316338","0.13965794724316338","0.13965794724316338"
"27277","0.2173700745338789","0.2173700745338789","0.2173700745338789"
"27281","0.0810408465506155","0.0810408465506155","0.0810408465506155"
"27283","0.05898387100307559","0.05898387100307559","0.05898387100307559"
"27285","0.12787206094427603","0.12787206094427603","0.12787206094427603"
"27289","0.3018757117600669","0.3018757117600669","0.3018757117600669"
"27291","0.11060127766351492","0.11060127766351492","0.11060127766351492"
"27301","0.13181102658619923","0.13181102658619923","0.13181102658619923"
"27303","0.11983218924354712","0.11983218924354712","0.11983218924354712"
"27307","0.15237708827348817","0.15237708827348817","0.15237708827348817"
"27315","0.25422689292353795","0.25422689292353795","0.25422689292353795"
"27323","0.1077688076798753","0.1077688076798753","0.1077688076798753"
"27329","0.07805411878444873","0.07805411878444873","0.07805411878444873"
"27331","0.2054186491567521","0.2054186491567521","0.2054186491567521"
"27345","0.22474961256602738","0.22474961256602738","0.22474961256602738"
"27347","0.09853788566778825","0.09853788566778825","0.09853788566778825"
"27351","0.09152592075608149","0.09152592075608149","0.09152592075608149"
"27353","0.06028753351601241","0.06028753351601241","0.06028753351601241"
"27355","0.1165734535151009","0.1165734535151009","0.1165734535151009"
"27359","0.09327778503078434","0.09327778503078434","0.09327778503078434"
"27361","0.2266508291972418","0.2266508291972418","0.2266508291972418"
"27363","0.20399155458389606","0.20399155458389606","0.20399155458389606"
"27367","0.11533325608109403","0.11533325608109403","0.11533325608109403"
"27369","0.08140591565043344","0.08140591565043344","0.08140591565043344"
"27373","0.10566738638171469","0.10566738638171469","0.10566738638171469"
"27377","0.05670419775599003","0.05670419775599003","0.05670419775599003"
"27389","0.12036391249661901","0.12036391249661901","0.12036391249661901"
"27395","0.13530772133553698","0.13530772133553698","0.13530772133553698"
"27405","0.059886005967172945","0.059886005967172945","0.059886005967172945"
"27413","0.1255055426811749","0.1255055426811749","0.1255055426811749"
"27419","0.11267558095341901","0.11267558095341901","0.11267558095341901"
"27423","0.13611802550340724","0.13611802550340724","0.13611802550340724"
"27425","0.21445699038609128","0.21445699038609128","0.21445699038609128"
"27433","0.1256935874445499","0.1256935874445499","0.1256935874445499"
"27435","0.09499495620733507","0.09499495620733507","0.09499495620733507"
"27441","0.15515796998483386","0.15515796998483386","0.15515796998483386"
"27445","0.07620762328503987","0.07620762328503987","0.07620762328503987"
"27457","0.10357710524077313","0.10357710524077313","0.10357710524077313"
"27459","0.18190113992399395","0.18190113992399395","0.18190113992399395"
"27465","0.15629563857175546","0.15629563857175546","0.15629563857175546"
"27481","0.22100434804108604","0.22100434804108604","0.22100434804108604"
"27483","0.1192591577823255","0.1192591577823255","0.1192591577823255"
"27485","0.22358818108576534","0.22358818108576534","0.22358818108576534"
"27491","0.08723566208989458","0.08723566208989458","0.08723566208989458"
"27493","0.10997763722046301","0.10997763722046301","0.10997763722046301"
"27499","0.15086346766423628","0.15086346766423628","0.15086346766423628"
"27503","0.11985375429743704","0.11985375429743704","0.11985375429743704"
"27505","0.16698442965328406","0.16698442965328406","0.16698442965328406"
"27511","0.14671759794877776","0.14671759794877776","0.14671759794877776"
"27513","0.14661555456468817","0.14661555456468817","0.14661555456468817"
"27521","0.13366623969715416","0.13366623969715416","0.13366623969715416"
"27525","0.2005010363892099","0.2005010363892099","0.2005010363892099"
"27537","0.13704754937992958","0.13704754937992958","0.13704754937992958"
"27539","0.10375644454128966","0.10375644454128966","0.10375644454128966"
"27541","0.1122918245993278","0.1122918245993278","0.1122918245993278"
"27549","0.1431247279839242","0.1431247279839242","0.1431247279839242"
"27563","0.03837824789361013","0.03837824789361013","0.03837824789361013"
"27579","0.1368657411857854","0.1368657411857854","0.1368657411857854"
"27581","0.10246199027395747","0.10246199027395747","0.10246199027395747"
"27589","0.2145342678544061","0.2145342678544061","0.2145342678544061"
"27593","0.1387837388606362","0.1387837388606362","0.1387837388606362"
"27599","0.1671168436501","0.1671168436501","0.1671168436501"
"27607","0.20704826249093927","0.20704826249093927","0.20704826249093927"
"27629","0.08221192274905256","0.08221192274905256","0.08221192274905256"
"27631","0.16482219329106607","0.16482219329106607","0.16482219329106607"
"27633","0.08423443649047747","0.08423443649047747","0.08423443649047747"
"27637","0.10223004234259728","0.10223004234259728","0.10223004234259728"
"27639","0.05754342449148372","0.05754342449148372","0.05754342449148372"
"27653","0.18219385701992566","0.18219385701992566","0.18219385701992566"
"27655","0.09687921376446967","0.09687921376446967","0.09687921376446967"
"27661","0.09300647378957005","0.09300647378957005","0.09300647378957005"
"27671","0.12357523799407771","0.12357523799407771","0.12357523799407771"
"27673","0.12497338369239647","0.12497338369239647","0.12497338369239647"
"27677","0.15533185855487025","0.15533185855487025","0.15533185855487025"
"27687","0.04980585386743048","0.04980585386743048","0.04980585386743048"
"27691","0.11193439139230217","0.11193439139230217","0.11193439139230217"
"27693","0.029614508848706592","0.029614508848706592","0.029614508848706592"
"27697","0.12834690579049465","0.12834690579049465","0.12834690579049465"
"27699","0.10814013506824247","0.10814013506824247","0.10814013506824247"
"27709","0.03645019231031013","0.03645019231031013","0.03645019231031013"
"27711","0.15098822130437878","0.15098822130437878","0.15098822130437878"
"27713","0.21304355168312236","0.21304355168312236","0.21304355168312236"
"27717","0.14762431056615066","0.14762431056615066","0.14762431056615066"
"27719","0.22370670380540322","0.22370670380540322","0.22370670380540322"
"27721","0.2156565463444512","0.2156565463444512","0.2156565463444512"
"27725","0.11305149390559273","0.11305149390559273","0.11305149390559273"
"27727","0.22050353959220378","0.22050353959220378","0.22050353959220378"
"27735","0.14948791972284112","0.14948791972284112","0.14948791972284112"
"27737","0.11521156537878259","0.11521156537878259","0.11521156537878259"
"27739","0.11909102361036245","0.11909102361036245","0.11909102361036245"
"27749","0.10816962777144905","0.10816962777144905","0.10816962777144905"
"27751","0.10595040366544602","0.10595040366544602","0.10595040366544602"
"27759","0.09149529753487046","0.09149529753487046","0.09149529753487046"
"27761","0.11350989287226","0.11350989287226","0.11350989287226"
"27765","0.09771336792451452","0.09771336792451452","0.09771336792451452"
"27777","0.15779726337302344","0.15779726337302344","0.15779726337302344"
"27783","0.12403258342511524","0.12403258342511524","0.12403258342511524"
"27785","0.08297529144506023","0.08297529144506023","0.08297529144506023"
"27791","0.07938673279059241","0.07938673279059241","0.07938673279059241"
"27803","0.13629817305706268","0.13629817305706268","0.13629817305706268"
"27805","0.17141876573170678","0.17141876573170678","0.17141876573170678"
"27809","0.1563702001765061","0.1563702001765061","0.1563702001765061"
"27825","0.11434376980092517","0.11434376980092517","0.11434376980092517"
"27829","0.16586843585341032","0.16586843585341032","0.16586843585341032"
"27831","0.10199149476703276","0.10199149476703276","0.10199149476703276"
"27845","0.167889265726799","0.167889265726799","0.167889265726799"
"27859","0.06306413031494293","0.06306413031494293","0.06306413031494293"
"27871","0.07682266141019323","0.07682266141019323","0.07682266141019323"
"27873","0.14146310021772918","0.14146310021772918","0.14146310021772918"
"27883","0.25341122127656857","0.25341122127656857","0.25341122127656857"
"27893","0.1266270337586357","0.1266270337586357","0.1266270337586357"
"27897","0.07963758920463376","0.07963758920463376","0.07963758920463376"
"27901","0.12087664061047358","0.12087664061047358","0.12087664061047358"
"27907","0.08105225731757008","0.08105225731757008","0.08105225731757008"
"27915","0.1292014642983091","0.1292014642983091","0.1292014642983091"
"27917","0.14810851306143322","0.14810851306143322","0.14810851306143322"
"27919","0.14005767773025599","0.14005767773025599","0.14005767773025599"
"27923","0.10754519233456919","0.10754519233456919","0.10754519233456919"
"27925","0.12230405934652833","0.12230405934652833","0.12230405934652833"
"27931","0.14912515645966232","0.14912515645966232","0.14912515645966232"
"27943","0.12483184277251407","0.12483184277251407","0.12483184277251407"
"27947","0.17474674351363437","0.17474674351363437","0.17474674351363437"
"27951","0.10583225497578119","0.10583225497578119","0.10583225497578119"
"27953","0.13680733807917192","0.13680733807917192","0.13680733807917192"
"27965","0.08925873570204745","0.08925873570204745","0.08925873570204745"
"27971","0.12652522379976555","0.12652522379976555","0.12652522379976555"
"27973","0.11050967476854318","0.11050967476854318","0.11050967476854318"
"27977","0.11540889052405336","0.11540889052405336","0.11540889052405336"
"27981","0.14148437649554668","0.14148437649554668","0.14148437649554668"
"27983","0.07113682154796283","0.07113682154796283","0.07113682154796283"
"27987","0.09763075495753684","0.09763075495753684","0.09763075495753684"
"27995","0.06887160892325264","0.06887160892325264","0.06887160892325264"
"27997","0.1595238668207233","0.1595238668207233","0.1595238668207233"
"27999","0.11423875372624762","0.11423875372624762","0.11423875372624762"
"28015","0.26568928109063095","0.26568928109063095","0.26568928109063095"
"28019","0.14941861264150744","0.14941861264150744","0.14941861264150744"
"28025","0.08824142279257707","0.08824142279257707","0.08824142279257707"
"28027","0.1753054537351567","0.1753054537351567","0.1753054537351567"
"28029","0.09575704106843874","0.09575704106843874","0.09575704106843874"
"28031","0.1106345085459593","0.1106345085459593","0.1106345085459593"
"28041","0.15785299810725742","0.15785299810725742","0.15785299810725742"
"28043","0.12303545308461068","0.12303545308461068","0.12303545308461068"
"28045","0.14057834169091915","0.14057834169091915","0.14057834169091915"
"28047","0.05522015989610693","0.05522015989610693","0.05522015989610693"
"28061","0.29115214122064775","0.29115214122064775","0.29115214122064775"
"28063","0.054691244320751994","0.054691244320751994","0.054691244320751994"
"28065","0.12405279893324646","0.12405279893324646","0.12405279893324646"
"28079","0.1763789822509391","0.1763789822509391","0.1763789822509391"
"28081","0.20947712002068505","0.20947712002068505","0.20947712002068505"
"28085","0.13390136794423532","0.13390136794423532","0.13390136794423532"
"28087","0.08675942165268526","0.08675942165268526","0.08675942165268526"
"28095","0.13241092192101006","0.13241092192101006","0.13241092192101006"
"28097","0.07049703555287314","0.07049703555287314","0.07049703555287314"
"28101","0.1104818140867917","0.1104818140867917","0.1104818140867917"
"28111","0.18469636639259296","0.18469636639259296","0.18469636639259296"
"28115","0.10982152357191481","0.10982152357191481","0.10982152357191481"
"28117","0.11142778954798174","0.11142778954798174","0.11142778954798174"
"28123","0.15528197834829036","0.15528197834829036","0.15528197834829036"
"28127","0.03998254066208507","0.03998254066208507","0.03998254066208507"
"28129","0.1549601182754898","0.1549601182754898","0.1549601182754898"
"28133","0.10583060496516725","0.10583060496516725","0.10583060496516725"
"28137","0.13974418558861282","0.13974418558861282","0.13974418558861282"
"28145","0.13516826879391258","0.13516826879391258","0.13516826879391258"
"28153","0.11419002853505653","0.11419002853505653","0.11419002853505653"
"28157","0.1034058582682379","0.1034058582682379","0.1034058582682379"
"28159","0.1394261745515413","0.1394261745515413","0.1394261745515413"
"28161","0.08326773060502002","0.08326773060502002","0.08326773060502002"
"28163","0.14427543244335903","0.14427543244335903","0.14427543244335903"
"28165","0.1280121719367695","0.1280121719367695","0.1280121719367695"
"28177","0.1882726920624516","0.1882726920624516","0.1882726920624516"
"28183","0.09604037477233976","0.09604037477233976","0.09604037477233976"
"28185","0.08614785556089856","0.08614785556089856","0.08614785556089856"
"28188","0.10677244070828078","0.10677244070828078","0.10677244070828078"
"28190","0.1588720086245293","0.1588720086245293","0.1588720086245293"
"28194","0.11458468752479843","0.11458468752479843","0.11458468752479843"
"28200","0.09974911648764162","0.09974911648764162","0.09974911648764162"
"28202","0.12045061154253842","0.12045061154253842","0.12045061154253842"
"28204","0.1543880869071231","0.1543880869071231","0.1543880869071231"
"28210","0.1268639177734614","0.1268639177734614","0.1268639177734614"
"28212","0.1385237883622047","0.1385237883622047","0.1385237883622047"
"28214","0.24626346821188744","0.24626346821188744","0.24626346821188744"
"28216","0.18293178204435576","0.18293178204435576","0.18293178204435576"
"28218","0.07198367662051701","0.07198367662051701","0.07198367662051701"
"28222","0.07169419942093434","0.07169419942093434","0.07169419942093434"
"28228","0.15004753015405548","0.15004753015405548","0.15004753015405548"
"28232","0.1051795889715059","0.1051795889715059","0.1051795889715059"
"28240","0.1228954882547673","0.1228954882547673","0.1228954882547673"
"28252","0.12623204340801805","0.12623204340801805","0.12623204340801805"
"28254","0.11910268304484752","0.11910268304484752","0.11910268304484752"
"28256","0.10831994574230572","0.10831994574230572","0.10831994574230572"
"28258","0.17401637909657236","0.17401637909657236","0.17401637909657236"
"28260","0.11997467596472748","0.11997467596472748","0.11997467596472748"
"28262","0.18268283133360222","0.18268283133360222","0.18268283133360222"
"28268","0.07572143285578256","0.07572143285578256","0.07572143285578256"
"28272","0.23280384828505918","0.23280384828505918","0.23280384828505918"
"28278","0.061782145384434675","0.061782145384434675","0.061782145384434675"
"28288","0.14803750957165912","0.14803750957165912","0.14803750957165912"
"28290","0.18396684599549312","0.18396684599549312","0.18396684599549312"
"28296","0.12284407479129962","0.12284407479129962","0.12284407479129962"
"28302","0.1761009699535356","0.1761009699535356","0.1761009699535356"
"28304","0.05921660812261284","0.05921660812261284","0.05921660812261284"
"28306","0.14039066446311196","0.14039066446311196","0.14039066446311196"
"28310","0.11475811347503845","0.11475811347503845","0.11475811347503845"
"28312","0.13345723873855314","0.13345723873855314","0.13345723873855314"
"28316","0.1377252181022871","0.1377252181022871","0.1377252181022871"
"28320","0.2051802517141999","0.2051802517141999","0.2051802517141999"
"28326","0.10352719440225615","0.10352719440225615","0.10352719440225615"
"28330","0.1046805333196509","0.1046805333196509","0.1046805333196509"
"28334","0.056210906132788056","0.056210906132788056","0.056210906132788056"
"28336","0.1067767800636687","0.1067767800636687","0.1067767800636687"
"28338","0.1415444949680906","0.1415444949680906","0.1415444949680906"
"28344","0.12814374298146292","0.12814374298146292","0.12814374298146292"
"28352","0.1739673592649073","0.1739673592649073","0.1739673592649073"
"28354","0.04655847873700743","0.04655847873700743","0.04655847873700743"
"28364","0.12683916111906593","0.12683916111906593","0.12683916111906593"
"28368","0.04662585855801249","0.04662585855801249","0.04662585855801249"
"28370","0.12033829071997265","0.12033829071997265","0.12033829071997265"
"28378","0.13380013023318096","0.13380013023318096","0.13380013023318096"
"28380","0.05956280184128425","0.05956280184128425","0.05956280184128425"
"28384","0.2153311748876865","0.2153311748876865","0.2153311748876865"
"28392","0.08602231078102465","0.08602231078102465","0.08602231078102465"
"28394","0.06736126499913576","0.06736126499913576","0.06736126499913576"
"28400","0.050419525519524874","0.050419525519524874","0.050419525519524874"
"28402","0.14125931914780146","0.14125931914780146","0.14125931914780146"
"28412","0.10898380911758794","0.10898380911758794","0.10898380911758794"
"28414","0.06881516278257493","0.06881516278257493","0.06881516278257493"
"28416","0.07168692453526747","0.07168692453526747","0.07168692453526747"
"28418","0.07421735398334844","0.07421735398334844","0.07421735398334844"
"28432","0.08648683255881277","0.08648683255881277","0.08648683255881277"
"28434","0.07523660950100443","0.07523660950100443","0.07523660950100443"
"28440","0.12297283700212537","0.12297283700212537","0.12297283700212537"
"28442","0.1387533029386526","0.1387533029386526","0.1387533029386526"
"28444","0.21090418941131586","0.21090418941131586","0.21090418941131586"
"28456","0.16324809572838378","0.16324809572838378","0.16324809572838378"
"28458","0.12350117363014948","0.12350117363014948","0.12350117363014948"
"28462","0.274558494271196","0.274558494271196","0.274558494271196"
"28468","0.2096857352118553","0.2096857352118553","0.2096857352118553"
"28474","0.09306606020467816","0.09306606020467816","0.09306606020467816"
"28480","0.06465115253359897","0.06465115253359897","0.06465115253359897"
"28484","0.06711749002798993","0.06711749002798993","0.06711749002798993"
"28488","0.11170960202143478","0.11170960202143478","0.11170960202143478"
"28492","0.061971099195567515","0.061971099195567515","0.061971099195567515"
"28494","0.09724118239670282","0.09724118239670282","0.09724118239670282"
"28516","0.3205048634767125","0.3205048634767125","0.3205048634767125"
"28520","0.1255584105228703","0.1255584105228703","0.1255584105228703"
"28522","0.3277102528584779","0.3277102528584779","0.3277102528584779"
"28530","0.13206455752976515","0.13206455752976515","0.13206455752976515"
"28534","0.21779829148589236","0.21779829148589236","0.21779829148589236"
"28536","0.12421274380588472","0.12421274380588472","0.12421274380588472"
"28540","0.07340013639098938","0.07340013639098938","0.07340013639098938"
"28550","0.11857911978382381","0.11857911978382381","0.11857911978382381"
"28554","0.1950288620399035","0.1950288620399035","0.1950288620399035"
"28560","0.1785016841161177","0.1785016841161177","0.1785016841161177"
"28562","0.10964239167008795","0.10964239167008795","0.10964239167008795"
"28580","0.15577615174777026","0.15577615174777026","0.15577615174777026"
"28582","0.12942640523777663","0.12942640523777663","0.12942640523777663"
"28584","0.16586569018027483","0.16586569018027483","0.16586569018027483"
"28586","0.11357888222826514","0.11357888222826514","0.11357888222826514"
"28588","0.16173258620887027","0.16173258620887027","0.16173258620887027"
"28590","0.07635248608558975","0.07635248608558975","0.07635248608558975"
"28592","0.10496836747795107","0.10496836747795107","0.10496836747795107"
"28594","0.22500731005979596","0.22500731005979596","0.22500731005979596"
"28602","0.09742796441405806","0.09742796441405806","0.09742796441405806"
"28612","0.08130240790473198","0.08130240790473198","0.08130240790473198"
"28614","0.2060231550776796","0.2060231550776796","0.2060231550776796"
"28618","0.23669265187742994","0.23669265187742994","0.23669265187742994"
"28622","0.11491542253461645","0.11491542253461645","0.11491542253461645"
"28624","0.09479446042401353","0.09479446042401353","0.09479446042401353"
"28626","0.09672212151118878","0.09672212151118878","0.09672212151118878"
"28630","0.12372635757011163","0.12372635757011163","0.12372635757011163"
"28634","0.1720794415514932","0.1720794415514932","0.1720794415514932"
"28638","0.08477558822353938","0.08477558822353938","0.08477558822353938"
"28640","0.13760382406301344","0.13760382406301344","0.13760382406301344"
"28642","0.18356288488137948","0.18356288488137948","0.18356288488137948"
"28648","0.15752148068304314","0.15752148068304314","0.15752148068304314"
"28664","0.08923566322218382","0.08923566322218382","0.08923566322218382"
"28666","0.07067005651324275","0.07067005651324275","0.07067005651324275"
"28668","0.17785442406128305","0.17785442406128305","0.17785442406128305"
"28672","0.09619790747500825","0.09619790747500825","0.09619790747500825"
"28682","0.18117636138375054","0.18117636138375054","0.18117636138375054"
"28690","0.09862653315734016","0.09862653315734016","0.09862653315734016"
"28692","0.19707172608790105","0.19707172608790105","0.19707172608790105"
"28702","0.08791988733382682","0.08791988733382682","0.08791988733382682"
"28704","0.14015927282792634","0.14015927282792634","0.14015927282792634"
"28708","0.17991795481338038","0.17991795481338038","0.17991795481338038"
"28712","0.14582017998187352","0.14582017998187352","0.14582017998187352"
"28714","0.1137609560440264","0.1137609560440264","0.1137609560440264"
"28716","0.16695729945296406","0.16695729945296406","0.16695729945296406"
"28718","0.18134147867702816","0.18134147867702816","0.18134147867702816"
"28722","0.1420998848320013","0.1420998848320013","0.1420998848320013"
"28726","0.14679946707304295","0.14679946707304295","0.14679946707304295"
"28746","0.09711924726001836","0.09711924726001836","0.09711924726001836"
"28748","0.1348986038699201","0.1348986038699201","0.1348986038699201"
"28762","0.09571494788496696","0.09571494788496696","0.09571494788496696"
"28768","0.1487583782937967","0.1487583782937967","0.1487583782937967"
"28770","0.08823101040461127","0.08823101040461127","0.08823101040461127"
"28778","0.16079540182989563","0.16079540182989563","0.16079540182989563"
"28784","0.07709045585329394","0.07709045585329394","0.07709045585329394"
"28788","0.28642315504064736","0.28642315504064736","0.28642315504064736"
"28790","0.28919679512022906","0.28919679512022906","0.28919679512022906"
"28794","0.12156777508967274","0.12156777508967274","0.12156777508967274"
"28798","0.05224067891662311","0.05224067891662311","0.05224067891662311"
"28804","0.21225577372638527","0.21225577372638527","0.21225577372638527"
"28808","0.08157030949255999","0.08157030949255999","0.08157030949255999"
"28812","0.12067177143090009","0.12067177143090009","0.12067177143090009"
"28818","0.14733357013070955","0.14733357013070955","0.14733357013070955"
"28826","0.03784719859301367","0.03784719859301367","0.03784719859301367"
"28828","0.1537527315936079","0.1537527315936079","0.1537527315936079"
"28834","0.19130728557114085","0.19130728557114085","0.19130728557114085"
"28838","0.0806162506584743","0.0806162506584743","0.0806162506584743"
"28840","0.26208100940015655","0.26208100940015655","0.26208100940015655"
"28852","0.13823948191646537","0.13823948191646537","0.13823948191646537"
"28858","0.1136900415356646","0.1136900415356646","0.1136900415356646"
"28866","0.08766360899265095","0.08766360899265095","0.08766360899265095"
"28874","0.11634670068906529","0.11634670068906529","0.11634670068906529"
"28878","0.15431067248112415","0.15431067248112415","0.15431067248112415"
"28888","0.1532804838311104","0.1532804838311104","0.1532804838311104"
"28902","0.1568324439014763","0.1568324439014763","0.1568324439014763"
"28904","0.07631783378454261","0.07631783378454261","0.07631783378454261"
"28908","0.13091713783425027","0.13091713783425027","0.13091713783425027"
"28912","0.09421081340315658","0.09421081340315658","0.09421081340315658"
"28914","0.12165307646437869","0.12165307646437869","0.12165307646437869"
"28922","0.29030758536360046","0.29030758536360046","0.29030758536360046"
"28926","0.07492768046885248","0.07492768046885248","0.07492768046885248"
"28928","0.06905676152264877","0.06905676152264877","0.06905676152264877"
"28932","0.09956552437860146","0.09956552437860146","0.09956552437860146"
"28938","0.09615393940068272","0.09615393940068272","0.09615393940068272"
"28942","0.11046748275920255","0.11046748275920255","0.11046748275920255"
"28944","0.07381932481158898","0.07381932481158898","0.07381932481158898"
"28950","0.07019040978472883","0.07019040978472883","0.07019040978472883"
"28952","0.13730625216812117","0.13730625216812117","0.13730625216812117"
"28954","0.14856361377388436","0.14856361377388436","0.14856361377388436"
"28956","0.0733693195697781","0.0733693195697781","0.0733693195697781"
"28970","0.09381448991280135","0.09381448991280135","0.09381448991280135"
"28972","0.06417208506970311","0.06417208506970311","0.06417208506970311"
"28976","0.14708833166127053","0.14708833166127053","0.14708833166127053"
"28984","0.06561426560279618","0.06561426560279618","0.06561426560279618"
"28986","0.07136027815789966","0.07136027815789966","0.07136027815789966"
"28988","0.10300000447208432","0.10300000447208432","0.10300000447208432"
"28992","0.14524275044037732","0.14524275044037732","0.14524275044037732"
"28994","0.06933079955715443","0.06933079955715443","0.06933079955715443"
"28996","0.11226740508503287","0.11226740508503287","0.11226740508503287"
"28998","0.1066952579411841","0.1066952579411841","0.1066952579411841"
"29000","0.11998330385068053","0.11998330385068053","0.11998330385068053"
"29002","0.15746264178319722","0.15746264178319722","0.15746264178319722"
"29004","0.08628525597330272","0.08628525597330272","0.08628525597330272"
"29006","0.14143443274617232","0.14143443274617232","0.14143443274617232"
"29018","0.17729409148563627","0.17729409148563627","0.17729409148563627"
"29024","0.1164789435286384","0.1164789435286384","0.1164789435286384"
"29034","0.14702898511246848","0.14702898511246848","0.14702898511246848"
"29038","0.10730900470060205","0.10730900470060205","0.10730900470060205"
"29040","0.05695472557398557","0.05695472557398557","0.05695472557398557"
"29044","0.13130650354254042","0.13130650354254042","0.13130650354254042"
"29048","0.12468047579959457","0.12468047579959457","0.12468047579959457"
"29052","0.14824338191258632","0.14824338191258632","0.14824338191258632"
"29054","0.11086374604880522","0.11086374604880522","0.11086374604880522"
"29060","0.10945921448697908","0.10945921448697908","0.10945921448697908"
"29062","0.07591317334645166","0.07591317334645166","0.07591317334645166"
"29064","0.08793000822377359","0.08793000822377359","0.08793000822377359"
"29068","0.06187347712473009","0.06187347712473009","0.06187347712473009"
"29070","0.13718021714554549","0.13718021714554549","0.13718021714554549"
"29082","0.11637199685158406","0.11637199685158406","0.11637199685158406"
"29084","0.24138806283828","0.24138806283828","0.24138806283828"
"29088","0.18460486356087585","0.18460486356087585","0.18460486356087585"
"29104","0.2148898162005555","0.2148898162005555","0.2148898162005555"
"29108","0.10527284848503136","0.10527284848503136","0.10527284848503136"
"29110","0.07625593535586056","0.07625593535586056","0.07625593535586056"
"29122","0.23004230550746266","0.23004230550746266","0.23004230550746266"
"29124","0.12317849113743243","0.12317849113743243","0.12317849113743243"
"29132","0.13571290173667439","0.13571290173667439","0.13571290173667439"
"29134","0.15101005508405174","0.15101005508405174","0.15101005508405174"
"29140","0.06190696263444705","0.06190696263444705","0.06190696263444705"
"29142","0.10811543250752748","0.10811543250752748","0.10811543250752748"
"29146","0.05406913525733262","0.05406913525733262","0.05406913525733262"
"29154","0.09731332650994341","0.09731332650994341","0.09731332650994341"
"29160","0.10479934948220404","0.10479934948220404","0.10479934948220404"
"29162","0.07467390709846074","0.07467390709846074","0.07467390709846074"
"29164","0.07117568759567659","0.07117568759567659","0.07117568759567659"
"29170","0.0900098674716065","0.0900098674716065","0.0900098674716065"
"29177","0.10837890259960482","0.10837890259960482","0.10837890259960482"
"29181","0.12807507298151186","0.12807507298151186","0.12807507298151186"
"29183","0.11071713414790973","0.11071713414790973","0.11071713414790973"
"29189","0.12525010420077284","0.12525010420077284","0.12525010420077284"
"29191","0.09394213736515825","0.09394213736515825","0.09394213736515825"
"29203","0.0856760230283822","0.0856760230283822","0.0856760230283822"
"29209","0.0832699758984227","0.0832699758984227","0.0832699758984227"
"29215","0.08642294173236659","0.08642294173236659","0.08642294173236659"
"29217","0.08974073039104241","0.08974073039104241","0.08974073039104241"
"29221","0.1552595816134118","0.1552595816134118","0.1552595816134118"
"29229","0.09242639380635297","0.09242639380635297","0.09242639380635297"
"29243","0.11159309009227626","0.11159309009227626","0.11159309009227626"
"29251","0.1248323612843222","0.1248323612843222","0.1248323612843222"
"29253","0.10318927784617972","0.10318927784617972","0.10318927784617972"
"29255","0.08359760115121538","0.08359760115121538","0.08359760115121538"
"29261","0.06300537114105124","0.06300537114105124","0.06300537114105124"
"29267","0.06534111376068795","0.06534111376068795","0.06534111376068795"
"29277","0.080593020927109","0.080593020927109","0.080593020927109"
"29283","0.11016881630963102","0.11016881630963102","0.11016881630963102"
"29289","0.09189614042196778","0.09189614042196778","0.09189614042196778"
"29291","0.16789429145384582","0.16789429145384582","0.16789429145384582"
"29293","0.07305977676813384","0.07305977676813384","0.07305977676813384"
"29299","0.0996492156593149","0.0996492156593149","0.0996492156593149"
"29303","0.1047207569560656","0.1047207569560656","0.1047207569560656"
"29307","0.19933521382004069","0.19933521382004069","0.19933521382004069"
"29309","0.1799097552505511","0.1799097552505511","0.1799097552505511"
"29311","0.11111295552842156","0.11111295552842156","0.11111295552842156"
"29315","0.10455949344747442","0.10455949344747442","0.10455949344747442"
"29321","0.10203481850510318","0.10203481850510318","0.10203481850510318"
"29323","0.14354286664185287","0.14354286664185287","0.14354286664185287"
"29335","0.14732720456112453","0.14732720456112453","0.14732720456112453"
"29337","0.07693774994361","0.07693774994361","0.07693774994361"
"29339","0.11611078659085593","0.11611078659085593","0.11611078659085593"
"29341","0.2229899031369701","0.2229899031369701","0.2229899031369701"
"29351","0.06468072715837869","0.06468072715837869","0.06468072715837869"
"29357","0.12265901516877162","0.12265901516877162","0.12265901516877162"
"29361","0.19732143065971022","0.19732143065971022","0.19732143065971022"
"29365","0.14329277201285634","0.14329277201285634","0.14329277201285634"
"29371","0.07671098178373123","0.07671098178373123","0.07671098178373123"
"29373","0.10291768516182635","0.10291768516182635","0.10291768516182635"
"29375","0.07894784803438272","0.07894784803438272","0.07894784803438272"
"29381","0.15819761478576705","0.15819761478576705","0.15819761478576705"
"29385","0.1271075703094797","0.1271075703094797","0.1271075703094797"
"29387","0.08099126632614022","0.08099126632614022","0.08099126632614022"
"29391","0.14123842438806272","0.14123842438806272","0.14123842438806272"
"29395","0.1801387366279348","0.1801387366279348","0.1801387366279348"
"29399","0.13856832909787026","0.13856832909787026","0.13856832909787026"
"29401","0.13149094122653646","0.13149094122653646","0.13149094122653646"
"29405","0.12053765772837187","0.12053765772837187","0.12053765772837187"
"29407","0.09979870511394617","0.09979870511394617","0.09979870511394617"
"29409","0.1869250263438577","0.1869250263438577","0.1869250263438577"
"29411","0.09916399511210118","0.09916399511210118","0.09916399511210118"
"29415","0.06029363324139309","0.06029363324139309","0.06029363324139309"
"29417","0.138418920596319","0.138418920596319","0.138418920596319"
"29421","0.104368809920484","0.104368809920484","0.104368809920484"
"29425","0.14951420837362697","0.14951420837362697","0.14951420837362697"
"29427","0.20813023184022697","0.20813023184022697","0.20813023184022697"
"29429","0.13695392817312335","0.13695392817312335","0.13695392817312335"
"29441","0.05741987752035241","0.05741987752035241","0.05741987752035241"
"29447","0.1897904254448422","0.1897904254448422","0.1897904254448422"
"29449","0.1697766681104141","0.1697766681104141","0.1697766681104141"
"29451","0.07522443418000803","0.07522443418000803","0.07522443418000803"
"29457","0.1287710029405704","0.1287710029405704","0.1287710029405704"
"29461","0.21965949836464066","0.21965949836464066","0.21965949836464066"
"29465","0.09082398355919587","0.09082398355919587","0.09082398355919587"
"29467","0.06284516732307306","0.06284516732307306","0.06284516732307306"
"29473","0.07167683915343953","0.07167683915343953","0.07167683915343953"
"29475","0.05853163486474854","0.05853163486474854","0.05853163486474854"
"29477","0.08020284291256247","0.08020284291256247","0.08020284291256247"
"29479","0.05401632664525194","0.05401632664525194","0.05401632664525194"
"29483","0.09963074155791068","0.09963074155791068","0.09963074155791068"
"29497","0.12542345175839673","0.12542345175839673","0.12542345175839673"
"29501","0.16063036754746177","0.16063036754746177","0.16063036754746177"
"29503","0.11001924252992788","0.11001924252992788","0.11001924252992788"
"29505","0.21176425191506879","0.21176425191506879","0.21176425191506879"
"29511","0.13644260037945974","0.13644260037945974","0.13644260037945974"
"29515","0.10118110275898769","0.10118110275898769","0.10118110275898769"
"29517","0.11639171051904951","0.11639171051904951","0.11639171051904951"
"29523","0.11364069179940486","0.11364069179940486","0.11364069179940486"
"29525","0.11030079509352565","0.11030079509352565","0.11030079509352565"
"29529","0.11902875025190711","0.11902875025190711","0.11902875025190711"
"29535","0.08628203944114848","0.08628203944114848","0.08628203944114848"
"29537","0.08711751955386593","0.08711751955386593","0.08711751955386593"
"29543","0.16489167940382282","0.16489167940382282","0.16489167940382282"
"29545","0.09056086552272406","0.09056086552272406","0.09056086552272406"
"29555","0.22435962225834424","0.22435962225834424","0.22435962225834424"
"29557","0.0790479649170587","0.0790479649170587","0.0790479649170587"
"29571","0.1712118490213564","0.1712118490213564","0.1712118490213564"
"29573","0.18432624261109468","0.18432624261109468","0.18432624261109468"
"29583","0.0953214195643027","0.0953214195643027","0.0953214195643027"
"29585","0.12351234134891274","0.12351234134891274","0.12351234134891274"
"29587","0.1453643193704397","0.1453643193704397","0.1453643193704397"
"29591","0.11593898238856387","0.11593898238856387","0.11593898238856387"
"29593","0.1399501262751109","0.1399501262751109","0.1399501262751109"
"29595","0.12866109597894607","0.12866109597894607","0.12866109597894607"
"29599","0.1772649980872725","0.1772649980872725","0.1772649980872725"
"29603","0.132209791700455","0.132209791700455","0.132209791700455"
"29605","0.09178062051564348","0.09178062051564348","0.09178062051564348"
"29607","0.21249929385909394","0.21249929385909394","0.21249929385909394"
"29615","0.14213723116753577","0.14213723116753577","0.14213723116753577"
"29625","0.16869673329764956","0.16869673329764956","0.16869673329764956"
"29627","0.28720647765790136","0.28720647765790136","0.28720647765790136"
"29631","0.1587141930285915","0.1587141930285915","0.1587141930285915"
"29639","0.14234116864925833","0.14234116864925833","0.14234116864925833"
"29641","0.11227747546029894","0.11227747546029894","0.11227747546029894"
"29647","0.11710880339204975","0.11710880339204975","0.11710880339204975"
"29649","0.18796500520154813","0.18796500520154813","0.18796500520154813"
"29659","0.1336253340791","0.1336253340791","0.1336253340791"
"29663","0.15331448100474526","0.15331448100474526","0.15331448100474526"
"29675","0.0928830352711226","0.0928830352711226","0.0928830352711226"
"29681","0.1187348961636099","0.1187348961636099","0.1187348961636099"
"29683","0.12603954101246562","0.12603954101246562","0.12603954101246562"
"29685","0.06280759282183195","0.06280759282183195","0.06280759282183195"
"29691","0.03926613153735456","0.03926613153735456","0.03926613153735456"
"29711","0.180268385331766","0.180268385331766","0.180268385331766"
"29713","0.10469364639287576","0.10469364639287576","0.10469364639287576"
"29715","0.11773477160001604","0.11773477160001604","0.11773477160001604"
"29717","0.13959532841579345","0.13959532841579345","0.13959532841579345"
"29719","0.0747200418499815","0.0747200418499815","0.0747200418499815"
"29727","0.1667844640416047","0.1667844640416047","0.1667844640416047"
"29729","0.23124799083146205","0.23124799083146205","0.23124799083146205"
"29733","0.06440061539893112","0.06440061539893112","0.06440061539893112"
"29753","0.19540791088455634","0.19540791088455634","0.19540791088455634"
"29757","0.054507186066329004","0.054507186066329004","0.054507186066329004"
"29763","0.1356717070785304","0.1356717070785304","0.1356717070785304"
"29765","0.12133821299335477","0.12133821299335477","0.12133821299335477"
"29769","0.09895642230631387","0.09895642230631387","0.09895642230631387"
"29771","0.13431154682465565","0.13431154682465565","0.13431154682465565"
"29773","0.0913971405299213","0.0913971405299213","0.0913971405299213"
"29775","0.09597166493720671","0.09597166493720671","0.09597166493720671"
"29779","0.09382538446843897","0.09382538446843897","0.09382538446843897"
"29781","0.08540349009207353","0.08540349009207353","0.08540349009207353"
"29783","0.10722303627900454","0.10722303627900454","0.10722303627900454"
"29787","0.17798882390482373","0.17798882390482373","0.17798882390482373"
"29791","0.09302740470664786","0.09302740470664786","0.09302740470664786"
"29797","0.10185996838411578","0.10185996838411578","0.10185996838411578"
"29799","0.11513281646534888","0.11513281646534888","0.11513281646534888"
"29803","0.1270935529041849","0.1270935529041849","0.1270935529041849"
"29807","0.11182939045909483","0.11182939045909483","0.11182939045909483"
"29813","0.05893888946004785","0.05893888946004785","0.05893888946004785"
"29817","0.12195762773811879","0.12195762773811879","0.12195762773811879"
"29819","0.1539547483160598","0.1539547483160598","0.1539547483160598"
"29821","0.17997834260774492","0.17997834260774492","0.17997834260774492"
"29825","0.06318131889363468","0.06318131889363468","0.06318131889363468"
"29827","0.11833474545058803","0.11833474545058803","0.11833474545058803"
"29829","0.16904769397216002","0.16904769397216002","0.16904769397216002"
"29835","0.09516727041529971","0.09516727041529971","0.09516727041529971"
"29839","0.07330010984800911","0.07330010984800911","0.07330010984800911"
"29841","0.14260512579694512","0.14260512579694512","0.14260512579694512"
"29843","0.05280015075215715","0.05280015075215715","0.05280015075215715"
"29845","0.11916898952595505","0.11916898952595505","0.11916898952595505"
"29847","0.1293408984468774","0.1293408984468774","0.1293408984468774"
"29849","0.11957228741514997","0.11957228741514997","0.11957228741514997"
"29853","0.08428618902950986","0.08428618902950986","0.08428618902950986"
"29859","0.0901092204245903","0.0901092204245903","0.0901092204245903"
"29863","0.12284687985470216","0.12284687985470216","0.12284687985470216"
"29867","0.09712626650191915","0.09712626650191915","0.09712626650191915"
"29873","0.12844767788890687","0.12844767788890687","0.12844767788890687"
"29879","0.06050104090722735","0.06050104090722735","0.06050104090722735"
"29887","0.12503753783927038","0.12503753783927038","0.12503753783927038"
"29893","0.0844592375929599","0.0844592375929599","0.0844592375929599"
"29895","0.0681655041998521","0.0681655041998521","0.0681655041998521"
"29899","0.10885271473726968","0.10885271473726968","0.10885271473726968"
"29905","0.13310300386739607","0.13310300386739607","0.13310300386739607"
"29909","0.1486779950075491","0.1486779950075491","0.1486779950075491"
"29913","0.21419484370287079","0.21419484370287079","0.21419484370287079"
"29919","0.06076963845461954","0.06076963845461954","0.06076963845461954"
"29927","0.1327733655381127","0.1327733655381127","0.1327733655381127"
"29939","0.10663061898486782","0.10663061898486782","0.10663061898486782"
"29941","0.05755835293297797","0.05755835293297797","0.05755835293297797"
"29943","0.24629416706261795","0.24629416706261795","0.24629416706261795"
"29949","0.1442820165674519","0.1442820165674519","0.1442820165674519"
"29955","0.1072249428048296","0.1072249428048296","0.1072249428048296"
"29965","0.1093624312127329","0.1093624312127329","0.1093624312127329"
"29981","0.2021831537926343","0.2021831537926343","0.2021831537926343"
"29985","0.08757708306845506","0.08757708306845506","0.08757708306845506"
"29991","0.11933430578486685","0.11933430578486685","0.11933430578486685"
"29995","0.1103609680286025","0.1103609680286025","0.1103609680286025"
"29997","0.08103626972664602","0.08103626972664602","0.08103626972664602"
"29999","0.1954881545786848","0.1954881545786848","0.1954881545786848"
"30001","0.15240031194939688","0.15240031194939688","0.15240031194939688"
"30003","0.09684991781024961","0.09684991781024961","0.09684991781024961"
"30007","0.10599782483662674","0.10599782483662674","0.10599782483662674"
"30011","0.08406559487764838","0.08406559487764838","0.08406559487764838"
"30013","0.11552529063137672","0.11552529063137672","0.11552529063137672"
"30021","0.14468076421453507","0.14468076421453507","0.14468076421453507"
"30035","0.08816724532741002","0.08816724532741002","0.08816724532741002"
"30037","0.10759059487446869","0.10759059487446869","0.10759059487446869"
"30039","0.15250584341993734","0.15250584341993734","0.15250584341993734"
"30043","0.19759951557530067","0.19759951557530067","0.19759951557530067"
"30045","0.1949996445267445","0.1949996445267445","0.1949996445267445"
"30053","0.07945416300254056","0.07945416300254056","0.07945416300254056"
"30057","0.10269525530129019","0.10269525530129019","0.10269525530129019"
"30063","0.10288364097046712","0.10288364097046712","0.10288364097046712"
"30069","0.13248779771506644","0.13248779771506644","0.13248779771506644"
"30071","0.07984869643508409","0.07984869643508409","0.07984869643508409"
"30083","0.1950531572856461","0.1950531572856461","0.1950531572856461"
"30085","0.17872968690001065","0.17872968690001065","0.17872968690001065"
"30089","0.11267742001721633","0.11267742001721633","0.11267742001721633"
"30095","0.10528355250837113","0.10528355250837113","0.10528355250837113"
"30097","0.04736186300690898","0.04736186300690898","0.04736186300690898"
"30103","0.12737606463534884","0.12737606463534884","0.12737606463534884"
"30111","0.08420511003456098","0.08420511003456098","0.08420511003456098"
"30113","0.08633775053259947","0.08633775053259947","0.08633775053259947"
"30115","0.12176519025834898","0.12176519025834898","0.12176519025834898"
"30117","0.05102607735714727","0.05102607735714727","0.05102607735714727"
"30125","0.14715880585049032","0.14715880585049032","0.14715880585049032"
"30131","0.13615078800567365","0.13615078800567365","0.13615078800567365"
"30139","0.053643971658936716","0.053643971658936716","0.053643971658936716"
"30141","0.1705536388588469","0.1705536388588469","0.1705536388588469"
"30149","0.11036236043443366","0.11036236043443366","0.11036236043443366"
"30157","0.09361285867959786","0.09361285867959786","0.09361285867959786"
"30159","0.06729491001184958","0.06729491001184958","0.06729491001184958"
"30161","0.10061393274137126","0.10061393274137126","0.10061393274137126"
"30172","0.12263893062870873","0.12263893062870873","0.12263893062870873"
"30184","0.10988583651116601","0.10988583651116601","0.10988583651116601"
"30186","0.07013036396893725","0.07013036396893725","0.07013036396893725"
"30198","0.19399880154721255","0.19399880154721255","0.19399880154721255"
"30202","0.2313966740230919","0.2313966740230919","0.2313966740230919"
"30206","0.2224550844248085","0.2224550844248085","0.2224550844248085"
"30208","0.10625694388951776","0.10625694388951776","0.10625694388951776"
"30212","0.1657744338569558","0.1657744338569558","0.1657744338569558"
"30214","0.24079646280936726","0.24079646280936726","0.24079646280936726"
"30224","0.07008889193202951","0.07008889193202951","0.07008889193202951"
"30228","0.23987951664352414","0.23987951664352414","0.23987951664352414"
"30230","0.0866681139045511","0.0866681139045511","0.0866681139045511"
"30232","0.1147250419947156","0.1147250419947156","0.1147250419947156"
"30246","0.09558376342520916","0.09558376342520916","0.09558376342520916"
"30250","0.16347225484334083","0.16347225484334083","0.16347225484334083"
"30252","0.17473107924615566","0.17473107924615566","0.17473107924615566"
"30258","0.10988091221375532","0.10988091221375532","0.10988091221375532"
"30266","0.07916434469184962","0.07916434469184962","0.07916434469184962"
"30270","0.19658395810800808","0.19658395810800808","0.19658395810800808"
"30276","0.10062163376952961","0.10062163376952961","0.10062163376952961"
"30278","0.17170702246865466","0.17170702246865466","0.17170702246865466"
"30290","0.11874062585848508","0.11874062585848508","0.11874062585848508"
"30294","0.2073304515446183","0.2073304515446183","0.2073304515446183"
"30304","0.1248892129254844","0.1248892129254844","0.1248892129254844"
"30306","0.11382699914819254","0.11382699914819254","0.11382699914819254"
"30310","0.068875401905483","0.068875401905483","0.068875401905483"
"30314","0.19529310130105193","0.19529310130105193","0.19529310130105193"
"30322","0.07751704535195142","0.07751704535195142","0.07751704535195142"
"30324","0.11042144976083705","0.11042144976083705","0.11042144976083705"
"30328","0.10871427077879516","0.10871427077879516","0.10871427077879516"
"30330","0.1710663107202605","0.1710663107202605","0.1710663107202605"
"30332","0.113197706920841","0.113197706920841","0.113197706920841"
"30334","0.07918519143978692","0.07918519143978692","0.07918519143978692"
"30338","0.129957507460574","0.129957507460574","0.129957507460574"
"30340","0.06249719851890918","0.06249719851890918","0.06249719851890918"
"30344","0.1545786999983173","0.1545786999983173","0.1545786999983173"
"30346","0.1189334702194965","0.1189334702194965","0.1189334702194965"
"30348","0.05248017325564787","0.05248017325564787","0.05248017325564787"
"30354","0.09249522505337404","0.09249522505337404","0.09249522505337404"
"30360","0.09116137462906278","0.09116137462906278","0.09116137462906278"
"30362","0.0706350392563492","0.0706350392563492","0.0706350392563492"
"30368","0.2327771156738688","0.2327771156738688","0.2327771156738688"
"30376","0.11756057956867043","0.11756057956867043","0.11756057956867043"
"30380","0.14616921536112232","0.14616921536112232","0.14616921536112232"
"30384","0.10690072830501199","0.10690072830501199","0.10690072830501199"
"30388","0.10894553986337926","0.10894553986337926","0.10894553986337926"
"30394","0.1298264617863887","0.1298264617863887","0.1298264617863887"
"30396","0.13881986404553465","0.13881986404553465","0.13881986404553465"
"30398","0.15015654491431324","0.15015654491431324","0.15015654491431324"
"30402","0.09334320981840309","0.09334320981840309","0.09334320981840309"
"30404","0.12004744823497196","0.12004744823497196","0.12004744823497196"
"30410","0.07066503534127092","0.07066503534127092","0.07066503534127092"
"30414","0.13286567072446429","0.13286567072446429","0.13286567072446429"
"30420","0.09278583443783704","0.09278583443783704","0.09278583443783704"
"30426","0.12340217715686197","0.12340217715686197","0.12340217715686197"
"30442","0.1143295030572078","0.1143295030572078","0.1143295030572078"
"30444","0.18366993682825244","0.18366993682825244","0.18366993682825244"
"30446","0.1264382043419122","0.1264382043419122","0.1264382043419122"
"30468","0.10395313868543339","0.10395313868543339","0.10395313868543339"
"30476","0.07716141060507864","0.07716141060507864","0.07716141060507864"
"30482","0.0788155612914444","0.0788155612914444","0.0788155612914444"
"30484","0.08327283625301117","0.08327283625301117","0.08327283625301117"
"30486","0.15463239068637877","0.15463239068637877","0.15463239068637877"
"30490","0.16609887111624408","0.16609887111624408","0.16609887111624408"
"30496","0.09263236714227326","0.09263236714227326","0.09263236714227326"
"30498","0.10568597728499693","0.10568597728499693","0.10568597728499693"
"30500","0.1385420540813775","0.1385420540813775","0.1385420540813775"
"30502","0.08515201927752168","0.08515201927752168","0.08515201927752168"
"30508","0.0743180727176572","0.0743180727176572","0.0743180727176572"
"30510","0.13769963440301144","0.13769963440301144","0.13769963440301144"
"30512","0.14294327394268513","0.14294327394268513","0.14294327394268513"
"30516","0.09559695037361723","0.09559695037361723","0.09559695037361723"
"30520","0.08157674580978884","0.08157674580978884","0.08157674580978884"
"30528","0.07974259514833863","0.07974259514833863","0.07974259514833863"
"30536","0.12553280289221017","0.12553280289221017","0.12553280289221017"
"30552","0.0883962287576321","0.0883962287576321","0.0883962287576321"
"30566","0.08806433730022736","0.08806433730022736","0.08806433730022736"
"30596","0.1337100303723888","0.1337100303723888","0.1337100303723888"
"30600","0.1534406711965433","0.1534406711965433","0.1534406711965433"
"30602","0.1107628550746144","0.1107628550746144","0.1107628550746144"
"30610","0.183770226821775","0.183770226821775","0.183770226821775"
"30618","0.1522128386327619","0.1522128386327619","0.1522128386327619"
"30622","0.07419817727209761","0.07419817727209761","0.07419817727209761"
"30624","0.1556835516548028","0.1556835516548028","0.1556835516548028"
"30626","0.0930115705337295","0.0930115705337295","0.0930115705337295"
"30636","0.06323947278040175","0.06323947278040175","0.06323947278040175"
"30638","0.10798585402930685","0.10798585402930685","0.10798585402930685"
"30644","0.12638353068163075","0.12638353068163075","0.12638353068163075"
"30646","0.0962339491124801","0.0962339491124801","0.0962339491124801"
"30650","0.1433210417821737","0.1433210417821737","0.1433210417821737"
"30652","0.14096658995361785","0.14096658995361785","0.14096658995361785"
"30658","0.060726044877163994","0.060726044877163994","0.060726044877163994"
"30662","0.1537148629042364","0.1537148629042364","0.1537148629042364"
"30666","0.28187541830535096","0.28187541830535096","0.28187541830535096"
"30670","0.11570414463498027","0.11570414463498027","0.11570414463498027"
"30676","0.07502755736678449","0.07502755736678449","0.07502755736678449"
"30678","0.10045050790617038","0.10045050790617038","0.10045050790617038"
"30682","0.05854303628972719","0.05854303628972719","0.05854303628972719"
"30684","0.10988201829288984","0.10988201829288984","0.10988201829288984"
"30686","0.0884148487748121","0.0884148487748121","0.0884148487748121"
"30690","0.05499162789382645","0.05499162789382645","0.05499162789382645"
"30696","0.07061824946718613","0.07061824946718613","0.07061824946718613"
"30702","0.04772547243952523","0.04772547243952523","0.04772547243952523"
"30708","0.09406431971814366","0.09406431971814366","0.09406431971814366"
"30714","0.17867626833633005","0.17867626833633005","0.17867626833633005"
"30724","0.15654643073391586","0.15654643073391586","0.15654643073391586"
"30730","0.06864616656560193","0.06864616656560193","0.06864616656560193"
"30732","0.21036155096086281","0.21036155096086281","0.21036155096086281"
"30738","0.0799014247019934","0.0799014247019934","0.0799014247019934"
"30740","0.18638691724366716","0.18638691724366716","0.18638691724366716"
"30756","0.1282855028755456","0.1282855028755456","0.1282855028755456"
"30762","0.11320821282041414","0.11320821282041414","0.11320821282041414"
"30764","0.20945794825281042","0.20945794825281042","0.20945794825281042"
"30770","0.09632802352992745","0.09632802352992745","0.09632802352992745"
"30778","0.12026675147180377","0.12026675147180377","0.12026675147180377"
"30782","0.06150991238171464","0.06150991238171464","0.06150991238171464"
"30786","0.13295161450624465","0.13295161450624465","0.13295161450624465"
"30794","0.1791036075321368","0.1791036075321368","0.1791036075321368"
"30798","0.10478300552791804","0.10478300552791804","0.10478300552791804"
"30800","0.06289894214864067","0.06289894214864067","0.06289894214864067"
"30802","0.0762547812076763","0.0762547812076763","0.0762547812076763"
"30804","0.08290394848520212","0.08290394848520212","0.08290394848520212"
"30810","0.19153289108706076","0.19153289108706076","0.19153289108706076"
"30816","0.11424651456875314","0.11424651456875314","0.11424651456875314"
"30832","0.14159108484900693","0.14159108484900693","0.14159108484900693"
"30834","0.0928586518289828","0.0928586518289828","0.0928586518289828"
"30840","0.13548478070175146","0.13548478070175146","0.13548478070175146"
"30844","0.09124913549176998","0.09124913549176998","0.09124913549176998"
"30846","0.11758389189508858","0.11758389189508858","0.11758389189508858"
"30850","0.11764656590632827","0.11764656590632827","0.11764656590632827"
"30852","0.06948476922794278","0.06948476922794278","0.06948476922794278"
"30864","0.1645035888282569","0.1645035888282569","0.1645035888282569"
"30866","0.0775771782443696","0.0775771782443696","0.0775771782443696"
"30874","0.1337142442767427","0.1337142442767427","0.1337142442767427"
"30876","0.07719410377701198","0.07719410377701198","0.07719410377701198"
"30878","0.14210210006656648","0.14210210006656648","0.14210210006656648"
"30888","0.11919900761322619","0.11919900761322619","0.11919900761322619"
"30892","0.03896874561229488","0.03896874561229488","0.03896874561229488"
"30894","0.0765418488278702","0.0765418488278702","0.0765418488278702"
"30898","0.14595121631654565","0.14595121631654565","0.14595121631654565"
"30900","0.13866198867157487","0.13866198867157487","0.13866198867157487"
"30908","0.20057116326855332","0.20057116326855332","0.20057116326855332"
"30912","0.09422436547190957","0.09422436547190957","0.09422436547190957"
"30914","0.03435878154316722","0.03435878154316722","0.03435878154316722"
"30918","0.04203363524372988","0.04203363524372988","0.04203363524372988"
"30920","0.07055554174603669","0.07055554174603669","0.07055554174603669"
"30922","0.14022753759945508","0.14022753759945508","0.14022753759945508"
"30924","0.06094966432312826","0.06094966432312826","0.06094966432312826"
"30928","0.12396079456332885","0.12396079456332885","0.12396079456332885"
"30932","0.1503126016327005","0.1503126016327005","0.1503126016327005"
"30940","0.17981464614489034","0.17981464614489034","0.17981464614489034"
"30942","0.08888734337409743","0.08888734337409743","0.08888734337409743"
"30948","0.07967677663663945","0.07967677663663945","0.07967677663663945"
"30950","0.21283671370175258","0.21283671370175258","0.21283671370175258"
"30952","0.07865707883371628","0.07865707883371628","0.07865707883371628"
"30956","0.13839274507509255","0.13839274507509255","0.13839274507509255"
"30960","0.15475651930394313","0.15475651930394313","0.15475651930394313"
"30966","0.18035277277205972","0.18035277277205972","0.18035277277205972"
"30968","0.040421348727696524","0.040421348727696524","0.040421348727696524"
"30970","0.14239912685286657","0.14239912685286657","0.14239912685286657"
"30974","0.08904460342355973","0.08904460342355973","0.08904460342355973"
"30976","0.1008073859738686","0.1008073859738686","0.1008073859738686"
"30980","0.09902945167290605","0.09902945167290605","0.09902945167290605"
"30982","0.1193503542806032","0.1193503542806032","0.1193503542806032"
"30984","0.15745002551679746","0.15745002551679746","0.15745002551679746"
"30988","0.13052995696556394","0.13052995696556394","0.13052995696556394"
"30994","0.20922448277898947","0.20922448277898947","0.20922448277898947"
"31004","0.17168157704499348","0.17168157704499348","0.17168157704499348"
"31006","0.06721736804077147","0.06721736804077147","0.06721736804077147"
"31012","0.2196647048345474","0.2196647048345474","0.2196647048345474"
"31014","0.12649005653292625","0.12649005653292625","0.12649005653292625"
"31026","0.12068563569158507","0.12068563569158507","0.12068563569158507"
"31036","0.10309118399183029","0.10309118399183029","0.10309118399183029"
"31040","0.07992291819450033","0.07992291819450033","0.07992291819450033"
"31044","0.07863810544172019","0.07863810544172019","0.07863810544172019"
"31048","0.0667589233176557","0.0667589233176557","0.0667589233176557"
"31052","0.11533096274220912","0.11533096274220912","0.11533096274220912"
"31056","0.1334048832331665","0.1334048832331665","0.1334048832331665"
"31064","0.1351575680486544","0.1351575680486544","0.1351575680486544"
"31072","0.08060825012654795","0.08060825012654795","0.08060825012654795"
"31074","0.06473555241728718","0.06473555241728718","0.06473555241728718"
"31078","0.06769098080898663","0.06769098080898663","0.06769098080898663"
"31082","0.14845070654695158","0.14845070654695158","0.14845070654695158"
"31086","0.0855395901857343","0.0855395901857343","0.0855395901857343"
"31092","0.07152242221247088","0.07152242221247088","0.07152242221247088"
"31102","0.11076850948325924","0.11076850948325924","0.11076850948325924"
"31104","0.1287289758756876","0.1287289758756876","0.1287289758756876"
"31122","0.12534751864169583","0.12534751864169583","0.12534751864169583"
"31124","0.08998408966694851","0.08998408966694851","0.08998408966694851"
"31126","0.14357222884564472","0.14357222884564472","0.14357222884564472"
"31130","0.04960022357576158","0.04960022357576158","0.04960022357576158"
"31132","0.19223717923565795","0.19223717923565795","0.19223717923565795"
"31134","0.0790374401771021","0.0790374401771021","0.0790374401771021"
"31136","0.14390018951544037","0.14390018951544037","0.14390018951544037"
"31148","0.12391966135050939","0.12391966135050939","0.12391966135050939"
"31150","0.10210285044797728","0.10210285044797728","0.10210285044797728"
"31159","0.07977674923217504","0.07977674923217504","0.07977674923217504"
"31161","0.15203288958568098","0.15203288958568098","0.15203288958568098"
"31165","0.13595560846624116","0.13595560846624116","0.13595560846624116"
"31167","0.11690687912662336","0.11690687912662336","0.11690687912662336"
"31173","0.11236748390951676","0.11236748390951676","0.11236748390951676"
"31175","0.2253976506769553","0.2253976506769553","0.2253976506769553"
"31179","0.10039080979742118","0.10039080979742118","0.10039080979742118"
"31185","0.06569609565871407","0.06569609565871407","0.06569609565871407"
"31187","0.24822432260886718","0.24822432260886718","0.24822432260886718"
"31195","0.07193650550241865","0.07193650550241865","0.07193650550241865"
"31199","0.04335736783425229","0.04335736783425229","0.04335736783425229"
"31203","0.1447308682561832","0.1447308682561832","0.1447308682561832"
"31205","0.08746484035168069","0.08746484035168069","0.08746484035168069"
"31219","0.10376180310212331","0.10376180310212331","0.10376180310212331"
"31221","0.07149713668100083","0.07149713668100083","0.07149713668100083"
"31225","0.08187001709116583","0.08187001709116583","0.08187001709116583"
"31231","0.1348924454763146","0.1348924454763146","0.1348924454763146"
"31241","0.1753009433048136","0.1753009433048136","0.1753009433048136"
"31243","0.0857345123592338","0.0857345123592338","0.0857345123592338"
"31245","0.11548014472312335","0.11548014472312335","0.11548014472312335"
"31257","0.08438100970023323","0.08438100970023323","0.08438100970023323"
"31263","0.10695256974972697","0.10695256974972697","0.10695256974972697"
"31271","0.14163802105066542","0.14163802105066542","0.14163802105066542"
"31273","0.1030467227590505","0.1030467227590505","0.1030467227590505"
"31289","0.1296691427681889","0.1296691427681889","0.1296691427681889"
"31293","0.07103206741082532","0.07103206741082532","0.07103206741082532"
"31305","0.09114558923779455","0.09114558923779455","0.09114558923779455"
"31309","0.18047894453178662","0.18047894453178662","0.18047894453178662"
"31313","0.11349435607677534","0.11349435607677534","0.11349435607677534"
"31317","0.07966361693036658","0.07966361693036658","0.07966361693036658"
"31319","0.16205273638434697","0.16205273638434697","0.16205273638434697"
"31321","0.19472913405577053","0.19472913405577053","0.19472913405577053"
"31323","0.09547100332944211","0.09547100332944211","0.09547100332944211"
"31325","0.15819509509394428","0.15819509509394428","0.15819509509394428"
"31339","0.16613229130372345","0.16613229130372345","0.16613229130372345"
"31343","0.11765217445351475","0.11765217445351475","0.11765217445351475"
"31345","0.09876750964343198","0.09876750964343198","0.09876750964343198"
"31347","0.1329337926584412","0.1329337926584412","0.1329337926584412"
"31353","0.0944391195737765","0.0944391195737765","0.0944391195737765"
"31355","0.0458271965114234","0.0458271965114234","0.0458271965114234"
"31357","0.1237464462417827","0.1237464462417827","0.1237464462417827"
"31359","0.09549452468863184","0.09549452468863184","0.09549452468863184"
"31361","0.11672145839086855","0.11672145839086855","0.11672145839086855"
"31363","0.17914250903130793","0.17914250903130793","0.17914250903130793"
"31365","0.0748796774377572","0.0748796774377572","0.0748796774377572"
"31367","0.1705516511944685","0.1705516511944685","0.1705516511944685"
"31375","0.113611299557492","0.113611299557492","0.113611299557492"
"31379","0.08836643910860474","0.08836643910860474","0.08836643910860474"
"31385","0.12419078080173365","0.12419078080173365","0.12419078080173365"
"31393","0.08985572196143027","0.08985572196143027","0.08985572196143027"
"31395","0.07238117851269935","0.07238117851269935","0.07238117851269935"
"31399","0.1480236495730169","0.1480236495730169","0.1480236495730169"
"31401","0.12123992004230877","0.12123992004230877","0.12123992004230877"
"31405","0.22086053484304144","0.22086053484304144","0.22086053484304144"
"31407","0.10078179170773433","0.10078179170773433","0.10078179170773433"
"31411","0.03634807381192802","0.03634807381192802","0.03634807381192802"
"31415","0.0908019857476475","0.0908019857476475","0.0908019857476475"
"31417","0.05489911493993841","0.05489911493993841","0.05489911493993841"
"31423","0.18243892148932017","0.18243892148932017","0.18243892148932017"
"31431","0.11909322499274848","0.11909322499274848","0.11909322499274848"
"31433","0.10549995172757133","0.10549995172757133","0.10549995172757133"
"31435","0.10677936614838947","0.10677936614838947","0.10677936614838947"
"31439","0.0788267093527551","0.0788267093527551","0.0788267093527551"
"31445","0.171851633390889","0.171851633390889","0.171851633390889"
"31447","0.049900703347225205","0.049900703347225205","0.049900703347225205"
"31453","0.06618260140162778","0.06618260140162778","0.06618260140162778"
"31455","0.10194453499221476","0.10194453499221476","0.10194453499221476"
"31457","0.08493793658522568","0.08493793658522568","0.08493793658522568"
"31459","0.15638806680398692","0.15638806680398692","0.15638806680398692"
"31463","0.14556417717628736","0.14556417717628736","0.14556417717628736"
"31465","0.17077777417512013","0.17077777417512013","0.17077777417512013"
"31473","0.28564411391529343","0.28564411391529343","0.28564411391529343"
"31487","0.10218181137851469","0.10218181137851469","0.10218181137851469"
"31497","0.08948234763762157","0.08948234763762157","0.08948234763762157"
"31503","0.09723245694817073","0.09723245694817073","0.09723245694817073"
"31513","0.09839625364865753","0.09839625364865753","0.09839625364865753"
"31515","0.08952151436990922","0.08952151436990922","0.08952151436990922"
"31517","0.16812996557411658","0.16812996557411658","0.16812996557411658"
"31519","0.07978819487632341","0.07978819487632341","0.07978819487632341"
"31523","0.09350588925513047","0.09350588925513047","0.09350588925513047"
"31525","0.11321407003256456","0.11321407003256456","0.11321407003256456"
"31527","0.14103149895336478","0.14103149895336478","0.14103149895336478"
"31529","0.08913705010396208","0.08913705010396208","0.08913705010396208"
"31531","0.068862920110674","0.068862920110674","0.068862920110674"
"31533","0.0746662552198146","0.0746662552198146","0.0746662552198146"
"31545","0.17165744624405974","0.17165744624405974","0.17165744624405974"
"31551","0.16111600961639827","0.16111600961639827","0.16111600961639827"
"31553","0.11595608711982744","0.11595608711982744","0.11595608711982744"
"31555","0.15361338746976","0.15361338746976","0.15361338746976"
"31557","0.0881662655911325","0.0881662655911325","0.0881662655911325"
"31559","0.11491023964267284","0.11491023964267284","0.11491023964267284"
"31561","0.27590946264596855","0.27590946264596855","0.27590946264596855"
"31563","0.08674952384123409","0.08674952384123409","0.08674952384123409"
"31579","0.12398720384698553","0.12398720384698553","0.12398720384698553"
"31585","0.1054672488353002","0.1054672488353002","0.1054672488353002"
"31591","0.07807356810388114","0.07807356810388114","0.07807356810388114"
"31597","0.14532493133079014","0.14532493133079014","0.14532493133079014"
"31601","0.05966762114952718","0.05966762114952718","0.05966762114952718"
"31607","0.10044313682733111","0.10044313682733111","0.10044313682733111"
"31609","0.10557052770115748","0.10557052770115748","0.10557052770115748"
"31623","0.12348781402285194","0.12348781402285194","0.12348781402285194"
"31625","0.17168032935741856","0.17168032935741856","0.17168032935741856"
"31627","0.11518490262758975","0.11518490262758975","0.11518490262758975"
"31629","0.12097330409863817","0.12097330409863817","0.12097330409863817"
"31631","0.1280905898337893","0.1280905898337893","0.1280905898337893"
"31633","0.0732103310288078","0.0732103310288078","0.0732103310288078"
"31637","0.16855723400115177","0.16855723400115177","0.16855723400115177"
"31639","0.0534879063604477","0.0534879063604477","0.0534879063604477"
"31641","0.0985965189869889","0.0985965189869889","0.0985965189869889"
"31643","0.12713549060212512","0.12713549060212512","0.12713549060212512"
"31645","0.10993957413640972","0.10993957413640972","0.10993957413640972"
"31647","0.11327425754275805","0.11327425754275805","0.11327425754275805"
"31653","0.10367519747046289","0.10367519747046289","0.10367519747046289"
"31663","0.1377529672893292","0.1377529672893292","0.1377529672893292"
"31665","0.1072483395001107","0.1072483395001107","0.1072483395001107"
"31669","0.08892151461025331","0.08892151461025331","0.08892151461025331"
"31671","0.21642970877241322","0.21642970877241322","0.21642970877241322"
"31675","0.09193236922969568","0.09193236922969568","0.09193236922969568"
"31685","0.08885515571720551","0.08885515571720551","0.08885515571720551"
"31689","0.0978939596523029","0.0978939596523029","0.0978939596523029"
"31693","0.12319470411270546","0.12319470411270546","0.12319470411270546"
"31695","0.2061997215080878","0.2061997215080878","0.2061997215080878"
"31697","0.10179001743349761","0.10179001743349761","0.10179001743349761"
"31701","0.1629185874411908","0.1629185874411908","0.1629185874411908"
"31703","0.22950699129446916","0.22950699129446916","0.22950699129446916"
"31705","0.1535487750712117","0.1535487750712117","0.1535487750712117"
"31707","0.05968442524484874","0.05968442524484874","0.05968442524484874"
"31709","0.07048933653597787","0.07048933653597787","0.07048933653597787"
"31711","0.09984527497925365","0.09984527497925365","0.09984527497925365"
"31717","0.10513782684178766","0.10513782684178766","0.10513782684178766"
"31721","0.20576034784426106","0.20576034784426106","0.20576034784426106"
"31723","0.11468163160854879","0.11468163160854879","0.11468163160854879"
"31725","0.07809339718588226","0.07809339718588226","0.07809339718588226"
"31729","0.09409634371799423","0.09409634371799423","0.09409634371799423"
"31737","0.1122028054553009","0.1122028054553009","0.1122028054553009"
"31739","0.1364170628726688","0.1364170628726688","0.1364170628726688"
"31741","0.13485548920878906","0.13485548920878906","0.13485548920878906"
"31745","0.06576309731185366","0.06576309731185366","0.06576309731185366"
"31753","0.06170855593393001","0.06170855593393001","0.06170855593393001"
"31757","0.06700437812992617","0.06700437812992617","0.06700437812992617"
"31759","0.09709534734806144","0.09709534734806144","0.09709534734806144"
"31763","0.08933809246938541","0.08933809246938541","0.08933809246938541"
"31767","0.12046115364561501","0.12046115364561501","0.12046115364561501"
"31771","0.10544147845293936","0.10544147845293936","0.10544147845293936"
"31783","0.137837519158725","0.137837519158725","0.137837519158725"
"31787","0.16935892136118247","0.16935892136118247","0.16935892136118247"
"31789","0.10283280940182564","0.10283280940182564","0.10283280940182564"
"31791","0.09088357649837585","0.09088357649837585","0.09088357649837585"
"31797","0.08688410231877423","0.08688410231877423","0.08688410231877423"
"31809","0.05344375566764233","0.05344375566764233","0.05344375566764233"
"31811","0.3238646745474996","0.3238646745474996","0.3238646745474996"
"31813","0.13870167076334286","0.13870167076334286","0.13870167076334286"
"31827","0.11894943969281116","0.11894943969281116","0.11894943969281116"
"31829","0.06672401693312412","0.06672401693312412","0.06672401693312412"
"31831","0.08601406598822109","0.08601406598822109","0.08601406598822109"
"31833","0.09563419233968529","0.09563419233968529","0.09563419233968529"
"31837","0.11568644315143099","0.11568644315143099","0.11568644315143099"
"31839","0.10677743422255129","0.10677743422255129","0.10677743422255129"
"31841","0.145002942147907","0.145002942147907","0.145002942147907"
"31845","0.12434369512141173","0.12434369512141173","0.12434369512141173"
"31855","0.09583476802367064","0.09583476802367064","0.09583476802367064"
"31857","0.09251140431551738","0.09251140431551738","0.09251140431551738"
"31865","0.06582352265360092","0.06582352265360092","0.06582352265360092"
"31869","0.09576680050304445","0.09576680050304445","0.09576680050304445"
"31875","0.1459156312220421","0.1459156312220421","0.1459156312220421"
"31877","0.13183034955650716","0.13183034955650716","0.13183034955650716"
"31879","0.07373332655970256","0.07373332655970256","0.07373332655970256"
"31883","0.10821495766098922","0.10821495766098922","0.10821495766098922"
"31885","0.08123300367721481","0.08123300367721481","0.08123300367721481"
"31887","0.13233640129061683","0.13233640129061683","0.13233640129061683"
"31889","0.07576569749081716","0.07576569749081716","0.07576569749081716"
"31891","0.10585650056547055","0.10585650056547055","0.10585650056547055"
"31895","0.08777592380025868","0.08777592380025868","0.08777592380025868"
"31897","0.08631790562378915","0.08631790562378915","0.08631790562378915"
"31907","0.09795566434941329","0.09795566434941329","0.09795566434941329"
"31909","0.12473956933018149","0.12473956933018149","0.12473956933018149"
"31911","0.11257053505185004","0.11257053505185004","0.11257053505185004"
"31915","0.09131328550310291","0.09131328550310291","0.09131328550310291"
"31921","0.051933709438922476","0.051933709438922476","0.051933709438922476"
"31937","0.11146759198258073","0.11146759198258073","0.11146759198258073"
"31941","0.08160491406454587","0.08160491406454587","0.08160491406454587"
"31943","0.04548993332460114","0.04548993332460114","0.04548993332460114"
"31945","0.18478401366782643","0.18478401366782643","0.18478401366782643"
"31949","0.08754366898321528","0.08754366898321528","0.08754366898321528"
"31953","0.20760128430440578","0.20760128430440578","0.20760128430440578"
"31961","0.05601768310641845","0.05601768310641845","0.05601768310641845"
"31963","0.09623249744764512","0.09623249744764512","0.09623249744764512"
"31967","0.11594120747172706","0.11594120747172706","0.11594120747172706"
"31969","0.09953935817707225","0.09953935817707225","0.09953935817707225"
"31971","0.10059882053721635","0.10059882053721635","0.10059882053721635"
"31973","0.13119790428416986","0.13119790428416986","0.13119790428416986"
"31983","0.060673842050209086","0.060673842050209086","0.060673842050209086"
"31993","0.05721160006292494","0.05721160006292494","0.05721160006292494"
"32005","0.08540899147270554","0.08540899147270554","0.08540899147270554"
"32009","0.11932265337289606","0.11932265337289606","0.11932265337289606"
"32015","0.11606078103964375","0.11606078103964375","0.11606078103964375"
"32025","0.10630399177145863","0.10630399177145863","0.10630399177145863"
"32031","0.05928483747534964","0.05928483747534964","0.05928483747534964"
"32033","0.10067457626764895","0.10067457626764895","0.10067457626764895"
"32047","0.12035797764445985","0.12035797764445985","0.12035797764445985"
"32049","0.08035978061503936","0.08035978061503936","0.08035978061503936"
"32051","0.10307951144288859","0.10307951144288859","0.10307951144288859"
"32055","0.11193057649080597","0.11193057649080597","0.11193057649080597"
"32057","0.10533001393275529","0.10533001393275529","0.10533001393275529"
"32063","0.11885529887718559","0.11885529887718559","0.11885529887718559"
"32065","0.13287031093570362","0.13287031093570362","0.13287031093570362"
"32069","0.08771056964325176","0.08771056964325176","0.08771056964325176"
"32071","0.09471005364722822","0.09471005364722822","0.09471005364722822"
"32077","0.105832351775605","0.105832351775605","0.105832351775605"
"32081","0.126712188974183","0.126712188974183","0.126712188974183"
"32091","0.12996794843094037","0.12996794843094037","0.12996794843094037"
"32095","0.10272520517538566","0.10272520517538566","0.10272520517538566"
"32103","0.07787921210194168","0.07787921210194168","0.07787921210194168"
"32111","0.18911601089601301","0.18911601089601301","0.18911601089601301"
"32119","0.07094121685352525","0.07094121685352525","0.07094121685352525"
"32133","0.08776280857848824","0.08776280857848824","0.08776280857848824"
"32135","0.19744241931386328","0.19744241931386328","0.19744241931386328"
"32137","0.10787084562517259","0.10787084562517259","0.10787084562517259"
"32139","0.0945376646214199","0.0945376646214199","0.0945376646214199"
"32144","0.09193407620622912","0.09193407620622912","0.09193407620622912"
"32148","0.059122249218953954","0.059122249218953954","0.059122249218953954"
"32150","0.18363045264705508","0.18363045264705508","0.18363045264705508"
"32152","0.16662684849102224","0.16662684849102224","0.16662684849102224"
"32160","0.14544620105598824","0.14544620105598824","0.14544620105598824"
"32168","0.12218259987554492","0.12218259987554492","0.12218259987554492"
"32170","0.07815064367002085","0.07815064367002085","0.07815064367002085"
"32172","0.1240448144827355","0.1240448144827355","0.1240448144827355"
"32174","0.13826292476890573","0.13826292476890573","0.13826292476890573"
"32180","0.09593533546105888","0.09593533546105888","0.09593533546105888"
"32184","0.10933035552456477","0.10933035552456477","0.10933035552456477"
"32188","0.13457325321743718","0.13457325321743718","0.13457325321743718"
"32190","0.15511386997476517","0.15511386997476517","0.15511386997476517"
"32194","0.14780263910205443","0.14780263910205443","0.14780263910205443"
"32196","0.08928683516531098","0.08928683516531098","0.08928683516531098"
"32200","0.0877868834816909","0.0877868834816909","0.0877868834816909"
"32206","0.11088320854297437","0.11088320854297437","0.11088320854297437"
"32208","0.10268010022079646","0.10268010022079646","0.10268010022079646"
"32210","0.14476170081117373","0.14476170081117373","0.14476170081117373"
"32216","0.1172847582630072","0.1172847582630072","0.1172847582630072"
"32218","0.12525516037675227","0.12525516037675227","0.12525516037675227"
"32224","0.07854247310283022","0.07854247310283022","0.07854247310283022"
"32230","0.1607716877450649","0.1607716877450649","0.1607716877450649"
"32234","0.10403100856055136","0.10403100856055136","0.10403100856055136"
"32236","0.04634223360907398","0.04634223360907398","0.04634223360907398"
"32240","0.16191811366701817","0.16191811366701817","0.16191811366701817"
"32252","0.07297951963947155","0.07297951963947155","0.07297951963947155"
"32268","0.06400171338429086","0.06400171338429086","0.06400171338429086"
"32272","0.09189214733732814","0.09189214733732814","0.09189214733732814"
"32290","0.15106683280264555","0.15106683280264555","0.15106683280264555"
"32304","0.13676061670413314","0.13676061670413314","0.13676061670413314"
"32306","0.06430460333584026","0.06430460333584026","0.06430460333584026"
"32308","0.11906926175313329","0.11906926175313329","0.11906926175313329"
"32318","0.2192773592982801","0.2192773592982801","0.2192773592982801"
"32320","0.21524604066503655","0.21524604066503655","0.21524604066503655"
"32324","0.07693559524400195","0.07693559524400195","0.07693559524400195"
"32328","0.08399796653153155","0.08399796653153155","0.08399796653153155"
"32330","0.09657028057331477","0.09657028057331477","0.09657028057331477"
"32332","0.13432007543165403","0.13432007543165403","0.13432007543165403"
"32342","0.23389095549439354","0.23389095549439354","0.23389095549439354"
"32344","0.13049863084809302","0.13049863084809302","0.13049863084809302"
"32348","0.08925804184064054","0.08925804184064054","0.08925804184064054"
"32350","0.10957788485439938","0.10957788485439938","0.10957788485439938"
"32352","0.1614393151270202","0.1614393151270202","0.1614393151270202"
"32356","0.07870195848730047","0.07870195848730047","0.07870195848730047"
"32358","0.1728083885283228","0.1728083885283228","0.1728083885283228"
"32360","0.14716258403037233","0.14716258403037233","0.14716258403037233"
"32362","0.14091278140644747","0.14091278140644747","0.14091278140644747"
"32372","0.11231888805668758","0.11231888805668758","0.11231888805668758"
"32382","0.11161078992061838","0.11161078992061838","0.11161078992061838"
"32384","0.09947203068411989","0.09947203068411989","0.09947203068411989"
"32386","0.09023659278158884","0.09023659278158884","0.09023659278158884"
"32396","0.18067744437480654","0.18067744437480654","0.18067744437480654"
"32400","0.12740723016477415","0.12740723016477415","0.12740723016477415"
"32406","0.22323651577744147","0.22323651577744147","0.22323651577744147"
"32410","0.15109460960624935","0.15109460960624935","0.15109460960624935"
"32412","0.06916160224861562","0.06916160224861562","0.06916160224861562"
"32418","0.09664216903032832","0.09664216903032832","0.09664216903032832"
"32420","0.15459270125234437","0.15459270125234437","0.15459270125234437"
"32422","0.14742272241830992","0.14742272241830992","0.14742272241830992"
"32428","0.13125037380573992","0.13125037380573992","0.13125037380573992"
"32432","0.13174497503944127","0.13174497503944127","0.13174497503944127"
"32438","0.1176745624399975","0.1176745624399975","0.1176745624399975"
"32440","0.08986580619423644","0.08986580619423644","0.08986580619423644"
"32444","0.12648431340876418","0.12648431340876418","0.12648431340876418"
"32448","0.08842426000433212","0.08842426000433212","0.08842426000433212"
"32462","0.06712987668776328","0.06712987668776328","0.06712987668776328"
"32464","0.09227351968051209","0.09227351968051209","0.09227351968051209"
"32470","0.09921615251760575","0.09921615251760575","0.09921615251760575"
"32474","0.14294948943219732","0.14294948943219732","0.14294948943219732"
"32476","0.11847872649397745","0.11847872649397745","0.11847872649397745"
"32480","0.0901261380268604","0.0901261380268604","0.0901261380268604"
"32484","0.1892762390709103","0.1892762390709103","0.1892762390709103"
"32492","0.15001758531962942","0.15001758531962942","0.15001758531962942"
"32500","0.0729122231469211","0.0729122231469211","0.0729122231469211"
"32506","0.10725492161460062","0.10725492161460062","0.10725492161460062"
"32510","0.08330238190932097","0.08330238190932097","0.08330238190932097"
"32514","0.19688053123333474","0.19688053123333474","0.19688053123333474"
"32518","0.21763159747150346","0.21763159747150346","0.21763159747150346"
"32520","0.14057885843500956","0.14057885843500956","0.14057885843500956"
"32526","0.10829891757032298","0.10829891757032298","0.10829891757032298"
"32532","0.07208955748177458","0.07208955748177458","0.07208955748177458"
"32536","0.09893254259808515","0.09893254259808515","0.09893254259808515"
"32542","0.15083093713952309","0.15083093713952309","0.15083093713952309"
"32546","0.12327909884129216","0.12327909884129216","0.12327909884129216"
"32548","0.1152437497221161","0.1152437497221161","0.1152437497221161"
"32554","0.05892099945244318","0.05892099945244318","0.05892099945244318"
"32562","0.13838821600567774","0.13838821600567774","0.13838821600567774"
"32564","0.15194101162755333","0.15194101162755333","0.15194101162755333"
"32568","0.11038988005163365","0.11038988005163365","0.11038988005163365"
"32570","0.18508589852635254","0.18508589852635254","0.18508589852635254"
"32576","0.12298066007625122","0.12298066007625122","0.12298066007625122"
"32578","0.05918548527257327","0.05918548527257327","0.05918548527257327"
"32580","0.06723810289155724","0.06723810289155724","0.06723810289155724"
"32582","0.3474546876873837","0.3474546876873837","0.3474546876873837"
"32590","0.07862669670362037","0.07862669670362037","0.07862669670362037"
"32594","0.07760722721815148","0.07760722721815148","0.07760722721815148"
"32596","0.1529237331921777","0.1529237331921777","0.1529237331921777"
"32598","0.054957688831384015","0.054957688831384015","0.054957688831384015"
"32602","0.19431805168925242","0.19431805168925242","0.19431805168925242"
"32608","0.08206282303238834","0.08206282303238834","0.08206282303238834"
"32614","0.11435536352815681","0.11435536352815681","0.11435536352815681"
"32622","0.11630177353753483","0.11630177353753483","0.11630177353753483"
"32624","0.0660784780497849","0.0660784780497849","0.0660784780497849"
"32630","0.07162084841055522","0.07162084841055522","0.07162084841055522"
"32632","0.08161325338095962","0.08161325338095962","0.08161325338095962"
"32646","0.08787524300652895","0.08787524300652895","0.08787524300652895"
"32650","0.06698132891277019","0.06698132891277019","0.06698132891277019"
"32658","0.13271780705459435","0.13271780705459435","0.13271780705459435"
"32660","0.14020163331831975","0.14020163331831975","0.14020163331831975"
"32662","0.07274955378064563","0.07274955378064563","0.07274955378064563"
"32666","0.11838724796452407","0.11838724796452407","0.11838724796452407"
"32670","0.12293004741682682","0.12293004741682682","0.12293004741682682"
"32672","0.20935321061071077","0.20935321061071077","0.20935321061071077"
"32680","0.05993907752101622","0.05993907752101622","0.05993907752101622"
"32684","0.10672299885564798","0.10672299885564798","0.10672299885564798"
"32690","0.12000148131529138","0.12000148131529138","0.12000148131529138"
"32692","0.14056831117934399","0.14056831117934399","0.14056831117934399"
"32700","0.06031402296900692","0.06031402296900692","0.06031402296900692"
"32706","0.15785437868622693","0.15785437868622693","0.15785437868622693"
"32712","0.09199322843671376","0.09199322843671376","0.09199322843671376"
"32716","0.10553792609898324","0.10553792609898324","0.10553792609898324"
"32718","0.1703436976040648","0.1703436976040648","0.1703436976040648"
"32728","0.0733528382209389","0.0733528382209389","0.0733528382209389"
"32730","0.14063157622537403","0.14063157622537403","0.14063157622537403"
"32734","0.07648554128414202","0.07648554128414202","0.07648554128414202"
"32738","0.08466561555067205","0.08466561555067205","0.08466561555067205"
"32746","0.12289626122540454","0.12289626122540454","0.12289626122540454"
"32748","0.0862746128954586","0.0862746128954586","0.0862746128954586"
"32758","0.09071308902682232","0.09071308902682232","0.09071308902682232"
"32760","0.055278943262767534","0.055278943262767534","0.055278943262767534"
"32762","0.09569629820005286","0.09569629820005286","0.09569629820005286"
"32764","0.1401373899756117","0.1401373899756117","0.1401373899756117"
"32770","0.07353002890028094","0.07353002890028094","0.07353002890028094"
"32772","0.13323071493313454","0.13323071493313454","0.13323071493313454"
"32780","0.09371108002232427","0.09371108002232427","0.09371108002232427"
"32784","0.09653942935142573","0.09653942935142573","0.09653942935142573"
"32796","0.11460024309734829","0.11460024309734829","0.11460024309734829"
"32812","0.10894698027862364","0.10894698027862364","0.10894698027862364"
"32814","0.18150261794256692","0.18150261794256692","0.18150261794256692"
"32824","0.10002873536845854","0.10002873536845854","0.10002873536845854"
"32828","0.27133258171166846","0.27133258171166846","0.27133258171166846"
"32830","0.1416628146056914","0.1416628146056914","0.1416628146056914"
"32832","0.09100729142867617","0.09100729142867617","0.09100729142867617"
"32834","0.13873499790270494","0.13873499790270494","0.13873499790270494"
"32836","0.08720478180977631","0.08720478180977631","0.08720478180977631"
"32838","0.09054326284739247","0.09054326284739247","0.09054326284739247"
"32848","0.099284108479492","0.099284108479492","0.099284108479492"
"32854","0.1142197977714647","0.1142197977714647","0.1142197977714647"
"32856","0.0752645798981426","0.0752645798981426","0.0752645798981426"
"32860","0.12614605465225642","0.12614605465225642","0.12614605465225642"
"32864","0.06550707439627779","0.06550707439627779","0.06550707439627779"
"32882","0.13599954537445402","0.13599954537445402","0.13599954537445402"
"32886","0.028710534821171217","0.028710534821171217","0.028710534821171217"
"32890","0.17127167951707142","0.17127167951707142","0.17127167951707142"
"32892","0.16477952673314986","0.16477952673314986","0.16477952673314986"
"32894","0.14610808679540888","0.14610808679540888","0.14610808679540888"
"32896","0.23451889706990722","0.23451889706990722","0.23451889706990722"
"32898","0.0622599132938299","0.0622599132938299","0.0622599132938299"
"32902","0.11567548603304492","0.11567548603304492","0.11567548603304492"
"32904","0.09866753524092424","0.09866753524092424","0.09866753524092424"
"32908","0.1254427860777951","0.1254427860777951","0.1254427860777951"
"32914","0.13160568900020697","0.13160568900020697","0.13160568900020697"
"32918","0.12070246128405952","0.12070246128405952","0.12070246128405952"
"32920","0.1488212468718066","0.1488212468718066","0.1488212468718066"
"32922","0.09588103398666184","0.09588103398666184","0.09588103398666184"
"32924","0.03561909793757701","0.03561909793757701","0.03561909793757701"
"32926","0.09141651955811937","0.09141651955811937","0.09141651955811937"
"32934","0.12806671026187083","0.12806671026187083","0.12806671026187083"
"32938","0.11019498553222483","0.11019498553222483","0.11019498553222483"
"32940","0.12728181983001627","0.12728181983001627","0.12728181983001627"
"32942","0.10325837108423165","0.10325837108423165","0.10325837108423165"
"32944","0.06289521446423191","0.06289521446423191","0.06289521446423191"
"32948","0.08762234166683378","0.08762234166683378","0.08762234166683378"
"32950","0.037904776187000284","0.037904776187000284","0.037904776187000284"
"32956","0.0920157359895508","0.0920157359895508","0.0920157359895508"
"32958","0.13243081138637583","0.13243081138637583","0.13243081138637583"
"32966","0.15522202054313153","0.15522202054313153","0.15522202054313153"
"32972","0.056812588493616076","0.056812588493616076","0.056812588493616076"
"32980","0.07236393479066268","0.07236393479066268","0.07236393479066268"
"33000","0.11579906580737379","0.11579906580737379","0.11579906580737379"
"33004","0.09891183026106444","0.09891183026106444","0.09891183026106444"
"33008","0.08831159125135202","0.08831159125135202","0.08831159125135202"
"33010","0.10995313996199299","0.10995313996199299","0.10995313996199299"
"33012","0.15879845749767393","0.15879845749767393","0.15879845749767393"
"33014","0.15886788751932407","0.15886788751932407","0.15886788751932407"
"33016","0.10772195431160049","0.10772195431160049","0.10772195431160049"
"33024","0.03981501709644113","0.03981501709644113","0.03981501709644113"
"33028","0.1400602444386695","0.1400602444386695","0.1400602444386695"
"33036","0.15721149846290478","0.15721149846290478","0.15721149846290478"
"33038","0.1515401774612869","0.1515401774612869","0.1515401774612869"
"33044","0.09356530195001876","0.09356530195001876","0.09356530195001876"
"33046","0.09866107403588499","0.09866107403588499","0.09866107403588499"
"33054","0.1327199613526215","0.1327199613526215","0.1327199613526215"
"33062","0.06432877089556294","0.06432877089556294","0.06432877089556294"
"33066","0.13575719160407865","0.13575719160407865","0.13575719160407865"
"33070","0.05480355482501161","0.05480355482501161","0.05480355482501161"
"33078","0.16331727073188992","0.16331727073188992","0.16331727073188992"
"33088","0.15133968226424652","0.15133968226424652","0.15133968226424652"
"33092","0.1859527565603322","0.1859527565603322","0.1859527565603322"
"33094","0.0876167640131573","0.0876167640131573","0.0876167640131573"
"33096","0.23888224494243623","0.23888224494243623","0.23888224494243623"
"33102","0.15693812242108773","0.15693812242108773","0.15693812242108773"
"33108","0.13888294650981897","0.13888294650981897","0.13888294650981897"
"33114","0.08251872429086357","0.08251872429086357","0.08251872429086357"
"33116","0.1769693594552751","0.1769693594552751","0.1769693594552751"
"33120","0.1803890609673408","0.1803890609673408","0.1803890609673408"
"33122","0.0908053344763247","0.0908053344763247","0.0908053344763247"
"33141","0.07615666665572535","0.07615666665572535","0.07615666665572535"
"33143","0.06902592487743167","0.06902592487743167","0.06902592487743167"
"33147","0.08355013453744127","0.08355013453744127","0.08355013453744127"
"33153","0.16145603244946843","0.16145603244946843","0.16145603244946843"
"33161","0.06963431937856567","0.06963431937856567","0.06963431937856567"
"33169","0.04301967637382157","0.04301967637382157","0.04301967637382157"
"33173","0.11685797933323207","0.11685797933323207","0.11685797933323207"
"33175","0.09127242856168842","0.09127242856168842","0.09127242856168842"
"33177","0.10710898260160169","0.10710898260160169","0.10710898260160169"
"33183","0.15486557492979833","0.15486557492979833","0.15486557492979833"
"33185","0.17375514823847205","0.17375514823847205","0.17375514823847205"
"33197","0.1345000206635328","0.1345000206635328","0.1345000206635328"
"33199","0.18357735418602206","0.18357735418602206","0.18357735418602206"
"33203","0.20397362052826454","0.20397362052826454","0.20397362052826454"
"33205","0.15412960764261802","0.15412960764261802","0.15412960764261802"
"33207","0.08613324089549265","0.08613324089549265","0.08613324089549265"
"33209","0.13122923380195017","0.13122923380195017","0.13122923380195017"
"33221","0.07901382879086742","0.07901382879086742","0.07901382879086742"
"33223","0.07001592421983843","0.07001592421983843","0.07001592421983843"
"33227","0.058241956353448456","0.058241956353448456","0.058241956353448456"
"33253","0.08056490925640775","0.08056490925640775","0.08056490925640775"
"33255","0.12154787418740869","0.12154787418740869","0.12154787418740869"
"33259","0.07783979271895532","0.07783979271895532","0.07783979271895532"
"33261","0.0873192813375885","0.0873192813375885","0.0873192813375885"
"33265","0.05905925690108124","0.05905925690108124","0.05905925690108124"
"33267","0.15083806247392922","0.15083806247392922","0.15083806247392922"
"33269","0.0948033807882154","0.0948033807882154","0.0948033807882154"
"33277","0.06026108844247182","0.06026108844247182","0.06026108844247182"
"33279","0.06822077460524023","0.06822077460524023","0.06822077460524023"
"33281","0.08003567524152015","0.08003567524152015","0.08003567524152015"
"33285","0.13956323438622878","0.13956323438622878","0.13956323438622878"
"33291","0.102291057031133","0.102291057031133","0.102291057031133"
"33295","0.09730811531494739","0.09730811531494739","0.09730811531494739"
"33297","0.08828487452096691","0.08828487452096691","0.08828487452096691"
"33303","0.08466982019989469","0.08466982019989469","0.08466982019989469"
"33307","0.1486688931016269","0.1486688931016269","0.1486688931016269"
"33313","0.10463582621099145","0.10463582621099145","0.10463582621099145"
"33317","0.01918673729666929","0.01918673729666929","0.01918673729666929"
"33321","0.07564048770071774","0.07564048770071774","0.07564048770071774"
"33327","0.055335928584093655","0.055335928584093655","0.055335928584093655"
"33331","0.06540097845142863","0.06540097845142863","0.06540097845142863"
"33333","0.10364081352224792","0.10364081352224792","0.10364081352224792"
"33343","0.10935547773657883","0.10935547773657883","0.10935547773657883"
"33345","0.06582850637286958","0.06582850637286958","0.06582850637286958"
"33347","0.10269382695559733","0.10269382695559733","0.10269382695559733"
"33353","0.16080368992919955","0.16080368992919955","0.16080368992919955"
"33357","0.11077933823640174","0.11077933823640174","0.11077933823640174"
"33367","0.22276597916373658","0.22276597916373658","0.22276597916373658"
"33375","0.12975022712083095","0.12975022712083095","0.12975022712083095"
"33379","0.15548339779538783","0.15548339779538783","0.15548339779538783"
"33381","0.09810530414753554","0.09810530414753554","0.09810530414753554"
"33383","0.09018556215857194","0.09018556215857194","0.09018556215857194"
"33385","0.14480505602377836","0.14480505602377836","0.14480505602377836"
"33389","0.1103587696793909","0.1103587696793909","0.1103587696793909"
"33405","0.07908879871764168","0.07908879871764168","0.07908879871764168"
"33407","0.06534434916606055","0.06534434916606055","0.06534434916606055"
"33413","0.07972499570657396","0.07972499570657396","0.07972499570657396"
"33417","0.1439290970528936","0.1439290970528936","0.1439290970528936"
"33419","0.12218250840691444","0.12218250840691444","0.12218250840691444"
"33421","0.09839085370619219","0.09839085370619219","0.09839085370619219"
"33425","0.09042128715469074","0.09042128715469074","0.09042128715469074"
"33427","0.06362876983455593","0.06362876983455593","0.06362876983455593"
"33429","0.10410344370847387","0.10410344370847387","0.10410344370847387"
"33437","0.08793542303057077","0.08793542303057077","0.08793542303057077"
"33443","0.13498137660184217","0.13498137660184217","0.13498137660184217"
"33445","0.19007705904547675","0.19007705904547675","0.19007705904547675"
"33449","0.11125177140915124","0.11125177140915124","0.11125177140915124"
"33469","0.08350492731849408","0.08350492731849408","0.08350492731849408"
"33471","0.1773059838367984","0.1773059838367984","0.1773059838367984"
"33477","0.12839848040518234","0.12839848040518234","0.12839848040518234"
"33483","0.1446525863435691","0.1446525863435691","0.1446525863435691"
"33485","0.08403978072672776","0.08403978072672776","0.08403978072672776"
"33491","0.1740579585847528","0.1740579585847528","0.1740579585847528"
"33497","0.08096232954847772","0.08096232954847772","0.08096232954847772"
"33499","0.09452422644004296","0.09452422644004296","0.09452422644004296"
"33503","0.14812913033807043","0.14812913033807043","0.14812913033807043"
"33507","0.15336596058460716","0.15336596058460716","0.15336596058460716"
"33513","0.09273958592448951","0.09273958592448951","0.09273958592448951"
"33515","0.12372423862347107","0.12372423862347107","0.12372423862347107"
"33519","0.14210052712250107","0.14210052712250107","0.14210052712250107"
"33523","0.13697160771282868","0.13697160771282868","0.13697160771282868"
"33525","0.14085048902456834","0.14085048902456834","0.14085048902456834"
"33529","0.09525891286752082","0.09525891286752082","0.09525891286752082"
"33539","0.08868144609664991","0.08868144609664991","0.08868144609664991"
"33541","0.12856345402683975","0.12856345402683975","0.12856345402683975"
"33551","0.19869139003575478","0.19869139003575478","0.19869139003575478"
"33553","0.06380461871046644","0.06380461871046644","0.06380461871046644"
"33555","0.1834779333494261","0.1834779333494261","0.1834779333494261"
"33559","0.12202241720916902","0.12202241720916902","0.12202241720916902"
"33561","0.06730366979505943","0.06730366979505943","0.06730366979505943"
"33563","0.1846728368124577","0.1846728368124577","0.1846728368124577"
"33569","0.1926528661822108","0.1926528661822108","0.1926528661822108"
"33573","0.10748640203138092","0.10748640203138092","0.10748640203138092"
"33583","0.17098572817788737","0.17098572817788737","0.17098572817788737"
"33587","0.11618901294366514","0.11618901294366514","0.11618901294366514"
"33589","0.11139589890254036","0.11139589890254036","0.11139589890254036"
"33591","0.09060021875544005","0.09060021875544005","0.09060021875544005"
"33593","0.06087451776420235","0.06087451776420235","0.06087451776420235"
"33595","0.12019667670213721","0.12019667670213721","0.12019667670213721"
"33597","0.0965397380571529","0.0965397380571529","0.0965397380571529"
"33601","0.16751840011750285","0.16751840011750285","0.16751840011750285"
"33603","0.08046441413716188","0.08046441413716188","0.08046441413716188"
"33605","0.10196378184487044","0.10196378184487044","0.10196378184487044"
"33607","0.12236116472926982","0.12236116472926982","0.12236116472926982"
"33609","0.08236699424083449","0.08236699424083449","0.08236699424083449"
"33611","0.18070791588619897","0.18070791588619897","0.18070791588619897"
"33613","0.1489715630874078","0.1489715630874078","0.1489715630874078"
"33619","0.06687413552095377","0.06687413552095377","0.06687413552095377"
"33623","0.12184930631423876","0.12184930631423876","0.12184930631423876"
"33625","0.10431770659584211","0.10431770659584211","0.10431770659584211"
"33631","0.10934415450434232","0.10934415450434232","0.10934415450434232"
"33637","0.09637977339313077","0.09637977339313077","0.09637977339313077"
"33643","0.15412296683183974","0.15412296683183974","0.15412296683183974"
"33645","0.08930404934635507","0.08930404934635507","0.08930404934635507"
"33651","0.14363350294090899","0.14363350294090899","0.14363350294090899"
"33657","0.10415991870560483","0.10415991870560483","0.10415991870560483"
"33663","0.09729096760420389","0.09729096760420389","0.09729096760420389"
"33667","0.0903820827077781","0.0903820827077781","0.0903820827077781"
"33669","0.08405077604784983","0.08405077604784983","0.08405077604784983"
"33671","0.22556886979968443","0.22556886979968443","0.22556886979968443"
"33673","0.09171633535257762","0.09171633535257762","0.09171633535257762"
"33675","0.18705225174090753","0.18705225174090753","0.18705225174090753"
"33679","0.05939685864641245","0.05939685864641245","0.05939685864641245"
"33681","0.07090873709129414","0.07090873709129414","0.07090873709129414"
"33685","0.15992587663631783","0.15992587663631783","0.15992587663631783"
"33689","0.13646087850376235","0.13646087850376235","0.13646087850376235"
"33697","0.07284178003386908","0.07284178003386908","0.07284178003386908"
"33699","0.11987234764128263","0.11987234764128263","0.11987234764128263"
"33707","0.07702876720528311","0.07702876720528311","0.07702876720528311"
"33725","0.05797716408391611","0.05797716408391611","0.05797716408391611"
"33729","0.05419119354494474","0.05419119354494474","0.05419119354494474"
"33731","0.07908061715668518","0.07908061715668518","0.07908061715668518"
"33741","0.08531013068028619","0.08531013068028619","0.08531013068028619"
"33747","0.1244455909903104","0.1244455909903104","0.1244455909903104"
"33749","0.08142449858568618","0.08142449858568618","0.08142449858568618"
"33751","0.10449205826368094","0.10449205826368094","0.10449205826368094"
"33753","0.10055711481405442","0.10055711481405442","0.10055711481405442"
"33755","0.1425458793233218","0.1425458793233218","0.1425458793233218"
"33757","0.07709747152040122","0.07709747152040122","0.07709747152040122"
"33759","0.23992926132523523","0.23992926132523523","0.23992926132523523"
"33763","0.06337217403916741","0.06337217403916741","0.06337217403916741"
"33767","0.12881997139912343","0.12881997139912343","0.12881997139912343"
"33777","0.08709965670905445","0.08709965670905445","0.08709965670905445"
"33781","0.10730313761355234","0.10730313761355234","0.10730313761355234"
"33785","0.0868950994571175","0.0868950994571175","0.0868950994571175"
"33787","0.15123248721045202","0.15123248721045202","0.15123248721045202"
"33789","0.18360915017976517","0.18360915017976517","0.18360915017976517"
"33791","0.07683680464056959","0.07683680464056959","0.07683680464056959"
"33793","0.11478289156190907","0.11478289156190907","0.11478289156190907"
"33795","0.07804048258098197","0.07804048258098197","0.07804048258098197"
"33797","0.07963732900136361","0.07963732900136361","0.07963732900136361"
"33799","0.26722281596258146","0.26722281596258146","0.26722281596258146"
"33803","0.09893496659951859","0.09893496659951859","0.09893496659951859"
"33805","0.12611101058373853","0.12611101058373853","0.12611101058373853"
"33817","0.1082911174924022","0.1082911174924022","0.1082911174924022"
"33819","0.06892820137836178","0.06892820137836178","0.06892820137836178"
"33821","0.08837371094328741","0.08837371094328741","0.08837371094328741"
"33833","0.1049086125215485","0.1049086125215485","0.1049086125215485"
"33837","0.0823498708551048","0.0823498708551048","0.0823498708551048"
"33843","0.07901928885125384","0.07901928885125384","0.07901928885125384"
"33845","0.06337620063731662","0.06337620063731662","0.06337620063731662"
"33851","0.12262619479474184","0.12262619479474184","0.12262619479474184"
"33861","0.11417829566861583","0.11417829566861583","0.11417829566861583"
"33865","0.1470678724413281","0.1470678724413281","0.1470678724413281"
"33867","0.10936167329252719","0.10936167329252719","0.10936167329252719"
"33871","0.1245884752235774","0.1245884752235774","0.1245884752235774"
"33875","0.07757766745106819","0.07757766745106819","0.07757766745106819"
"33879","0.12043332931154464","0.12043332931154464","0.12043332931154464"
"33881","0.09784172564495466","0.09784172564495466","0.09784172564495466"
"33883","0.07497436711256325","0.07497436711256325","0.07497436711256325"
"33889","0.16613472425059125","0.16613472425059125","0.16613472425059125"
"33897","0.10255071482981173","0.10255071482981173","0.10255071482981173"
"33899","0.1721343338124837","0.1721343338124837","0.1721343338124837"
"33905","0.13788254500752262","0.13788254500752262","0.13788254500752262"
"33907","0.13601356247330137","0.13601356247330137","0.13601356247330137"
"33913","0.061911849830752756","0.061911849830752756","0.061911849830752756"
"33915","0.11934931254003131","0.11934931254003131","0.11934931254003131"
"33923","0.13067139460999802","0.13067139460999802","0.13067139460999802"
"33929","0.1503103091304309","0.1503103091304309","0.1503103091304309"
"33937","0.08819189623997213","0.08819189623997213","0.08819189623997213"
"33943","0.08918434704852621","0.08918434704852621","0.08918434704852621"
"33965","0.10737968830213941","0.10737968830213941","0.10737968830213941"
"33975","0.08641433101171236","0.08641433101171236","0.08641433101171236"
"33979","0.023100681605087534","0.023100681605087534","0.023100681605087534"
"33981","0.07151878589210686","0.07151878589210686","0.07151878589210686"
"33987","0.0945485004732292","0.0945485004732292","0.0945485004732292"
"33995","0.0745150711585316","0.0745150711585316","0.0745150711585316"
"33997","0.08082217452650074","0.08082217452650074","0.08082217452650074"
"33999","0.0899160394921068","0.0899160394921068","0.0899160394921068"
"34001","0.13801877602057566","0.13801877602057566","0.13801877602057566"
"34003","0.11142384028436776","0.11142384028436776","0.11142384028436776"
"34007","0.249457553127709","0.249457553127709","0.249457553127709"
"34009","0.09691482425253482","0.09691482425253482","0.09691482425253482"
"34013","0.061922367558793164","0.061922367558793164","0.061922367558793164"
"34015","0.14692085722039605","0.14692085722039605","0.14692085722039605"
"34017","0.08709803409052204","0.08709803409052204","0.08709803409052204"
"34019","0.08173458633366361","0.08173458633366361","0.08173458633366361"
"34021","0.15459432782184115","0.15459432782184115","0.15459432782184115"
"34027","0.07010963765888564","0.07010963765888564","0.07010963765888564"
"34031","0.14600915116827187","0.14600915116827187","0.14600915116827187"
"34035","0.06083141845669316","0.06083141845669316","0.06083141845669316"
"34037","0.11530137135011903","0.11530137135011903","0.11530137135011903"
"34043","0.07807857803158332","0.07807857803158332","0.07807857803158332"
"34047","0.13149258442328635","0.13149258442328635","0.13149258442328635"
"34049","0.13561500107036484","0.13561500107036484","0.13561500107036484"
"34053","0.07559288803691748","0.07559288803691748","0.07559288803691748"
"34059","0.17215919299162702","0.17215919299162702","0.17215919299162702"
"34061","0.12248636298154571","0.12248636298154571","0.12248636298154571"
"34079","0.11655821721413641","0.11655821721413641","0.11655821721413641"
"34081","0.1521154674021156","0.1521154674021156","0.1521154674021156"
"34083","0.09727681834759856","0.09727681834759856","0.09727681834759856"
"34085","0.2290161552488127","0.2290161552488127","0.2290161552488127"
"34091","0.1733088613410865","0.1733088613410865","0.1733088613410865"
"34093","0.1658722819653245","0.1658722819653245","0.1658722819653245"
"34095","0.09621806186871021","0.09621806186871021","0.09621806186871021"
"34099","0.12026390171687303","0.12026390171687303","0.12026390171687303"
"34101","0.09362886967989117","0.09362886967989117","0.09362886967989117"
"34103","0.09906290723614666","0.09906290723614666","0.09906290723614666"
"34109","0.07559394449017387","0.07559394449017387","0.07559394449017387"
"34117","0.15293803819484508","0.15293803819484508","0.15293803819484508"
"34122","0.12777747497430572","0.12777747497430572","0.12777747497430572"
"34134","0.12369835293006928","0.12369835293006928","0.12369835293006928"
"34136","0.12025978184308461","0.12025978184308461","0.12025978184308461"
"34140","0.15678740114976694","0.15678740114976694","0.15678740114976694"
"34142","0.0898778736576269","0.0898778736576269","0.0898778736576269"
"34144","0.08624337230490196","0.08624337230490196","0.08624337230490196"
"34160","0.10647076993525931","0.10647076993525931","0.10647076993525931"
"34162","0.07116405094932692","0.07116405094932692","0.07116405094932692"
"34164","0.13417926327389837","0.13417926327389837","0.13417926327389837"
"34170","0.1324507330223643","0.1324507330223643","0.1324507330223643"
"34172","0.14940460025520425","0.14940460025520425","0.14940460025520425"
"34174","0.14974720285904727","0.14974720285904727","0.14974720285904727"
"34190","0.13747832604293997","0.13747832604293997","0.13747832604293997"
"34200","0.053722724921579874","0.053722724921579874","0.053722724921579874"
"34202","0.1347818088488952","0.1347818088488952","0.1347818088488952"
"34204","0.17773024585664374","0.17773024585664374","0.17773024585664374"
"34206","0.10529208398559396","0.10529208398559396","0.10529208398559396"
"34232","0.10440548303180266","0.10440548303180266","0.10440548303180266"
"34238","0.09012378711453066","0.09012378711453066","0.09012378711453066"
"34242","0.11781504609318948","0.11781504609318948","0.11781504609318948"
"34248","0.08278809808693305","0.08278809808693305","0.08278809808693305"
"34252","0.10334871438972684","0.10334871438972684","0.10334871438972684"
"34256","0.06231656947784386","0.06231656947784386","0.06231656947784386"
"34258","0.10896519112689723","0.10896519112689723","0.10896519112689723"
"34260","0.14995611264018185","0.14995611264018185","0.14995611264018185"
"34262","0.06266304445408773","0.06266304445408773","0.06266304445408773"
"34268","0.08735256802261886","0.08735256802261886","0.08735256802261886"
"34276","0.09769056670914844","0.09769056670914844","0.09769056670914844"
"34278","0.07939243700988612","0.07939243700988612","0.07939243700988612"
"34286","0.08436195473578119","0.08436195473578119","0.08436195473578119"
"34300","0.0633476158041283","0.0633476158041283","0.0633476158041283"
"34310","0.11738649003905742","0.11738649003905742","0.11738649003905742"
"34314","0.10348177752344513","0.10348177752344513","0.10348177752344513"
"34320","0.09172222470422875","0.09172222470422875","0.09172222470422875"
"34326","0.059641201802023716","0.059641201802023716","0.059641201802023716"
"34328","0.14460067756872982","0.14460067756872982","0.14460067756872982"
"34332","0.13031851318948548","0.13031851318948548","0.13031851318948548"
"34336","0.07000625330164918","0.07000625330164918","0.07000625330164918"
"34348","0.09282905016028586","0.09282905016028586","0.09282905016028586"
"34350","0.07392610086248488","0.07392610086248488","0.07392610086248488"
"34354","0.1421009334680526","0.1421009334680526","0.1421009334680526"
"34356","0.09827379472835775","0.09827379472835775","0.09827379472835775"
"34358","0.10484793525335494","0.10484793525335494","0.10484793525335494"
"34360","0.11510180266644017","0.11510180266644017","0.11510180266644017"
"34362","0.1011331911400418","0.1011331911400418","0.1011331911400418"
"34364","0.08413077778958944","0.08413077778958944","0.08413077778958944"
"34366","0.11070565995441556","0.11070565995441556","0.11070565995441556"
"34372","0.12674026985036868","0.12674026985036868","0.12674026985036868"
"34384","0.11594377791175262","0.11594377791175262","0.11594377791175262"
"34388","0.05579803264752842","0.05579803264752842","0.05579803264752842"
"34390","0.07955587282283924","0.07955587282283924","0.07955587282283924"
"34392","0.23513552140286648","0.23513552140286648","0.23513552140286648"
"34418","0.08760755306544914","0.08760755306544914","0.08760755306544914"
"34420","0.17065424775871912","0.17065424775871912","0.17065424775871912"
"34428","0.07802832105117656","0.07802832105117656","0.07802832105117656"
"34432","0.21360175326351982","0.21360175326351982","0.21360175326351982"
"34438","0.13760210494355402","0.13760210494355402","0.13760210494355402"
"34446","0.0835927047396757","0.0835927047396757","0.0835927047396757"
"34448","0.07023997672743659","0.07023997672743659","0.07023997672743659"
"34464","0.2509060474888579","0.2509060474888579","0.2509060474888579"
"34472","0.16697544995580132","0.16697544995580132","0.16697544995580132"
"34482","0.10539628117613169","0.10539628117613169","0.10539628117613169"
"34486","0.0952528217575414","0.0952528217575414","0.0952528217575414"
"34492","0.0905596314414265","0.0905596314414265","0.0905596314414265"
"34494","0.10020541461783616","0.10020541461783616","0.10020541461783616"
"34500","0.08596998110239473","0.08596998110239473","0.08596998110239473"
"34502","0.11712237773878867","0.11712237773878867","0.11712237773878867"
"34506","0.1057377052695896","0.1057377052695896","0.1057377052695896"
"34518","0.07043388273805971","0.07043388273805971","0.07043388273805971"
"34526","0.10355943076812164","0.10355943076812164","0.10355943076812164"
"34528","0.1004790738394565","0.1004790738394565","0.1004790738394565"
"34530","0.19130174547666368","0.19130174547666368","0.19130174547666368"
"34532","0.1759036591610633","0.1759036591610633","0.1759036591610633"
"34538","0.18930774695284938","0.18930774695284938","0.18930774695284938"
"34542","0.08490872148771449","0.08490872148771449","0.08490872148771449"
"34546","0.167322334393822","0.167322334393822","0.167322334393822"
"34548","0.14089638960502557","0.14089638960502557","0.14089638960502557"
"34550","0.09624506813889154","0.09624506813889154","0.09624506813889154"
"34554","0.11998605160312409","0.11998605160312409","0.11998605160312409"
"34556","0.10565777899203599","0.10565777899203599","0.10565777899203599"
"34558","0.0836991746072452","0.0836991746072452","0.0836991746072452"
"34570","0.15175638922339366","0.15175638922339366","0.15175638922339366"
"34572","0.1531067168258755","0.1531067168258755","0.1531067168258755"
"34578","0.094524679664971","0.094524679664971","0.094524679664971"
"34584","0.07461796543836934","0.07461796543836934","0.07461796543836934"
"34586","0.09001488557540659","0.09001488557540659","0.09001488557540659"
"34588","0.2082983593592036","0.2082983593592036","0.2082983593592036"
"34592","0.11297616489763294","0.11297616489763294","0.11297616489763294"
"34596","0.1012890646993723","0.1012890646993723","0.1012890646993723"
"34602","0.13294321527736253","0.13294321527736253","0.13294321527736253"
"34606","0.09965529972615002","0.09965529972615002","0.09965529972615002"
"34618","0.14411541684756027","0.14411541684756027","0.14411541684756027"
"34624","0.03295771631697837","0.03295771631697837","0.03295771631697837"
"34626","0.09439229979542416","0.09439229979542416","0.09439229979542416"
"34632","0.0765347213857369","0.0765347213857369","0.0765347213857369"
"34638","0.08101049907749705","0.08101049907749705","0.08101049907749705"
"34648","0.23635549623231142","0.23635549623231142","0.23635549623231142"
"34652","0.12188531972525214","0.12188531972525214","0.12188531972525214"
"34654","0.05839982924190429","0.05839982924190429","0.05839982924190429"
"34660","0.13337034988162358","0.13337034988162358","0.13337034988162358"
"34662","0.10807427056931394","0.10807427056931394","0.10807427056931394"
"34664","0.10190172580606648","0.10190172580606648","0.10190172580606648"
"34668","0.07901498978510159","0.07901498978510159","0.07901498978510159"
"34672","0.11236542013232251","0.11236542013232251","0.11236542013232251"
"34674","0.10881570886928761","0.10881570886928761","0.10881570886928761"
"34680","0.04329936486346486","0.04329936486346486","0.04329936486346486"
"34682","0.1586570643899426","0.1586570643899426","0.1586570643899426"
"34692","0.10977456219356069","0.10977456219356069","0.10977456219356069"
"34698","0.06722594744097837","0.06722594744097837","0.06722594744097837"
"34704","0.059483020565268586","0.059483020565268586","0.059483020565268586"
"34708","0.10434253171921894","0.10434253171921894","0.10434253171921894"
"34714","0.13705055300946506","0.13705055300946506","0.13705055300946506"
"34718","0.07148969844111461","0.07148969844111461","0.07148969844111461"
"34724","0.10429002689353178","0.10429002689353178","0.10429002689353178"
"34726","0.14112423652969508","0.14112423652969508","0.14112423652969508"
"34730","0.09336074844052382","0.09336074844052382","0.09336074844052382"
"34732","0.16383332185593205","0.16383332185593205","0.16383332185593205"
"34734","0.14568535642712074","0.14568535642712074","0.14568535642712074"
"34742","0.043325317008179584","0.043325317008179584","0.043325317008179584"
"34748","0.06460714000770847","0.06460714000770847","0.06460714000770847"
"34750","0.07041609602806045","0.07041609602806045","0.07041609602806045"
"34756","0.06353951780146001","0.06353951780146001","0.06353951780146001"
"34758","0.10588123757364713","0.10588123757364713","0.10588123757364713"
"34762","0.15309503125793195","0.15309503125793195","0.15309503125793195"
"34772","0.14176978280684685","0.14176978280684685","0.14176978280684685"
"34774","0.08588199014789634","0.08588199014789634","0.08588199014789634"
"34778","0.05775937018415347","0.05775937018415347","0.05775937018415347"
"34780","0.12361188247354564","0.12361188247354564","0.12361188247354564"
"34788","0.09985786186030453","0.09985786186030453","0.09985786186030453"
"34792","0.1158078479653406","0.1158078479653406","0.1158078479653406"
"34798","0.1018852963758707","0.1018852963758707","0.1018852963758707"
"34802","0.14385480714052762","0.14385480714052762","0.14385480714052762"
"34808","0.06738617791879871","0.06738617791879871","0.06738617791879871"
"34810","0.07149371727103047","0.07149371727103047","0.07149371727103047"
"34814","0.12243295590194046","0.12243295590194046","0.12243295590194046"
"34820","0.06121732990624453","0.06121732990624453","0.06121732990624453"
"34826","0.16394596275144283","0.16394596275144283","0.16394596275144283"
"34834","0.05008021975166561","0.05008021975166561","0.05008021975166561"
"34842","0.1124575528228112","0.1124575528228112","0.1124575528228112"
"34844","0.07622444344042446","0.07622444344042446","0.07622444344042446"
"34846","0.0881084127997666","0.0881084127997666","0.0881084127997666"
"34852","0.06920542993537661","0.06920542993537661","0.06920542993537661"
"34856","0.09998207397275218","0.09998207397275218","0.09998207397275218"
"34858","0.10751332811691516","0.10751332811691516","0.10751332811691516"
"34866","0.10905395375271443","0.10905395375271443","0.10905395375271443"
"34870","0.08133667989730402","0.08133667989730402","0.08133667989730402"
"34872","0.15791777791141398","0.15791777791141398","0.15791777791141398"
"34878","0.10858268372663916","0.10858268372663916","0.10858268372663916"
"34882","0.08372065256789815","0.08372065256789815","0.08372065256789815"
"34884","0.08706567431470023","0.08706567431470023","0.08706567431470023"
"34890","0.09643606354780251","0.09643606354780251","0.09643606354780251"
"34896","0.06567728820534884","0.06567728820534884","0.06567728820534884"
"34904","0.05132815097927208","0.05132815097927208","0.05132815097927208"
"34908","0.22604508346108193","0.22604508346108193","0.22604508346108193"
"34910","0.1364277057880595","0.1364277057880595","0.1364277057880595"
"34916","0.15117185356080842","0.15117185356080842","0.15117185356080842"
"34918","0.1653669193182927","0.1653669193182927","0.1653669193182927"
"34922","0.11443265757948513","0.11443265757948513","0.11443265757948513"
"34924","0.07563182536961506","0.07563182536961506","0.07563182536961506"
"34926","0.07728859688188562","0.07728859688188562","0.07728859688188562"
"34928","0.10547301937221742","0.10547301937221742","0.10547301937221742"
"34932","0.12461815940602769","0.12461815940602769","0.12461815940602769"
"34934","0.10767473457999871","0.10767473457999871","0.10767473457999871"
"34936","0.07157083244205656","0.07157083244205656","0.07157083244205656"
"34938","0.10206961572046484","0.10206961572046484","0.10206961572046484"
"34940","0.07462439610526052","0.07462439610526052","0.07462439610526052"
"34942","0.04742886485867866","0.04742886485867866","0.04742886485867866"
"34944","0.2142471613362079","0.2142471613362079","0.2142471613362079"
"34948","0.07309576020528416","0.07309576020528416","0.07309576020528416"
"34952","0.1449214526579016","0.1449214526579016","0.1449214526579016"
"34958","0.11012602858220003","0.11012602858220003","0.11012602858220003"
"34962","0.2590868406284349","0.2590868406284349","0.2590868406284349"
"34964","0.20671664932521508","0.20671664932521508","0.20671664932521508"
"34966","0.07802740498088015","0.07802740498088015","0.07802740498088015"
"34968","0.1281942296821354","0.1281942296821354","0.1281942296821354"
"34972","0.10062696953291335","0.10062696953291335","0.10062696953291335"
"34978","0.12996129841090803","0.12996129841090803","0.12996129841090803"
"34980","0.07971671587981857","0.07971671587981857","0.07971671587981857"
"34984","0.12167255065341406","0.12167255065341406","0.12167255065341406"
"34994","0.10483504580425466","0.10483504580425466","0.10483504580425466"
"35000","0.2151956796911309","0.2151956796911309","0.2151956796911309"
"35004","0.054663324973166005","0.054663324973166005","0.054663324973166005"
"35012","0.17018245579294017","0.17018245579294017","0.17018245579294017"
"35014","0.12098559810508402","0.12098559810508402","0.12098559810508402"
"35020","0.07796008167452696","0.07796008167452696","0.07796008167452696"
"35034","0.09144308517689687","0.09144308517689687","0.09144308517689687"
"35036","0.12504780868359014","0.12504780868359014","0.12504780868359014"
"35038","0.08530602855468472","0.08530602855468472","0.08530602855468472"
"35042","0.09536835937048754","0.09536835937048754","0.09536835937048754"
"35060","0.08383529205827434","0.08383529205827434","0.08383529205827434"
"35064","0.11068798366798518","0.11068798366798518","0.11068798366798518"
"35066","0.07394149089274141","0.07394149089274141","0.07394149089274141"
"35070","0.12962933953956976","0.12962933953956976","0.12962933953956976"
"35078","0.09932762859035013","0.09932762859035013","0.09932762859035013"
"35080","0.1035362259140846","0.1035362259140846","0.1035362259140846"
"35084","0.03877658215360216","0.03877658215360216","0.03877658215360216"
"35086","0.10439353367870369","0.10439353367870369","0.10439353367870369"
"35090","0.17848381869317817","0.17848381869317817","0.17848381869317817"
"35104","0.1430904120917974","0.1430904120917974","0.1430904120917974"
"35106","0.16510718254640142","0.16510718254640142","0.16510718254640142"
"35117","0.08527922205280324","0.08527922205280324","0.08527922205280324"
"35121","0.10149881768918032","0.10149881768918032","0.10149881768918032"
"35123","0.0721356602204454","0.0721356602204454","0.0721356602204454"
"35125","0.08241826677786043","0.08241826677786043","0.08241826677786043"
"35127","0.0822310342274997","0.0822310342274997","0.0822310342274997"
"35131","0.07941724046577085","0.07941724046577085","0.07941724046577085"
"35133","0.04432620706365634","0.04432620706365634","0.04432620706365634"
"35137","0.05903340537617937","0.05903340537617937","0.05903340537617937"
"35141","0.1765685886413511","0.1765685886413511","0.1765685886413511"
"35143","0.12150681325246149","0.12150681325246149","0.12150681325246149"
"35157","0.17681698309297475","0.17681698309297475","0.17681698309297475"
"35161","0.19953768575650488","0.19953768575650488","0.19953768575650488"
"35165","0.12940246269821018","0.12940246269821018","0.12940246269821018"
"35167","0.1298898035333438","0.1298898035333438","0.1298898035333438"
"35171","0.13196241175583648","0.13196241175583648","0.13196241175583648"
"35173","0.11150094471865878","0.11150094471865878","0.11150094471865878"
"35177","0.1348520223128927","0.1348520223128927","0.1348520223128927"
"35179","0.1095021266896757","0.1095021266896757","0.1095021266896757"
"35193","0.16324239067654678","0.16324239067654678","0.16324239067654678"
"35195","0.09324932515345034","0.09324932515345034","0.09324932515345034"
"35199","0.13427289088408673","0.13427289088408673","0.13427289088408673"
"35203","0.2763233217399461","0.2763233217399461","0.2763233217399461"
"35209","0.14298045860873904","0.14298045860873904","0.14298045860873904"
"35211","0.11832543852851972","0.11832543852851972","0.11832543852851972"
"35225","0.17608684890140888","0.17608684890140888","0.17608684890140888"
"35235","0.13688541880019936","0.13688541880019936","0.13688541880019936"
"35237","0.2018562084345006","0.2018562084345006","0.2018562084345006"
"35245","0.12085507698406164","0.12085507698406164","0.12085507698406164"
"35249","0.07812925565572909","0.07812925565572909","0.07812925565572909"
"35253","0.13651187776843426","0.13651187776843426","0.13651187776843426"
"35257","0.07227551547234139","0.07227551547234139","0.07227551547234139"
"35265","0.0950091120073701","0.0950091120073701","0.0950091120073701"
"35269","0.10358067483938516","0.10358067483938516","0.10358067483938516"
"35271","0.09229791139324628","0.09229791139324628","0.09229791139324628"
"35273","0.11034195782208861","0.11034195782208861","0.11034195782208861"
"35277","0.10355230347383207","0.10355230347383207","0.10355230347383207"
"35281","0.11248646826955003","0.11248646826955003","0.11248646826955003"
"35283","0.04618040179573202","0.04618040179573202","0.04618040179573202"
"35287","0.09486771910703111","0.09486771910703111","0.09486771910703111"
"35291","0.10970395721426322","0.10970395721426322","0.10970395721426322"
"35297","0.11865166087012934","0.11865166087012934","0.11865166087012934"
"35303","0.06620782771726705","0.06620782771726705","0.06620782771726705"
"35305","0.06720571465104751","0.06720571465104751","0.06720571465104751"
"35309","0.14197327725343786","0.14197327725343786","0.14197327725343786"
"35313","0.11126258661026557","0.11126258661026557","0.11126258661026557"
"35315","0.10617097008623362","0.10617097008623362","0.10617097008623362"
"35321","0.1164319077319552","0.1164319077319552","0.1164319077319552"
"35329","0.08004696169849819","0.08004696169849819","0.08004696169849819"
"35335","0.03958207823045548","0.03958207823045548","0.03958207823045548"
"35339","0.12776626457155976","0.12776626457155976","0.12776626457155976"
"35343","0.07116964214226741","0.07116964214226741","0.07116964214226741"
"35351","0.07112285102252636","0.07112285102252636","0.07112285102252636"
"35355","0.10024327176958271","0.10024327176958271","0.10024327176958271"
"35359","0.12493029901205639","0.12493029901205639","0.12493029901205639"
"35365","0.12976702211099866","0.12976702211099866","0.12976702211099866"
"35367","0.09057768848722654","0.09057768848722654","0.09057768848722654"
"35371","0.0660599838854061","0.0660599838854061","0.0660599838854061"
"35379","0.10053557459144692","0.10053557459144692","0.10053557459144692"
"35381","0.054424393776021776","0.054424393776021776","0.054424393776021776"
"35385","0.06846003274146713","0.06846003274146713","0.06846003274146713"
"35391","0.0507667043834752","0.0507667043834752","0.0507667043834752"
"35393","0.0907781359455239","0.0907781359455239","0.0907781359455239"
"35397","0.11076701708373708","0.11076701708373708","0.11076701708373708"
"35401","0.08319024626585943","0.08319024626585943","0.08319024626585943"
"35405","0.06769253549531483","0.06769253549531483","0.06769253549531483"
"35413","0.11940814298383685","0.11940814298383685","0.11940814298383685"
"35415","0.09137634578827925","0.09137634578827925","0.09137634578827925"
"35421","0.12672330889279937","0.12672330889279937","0.12672330889279937"
"35425","0.08462264135727857","0.08462264135727857","0.08462264135727857"
"35433","0.07057072983880927","0.07057072983880927","0.07057072983880927"
"35435","0.12078491560072875","0.12078491560072875","0.12078491560072875"
"35439","0.1799191557280775","0.1799191557280775","0.1799191557280775"
"35441","0.14284575831550175","0.14284575831550175","0.14284575831550175"
"35443","0.09460914354272403","0.09460914354272403","0.09460914354272403"
"35449","0.10159899441070523","0.10159899441070523","0.10159899441070523"
"35465","0.0890484836491301","0.0890484836491301","0.0890484836491301"
"35469","0.09661001045101973","0.09661001045101973","0.09661001045101973"
"35473","0.13518388774294335","0.13518388774294335","0.13518388774294335"
"35483","0.13632719646236016","0.13632719646236016","0.13632719646236016"
"35489","0.14346141120347575","0.14346141120347575","0.14346141120347575"
"35503","0.1361853685549237","0.1361853685549237","0.1361853685549237"
"35505","0.1296589865994484","0.1296589865994484","0.1296589865994484"
"35511","0.09239621518843545","0.09239621518843545","0.09239621518843545"
"35513","0.11391004799370387","0.11391004799370387","0.11391004799370387"
"35519","0.07053343843479933","0.07053343843479933","0.07053343843479933"
"35523","0.14901069346640766","0.14901069346640766","0.14901069346640766"
"35527","0.0816527216222367","0.0816527216222367","0.0816527216222367"
"35529","0.071178075539151","0.071178075539151","0.071178075539151"
"35531","0.06900272423978655","0.06900272423978655","0.06900272423978655"
"35533","0.06253981067417233","0.06253981067417233","0.06253981067417233"
"35535","0.05623830352478582","0.05623830352478582","0.05623830352478582"
"35549","0.09189630257402312","0.09189630257402312","0.09189630257402312"
"35557","0.11213203094918087","0.11213203094918087","0.11213203094918087"
"35561","0.05622765839136705","0.05622765839136705","0.05622765839136705"
"35565","0.08518501307809925","0.08518501307809925","0.08518501307809925"
"35567","0.18983460392525353","0.18983460392525353","0.18983460392525353"
"35571","0.1227665159536151","0.1227665159536151","0.1227665159536151"
"35573","0.09509604452087136","0.09509604452087136","0.09509604452087136"
"35589","0.09918386604548443","0.09918386604548443","0.09918386604548443"
"35593","0.065185353996763","0.065185353996763","0.065185353996763"
"35599","0.08032742515619722","0.08032742515619722","0.08032742515619722"
"35601","0.1023297489577362","0.1023297489577362","0.1023297489577362"
"35605","0.09894789987909244","0.09894789987909244","0.09894789987909244"
"35607","0.10813457576156618","0.10813457576156618","0.10813457576156618"
"35615","0.040907899987943266","0.040907899987943266","0.040907899987943266"
"35619","0.07912814317730683","0.07912814317730683","0.07912814317730683"
"35627","0.06142198432625391","0.06142198432625391","0.06142198432625391"
"35631","0.11557805809605937","0.11557805809605937","0.11557805809605937"
"35633","0.10926411321077753","0.10926411321077753","0.10926411321077753"
"35635","0.129082537531888","0.129082537531888","0.129082537531888"
"35649","0.10878684933669569","0.10878684933669569","0.10878684933669569"
"35655","0.10969552265481547","0.10969552265481547","0.10969552265481547"
"35659","0.25981782087650074","0.25981782087650074","0.25981782087650074"
"35675","0.1683139801781889","0.1683139801781889","0.1683139801781889"
"35677","0.10256602977179895","0.10256602977179895","0.10256602977179895"
"35685","0.16810191221077148","0.16810191221077148","0.16810191221077148"
"35703","0.07540324493389021","0.07540324493389021","0.07540324493389021"
"35707","0.06547940912853173","0.06547940912853173","0.06547940912853173"
"35711","0.1825866979758056","0.1825866979758056","0.1825866979758056"
"35717","0.10068757745833351","0.10068757745833351","0.10068757745833351"
"35723","0.16399037387883264","0.16399037387883264","0.16399037387883264"
"35725","0.09067887398479844","0.09067887398479844","0.09067887398479844"
"35731","0.06478900523075676","0.06478900523075676","0.06478900523075676"
"35735","0.05172149715733858","0.05172149715733858","0.05172149715733858"
"35737","0.10120990417700901","0.10120990417700901","0.10120990417700901"
"35741","0.07282069679914341","0.07282069679914341","0.07282069679914341"
"35745","0.05520733209742729","0.05520733209742729","0.05520733209742729"
"35751","0.08130233631068201","0.08130233631068201","0.08130233631068201"
"35753","0.1225954357564186","0.1225954357564186","0.1225954357564186"
"35757","0.20989558955068763","0.20989558955068763","0.20989558955068763"
"35759","0.15145644970771563","0.15145644970771563","0.15145644970771563"
"35767","0.11443579496996875","0.11443579496996875","0.11443579496996875"
"35769","0.13090299477153078","0.13090299477153078","0.13090299477153078"
"35777","0.09632609469647871","0.09632609469647871","0.09632609469647871"
"35779","0.06536194155143163","0.06536194155143163","0.06536194155143163"
"35781","0.12239967544761378","0.12239967544761378","0.12239967544761378"
"35783","0.12055824297260745","0.12055824297260745","0.12055824297260745"
"35791","0.09346357440265894","0.09346357440265894","0.09346357440265894"
"35795","0.12811735089659934","0.12811735089659934","0.12811735089659934"
"35797","0.11479410425152162","0.11479410425152162","0.11479410425152162"
"35801","0.1010813963916907","0.1010813963916907","0.1010813963916907"
"35803","0.19818386854936731","0.19818386854936731","0.19818386854936731"
"35811","0.1101438965194525","0.1101438965194525","0.1101438965194525"
"35833","0.11169962219069372","0.11169962219069372","0.11169962219069372"
"35835","0.1212482773889501","0.1212482773889501","0.1212482773889501"
"35843","0.07480161575902915","0.07480161575902915","0.07480161575902915"
"35849","0.11821177599072988","0.11821177599072988","0.11821177599072988"
"35853","0.09822143085145442","0.09822143085145442","0.09822143085145442"
"35861","0.05567737470356704","0.05567737470356704","0.05567737470356704"
"35867","0.09011468256332467","0.09011468256332467","0.09011468256332467"
"35873","0.060772979312748075","0.060772979312748075","0.060772979312748075"
"35877","0.0734483329158779","0.0734483329158779","0.0734483329158779"
"35881","0.12699575442066147","0.12699575442066147","0.12699575442066147"
"35887","0.05763928547285337","0.05763928547285337","0.05763928547285337"
"35901","0.06366800635819027","0.06366800635819027","0.06366800635819027"
"35903","0.09910654797492081","0.09910654797492081","0.09910654797492081"
"35907","0.10883031761414325","0.10883031761414325","0.10883031761414325"
"35909","0.06981877659216727","0.06981877659216727","0.06981877659216727"
"35921","0.11230061979805346","0.11230061979805346","0.11230061979805346"
"35925","0.07117576283347414","0.07117576283347414","0.07117576283347414"
"35935","0.136997381753075","0.136997381753075","0.136997381753075"
"35937","0.06993372872640065","0.06993372872640065","0.06993372872640065"
"35941","0.09545484275321313","0.09545484275321313","0.09545484275321313"
"35943","0.05310874525500958","0.05310874525500958","0.05310874525500958"
"35955","0.08567139216288192","0.08567139216288192","0.08567139216288192"
"35959","0.0985592057564121","0.0985592057564121","0.0985592057564121"
"35961","0.0879655518636488","0.0879655518636488","0.0879655518636488"
"35963","0.13038983013946187","0.13038983013946187","0.13038983013946187"
"35965","0.17274241045304764","0.17274241045304764","0.17274241045304764"
"35967","0.14604952163110257","0.14604952163110257","0.14604952163110257"
"35977","0.09509533448988036","0.09509533448988036","0.09509533448988036"
"35985","0.17008828641389098","0.17008828641389098","0.17008828641389098"
"35987","0.09273201871158541","0.09273201871158541","0.09273201871158541"
"35999","0.2540858880383041","0.2540858880383041","0.2540858880383041"
"36007","0.06459586996960588","0.06459586996960588","0.06459586996960588"
"36011","0.08598797031374616","0.08598797031374616","0.08598797031374616"
"36015","0.07561425139556693","0.07561425139556693","0.07561425139556693"
"36017","0.1570722165925592","0.1570722165925592","0.1570722165925592"
"36023","0.04551442286569953","0.04551442286569953","0.04551442286569953"
"36025","0.13677222023725838","0.13677222023725838","0.13677222023725838"
"36027","0.16300316954599856","0.16300316954599856","0.16300316954599856"
"36031","0.10058960398685841","0.10058960398685841","0.10058960398685841"
"36033","0.09941879441067311","0.09941879441067311","0.09941879441067311"
"36037","0.07019070832570373","0.07019070832570373","0.07019070832570373"
"36043","0.08429346206727868","0.08429346206727868","0.08429346206727868"
"36049","0.1395968495296626","0.1395968495296626","0.1395968495296626"
"36061","0.08325697584466542","0.08325697584466542","0.08325697584466542"
"36069","0.11462266248843661","0.11462266248843661","0.11462266248843661"
"36081","0.055629033226423825","0.055629033226423825","0.055629033226423825"
"36085","0.09825546011937558","0.09825546011937558","0.09825546011937558"
"36089","0.08171171442529279","0.08171171442529279","0.08171171442529279"
"36097","0.19654440522107286","0.19654440522107286","0.19654440522107286"
"36100","0.06727701672180673","0.06727701672180673","0.06727701672180673"
"36104","0.11607282108477657","0.11607282108477657","0.11607282108477657"
"36110","0.09263723816023288","0.09263723816023288","0.09263723816023288"
"36112","0.0820680320110613","0.0820680320110613","0.0820680320110613"
"36114","0.25771250375001187","0.25771250375001187","0.25771250375001187"
"36118","0.10335476090100768","0.10335476090100768","0.10335476090100768"
"36128","0.06712562434254198","0.06712562434254198","0.06712562434254198"
"36132","0.12189254405219188","0.12189254405219188","0.12189254405219188"
"36138","0.06777864444419647","0.06777864444419647","0.06777864444419647"
"36142","0.1238837318836158","0.1238837318836158","0.1238837318836158"
"36144","0.06880923477424322","0.06880923477424322","0.06880923477424322"
"36146","0.08944476725751728","0.08944476725751728","0.08944476725751728"
"36156","0.11619393841447749","0.11619393841447749","0.11619393841447749"
"36160","0.09802519722013668","0.09802519722013668","0.09802519722013668"
"36172","0.10842985265023716","0.10842985265023716","0.10842985265023716"
"36174","0.1314176564363283","0.1314176564363283","0.1314176564363283"
"36188","0.11652155644135427","0.11652155644135427","0.11652155644135427"
"36192","0.06631659668731445","0.06631659668731445","0.06631659668731445"
"36194","0.07921707878569577","0.07921707878569577","0.07921707878569577"
"36196","0.1334216649176345","0.1334216649176345","0.1334216649176345"
"36206","0.09560484608339312","0.09560484608339312","0.09560484608339312"
"36208","0.10831774896008699","0.10831774896008699","0.10831774896008699"
"36210","0.05385676009185725","0.05385676009185725","0.05385676009185725"
"36218","0.15046073468370583","0.15046073468370583","0.15046073468370583"
"36220","0.056779354481085405","0.056779354481085405","0.056779354481085405"
"36224","0.18565909355154955","0.18565909355154955","0.18565909355154955"
"36228","0.0684139646817177","0.0684139646817177","0.0684139646817177"
"36240","0.0504885062022704","0.0504885062022704","0.0504885062022704"
"36242","0.21380732843901568","0.21380732843901568","0.21380732843901568"
"36250","0.1732288273731364","0.1732288273731364","0.1732288273731364"
"36252","0.12089094745809428","0.12089094745809428","0.12089094745809428"
"36254","0.09023644828891596","0.09023644828891596","0.09023644828891596"
"36260","0.14483540338090273","0.14483540338090273","0.14483540338090273"
"36266","0.1186459936004686","0.1186459936004686","0.1186459936004686"
"36270","0.07032638651096022","0.07032638651096022","0.07032638651096022"
"36272","0.08704461782648298","0.08704461782648298","0.08704461782648298"
"36274","0.06162042201805041","0.06162042201805041","0.06162042201805041"
"36278","0.09616099520731562","0.09616099520731562","0.09616099520731562"
"36280","0.13466714633306012","0.13466714633306012","0.13466714633306012"
"36282","0.05017705401598976","0.05017705401598976","0.05017705401598976"
"36284","0.05892820865675032","0.05892820865675032","0.05892820865675032"
"36288","0.08937063244838518","0.08937063244838518","0.08937063244838518"
"36294","0.08509849505900852","0.08509849505900852","0.08509849505900852"
"36296","0.09473979012070217","0.09473979012070217","0.09473979012070217"
"36298","0.12111716659310483","0.12111716659310483","0.12111716659310483"
"36308","0.06568967351529696","0.06568967351529696","0.06568967351529696"
"36310","0.1521673403788036","0.1521673403788036","0.1521673403788036"
"36316","0.15427342973113034","0.15427342973113034","0.15427342973113034"
"36318","0.07134161932232816","0.07134161932232816","0.07134161932232816"
"36324","0.0751602567974699","0.0751602567974699","0.0751602567974699"
"36326","0.09537409644680066","0.09537409644680066","0.09537409644680066"
"36338","0.15669641500087922","0.15669641500087922","0.15669641500087922"
"36342","0.13720091538017892","0.13720091538017892","0.13720091538017892"
"36354","0.2110509037777949","0.2110509037777949","0.2110509037777949"
"36358","0.15104019778184144","0.15104019778184144","0.15104019778184144"
"36360","0.09632497315150247","0.09632497315150247","0.09632497315150247"
"36362","0.2037083886225732","0.2037083886225732","0.2037083886225732"
"36368","0.08558758568232255","0.08558758568232255","0.08558758568232255"
"36376","0.15630290804599534","0.15630290804599534","0.15630290804599534"
"36378","0.07090398238701583","0.07090398238701583","0.07090398238701583"
"36380","0.08801571897690975","0.08801571897690975","0.08801571897690975"
"36382","0.1584830515555306","0.1584830515555306","0.1584830515555306"
"36388","0.07813888664806311","0.07813888664806311","0.07813888664806311"
"36390","0.07210500691017623","0.07210500691017623","0.07210500691017623"
"36398","0.10361675055301774","0.10361675055301774","0.10361675055301774"
"36400","0.10477807695662511","0.10477807695662511","0.10477807695662511"
"36406","0.09265488528682761","0.09265488528682761","0.09265488528682761"
"36408","0.09091534820779108","0.09091534820779108","0.09091534820779108"
"36416","0.08616287848509696","0.08616287848509696","0.08616287848509696"
"36420","0.12896636081550258","0.12896636081550258","0.12896636081550258"
"36422","0.17021085567037297","0.17021085567037297","0.17021085567037297"
"36430","0.08858355648529126","0.08858355648529126","0.08858355648529126"
"36438","0.10990137499430942","0.10990137499430942","0.10990137499430942"
"36442","0.1354949194744836","0.1354949194744836","0.1354949194744836"
"36446","0.10911595799650695","0.10911595799650695","0.10911595799650695"
"36450","0.11150930117988009","0.11150930117988009","0.11150930117988009"
"36470","0.1583133478371635","0.1583133478371635","0.1583133478371635"
"36472","0.07141125670854304","0.07141125670854304","0.07141125670854304"
"36478","0.06830674597832098","0.06830674597832098","0.06830674597832098"
"36486","0.0792597143359599","0.0792597143359599","0.0792597143359599"
"36488","0.09839439375451797","0.09839439375451797","0.09839439375451797"
"36490","0.0976864338958199","0.0976864338958199","0.0976864338958199"
"36492","0.0923050248490609","0.0923050248490609","0.0923050248490609"
"36508","0.11214164425648614","0.11214164425648614","0.11214164425648614"
"36514","0.10404127640562509","0.10404127640562509","0.10404127640562509"
"36522","0.06405973312171381","0.06405973312171381","0.06405973312171381"
"36528","0.11424946958290405","0.11424946958290405","0.11424946958290405"
"36530","0.13387967959986383","0.13387967959986383","0.13387967959986383"
"36544","0.06903152735224","0.06903152735224","0.06903152735224"
"36548","0.04034533910360442","0.04034533910360442","0.04034533910360442"
"36550","0.06829598757704677","0.06829598757704677","0.06829598757704677"
"36556","0.11462513249747378","0.11462513249747378","0.11462513249747378"
"36560","0.06988435436486094","0.06988435436486094","0.06988435436486094"
"36566","0.08214940916276721","0.08214940916276721","0.08214940916276721"
"36568","0.05997254052800433","0.05997254052800433","0.05997254052800433"
"36572","0.09730059711215742","0.09730059711215742","0.09730059711215742"
"36586","0.07231238823929857","0.07231238823929857","0.07231238823929857"
"36590","0.11225998859684358","0.11225998859684358","0.11225998859684358"
"36594","0.08211043486922862","0.08211043486922862","0.08211043486922862"
"36598","0.11624947077364076","0.11624947077364076","0.11624947077364076"
"36604","0.1376889815802738","0.1376889815802738","0.1376889815802738"
"36612","0.08813588836462016","0.08813588836462016","0.08813588836462016"
"36614","0.11538892016381451","0.11538892016381451","0.11538892016381451"
"36616","0.0454444499397098","0.0454444499397098","0.0454444499397098"
"36618","0.08628268707471305","0.08628268707471305","0.08628268707471305"
"36622","0.059919459755576325","0.059919459755576325","0.059919459755576325"
"36624","0.06915957223580455","0.06915957223580455","0.06915957223580455"
"36636","0.07219496700756113","0.07219496700756113","0.07219496700756113"
"36638","0.16088817984197512","0.16088817984197512","0.16088817984197512"
"36640","0.08708267786419664","0.08708267786419664","0.08708267786419664"
"36644","0.11869078276475009","0.11869078276475009","0.11869078276475009"
"36650","0.16255694959478886","0.16255694959478886","0.16255694959478886"
"36652","0.08844396925574131","0.08844396925574131","0.08844396925574131"
"36660","0.05169997942847308","0.05169997942847308","0.05169997942847308"
"36662","0.1851585842741928","0.1851585842741928","0.1851585842741928"
"36674","0.11533448348317123","0.11533448348317123","0.11533448348317123"
"36680","0.0780425948419449","0.0780425948419449","0.0780425948419449"
"36684","0.10845524785577884","0.10845524785577884","0.10845524785577884"
"36694","0.08168730838420434","0.08168730838420434","0.08168730838420434"
"36696","0.07763102048679199","0.07763102048679199","0.07763102048679199"
"36700","0.1004009861182185","0.1004009861182185","0.1004009861182185"
"36704","0.057812033954236834","0.057812033954236834","0.057812033954236834"
"36710","0.08550127895831955","0.08550127895831955","0.08550127895831955"
"36716","0.08067435344418342","0.08067435344418342","0.08067435344418342"
"36730","0.07695550273474987","0.07695550273474987","0.07695550273474987"
"36734","0.10812762945621734","0.10812762945621734","0.10812762945621734"
"36738","0.13576119790644775","0.13576119790644775","0.13576119790644775"
"36750","0.07908480666913241","0.07908480666913241","0.07908480666913241"
"36762","0.09376283398838159","0.09376283398838159","0.09376283398838159"
"36764","0.04151232858358685","0.04151232858358685","0.04151232858358685"
"36766","0.07821008697945063","0.07821008697945063","0.07821008697945063"
"36776","0.15613762867905223","0.15613762867905223","0.15613762867905223"
"36780","0.07215590460035014","0.07215590460035014","0.07215590460035014"
"36782","0.060685790580517256","0.060685790580517256","0.060685790580517256"
"36786","0.08687511385766122","0.08687511385766122","0.08687511385766122"
"36798","0.09278029868202572","0.09278029868202572","0.09278029868202572"
"36806","0.13052101658759785","0.13052101658759785","0.13052101658759785"
"36812","0.07640762100179348","0.07640762100179348","0.07640762100179348"
"36818","0.10227337430468743","0.10227337430468743","0.10227337430468743"
"36826","0.09588665297407263","0.09588665297407263","0.09588665297407263"
"36830","0.10048765640138664","0.10048765640138664","0.10048765640138664"
"36832","0.06584427564308863","0.06584427564308863","0.06584427564308863"
"36834","0.09811508154399182","0.09811508154399182","0.09811508154399182"
"36846","0.06086370037143388","0.06086370037143388","0.06086370037143388"
"36850","0.10697265677933539","0.10697265677933539","0.10697265677933539"
"36854","0.2260699179056936","0.2260699179056936","0.2260699179056936"
"36856","0.1427121381762909","0.1427121381762909","0.1427121381762909"
"36862","0.07172766412965768","0.07172766412965768","0.07172766412965768"
"36866","0.13454235628075756","0.13454235628075756","0.13454235628075756"
"36868","0.107057734505305","0.107057734505305","0.107057734505305"
"36870","0.21732184282548392","0.21732184282548392","0.21732184282548392"
"36872","0.060466873089914726","0.060466873089914726","0.060466873089914726"
"36876","0.061010931929850055","0.061010931929850055","0.061010931929850055"
"36882","0.05729673464351926","0.05729673464351926","0.05729673464351926"
"36888","0.060670595511208375","0.060670595511208375","0.060670595511208375"
"36890","0.11986758885903484","0.11986758885903484","0.11986758885903484"
"36894","0.10492305960167563","0.10492305960167563","0.10492305960167563"
"36896","0.16762235875754805","0.16762235875754805","0.16762235875754805"
"36898","0.1199292053318327","0.1199292053318327","0.1199292053318327"
"36900","0.06427101938714333","0.06427101938714333","0.06427101938714333"
"36908","0.0900907645245252","0.0900907645245252","0.0900907645245252"
"36910","0.1944482277651601","0.1944482277651601","0.1944482277651601"
"36912","0.08909167242788905","0.08909167242788905","0.08909167242788905"
"36916","0.156709377202509","0.156709377202509","0.156709377202509"
"36918","0.10991074278637324","0.10991074278637324","0.10991074278637324"
"36920","0.0573630689507291","0.0573630689507291","0.0573630689507291"
"36930","0.19621249741107524","0.19621249741107524","0.19621249741107524"
"36934","0.059905228534461084","0.059905228534461084","0.059905228534461084"
"36936","0.04272032035007728","0.04272032035007728","0.04272032035007728"
"36938","0.08682014180525943","0.08682014180525943","0.08682014180525943"
"36940","0.06895174112688185","0.06895174112688185","0.06895174112688185"
"36942","0.0651017339569804","0.0651017339569804","0.0651017339569804"
"36944","0.11659828513697693","0.11659828513697693","0.11659828513697693"
"36948","0.14100322589625058","0.14100322589625058","0.14100322589625058"
"36952","0.06271186324943111","0.06271186324943111","0.06271186324943111"
"36954","0.1066410338914459","0.1066410338914459","0.1066410338914459"
"36968","0.07824274964685321","0.07824274964685321","0.07824274964685321"
"36974","0.08004914026687","0.08004914026687","0.08004914026687"
"36976","0.08796351906789332","0.08796351906789332","0.08796351906789332"
"36978","0.07427278233338787","0.07427278233338787","0.07427278233338787"
"36984","0.28342943028630474","0.28342943028630474","0.28342943028630474"
"36990","0.0565591217515371","0.0565591217515371","0.0565591217515371"
"36994","0.08852186285397183","0.08852186285397183","0.08852186285397183"
"37002","0.15375619631586038","0.15375619631586038","0.15375619631586038"
"37004","0.0815940285907666","0.0815940285907666","0.0815940285907666"
"37010","0.11428430853212224","0.11428430853212224","0.11428430853212224"
"37014","0.07908697641371047","0.07908697641371047","0.07908697641371047"
"37020","0.18909003671982264","0.18909003671982264","0.18909003671982264"
"37024","0.25596053184027934","0.25596053184027934","0.25596053184027934"
"37032","0.11212982579359042","0.11212982579359042","0.11212982579359042"
"37036","0.0990727405339304","0.0990727405339304","0.0990727405339304"
"37040","0.08788295553441446","0.08788295553441446","0.08788295553441446"
"37042","0.12573279223341235","0.12573279223341235","0.12573279223341235"
"37048","0.05507975848122672","0.05507975848122672","0.05507975848122672"
"37050","0.08571539973071833","0.08571539973071833","0.08571539973071833"
"37056","0.04672332902303876","0.04672332902303876","0.04672332902303876"
"37070","0.11448943063546284","0.11448943063546284","0.11448943063546284"
"37072","0.07732342238568957","0.07732342238568957","0.07732342238568957"
"37076","0.1688754979351448","0.1688754979351448","0.1688754979351448"
"37078","0.07716449739395999","0.07716449739395999","0.07716449739395999"
"37080","0.062005104628340954","0.062005104628340954","0.062005104628340954"
"37086","0.10562736893006305","0.10562736893006305","0.10562736893006305"
"37095","0.12145661009187113","0.12145661009187113","0.12145661009187113"
"37099","0.08390800752166562","0.08390800752166562","0.08390800752166562"
"37101","0.05671884216873835","0.05671884216873835","0.05671884216873835"
"37103","0.12021724673735172","0.12021724673735172","0.12021724673735172"
"37109","0.11112910182369413","0.11112910182369413","0.11112910182369413"
"37121","0.13488771602578672","0.13488771602578672","0.13488771602578672"
"37123","0.04177456008300972","0.04177456008300972","0.04177456008300972"
"37127","0.06564191305108552","0.06564191305108552","0.06564191305108552"
"37137","0.05839167160211932","0.05839167160211932","0.05839167160211932"
"37139","0.060618243148172234","0.060618243148172234","0.060618243148172234"
"37143","0.10687372630737886","0.10687372630737886","0.10687372630737886"
"37167","0.11244218121994254","0.11244218121994254","0.11244218121994254"
"37171","0.1389105247659371","0.1389105247659371","0.1389105247659371"
"37173","0.15609344745870143","0.15609344745870143","0.15609344745870143"
"37175","0.1061093382767215","0.1061093382767215","0.1061093382767215"
"37179","0.06807578390314889","0.06807578390314889","0.06807578390314889"
"37185","0.10038202876087059","0.10038202876087059","0.10038202876087059"
"37191","0.0893291528441471","0.0893291528441471","0.0893291528441471"
"37195","0.12323855804322316","0.12323855804322316","0.12323855804322316"
"37197","0.07711540190884769","0.07711540190884769","0.07711540190884769"
"37199","0.06785991631550425","0.06785991631550425","0.06785991631550425"
"37205","0.06179382497841862","0.06179382497841862","0.06179382497841862"
"37207","0.12444335706396938","0.12444335706396938","0.12444335706396938"
"37213","0.06597215050489866","0.06597215050489866","0.06597215050489866"
"37217","0.09491405415595773","0.09491405415595773","0.09491405415595773"
"37225","0.0883084880745374","0.0883084880745374","0.0883084880745374"
"37237","0.1400370359606666","0.1400370359606666","0.1400370359606666"
"37247","0.08026247204882722","0.08026247204882722","0.08026247204882722"
"37249","0.07467533511286796","0.07467533511286796","0.07467533511286796"
"37259","0.08360724830382184","0.08360724830382184","0.08360724830382184"
"37263","0.08214596833070353","0.08214596833070353","0.08214596833070353"
"37277","0.14896397960627766","0.14896397960627766","0.14896397960627766"
"37281","0.11995958052339413","0.11995958052339413","0.11995958052339413"
"37293","0.10914247779529611","0.10914247779529611","0.10914247779529611"
"37297","0.05729717960528965","0.05729717960528965","0.05729717960528965"
"37301","0.09620195902145237","0.09620195902145237","0.09620195902145237"
"37307","0.06271735781201694","0.06271735781201694","0.06271735781201694"
"37309","0.10073061140303803","0.10073061140303803","0.10073061140303803"
"37311","0.05966179108676059","0.05966179108676059","0.05966179108676059"
"37315","0.12437958157190313","0.12437958157190313","0.12437958157190313"
"37333","0.1968561681944499","0.1968561681944499","0.1968561681944499"
"37339","0.07187077870101127","0.07187077870101127","0.07187077870101127"
"37343","0.11976051487008545","0.11976051487008545","0.11976051487008545"
"37345","0.17230135964392942","0.17230135964392942","0.17230135964392942"
"37351","0.060085817695273054","0.060085817695273054","0.060085817695273054"
"37359","0.09501770837178126","0.09501770837178126","0.09501770837178126"
"37365","0.08991204651347383","0.08991204651347383","0.08991204651347383"
"37371","0.039396293352025276","0.039396293352025276","0.039396293352025276"
"37373","0.10064055524716138","0.10064055524716138","0.10064055524716138"
"37375","0.08512693390491019","0.08512693390491019","0.08512693390491019"
"37377","0.11052641055745709","0.11052641055745709","0.11052641055745709"
"37381","0.1184760852782728","0.1184760852782728","0.1184760852782728"
"37383","0.06609837604908776","0.06609837604908776","0.06609837604908776"
"37393","0.0885908998555694","0.0885908998555694","0.0885908998555694"
"37403","0.07028831622346689","0.07028831622346689","0.07028831622346689"
"37407","0.08342483893246888","0.08342483893246888","0.08342483893246888"
"37415","0.14076951336812246","0.14076951336812246","0.14076951336812246"
"37419","0.05479892593368534","0.05479892593368534","0.05479892593368534"
"37421","0.0874970737887592","0.0874970737887592","0.0874970737887592"
"37423","0.07449574918088686","0.07449574918088686","0.07449574918088686"
"37427","0.14650129856259936","0.14650129856259936","0.14650129856259936"
"37435","0.05474590903355455","0.05474590903355455","0.05474590903355455"
"37439","0.08951163585541641","0.08951163585541641","0.08951163585541641"
"37447","0.11049642591176692","0.11049642591176692","0.11049642591176692"
"37451","0.06660160263261676","0.06660160263261676","0.06660160263261676"
"37453","0.19906087304293318","0.19906087304293318","0.19906087304293318"
"37457","0.09462740220802632","0.09462740220802632","0.09462740220802632"
"37459","0.19682743012488155","0.19682743012488155","0.19682743012488155"
"37465","0.05687079032839541","0.05687079032839541","0.05687079032839541"
"37469","0.08794909757418992","0.08794909757418992","0.08794909757418992"
"37471","0.18490071469342123","0.18490071469342123","0.18490071469342123"
"37479","0.11006527451392542","0.11006527451392542","0.11006527451392542"
"37481","0.1370799334615591","0.1370799334615591","0.1370799334615591"
"37487","0.09665327481995134","0.09665327481995134","0.09665327481995134"
"37493","0.12631544471802036","0.12631544471802036","0.12631544471802036"
"37497","0.09578923808169562","0.09578923808169562","0.09578923808169562"
"37505","0.07321110383705765","0.07321110383705765","0.07321110383705765"
"37515","0.09532096035726778","0.09532096035726778","0.09532096035726778"
"37517","0.09023647409119594","0.09023647409119594","0.09023647409119594"
"37523","0.10529273852346331","0.10529273852346331","0.10529273852346331"
"37545","0.16781067618119538","0.16781067618119538","0.16781067618119538"
"37547","0.13302711369179948","0.13302711369179948","0.13302711369179948"
"37563","0.061490803343740165","0.061490803343740165","0.061490803343740165"
"37575","0.2606009197088233","0.2606009197088233","0.2606009197088233"
"37579","0.046730220249379124","0.046730220249379124","0.046730220249379124"
"37583","0.11849555107081718","0.11849555107081718","0.11849555107081718"
"37589","0.10900772965654369","0.10900772965654369","0.10900772965654369"
"37597","0.10897075933770475","0.10897075933770475","0.10897075933770475"
"37599","0.10291406994348098","0.10291406994348098","0.10291406994348098"
"37601","0.06884446711627763","0.06884446711627763","0.06884446711627763"
"37613","0.08300462323962134","0.08300462323962134","0.08300462323962134"
"37617","0.046062761230808484","0.046062761230808484","0.046062761230808484"
"37619","0.07076130786074165","0.07076130786074165","0.07076130786074165"
"37623","0.17067120295050642","0.17067120295050642","0.17067120295050642"
"37627","0.0754864185394596","0.0754864185394596","0.0754864185394596"
"37629","0.11435292026927922","0.11435292026927922","0.11435292026927922"
"37631","0.09937028614296185","0.09937028614296185","0.09937028614296185"
"37635","0.08891952461638074","0.08891952461638074","0.08891952461638074"
"37637","0.09943480247192993","0.09943480247192993","0.09943480247192993"
"37643","0.06824537035065387","0.06824537035065387","0.06824537035065387"
"37649","0.14642395044845852","0.14642395044845852","0.14642395044845852"
"37651","0.051850833613825","0.051850833613825","0.051850833613825"
"37659","0.10916330934626593","0.10916330934626593","0.10916330934626593"
"37673","0.07687483934835379","0.07687483934835379","0.07687483934835379"
"37675","0.07240386576425266","0.07240386576425266","0.07240386576425266"
"37677","0.20729416221924782","0.20729416221924782","0.20729416221924782"
"37679","0.06974593021776379","0.06974593021776379","0.06974593021776379"
"37681","0.09463787843353706","0.09463787843353706","0.09463787843353706"
"37687","0.13970643286441545","0.13970643286441545","0.13970643286441545"
"37689","0.08708766679594511","0.08708766679594511","0.08708766679594511"
"37697","0.11495699878028365","0.11495699878028365","0.11495699878028365"
"37707","0.060556797398950375","0.060556797398950375","0.060556797398950375"
"37711","0.07905583178252533","0.07905583178252533","0.07905583178252533"
"37717","0.12229505830601958","0.12229505830601958","0.12229505830601958"
"37719","0.05013851410727766","0.05013851410727766","0.05013851410727766"
"37721","0.19643289600757935","0.19643289600757935","0.19643289600757935"
"37725","0.06718079372692544","0.06718079372692544","0.06718079372692544"
"37733","0.049630848112101666","0.049630848112101666","0.049630848112101666"
"37735","0.10816793592577247","0.10816793592577247","0.10816793592577247"
"37753","0.06281456168193149","0.06281456168193149","0.06281456168193149"
"37763","0.10917974823487696","0.10917974823487696","0.10917974823487696"
"37765","0.13449878812708385","0.13449878812708385","0.13449878812708385"
"37767","0.07105409425337873","0.07105409425337873","0.07105409425337873"
"37769","0.06125117412726312","0.06125117412726312","0.06125117412726312"
"37771","0.07223780844134589","0.07223780844134589","0.07223780844134589"
"37773","0.1613555236069387","0.1613555236069387","0.1613555236069387"
"37777","0.09379131181777034","0.09379131181777034","0.09379131181777034"
"37781","0.1266023264140687","0.1266023264140687","0.1266023264140687"
"37785","0.10377044622763514","0.10377044622763514","0.10377044622763514"
"37787","0.07511123688209174","0.07511123688209174","0.07511123688209174"
"37789","0.06451628942232951","0.06451628942232951","0.06451628942232951"
"37793","0.15725874127266243","0.15725874127266243","0.15725874127266243"
"37795","0.11088475817178291","0.11088475817178291","0.11088475817178291"
"37799","0.12710321797169685","0.12710321797169685","0.12710321797169685"
"37803","0.07086058097242115","0.07086058097242115","0.07086058097242115"
"37813","0.09574500938499649","0.09574500938499649","0.09574500938499649"
"37815","0.0949610972511018","0.0949610972511018","0.0949610972511018"
"37819","0.15779920512559442","0.15779920512559442","0.15779920512559442"
"37821","0.053793553190523924","0.053793553190523924","0.053793553190523924"
"37823","0.19145608759183194","0.19145608759183194","0.19145608759183194"
"37825","0.09578990894027962","0.09578990894027962","0.09578990894027962"
"37831","0.11812573591638846","0.11812573591638846","0.11812573591638846"
"37833","0.07452175440268821","0.07452175440268821","0.07452175440268821"
"37839","0.09625786455801798","0.09625786455801798","0.09625786455801798"
"37845","0.07602462841673514","0.07602462841673514","0.07602462841673514"
"37853","0.04878711408690455","0.04878711408690455","0.04878711408690455"
"37855","0.16163633453331588","0.16163633453331588","0.16163633453331588"
"37863","0.10222544165504432","0.10222544165504432","0.10222544165504432"
"37873","0.14742790888055618","0.14742790888055618","0.14742790888055618"
"37875","0.08484694627674055","0.08484694627674055","0.08484694627674055"
"37877","0.05598914854117432","0.05598914854117432","0.05598914854117432"
"37883","0.11602267475094505","0.11602267475094505","0.11602267475094505"
"37885","0.11022838959506824","0.11022838959506824","0.11022838959506824"
"37887","0.18401770644149695","0.18401770644149695","0.18401770644149695"
"37889","0.10215674379322183","0.10215674379322183","0.10215674379322183"
"37895","0.05834300510587875","0.05834300510587875","0.05834300510587875"
"37905","0.07441168415844515","0.07441168415844515","0.07441168415844515"
"37907","0.07234558952270925","0.07234558952270925","0.07234558952270925"
"37913","0.0658591219703728","0.0658591219703728","0.0658591219703728"
"37921","0.16982920081632907","0.16982920081632907","0.16982920081632907"
"37927","0.0999200967357557","0.0999200967357557","0.0999200967357557"
"37929","0.09020710115971435","0.09020710115971435","0.09020710115971435"
"37931","0.125678278552033","0.125678278552033","0.125678278552033"
"37935","0.1546263014986099","0.1546263014986099","0.1546263014986099"
"37937","0.10677090989862194","0.10677090989862194","0.10677090989862194"
"37939","0.06921688120366531","0.06921688120366531","0.06921688120366531"
"37945","0.138010516470866","0.138010516470866","0.138010516470866"
"37963","0.07992742768535431","0.07992742768535431","0.07992742768535431"
"37971","0.0784122372310589","0.0784122372310589","0.0784122372310589"
"37983","0.06108201707558157","0.06108201707558157","0.06108201707558157"
"37987","0.04944009189557002","0.04944009189557002","0.04944009189557002"
"37989","0.07096151325698244","0.07096151325698244","0.07096151325698244"
"37999","0.073474626464931","0.073474626464931","0.073474626464931"
"38003","0.10666295645669895","0.10666295645669895","0.10666295645669895"
"38005","0.10413124455746794","0.10413124455746794","0.10413124455746794"
"38007","0.12873632617670497","0.12873632617670497","0.12873632617670497"
"38011","0.08752664858467554","0.08752664858467554","0.08752664858467554"
"38017","0.06836499463552004","0.06836499463552004","0.06836499463552004"
"38029","0.08225794247767254","0.08225794247767254","0.08225794247767254"
"38033","0.11316281737701599","0.11316281737701599","0.11316281737701599"
"38035","0.13533867063131447","0.13533867063131447","0.13533867063131447"
"38043","0.132767438256397","0.132767438256397","0.132767438256397"
"38049","0.10366975358116291","0.10366975358116291","0.10366975358116291"
"38051","0.11798198322574112","0.11798198322574112","0.11798198322574112"
"38057","0.1000256721504985","0.1000256721504985","0.1000256721504985"
"38069","0.08267405955817489","0.08267405955817489","0.08267405955817489"
"38082","0.10349126295199552","0.10349126295199552","0.10349126295199552"
"38084","0.10986422644314546","0.10986422644314546","0.10986422644314546"
"38090","0.13621343827529644","0.13621343827529644","0.13621343827529644"
"38092","0.07099170264578802","0.07099170264578802","0.07099170264578802"
"38094","0.15649804454105862","0.15649804454105862","0.15649804454105862"
"38098","0.0761333912445274","0.0761333912445274","0.0761333912445274"
"38102","0.07766155829218635","0.07766155829218635","0.07766155829218635"
"38112","0.10358325979936546","0.10358325979936546","0.10358325979936546"
"38118","0.09804339915645835","0.09804339915645835","0.09804339915645835"
"38122","0.11771947595581585","0.11771947595581585","0.11771947595581585"
"38126","0.04835230252557451","0.04835230252557451","0.04835230252557451"
"38130","0.04747166473130414","0.04747166473130414","0.04747166473130414"
"38140","0.10054780644724154","0.10054780644724154","0.10054780644724154"
"38152","0.12118107584928449","0.12118107584928449","0.12118107584928449"
"38154","0.1265684314797805","0.1265684314797805","0.1265684314797805"
"38160","0.12834224716673892","0.12834224716673892","0.12834224716673892"
"38162","0.14282952314668404","0.14282952314668404","0.14282952314668404"
"38176","0.07271680269822516","0.07271680269822516","0.07271680269822516"
"38184","0.11373893997767266","0.11373893997767266","0.11373893997767266"
"38190","0.17859636605216553","0.17859636605216553","0.17859636605216553"
"38198","0.06678335320655525","0.06678335320655525","0.06678335320655525"
"38212","0.08773943294575813","0.08773943294575813","0.08773943294575813"
"38220","0.095304652188011","0.095304652188011","0.095304652188011"
"38224","0.09496861433463215","0.09496861433463215","0.09496861433463215"
"38228","0.046138960075826685","0.046138960075826685","0.046138960075826685"
"38234","0.07996373030533177","0.07996373030533177","0.07996373030533177"
"38236","0.08582152864534705","0.08582152864534705","0.08582152864534705"
"38256","0.08132563541387221","0.08132563541387221","0.08132563541387221"
"38260","0.1270035423522566","0.1270035423522566","0.1270035423522566"
"38266","0.1322394940858139","0.1322394940858139","0.1322394940858139"
"38268","0.06655839362820448","0.06655839362820448","0.06655839362820448"
"38270","0.11486662357931073","0.11486662357931073","0.11486662357931073"
"38276","0.10378723229778387","0.10378723229778387","0.10378723229778387"
"38286","0.05698080305727248","0.05698080305727248","0.05698080305727248"
"38288","0.10936724260613435","0.10936724260613435","0.10936724260613435"
"38290","0.06454612784413812","0.06454612784413812","0.06454612784413812"
"38292","0.12324854808662115","0.12324854808662115","0.12324854808662115"
"38294","0.15632959365154853","0.15632959365154853","0.15632959365154853"
"38300","0.1427258483958224","0.1427258483958224","0.1427258483958224"
"38306","0.17627779975582084","0.17627779975582084","0.17627779975582084"
"38308","0.07781906426750564","0.07781906426750564","0.07781906426750564"
"38310","0.1407650541543157","0.1407650541543157","0.1407650541543157"
"38312","0.10158038898791513","0.10158038898791513","0.10158038898791513"
"38316","0.13805333390640082","0.13805333390640082","0.13805333390640082"
"38318","0.17052813602202732","0.17052813602202732","0.17052813602202732"
"38320","0.16908855099141668","0.16908855099141668","0.16908855099141668"
"38322","0.059941439223070665","0.059941439223070665","0.059941439223070665"
"38328","0.31074707008232705","0.31074707008232705","0.31074707008232705"
"38330","0.125048910943078","0.125048910943078","0.125048910943078"
"38334","0.0647688847125275","0.0647688847125275","0.0647688847125275"
"38340","0.10979281814922626","0.10979281814922626","0.10979281814922626"
"38346","0.15304042392666328","0.15304042392666328","0.15304042392666328"
"38356","0.15008306016606782","0.15008306016606782","0.15008306016606782"
"38358","0.06501986847569752","0.06501986847569752","0.06501986847569752"
"38360","0.1081400403341939","0.1081400403341939","0.1081400403341939"
"38372","0.09570452630710376","0.09570452630710376","0.09570452630710376"
"38374","0.0858889301636647","0.0858889301636647","0.0858889301636647"
"38376","0.07888980472211536","0.07888980472211536","0.07888980472211536"
"38378","0.09084521741767773","0.09084521741767773","0.09084521741767773"
"38390","0.13262030073958403","0.13262030073958403","0.13262030073958403"
"38392","0.11220572714051912","0.11220572714051912","0.11220572714051912"
"38394","0.17368032837276284","0.17368032837276284","0.17368032837276284"
"38398","0.07255512321664191","0.07255512321664191","0.07255512321664191"
"38400","0.09718815196146728","0.09718815196146728","0.09718815196146728"
"38412","0.04915098263092015","0.04915098263092015","0.04915098263092015"
"38428","0.03917796533836863","0.03917796533836863","0.03917796533836863"
"38432","0.12684803794845936","0.12684803794845936","0.12684803794845936"
"38434","0.1015408566228285","0.1015408566228285","0.1015408566228285"
"38436","0.13803013209442347","0.13803013209442347","0.13803013209442347"
"38440","0.059448528093281064","0.059448528093281064","0.059448528093281064"
"38444","0.103949823779782","0.103949823779782","0.103949823779782"
"38446","0.0640048164219146","0.0640048164219146","0.0640048164219146"
"38448","0.09186425171313671","0.09186425171313671","0.09186425171313671"
"38450","0.10004492045079073","0.10004492045079073","0.10004492045079073"
"38454","0.10695307480147015","0.10695307480147015","0.10695307480147015"
"38456","0.0806720041609799","0.0806720041609799","0.0806720041609799"
"38458","0.10381034964424861","0.10381034964424861","0.10381034964424861"
"38464","0.07804727860652821","0.07804727860652821","0.07804727860652821"
"38470","0.09465744997411857","0.09465744997411857","0.09465744997411857"
"38478","0.14037563148383672","0.14037563148383672","0.14037563148383672"
"38482","0.11606810712057546","0.11606810712057546","0.11606810712057546"
"38486","0.2073689351887932","0.2073689351887932","0.2073689351887932"
"38488","0.08584251898718555","0.08584251898718555","0.08584251898718555"
"38490","0.04952272842009118","0.04952272842009118","0.04952272842009118"
"38498","0.11781739779367162","0.11781739779367162","0.11781739779367162"
"38502","0.22355424758625222","0.22355424758625222","0.22355424758625222"
"38506","0.2497448811584042","0.2497448811584042","0.2497448811584042"
"38508","0.04767461583089498","0.04767461583089498","0.04767461583089498"
"38510","0.12809167318016923","0.12809167318016923","0.12809167318016923"
"38524","0.12679004465110938","0.12679004465110938","0.12679004465110938"
"38536","0.07501255466762408","0.07501255466762408","0.07501255466762408"
"38540","0.12231010535882803","0.12231010535882803","0.12231010535882803"
"38544","0.15114668505652348","0.15114668505652348","0.15114668505652348"
"38550","0.14797590663404664","0.14797590663404664","0.14797590663404664"
"38554","0.06427835118846831","0.06427835118846831","0.06427835118846831"
"38558","0.22248162566085045","0.22248162566085045","0.22248162566085045"
"38560","0.1341029334949668","0.1341029334949668","0.1341029334949668"
"38564","0.08180582202521391","0.08180582202521391","0.08180582202521391"
"38566","0.13350507431128714","0.13350507431128714","0.13350507431128714"
"38568","0.1174886806849184","0.1174886806849184","0.1174886806849184"
"38570","0.11471145594068632","0.11471145594068632","0.11471145594068632"
"38572","0.07309611058551616","0.07309611058551616","0.07309611058551616"
"38576","0.09570279899853047","0.09570279899853047","0.09570279899853047"
"38588","0.0802159693053595","0.0802159693053595","0.0802159693053595"
"38592","0.06934768617515798","0.06934768617515798","0.06934768617515798"
"38594","0.12641929483709782","0.12641929483709782","0.12641929483709782"
"38600","0.06688175636324757","0.06688175636324757","0.06688175636324757"
"38606","0.1979358542494054","0.1979358542494054","0.1979358542494054"
"38608","0.1449822143424934","0.1449822143424934","0.1449822143424934"
"38612","0.07865220640372747","0.07865220640372747","0.07865220640372747"
"38614","0.10907350863748226","0.10907350863748226","0.10907350863748226"
"38616","0.11443986409019953","0.11443986409019953","0.11443986409019953"
"38618","0.06479788459380417","0.06479788459380417","0.06479788459380417"
"38630","0.08666488471638846","0.08666488471638846","0.08666488471638846"
"38632","0.07518505670536595","0.07518505670536595","0.07518505670536595"
"38634","0.05613423138287232","0.05613423138287232","0.05613423138287232"
"38638","0.08796351906789332","0.08796351906789332","0.08796351906789332"
"38640","0.11607577373420118","0.11607577373420118","0.11607577373420118"
"38644","0.0946773912680332","0.0946773912680332","0.0946773912680332"
"38646","0.05701317843783339","0.05701317843783339","0.05701317843783339"
"38652","0.13080044031347962","0.13080044031347962","0.13080044031347962"
"38660","0.10143910761773854","0.10143910761773854","0.10143910761773854"
"38664","0.05301641831154399","0.05301641831154399","0.05301641831154399"
"38668","0.11850311565327207","0.11850311565327207","0.11850311565327207"
"38674","0.07980344345646767","0.07980344345646767","0.07980344345646767"
"38678","0.07334545484836096","0.07334545484836096","0.07334545484836096"
"38690","0.1310029381061263","0.1310029381061263","0.1310029381061263"
"38698","0.10557982988436153","0.10557982988436153","0.10557982988436153"
"38700","0.10116054239467095","0.10116054239467095","0.10116054239467095"
"38710","0.1252698518711538","0.1252698518711538","0.1252698518711538"
"38724","0.05208796341502013","0.05208796341502013","0.05208796341502013"
"38736","0.083281436297296","0.083281436297296","0.083281436297296"
"38738","0.1196500876222928","0.1196500876222928","0.1196500876222928"
"38742","0.08604201550370655","0.08604201550370655","0.08604201550370655"
"38750","0.12431814442728206","0.12431814442728206","0.12431814442728206"
"38756","0.06189934806883405","0.06189934806883405","0.06189934806883405"
"38758","0.13855683565154947","0.13855683565154947","0.13855683565154947"
"38760","0.07836070267835193","0.07836070267835193","0.07836070267835193"
"38764","0.08784144403069769","0.08784144403069769","0.08784144403069769"
"38766","0.11614455402707492","0.11614455402707492","0.11614455402707492"
"38778","0.08324959267768647","0.08324959267768647","0.08324959267768647"
"38780","0.06572797025421924","0.06572797025421924","0.06572797025421924"
"38782","0.07177866071673608","0.07177866071673608","0.07177866071673608"
"38792","0.046417381793013045","0.046417381793013045","0.046417381793013045"
"38794","0.1200450742775921","0.1200450742775921","0.1200450742775921"
"38796","0.08348898550639744","0.08348898550639744","0.08348898550639744"
"38800","0.14086906790111656","0.14086906790111656","0.14086906790111656"
"38804","0.06164255229550185","0.06164255229550185","0.06164255229550185"
"38814","0.12708264859463225","0.12708264859463225","0.12708264859463225"
"38816","0.08177661543750264","0.08177661543750264","0.08177661543750264"
"38826","0.09110909357290778","0.09110909357290778","0.09110909357290778"
"38828","0.13439229033367173","0.13439229033367173","0.13439229033367173"
"38830","0.13513506133409367","0.13513506133409367","0.13513506133409367"
"38834","0.10466406848215813","0.10466406848215813","0.10466406848215813"
"38842","0.19571301402920896","0.19571301402920896","0.19571301402920896"
"38848","0.12845742957407366","0.12845742957407366","0.12845742957407366"
"38850","0.10525245032663524","0.10525245032663524","0.10525245032663524"
"38852","0.11916782506410843","0.11916782506410843","0.11916782506410843"
"38854","0.10668401900709486","0.10668401900709486","0.10668401900709486"
"38856","0.14847705966431665","0.14847705966431665","0.14847705966431665"
"38860","0.17521658378079807","0.17521658378079807","0.17521658378079807"
"38864","0.1967272635595453","0.1967272635595453","0.1967272635595453"
"38866","0.09944194391481902","0.09944194391481902","0.09944194391481902"
"38870","0.1451067228895389","0.1451067228895389","0.1451067228895389"
"38880","0.09244075151893075","0.09244075151893075","0.09244075151893075"
"38884","0.13092370373688952","0.13092370373688952","0.13092370373688952"
"38896","0.06532524085002285","0.06532524085002285","0.06532524085002285"
"38908","0.13630480771833733","0.13630480771833733","0.13630480771833733"
"38910","0.10248071281908597","0.10248071281908597","0.10248071281908597"
"38912","0.04419677104738131","0.04419677104738131","0.04419677104738131"
"38914","0.15642242454711966","0.15642242454711966","0.15642242454711966"
"38920","0.1636541484437787","0.1636541484437787","0.1636541484437787"
"38926","0.0700454042960187","0.0700454042960187","0.0700454042960187"
"38930","0.0656942172821675","0.0656942172821675","0.0656942172821675"
"38932","0.06859201626769854","0.06859201626769854","0.06859201626769854"
"38936","0.12622865692401333","0.12622865692401333","0.12622865692401333"
"38938","0.14323102704198218","0.14323102704198218","0.14323102704198218"
"38944","0.12073278463942154","0.12073278463942154","0.12073278463942154"
"38958","0.08241899562163263","0.08241899562163263","0.08241899562163263"
"38960","0.11827049900035339","0.11827049900035339","0.11827049900035339"
"38966","0.09590857213342323","0.09590857213342323","0.09590857213342323"
"38974","0.10569278005966204","0.10569278005966204","0.10569278005966204"
"38980","0.10503607319741552","0.10503607319741552","0.10503607319741552"
"38994","0.10005888769645337","0.10005888769645337","0.10005888769645337"
"38998","0.08704984698651208","0.08704984698651208","0.08704984698651208"
"39000","0.0628808384146006","0.0628808384146006","0.0628808384146006"
"39008","0.09984090487585917","0.09984090487585917","0.09984090487585917"
"39010","0.0760769497108207","0.0760769497108207","0.0760769497108207"
"39012","0.1352886403237968","0.1352886403237968","0.1352886403237968"
"39016","0.11856361493806544","0.11856361493806544","0.11856361493806544"
"39018","0.16701788453600655","0.16701788453600655","0.16701788453600655"
"39020","0.13324096231783578","0.13324096231783578","0.13324096231783578"
"39024","0.09143462127963459","0.09143462127963459","0.09143462127963459"
"39026","0.05474965573868339","0.05474965573868339","0.05474965573868339"
"39036","0.05671652279834266","0.05671652279834266","0.05671652279834266"
"39038","0.07924650006244853","0.07924650006244853","0.07924650006244853"
"39042","0.07785366444542262","0.07785366444542262","0.07785366444542262"
"39050","0.16156168419135775","0.16156168419135775","0.16156168419135775"
"39052","0.09088226481859392","0.09088226481859392","0.09088226481859392"
"39054","0.0628235941016617","0.0628235941016617","0.0628235941016617"
"39058","0.10057602065004899","0.10057602065004899","0.10057602065004899"
"39060","0.0836927012117458","0.0836927012117458","0.0836927012117458"
"39071","0.13815018752178895","0.13815018752178895","0.13815018752178895"
"39075","0.10538118754238501","0.10538118754238501","0.10538118754238501"
"39077","0.07334581038462343","0.07334581038462343","0.07334581038462343"
"39079","0.11632802818504388","0.11632802818504388","0.11632802818504388"
"39081","0.09484951652203548","0.09484951652203548","0.09484951652203548"
"39083","0.10274743298122341","0.10274743298122341","0.10274743298122341"
"39085","0.09172010762738679","0.09172010762738679","0.09172010762738679"
"39089","0.058564802807719224","0.058564802807719224","0.058564802807719224"
"39097","0.1320483932990122","0.1320483932990122","0.1320483932990122"
"39099","0.17848770081798446","0.17848770081798446","0.17848770081798446"
"39105","0.10336468145945098","0.10336468145945098","0.10336468145945098"
"39107","0.09212371793771003","0.09212371793771003","0.09212371793771003"
"39109","0.11033921468062967","0.11033921468062967","0.11033921468062967"
"39127","0.07722028573653754","0.07722028573653754","0.07722028573653754"
"39129","0.08194613014131136","0.08194613014131136","0.08194613014131136"
"39131","0.046773184031890395","0.046773184031890395","0.046773184031890395"
"39135","0.08722476928343673","0.08722476928343673","0.08722476928343673"
"39153","0.08239881443748726","0.08239881443748726","0.08239881443748726"
"39163","0.08969177993504514","0.08969177993504514","0.08969177993504514"
"39165","0.13728985713128988","0.13728985713128988","0.13728985713128988"
"39167","0.07804880002371313","0.07804880002371313","0.07804880002371313"
"39169","0.10819318601771884","0.10819318601771884","0.10819318601771884"
"39173","0.10357093233221011","0.10357093233221011","0.10357093233221011"
"39179","0.07007760973754752","0.07007760973754752","0.07007760973754752"
"39181","0.07941484519865502","0.07941484519865502","0.07941484519865502"
"39183","0.0922871039452464","0.0922871039452464","0.0922871039452464"
"39185","0.04869123821482027","0.04869123821482027","0.04869123821482027"
"39201","0.053883051372417286","0.053883051372417286","0.053883051372417286"
"39203","0.08440909999080798","0.08440909999080798","0.08440909999080798"
"39209","0.0812574573450769","0.0812574573450769","0.0812574573450769"
"39215","0.13563426962830522","0.13563426962830522","0.13563426962830522"
"39223","0.1695934552892511","0.1695934552892511","0.1695934552892511"
"39225","0.080234331620343","0.080234331620343","0.080234331620343"
"39227","0.04188929471721326","0.04188929471721326","0.04188929471721326"
"39229","0.08466106417441083","0.08466106417441083","0.08466106417441083"
"39235","0.13453969122603132","0.13453969122603132","0.13453969122603132"
"39243","0.052403764694802714","0.052403764694802714","0.052403764694802714"
"39245","0.06151381106980886","0.06151381106980886","0.06151381106980886"
"39247","0.08906489691102273","0.08906489691102273","0.08906489691102273"
"39249","0.08336412586091563","0.08336412586091563","0.08336412586091563"
"39275","0.07954975300308613","0.07954975300308613","0.07954975300308613"
"39279","0.09978384744708339","0.09978384744708339","0.09978384744708339"
"39281","0.1254308918146977","0.1254308918146977","0.1254308918146977"
"39285","0.11022870643310319","0.11022870643310319","0.11022870643310319"
"39293","0.10500104392049332","0.10500104392049332","0.10500104392049332"
"39295","0.0811992269983855","0.0811992269983855","0.0811992269983855"
"39307","0.15724511362892585","0.15724511362892585","0.15724511362892585"
"39315","0.06976060704023057","0.06976060704023057","0.06976060704023057"
"39321","0.11804002762178452","0.11804002762178452","0.11804002762178452"
"39327","0.143997236847858","0.143997236847858","0.143997236847858"
"39335","0.09455834032088499","0.09455834032088499","0.09455834032088499"
"39339","0.11166507358476263","0.11166507358476263","0.11166507358476263"
"39341","0.09147980900941977","0.09147980900941977","0.09147980900941977"
"39343","0.08035109967685869","0.08035109967685869","0.08035109967685869"
"39345","0.16706027488889277","0.16706027488889277","0.16706027488889277"
"39347","0.07460282419316083","0.07460282419316083","0.07460282419316083"
"39351","0.06724145824001022","0.06724145824001022","0.06724145824001022"
"39353","0.1183341433758725","0.1183341433758725","0.1183341433758725"
"39357","0.09026039995030805","0.09026039995030805","0.09026039995030805"
"39359","0.07326521193684225","0.07326521193684225","0.07326521193684225"
"39365","0.10477685033297127","0.10477685033297127","0.10477685033297127"
"39367","0.12341402545876963","0.12341402545876963","0.12341402545876963"
"39371","0.11299834606344347","0.11299834606344347","0.11299834606344347"
"39381","0.17934104441868393","0.17934104441868393","0.17934104441868393"
"39385","0.10669082797842828","0.10669082797842828","0.10669082797842828"
"39387","0.08661638406209053","0.08661638406209053","0.08661638406209053"
"39389","0.14407508621345627","0.14407508621345627","0.14407508621345627"
"39391","0.08562074067666775","0.08562074067666775","0.08562074067666775"
"39397","0.22280450536394822","0.22280450536394822","0.22280450536394822"
"39399","0.08730384401686278","0.08730384401686278","0.08730384401686278"
"39401","0.08955929652239596","0.08955929652239596","0.08955929652239596"
"39403","0.13170960342534405","0.13170960342534405","0.13170960342534405"
"39405","0.08258548053744583","0.08258548053744583","0.08258548053744583"
"39411","0.0527309575562994","0.0527309575562994","0.0527309575562994"
"39417","0.0789283280125747","0.0789283280125747","0.0789283280125747"
"39429","0.10215264579754843","0.10215264579754843","0.10215264579754843"
"39431","0.06650893602662344","0.06650893602662344","0.06650893602662344"
"39447","0.05742614804801984","0.05742614804801984","0.05742614804801984"
"39457","0.16047931279794767","0.16047931279794767","0.16047931279794767"
"39461","0.06258898227124736","0.06258898227124736","0.06258898227124736"
"39463","0.10775411984379453","0.10775411984379453","0.10775411984379453"
"39469","0.10515202543549954","0.10515202543549954","0.10515202543549954"
"39471","0.04696868435568927","0.04696868435568927","0.04696868435568927"
"39475","0.15849536818022716","0.15849536818022716","0.15849536818022716"
"39477","0.2116510895443959","0.2116510895443959","0.2116510895443959"
"39485","0.08896226826864466","0.08896226826864466","0.08896226826864466"
"39489","0.04634764682176497","0.04634764682176497","0.04634764682176497"
"39491","0.1418530696984844","0.1418530696984844","0.1418530696984844"
"39499","0.10560164644165045","0.10560164644165045","0.10560164644165045"
"39503","0.06730790743262895","0.06730790743262895","0.06730790743262895"
"39519","0.09198388874177496","0.09198388874177496","0.09198388874177496"
"39527","0.10125638146217382","0.10125638146217382","0.10125638146217382"
"39543","0.12728828058744251","0.12728828058744251","0.12728828058744251"
"39555","0.06865074527556296","0.06865074527556296","0.06865074527556296"
"39559","0.10421052744454648","0.10421052744454648","0.10421052744454648"
"39561","0.0927718764725911","0.0927718764725911","0.0927718764725911"
"39565","0.1237482261410167","0.1237482261410167","0.1237482261410167"
"39567","0.10231624645027997","0.10231624645027997","0.10231624645027997"
"39575","0.11700891158688125","0.11700891158688125","0.11700891158688125"
"39579","0.07288281649850104","0.07288281649850104","0.07288281649850104"
"39581","0.10368406339115846","0.10368406339115846","0.10368406339115846"
"39583","0.1733195387002154","0.1733195387002154","0.1733195387002154"
"39587","0.14046146897995648","0.14046146897995648","0.14046146897995648"
"39593","0.07603455049169114","0.07603455049169114","0.07603455049169114"
"39607","0.15763710160883046","0.15763710160883046","0.15763710160883046"
"39613","0.07724842702184634","0.07724842702184634","0.07724842702184634"
"39615","0.08274117729547145","0.08274117729547145","0.08274117729547145"
"39617","0.09558841097257834","0.09558841097257834","0.09558841097257834"
"39623","0.07135909703315203","0.07135909703315203","0.07135909703315203"
"39629","0.10529883702871941","0.10529883702871941","0.10529883702871941"
"39633","0.0495067337167514","0.0495067337167514","0.0495067337167514"
"39641","0.06960555831429872","0.06960555831429872","0.06960555831429872"
"39649","0.10661139786366733","0.10661139786366733","0.10661139786366733"
"39651","0.08697072336005239","0.08697072336005239","0.08697072336005239"
"39653","0.11232996117193093","0.11232996117193093","0.11232996117193093"
"39655","0.13491022948792625","0.13491022948792625","0.13491022948792625"
"39657","0.06835540351230197","0.06835540351230197","0.06835540351230197"
"39675","0.13961470136424242","0.13961470136424242","0.13961470136424242"
"39677","0.12426329869544252","0.12426329869544252","0.12426329869544252"
"39679","0.1379349159237203","0.1379349159237203","0.1379349159237203"
"39689","0.0697467380740684","0.0697467380740684","0.0697467380740684"
"39693","0.08095338822417546","0.08095338822417546","0.08095338822417546"
"39697","0.09664272796390427","0.09664272796390427","0.09664272796390427"
"39711","0.048451506604571405","0.048451506604571405","0.048451506604571405"
"39715","0.12798191780653445","0.12798191780653445","0.12798191780653445"
"39717","0.12288319585258839","0.12288319585258839","0.12288319585258839"
"39721","0.0551550328225761","0.0551550328225761","0.0551550328225761"
"39725","0.11201736349501276","0.11201736349501276","0.11201736349501276"
"39733","0.21568580682267346","0.21568580682267346","0.21568580682267346"
"39743","0.08412719105291062","0.08412719105291062","0.08412719105291062"
"39765","0.056391926370699834","0.056391926370699834","0.056391926370699834"
"39767","0.08731666286527902","0.08731666286527902","0.08731666286527902"
"39769","0.04894723431390734","0.04894723431390734","0.04894723431390734"
"39773","0.05908577489420714","0.05908577489420714","0.05908577489420714"
"39775","0.27156802473605035","0.27156802473605035","0.27156802473605035"
"39779","0.10710811743634498","0.10710811743634498","0.10710811743634498"
"39781","0.18125101574251412","0.18125101574251412","0.18125101574251412"
"39785","0.07452338216147511","0.07452338216147511","0.07452338216147511"
"39795","0.11147102587467037","0.11147102587467037","0.11147102587467037"
"39797","0.18057305389265582","0.18057305389265582","0.18057305389265582"
"39799","0.12839708049580487","0.12839708049580487","0.12839708049580487"
"39805","0.09983424441439825","0.09983424441439825","0.09983424441439825"
"39811","0.08041017585626288","0.08041017585626288","0.08041017585626288"
"39815","0.07784936082581556","0.07784936082581556","0.07784936082581556"
"39821","0.04442907666731754","0.04442907666731754","0.04442907666731754"
"39827","0.1613033779089463","0.1613033779089463","0.1613033779089463"
"39837","0.08580267147983993","0.08580267147983993","0.08580267147983993"
"39839","0.1343909736498384","0.1343909736498384","0.1343909736498384"
"39841","0.05168485672934001","0.05168485672934001","0.05168485672934001"
"39843","0.07289759955713107","0.07289759955713107","0.07289759955713107"
"39851","0.06392923849251868","0.06392923849251868","0.06392923849251868"
"39853","0.11638199614347167","0.11638199614347167","0.11638199614347167"
"39855","0.1044603860894898","0.1044603860894898","0.1044603860894898"
"39857","0.13008865737660436","0.13008865737660436","0.13008865737660436"
"39861","0.2044532429101157","0.2044532429101157","0.2044532429101157"
"39863","0.10369129389995525","0.10369129389995525","0.10369129389995525"
"39871","0.07186328193779425","0.07186328193779425","0.07186328193779425"
"39875","0.06782335551013051","0.06782335551013051","0.06782335551013051"
"39881","0.06265869333849483","0.06265869333849483","0.06265869333849483"
"39883","0.038773934116714995","0.038773934116714995","0.038773934116714995"
"39887","0.03702416015862732","0.03702416015862732","0.03702416015862732"
"39897","0.12244738514453703","0.12244738514453703","0.12244738514453703"
"39899","0.08611298655137016","0.08611298655137016","0.08611298655137016"
"39901","0.09349417053150776","0.09349417053150776","0.09349417053150776"
"39903","0.15639794021772058","0.15639794021772058","0.15639794021772058"
"39907","0.07035530297493493","0.07035530297493493","0.07035530297493493"
"39909","0.11382873779137163","0.11382873779137163","0.11382873779137163"
"39913","0.06779594171435106","0.06779594171435106","0.06779594171435106"
"39915","0.10969615516314486","0.10969615516314486","0.10969615516314486"
"39917","0.11618706514088357","0.11618706514088357","0.11618706514088357"
"39921","0.12126360793538041","0.12126360793538041","0.12126360793538041"
"39925","0.10172668812067777","0.10172668812067777","0.10172668812067777"
"39929","0.09088390953905694","0.09088390953905694","0.09088390953905694"
"39931","0.10946093742403822","0.10946093742403822","0.10946093742403822"
"39937","0.12203128953901327","0.12203128953901327","0.12203128953901327"
"39939","0.11140867715494872","0.11140867715494872","0.11140867715494872"
"39947","0.1381877251536529","0.1381877251536529","0.1381877251536529"
"39953","0.09408928155630128","0.09408928155630128","0.09408928155630128"
"39957","0.07653247624088966","0.07653247624088966","0.07653247624088966"
"39959","0.11800112011774876","0.11800112011774876","0.11800112011774876"
"39967","0.14366490810277568","0.14366490810277568","0.14366490810277568"
"39975","0.13495168419568243","0.13495168419568243","0.13495168419568243"
"39985","0.06487867006815512","0.06487867006815512","0.06487867006815512"
"39991","0.16338546452467362","0.16338546452467362","0.16338546452467362"
"40001","0.10146510057169011","0.10146510057169011","0.10146510057169011"
"40011","0.07655029868684168","0.07655029868684168","0.07655029868684168"
"40015","0.06651721126653376","0.06651721126653376","0.06651721126653376"
"40023","0.107834526244576","0.107834526244576","0.107834526244576"
"40031","0.13319559103951012","0.13319559103951012","0.13319559103951012"
"40033","0.10977534695670164","0.10977534695670164","0.10977534695670164"
"40041","0.10378671632698508","0.10378671632698508","0.10378671632698508"
"40051","0.04967373574093479","0.04967373574093479","0.04967373574093479"
"40056","0.15367350625441162","0.15367350625441162","0.15367350625441162"
"40058","0.09300631857981569","0.09300631857981569","0.09300631857981569"
"40060","0.08767232806092595","0.08767232806092595","0.08767232806092595"
"40062","0.07166032919521054","0.07166032919521054","0.07166032919521054"
"40068","0.0662831610220233","0.0662831610220233","0.0662831610220233"
"40076","0.12043956202615998","0.12043956202615998","0.12043956202615998"
"40078","0.15480188826851216","0.15480188826851216","0.15480188826851216"
"40086","0.10395094817178899","0.10395094817178899","0.10395094817178899"
"40092","0.09640717873829226","0.09640717873829226","0.09640717873829226"
"40094","0.07371876478457819","0.07371876478457819","0.07371876478457819"
"40098","0.13678082691699792","0.13678082691699792","0.13678082691699792"
"40104","0.10408481620660473","0.10408481620660473","0.10408481620660473"
"40106","0.03750464154863525","0.03750464154863525","0.03750464154863525"
"40110","0.14069927426353013","0.14069927426353013","0.14069927426353013"
"40112","0.06443549767670652","0.06443549767670652","0.06443549767670652"
"40122","0.1142484180142144","0.1142484180142144","0.1142484180142144"
"40126","0.11801907021933064","0.11801907021933064","0.11801907021933064"
"40128","0.11871924692277368","0.11871924692277368","0.11871924692277368"
"40132","0.09124828835900435","0.09124828835900435","0.09124828835900435"
"40138","0.1125180167103038","0.1125180167103038","0.1125180167103038"
"40144","0.09123816808651161","0.09123816808651161","0.09123816808651161"
"40148","0.12145983825370689","0.12145983825370689","0.12145983825370689"
"40150","0.08878446753377135","0.08878446753377135","0.08878446753377135"
"40164","0.07360111662366522","0.07360111662366522","0.07360111662366522"
"40168","0.10052959938401791","0.10052959938401791","0.10052959938401791"
"40172","0.18205020216485596","0.18205020216485596","0.18205020216485596"
"40178","0.13671569820812693","0.13671569820812693","0.13671569820812693"
"40180","0.09376370806610593","0.09376370806610593","0.09376370806610593"
"40184","0.07748339465987121","0.07748339465987121","0.07748339465987121"
"40190","0.121231777220361","0.121231777220361","0.121231777220361"
"40198","0.0766875922558874","0.0766875922558874","0.0766875922558874"
"40202","0.06684988508943063","0.06684988508943063","0.06684988508943063"
"40208","0.09050248534158067","0.09050248534158067","0.09050248534158067"
"40210","0.07647080940175088","0.07647080940175088","0.07647080940175088"
"40216","0.07670962808728646","0.07670962808728646","0.07670962808728646"
"40224","0.16294957930547738","0.16294957930547738","0.16294957930547738"
"40230","0.09985428975371817","0.09985428975371817","0.09985428975371817"
"40234","0.11804477329390282","0.11804477329390282","0.11804477329390282"
"40242","0.05310615203448712","0.05310615203448712","0.05310615203448712"
"40252","0.10067999247817583","0.10067999247817583","0.10067999247817583"
"40260","0.09831922081912255","0.09831922081912255","0.09831922081912255"
"40270","0.10712574108250247","0.10712574108250247","0.10712574108250247"
"40276","0.10038772515736114","0.10038772515736114","0.10038772515736114"
"40280","0.13507535145053895","0.13507535145053895","0.13507535145053895"
"40282","0.10563805907120356","0.10563805907120356","0.10563805907120356"
"40284","0.08899757231290445","0.08899757231290445","0.08899757231290445"
"40294","0.0979038580377938","0.0979038580377938","0.0979038580377938"
"40298","0.10499268837715697","0.10499268837715697","0.10499268837715697"
"40300","0.1527909781311572","0.1527909781311572","0.1527909781311572"
"40302","0.08329092439245522","0.08329092439245522","0.08329092439245522"
"40306","0.12658202880143637","0.12658202880143637","0.12658202880143637"
"40310","0.05498223835484026","0.05498223835484026","0.05498223835484026"
"40314","0.15571707202253046","0.15571707202253046","0.15571707202253046"
"40326","0.1429026190185732","0.1429026190185732","0.1429026190185732"
"40330","0.0831909571512512","0.0831909571512512","0.0831909571512512"
"40334","0.10538702907040773","0.10538702907040773","0.10538702907040773"
"40344","0.05774496143066717","0.05774496143066717","0.05774496143066717"
"40346","0.09498120521983132","0.09498120521983132","0.09498120521983132"
"40352","0.09606819200622348","0.09606819200622348","0.09606819200622348"
"40354","0.10811173266670984","0.10811173266670984","0.10811173266670984"
"40356","0.08146508431976437","0.08146508431976437","0.08146508431976437"
"40360","0.040405817978984085","0.040405817978984085","0.040405817978984085"
"40368","0.09215650724463716","0.09215650724463716","0.09215650724463716"
"40370","0.08275803403303453","0.08275803403303453","0.08275803403303453"
"40372","0.11670123780870152","0.11670123780870152","0.11670123780870152"
"40378","0.09826852073927768","0.09826852073927768","0.09826852073927768"
"40380","0.08010758753490514","0.08010758753490514","0.08010758753490514"
"40382","0.08118360103358803","0.08118360103358803","0.08118360103358803"
"40386","0.0878479589110777","0.0878479589110777","0.0878479589110777"
"40390","0.10365198259306892","0.10365198259306892","0.10365198259306892"
"40392","0.08552498319599763","0.08552498319599763","0.08552498319599763"
"40394","0.1561530348790508","0.1561530348790508","0.1561530348790508"
"40396","0.09787728091574728","0.09787728091574728","0.09787728091574728"
"40398","0.09436415631320838","0.09436415631320838","0.09436415631320838"
"40402","0.06308781352368673","0.06308781352368673","0.06308781352368673"
"40404","0.02607680622220995","0.02607680622220995","0.02607680622220995"
"40406","0.10278137277889834","0.10278137277889834","0.10278137277889834"
"40408","0.04699628259568396","0.04699628259568396","0.04699628259568396"
"40422","0.0949930101100675","0.0949930101100675","0.0949930101100675"
"40424","0.029621289087587394","0.029621289087587394","0.029621289087587394"
"40436","0.07998009822512772","0.07998009822512772","0.07998009822512772"
"40438","0.17099147988657204","0.17099147988657204","0.17099147988657204"
"40444","0.07130374169435538","0.07130374169435538","0.07130374169435538"
"40450","0.04533990430034986","0.04533990430034986","0.04533990430034986"
"40456","0.09537228991531568","0.09537228991531568","0.09537228991531568"
"40458","0.11346880825553918","0.11346880825553918","0.11346880825553918"
"40462","0.10855576979655958","0.10855576979655958","0.10855576979655958"
"40466","0.0775559533072487","0.0775559533072487","0.0775559533072487"
"40470","0.08499416709969793","0.08499416709969793","0.08499416709969793"
"40482","0.13433139753420983","0.13433139753420983","0.13433139753420983"
"40486","0.08700179643924094","0.08700179643924094","0.08700179643924094"
"40490","0.07152409218843211","0.07152409218843211","0.07152409218843211"
"40492","0.06273590954178099","0.06273590954178099","0.06273590954178099"
"40496","0.21469239191870249","0.21469239191870249","0.21469239191870249"
"40498","0.11083811283860652","0.11083811283860652","0.11083811283860652"
"40502","0.1431089669934098","0.1431089669934098","0.1431089669934098"
"40504","0.09852668982919727","0.09852668982919727","0.09852668982919727"
"40506","0.08961843142187798","0.08961843142187798","0.08961843142187798"
"40508","0.10665225989061763","0.10665225989061763","0.10665225989061763"
"40510","0.1543735482653416","0.1543735482653416","0.1543735482653416"
"40514","0.09601223422830542","0.09601223422830542","0.09601223422830542"
"40518","0.06868171985870612","0.06868171985870612","0.06868171985870612"
"40522","0.12669474644865877","0.12669474644865877","0.12669474644865877"
"40526","0.06795263537846502","0.06795263537846502","0.06795263537846502"
"40538","0.1310224229007829","0.1310224229007829","0.1310224229007829"
"40544","0.11523332433706504","0.11523332433706504","0.11523332433706504"
"40546","0.0844995808552188","0.0844995808552188","0.0844995808552188"
"40554","0.1262852192136695","0.1262852192136695","0.1262852192136695"
"40558","0.05336824898005485","0.05336824898005485","0.05336824898005485"
"40564","0.08395596511618975","0.08395596511618975","0.08395596511618975"
"40570","0.10180101905140095","0.10180101905140095","0.10180101905140095"
"40572","0.10034581568482752","0.10034581568482752","0.10034581568482752"
"40576","0.0624096131157579","0.0624096131157579","0.0624096131157579"
"40578","0.07015625494891109","0.07015625494891109","0.07015625494891109"
"40580","0.08449599324057672","0.08449599324057672","0.08449599324057672"
"40582","0.18304181836413788","0.18304181836413788","0.18304181836413788"
"40586","0.05123213357725412","0.05123213357725412","0.05123213357725412"
"40588","0.060850068789911844","0.060850068789911844","0.060850068789911844"
"40592","0.15897772561866846","0.15897772561866846","0.15897772561866846"
"40594","0.09215104990801937","0.09215104990801937","0.09215104990801937"
"40596","0.12233684814467914","0.12233684814467914","0.12233684814467914"
"40598","0.12675478186606612","0.12675478186606612","0.12675478186606612"
"40600","0.127654164762987","0.127654164762987","0.127654164762987"
"40610","0.06668325459347836","0.06668325459347836","0.06668325459347836"
"40612","0.09637392707053061","0.09637392707053061","0.09637392707053061"
"40616","0.07107899363350305","0.07107899363350305","0.07107899363350305"
"40618","0.08345252846895851","0.08345252846895851","0.08345252846895851"
"40620","0.11139711952513305","0.11139711952513305","0.11139711952513305"
"40622","0.12032563645618362","0.12032563645618362","0.12032563645618362"
"40624","0.11760804692239826","0.11760804692239826","0.11760804692239826"
"40628","0.08656016371170136","0.08656016371170136","0.08656016371170136"
"40634","0.13944312655511426","0.13944312655511426","0.13944312655511426"
"40636","0.07619551145186744","0.07619551145186744","0.07619551145186744"
"40644","0.19195914697264205","0.19195914697264205","0.19195914697264205"
"40650","0.10551285704466569","0.10551285704466569","0.10551285704466569"
"40652","0.11303422565777801","0.11303422565777801","0.11303422565777801"
"40656","0.08688584952049762","0.08688584952049762","0.08688584952049762"
"40662","0.043958799623740205","0.043958799623740205","0.043958799623740205"
"40670","0.1051333844051041","0.1051333844051041","0.1051333844051041"
"40674","0.0563069929867257","0.0563069929867257","0.0563069929867257"
"40676","0.13956834590454148","0.13956834590454148","0.13956834590454148"
"40680","0.07413180805313364","0.07413180805313364","0.07413180805313364"
"40708","0.19037447397932092","0.19037447397932092","0.19037447397932092"
"40714","0.09975650617228289","0.09975650617228289","0.09975650617228289"
"40716","0.11786951049778006","0.11786951049778006","0.11786951049778006"
"40722","0.08157982250399065","0.08157982250399065","0.08157982250399065"
"40728","0.08016058700012288","0.08016058700012288","0.08016058700012288"
"40730","0.06830889336505075","0.06830889336505075","0.06830889336505075"
"40738","0.19381511809110138","0.19381511809110138","0.19381511809110138"
"40740","0.05550673067648049","0.05550673067648049","0.05550673067648049"
"40750","0.15249028860891883","0.15249028860891883","0.15249028860891883"
"40766","0.1323452049589741","0.1323452049589741","0.1323452049589741"
"40770","0.18604738090179163","0.18604738090179163","0.18604738090179163"
"40778","0.05620876877360737","0.05620876877360737","0.05620876877360737"
"40784","0.14994351073369971","0.14994351073369971","0.14994351073369971"
"40786","0.14427655563872538","0.14427655563872538","0.14427655563872538"
"40792","0.07936506768658907","0.07936506768658907","0.07936506768658907"
"40798","0.10594840827696318","0.10594840827696318","0.10594840827696318"
"40802","0.0808943288230362","0.0808943288230362","0.0808943288230362"
"40804","0.08614234460691572","0.08614234460691572","0.08614234460691572"
"40808","0.12932959312609454","0.12932959312609454","0.12932959312609454"
"40810","0.07748822940956024","0.07748822940956024","0.07748822940956024"
"40812","0.05941908824513811","0.05941908824513811","0.05941908824513811"
"40814","0.07014923213530329","0.07014923213530329","0.07014923213530329"
"40820","0.06381794025309784","0.06381794025309784","0.06381794025309784"
"40822","0.2147567399436109","0.2147567399436109","0.2147567399436109"
"40824","0.07860515682816564","0.07860515682816564","0.07860515682816564"
"40826","0.054628069550370584","0.054628069550370584","0.054628069550370584"
"40832","0.05193021688712279","0.05193021688712279","0.05193021688712279"
"40834","0.11090859620908954","0.11090859620908954","0.11090859620908954"
"40838","0.07648119112271089","0.07648119112271089","0.07648119112271089"
"40842","0.13651341277333343","0.13651341277333343","0.13651341277333343"
"40854","0.10833601399996202","0.10833601399996202","0.10833601399996202"
"40858","0.10020813311522475","0.10020813311522475","0.10020813311522475"
"40862","0.04126558883474745","0.04126558883474745","0.04126558883474745"
"40864","0.11471663563597578","0.11471663563597578","0.11471663563597578"
"40872","0.11780002967520592","0.11780002967520592","0.11780002967520592"
"40876","0.08557028776663196","0.08557028776663196","0.08557028776663196"
"40882","0.10746102919968104","0.10746102919968104","0.10746102919968104"
"40886","0.10876797500814957","0.10876797500814957","0.10876797500814957"
"40890","0.0791150599608254","0.0791150599608254","0.0791150599608254"
"40894","0.10297853660673721","0.10297853660673721","0.10297853660673721"
"40896","0.04785864641343011","0.04785864641343011","0.04785864641343011"
"40902","0.058613495678558704","0.058613495678558704","0.058613495678558704"
"40908","0.06291765496970364","0.06291765496970364","0.06291765496970364"
"40910","0.10270296802476836","0.10270296802476836","0.10270296802476836"
"40914","0.05994791206262628","0.05994791206262628","0.05994791206262628"
"40916","0.09086695365590332","0.09086695365590332","0.09086695365590332"
"40922","0.059402395268458856","0.059402395268458856","0.059402395268458856"
"40924","0.07148023668932466","0.07148023668932466","0.07148023668932466"
"40936","0.073044612155891","0.073044612155891","0.073044612155891"
"40940","0.12954607312754052","0.12954607312754052","0.12954607312754052"
"40942","0.1065838638268353","0.1065838638268353","0.1065838638268353"
"40944","0.0742463041906565","0.0742463041906565","0.0742463041906565"
"40948","0.09647079016922695","0.09647079016922695","0.09647079016922695"
"40956","0.16227526392291558","0.16227526392291558","0.16227526392291558"
"40958","0.04604049268922441","0.04604049268922441","0.04604049268922441"
"40964","0.11949523931860417","0.11949523931860417","0.11949523931860417"
"40966","0.13552938562843186","0.13552938562843186","0.13552938562843186"
"40992","0.11112080896378417","0.11112080896378417","0.11112080896378417"
"40994","0.12213227797367905","0.12213227797367905","0.12213227797367905"
"41008","0.06376951182600255","0.06376951182600255","0.06376951182600255"
"41012","0.11262765552589821","0.11262765552589821","0.11262765552589821"
"41018","0.04664468560282323","0.04664468560282323","0.04664468560282323"
"41020","0.08378343051931386","0.08378343051931386","0.08378343051931386"
"41022","0.09731966187528421","0.09731966187528421","0.09731966187528421"
"41024","0.12437892639250087","0.12437892639250087","0.12437892639250087"
"41026","0.07377932048017123","0.07377932048017123","0.07377932048017123"
"41028","0.1007628875090844","0.1007628875090844","0.1007628875090844"
"41042","0.10525637454750426","0.10525637454750426","0.10525637454750426"
"41063","0.10319027063334262","0.10319027063334262","0.10319027063334262"
"41071","0.07940011139763986","0.07940011139763986","0.07940011139763986"
"41079","0.06908285602102038","0.06908285602102038","0.06908285602102038"
"41085","0.08967783369083548","0.08967783369083548","0.08967783369083548"
"41089","0.15886523776221514","0.15886523776221514","0.15886523776221514"
"41091","0.09664324834743121","0.09664324834743121","0.09664324834743121"
"41105","0.14466734870457432","0.14466734870457432","0.14466734870457432"
"41109","0.08188792605320548","0.08188792605320548","0.08188792605320548"
"41111","0.061561071526346094","0.061561071526346094","0.061561071526346094"
"41117","0.06543685034075988","0.06543685034075988","0.06543685034075988"
"41119","0.20229995503979012","0.20229995503979012","0.20229995503979012"
"41137","0.08703541053161963","0.08703541053161963","0.08703541053161963"
"41141","0.10699253112860348","0.10699253112860348","0.10699253112860348"
"41143","0.19629612240976888","0.19629612240976888","0.19629612240976888"
"41149","0.03326287923323946","0.03326287923323946","0.03326287923323946"
"41155","0.04922383183780678","0.04922383183780678","0.04922383183780678"
"41161","0.10796748662256374","0.10796748662256374","0.10796748662256374"
"41169","0.07066729886650153","0.07066729886650153","0.07066729886650153"
"41177","0.05224614277061943","0.05224614277061943","0.05224614277061943"
"41179","0.08312330065868902","0.08312330065868902","0.08312330065868902"
"41181","0.23643784301192441","0.23643784301192441","0.23643784301192441"
"41187","0.10500728353431418","0.10500728353431418","0.10500728353431418"
"41189","0.11549982515467377","0.11549982515467377","0.11549982515467377"
"41195","0.06941421884981751","0.06941421884981751","0.06941421884981751"
"41199","0.09909573122460177","0.09909573122460177","0.09909573122460177"
"41213","0.08038486198235813","0.08038486198235813","0.08038486198235813"
"41215","0.0977940445542326","0.0977940445542326","0.0977940445542326"
"41217","0.0914011450507587","0.0914011450507587","0.0914011450507587"
"41223","0.06419226570183129","0.06419226570183129","0.06419226570183129"
"41227","0.11071829496048444","0.11071829496048444","0.11071829496048444"
"41229","0.1057539897429857","0.1057539897429857","0.1057539897429857"
"41233","0.10888655196378105","0.10888655196378105","0.10888655196378105"
"41235","0.08351241337084805","0.08351241337084805","0.08351241337084805"
"41245","0.07476688929039918","0.07476688929039918","0.07476688929039918"
"41251","0.16089672942527186","0.16089672942527186","0.16089672942527186"
"41255","0.10885454994191983","0.10885454994191983","0.10885454994191983"
"41259","0.1177750402313039","0.1177750402313039","0.1177750402313039"
"41263","0.0790480738980791","0.0790480738980791","0.0790480738980791"
"41265","0.11124959903414401","0.11124959903414401","0.11124959903414401"
"41267","0.08205604462335306","0.08205604462335306","0.08205604462335306"
"41273","0.09825623262088705","0.09825623262088705","0.09825623262088705"
"41275","0.11229505497630705","0.11229505497630705","0.11229505497630705"
"41277","0.07762851911705583","0.07762851911705583","0.07762851911705583"
"41283","0.06207736925579165","0.06207736925579165","0.06207736925579165"
"41289","0.08335886939019667","0.08335886939019667","0.08335886939019667"
"41291","0.04760759304700548","0.04760759304700548","0.04760759304700548"
"41293","0.042227964730848916","0.042227964730848916","0.042227964730848916"
"41295","0.0464542424485857","0.0464542424485857","0.0464542424485857"
"41297","0.08575398726722964","0.08575398726722964","0.08575398726722964"
"41307","0.061519490221341594","0.061519490221341594","0.061519490221341594"
"41313","0.08722186501713992","0.08722186501713992","0.08722186501713992"
"41315","0.17314912216546174","0.17314912216546174","0.17314912216546174"
"41325","0.12959768074675393","0.12959768074675393","0.12959768074675393"
"41329","0.0702294216488506","0.0702294216488506","0.0702294216488506"
"41345","0.08602570212268068","0.08602570212268068","0.08602570212268068"
"41347","0.15832297177249693","0.15832297177249693","0.15832297177249693"
"41351","0.049379577401905766","0.049379577401905766","0.049379577401905766"
"41355","0.0922344865912981","0.0922344865912981","0.0922344865912981"
"41359","0.06640249129484907","0.06640249129484907","0.06640249129484907"
"41365","0.11067543355796748","0.11067543355796748","0.11067543355796748"
"41369","0.07493072566380242","0.07493072566380242","0.07493072566380242"
"41375","0.03235059228396632","0.03235059228396632","0.03235059228396632"
"41377","0.11771927817134785","0.11771927817134785","0.11771927817134785"
"41379","0.044733127795123624","0.044733127795123624","0.044733127795123624"
"41385","0.1114265817986231","0.1114265817986231","0.1114265817986231"
"41389","0.13324243015970652","0.13324243015970652","0.13324243015970652"
"41395","0.12967866614715326","0.12967866614715326","0.12967866614715326"
"41399","0.10724026326684498","0.10724026326684498","0.10724026326684498"
"41401","0.09613220213099921","0.09613220213099921","0.09613220213099921"
"41407","0.08496511931377097","0.08496511931377097","0.08496511931377097"
"41421","0.15509752589403916","0.15509752589403916","0.15509752589403916"
"41427","0.09331672105069803","0.09331672105069803","0.09331672105069803"
"41431","0.07315175195253842","0.07315175195253842","0.07315175195253842"
"41449","0.061216409489763875","0.061216409489763875","0.061216409489763875"
"41453","0.06575678439501938","0.06575678439501938","0.06575678439501938"
"41455","0.11055302585972933","0.11055302585972933","0.11055302585972933"
"41457","0.13477641214514718","0.13477641214514718","0.13477641214514718"
"41459","0.05500804038705582","0.05500804038705582","0.05500804038705582"
"41467","0.08600560112562809","0.08600560112562809","0.08600560112562809"
"41475","0.11847325533896183","0.11847325533896183","0.11847325533896183"
"41477","0.16371938043339368","0.16371938043339368","0.16371938043339368"
"41483","0.030689140637358843","0.030689140637358843","0.030689140637358843"
"41485","0.10087142170618352","0.10087142170618352","0.10087142170618352"
"41487","0.07727782047616198","0.07727782047616198","0.07727782047616198"
"41491","0.12684917595858444","0.12684917595858444","0.12684917595858444"
"41497","0.1413256950549092","0.1413256950549092","0.1413256950549092"
"41503","0.10587277556337864","0.10587277556337864","0.10587277556337864"
"41507","0.09833423348478856","0.09833423348478856","0.09833423348478856"
"41537","0.08350190482636631","0.08350190482636631","0.08350190482636631"
"41541","0.0924321321211381","0.0924321321211381","0.0924321321211381"
"41543","0.09999409412289292","0.09999409412289292","0.09999409412289292"
"41547","0.16907707214133416","0.16907707214133416","0.16907707214133416"
"41551","0.07235511831556947","0.07235511831556947","0.07235511831556947"
"41553","0.06819199779363401","0.06819199779363401","0.06819199779363401"
"41565","0.07275911286944227","0.07275911286944227","0.07275911286944227"
"41567","0.0935781911262792","0.0935781911262792","0.0935781911262792"
"41571","0.06602369941900516","0.06602369941900516","0.06602369941900516"
"41573","0.08018415688408814","0.08018415688408814","0.08018415688408814"
"41575","0.07643924762173718","0.07643924762173718","0.07643924762173718"
"41583","0.10092719068228524","0.10092719068228524","0.10092719068228524"
"41585","0.11607009703860159","0.11607009703860159","0.11607009703860159"
"41587","0.07790705859016742","0.07790705859016742","0.07790705859016742"
"41589","0.08232971231903596","0.08232971231903596","0.08232971231903596"
"41595","0.07949159561049342","0.07949159561049342","0.07949159561049342"
"41603","0.14847901667187727","0.14847901667187727","0.14847901667187727"
"41621","0.11171121938707095","0.11171121938707095","0.11171121938707095"
"41623","0.07596961396615405","0.07596961396615405","0.07596961396615405"
"41625","0.09627661827718877","0.09627661827718877","0.09627661827718877"
"41631","0.08625857023837964","0.08625857023837964","0.08625857023837964"
"41635","0.2043938984430526","0.2043938984430526","0.2043938984430526"
"41661","0.34106801385461216","0.34106801385461216","0.34106801385461216"
"41669","0.10016261528367454","0.10016261528367454","0.10016261528367454"
"41671","0.07744237579277556","0.07744237579277556","0.07744237579277556"
"41673","0.08955174656704415","0.08955174656704415","0.08955174656704415"
"41675","0.06714943192695998","0.06714943192695998","0.06714943192695998"
"41681","0.10923971597052287","0.10923971597052287","0.10923971597052287"
"41697","0.08956144907901131","0.08956144907901131","0.08956144907901131"
"41703","0.11718644697987787","0.11718644697987787","0.11718644697987787"
"41707","0.02861838974609061","0.02861838974609061","0.02861838974609061"
"41711","0.10668953168853032","0.10668953168853032","0.10668953168853032"
"41719","0.06161953407224136","0.06161953407224136","0.06161953407224136"
"41721","0.07044352139034885","0.07044352139034885","0.07044352139034885"
"41725","0.10574994748195399","0.10574994748195399","0.10574994748195399"
"41729","0.10176790996395281","0.10176790996395281","0.10176790996395281"
"41733","0.08927770263626446","0.08927770263626446","0.08927770263626446"
"41735","0.1223263496811439","0.1223263496811439","0.1223263496811439"
"41737","0.07356780468532138","0.07356780468532138","0.07356780468532138"
"41741","0.08634479143903552","0.08634479143903552","0.08634479143903552"
"41743","0.10935383830393958","0.10935383830393958","0.10935383830393958"
"41745","0.11706999609735479","0.11706999609735479","0.11706999609735479"
"41747","0.10292737187308858","0.10292737187308858","0.10292737187308858"
"41749","0.14578046152488358","0.14578046152488358","0.14578046152488358"
"41751","0.09914698051330154","0.09914698051330154","0.09914698051330154"
"41757","0.08650095951197252","0.08650095951197252","0.08650095951197252"
"41769","0.19425712597601213","0.19425712597601213","0.19425712597601213"
"41771","0.06356083337883174","0.06356083337883174","0.06356083337883174"
"41773","0.1358803245181997","0.1358803245181997","0.1358803245181997"
"41777","0.09222841789289059","0.09222841789289059","0.09222841789289059"
"41779","0.13137300948605013","0.13137300948605013","0.13137300948605013"
"41781","0.17439730821129462","0.17439730821129462","0.17439730821129462"
"41783","0.1153017025185195","0.1153017025185195","0.1153017025185195"
"41785","0.087160505803996","0.087160505803996","0.087160505803996"
"41787","0.12055153355030432","0.12055153355030432","0.12055153355030432"
"41789","0.10918078891150826","0.10918078891150826","0.10918078891150826"
"41791","0.06424343069934071","0.06424343069934071","0.06424343069934071"
"41793","0.09020874270389576","0.09020874270389576","0.09020874270389576"
"41797","0.10921860480674075","0.10921860480674075","0.10921860480674075"
"41801","0.05195175129644659","0.05195175129644659","0.05195175129644659"
"41803","0.1712693412937186","0.1712693412937186","0.1712693412937186"
"41807","0.09223172997745738","0.09223172997745738","0.09223172997745738"
"41809","0.18146844106706692","0.18146844106706692","0.18146844106706692"
"41811","0.08204989561980022","0.08204989561980022","0.08204989561980022"
"41815","0.0535648461556077","0.0535648461556077","0.0535648461556077"
"41823","0.13325067773238666","0.13325067773238666","0.13325067773238666"
"41827","0.040453471510958655","0.040453471510958655","0.040453471510958655"
"41831","0.07422058203594396","0.07422058203594396","0.07422058203594396"
"41833","0.21561856571217167","0.21561856571217167","0.21561856571217167"
"41835","0.06276833776423904","0.06276833776423904","0.06276833776423904"
"41839","0.07461055435127341","0.07461055435127341","0.07461055435127341"
"41849","0.05198890002839255","0.05198890002839255","0.05198890002839255"
"41859","0.0874869347508011","0.0874869347508011","0.0874869347508011"
"41861","0.059296934356458705","0.059296934356458705","0.059296934356458705"
"41871","0.10528491033768014","0.10528491033768014","0.10528491033768014"
"41877","0.16343433035152954","0.16343433035152954","0.16343433035152954"
"41885","0.06549019293379771","0.06549019293379771","0.06549019293379771"
"41893","0.0989107427435407","0.0989107427435407","0.0989107427435407"
"41895","0.10009834010192993","0.10009834010192993","0.10009834010192993"
"41901","0.10794119582671483","0.10794119582671483","0.10794119582671483"
"41909","0.10602604688300941","0.10602604688300941","0.10602604688300941"
"41923","0.09070080924219867","0.09070080924219867","0.09070080924219867"
"41929","0.04960766793114957","0.04960766793114957","0.04960766793114957"
"41933","0.09846259054703065","0.09846259054703065","0.09846259054703065"
"41941","0.07103150362279131","0.07103150362279131","0.07103150362279131"
"41949","0.06961120779127096","0.06961120779127096","0.06961120779127096"
"41951","0.036854041212905975","0.036854041212905975","0.036854041212905975"
"41953","0.11885734007728124","0.11885734007728124","0.11885734007728124"
"41959","0.083617373274802","0.083617373274802","0.083617373274802"
"41963","0.06857639333199166","0.06857639333199166","0.06857639333199166"
"41969","0.11834504714332496","0.11834504714332496","0.11834504714332496"
"41971","0.06434287409628561","0.06434287409628561","0.06434287409628561"
"41973","0.07671368606989848","0.07671368606989848","0.07671368606989848"
"41981","0.12833096998482635","0.12833096998482635","0.12833096998482635"
"41983","0.07395513989657405","0.07395513989657405","0.07395513989657405"
"41985","0.09796252383748638","0.09796252383748638","0.09796252383748638"
"41987","0.18644134352619687","0.18644134352619687","0.18644134352619687"
"41991","0.06626813213064305","0.06626813213064305","0.06626813213064305"
"41993","0.10023977843398452","0.10023977843398452","0.10023977843398452"
"41997","0.05666149305813367","0.05666149305813367","0.05666149305813367"
"41999","0.12739921105144658","0.12739921105144658","0.12739921105144658"
"42005","0.13028856587108026","0.13028856587108026","0.13028856587108026"
"42009","0.11776350241994556","0.11776350241994556","0.11776350241994556"
"42015","0.05800602521615443","0.05800602521615443","0.05800602521615443"
"42021","0.07187999469568794","0.07187999469568794","0.07187999469568794"
"42027","0.08077260996804829","0.08077260996804829","0.08077260996804829"
"42031","0.12045433830266729","0.12045433830266729","0.12045433830266729"
"42036","0.09948359757520013","0.09948359757520013","0.09948359757520013"
"42042","0.10121606005533006","0.10121606005533006","0.10121606005533006"
"42044","0.09050447140068178","0.09050447140068178","0.09050447140068178"
"42054","0.1559130253629963","0.1559130253629963","0.1559130253629963"
"42060","0.06763642723291657","0.06763642723291657","0.06763642723291657"
"42064","0.06720325484858627","0.06720325484858627","0.06720325484858627"
"42072","0.08213825286043584","0.08213825286043584","0.08213825286043584"
"42074","0.1259427431827806","0.1259427431827806","0.1259427431827806"
"42078","0.05733764042906762","0.05733764042906762","0.05733764042906762"
"42080","0.1440335286813303","0.1440335286813303","0.1440335286813303"
"42086","0.25420176108719683","0.25420176108719683","0.25420176108719683"
"42094","0.15588904650492066","0.15588904650492066","0.15588904650492066"
"42114","0.05354638686081454","0.05354638686081454","0.05354638686081454"
"42116","0.08054727269323314","0.08054727269323314","0.08054727269323314"
"42120","0.08622583871509835","0.08622583871509835","0.08622583871509835"
"42122","0.06993415820529948","0.06993415820529948","0.06993415820529948"
"42134","0.05336767091673157","0.05336767091673157","0.05336767091673157"
"42136","0.13948428236012947","0.13948428236012947","0.13948428236012947"
"42138","0.06637994862462378","0.06637994862462378","0.06637994862462378"
"42140","0.04635393841603336","0.04635393841603336","0.04635393841603336"
"42144","0.09784395298712895","0.09784395298712895","0.09784395298712895"
"42148","0.15211538780996864","0.15211538780996864","0.15211538780996864"
"42154","0.07506644985826774","0.07506644985826774","0.07506644985826774"
"42160","0.06889457321490149","0.06889457321490149","0.06889457321490149"
"42162","0.051672410683325155","0.051672410683325155","0.051672410683325155"
"42164","0.08598373534817119","0.08598373534817119","0.08598373534817119"
"42166","0.11657090095436429","0.11657090095436429","0.11657090095436429"
"42168","0.08377882843829289","0.08377882843829289","0.08377882843829289"
"42180","0.11642862015392176","0.11642862015392176","0.11642862015392176"
"42184","0.08609784404726716","0.08609784404726716","0.08609784404726716"
"42188","0.07158782487975056","0.07158782487975056","0.07158782487975056"
"42192","0.0967921748956044","0.0967921748956044","0.0967921748956044"
"42196","0.03738989803475899","0.03738989803475899","0.03738989803475899"
"42200","0.14910613224141456","0.14910613224141456","0.14910613224141456"
"42208","0.059394634052929","0.059394634052929","0.059394634052929"
"42210","0.1711914765379044","0.1711914765379044","0.1711914765379044"
"42220","0.0934590703169784","0.0934590703169784","0.0934590703169784"
"42226","0.06877330729034449","0.06877330729034449","0.06877330729034449"
"42228","0.0856703376819937","0.0856703376819937","0.0856703376819937"
"42232","0.07820003006076601","0.07820003006076601","0.07820003006076601"
"42234","0.12610106267369756","0.12610106267369756","0.12610106267369756"
"42238","0.06023330011534338","0.06023330011534338","0.06023330011534338"
"42242","0.1606650064052509","0.1606650064052509","0.1606650064052509"
"42246","0.10128006268793739","0.10128006268793739","0.10128006268793739"
"42250","0.1285798825264271","0.1285798825264271","0.1285798825264271"
"42256","0.090811488020221","0.090811488020221","0.090811488020221"
"42272","0.18262063497461353","0.18262063497461353","0.18262063497461353"
"42274","0.09656093509726969","0.09656093509726969","0.09656093509726969"
"42278","0.04602258965921084","0.04602258965921084","0.04602258965921084"
"42282","0.13073194761725226","0.13073194761725226","0.13073194761725226"
"42286","0.0646159254533594","0.0646159254533594","0.0646159254533594"
"42288","0.09435543624886845","0.09435543624886845","0.09435543624886845"
"42290","0.11128397953078549","0.11128397953078549","0.11128397953078549"
"42298","0.07924499870168364","0.07924499870168364","0.07924499870168364"
"42300","0.06180858946819926","0.06180858946819926","0.06180858946819926"
"42306","0.07898461267773253","0.07898461267773253","0.07898461267773253"
"42312","0.11194263646041207","0.11194263646041207","0.11194263646041207"
"42316","0.08391518848019973","0.08391518848019973","0.08391518848019973"
"42322","0.09522316236103659","0.09522316236103659","0.09522316236103659"
"42324","0.07894374858131978","0.07894374858131978","0.07894374858131978"
"42328","0.07924772816028072","0.07924772816028072","0.07924772816028072"
"42330","0.04466939285453431","0.04466939285453431","0.04466939285453431"
"42332","0.16065230539172895","0.16065230539172895","0.16065230539172895"
"42340","0.11459402193443421","0.11459402193443421","0.11459402193443421"
"42344","0.11146624262620274","0.11146624262620274","0.11146624262620274"
"42346","0.0605537733639701","0.0605537733639701","0.0605537733639701"
"42348","0.08679440920183122","0.08679440920183122","0.08679440920183122"
"42352","0.07001905334713912","0.07001905334713912","0.07001905334713912"
"42356","0.0847224665127009","0.0847224665127009","0.0847224665127009"
"42362","0.08756731490236246","0.08756731490236246","0.08756731490236246"
"42370","0.13017792982544724","0.13017792982544724","0.13017792982544724"
"42376","0.08283842137699854","0.08283842137699854","0.08283842137699854"
"42382","0.09808815812696732","0.09808815812696732","0.09808815812696732"
"42384","0.11702014576291868","0.11702014576291868","0.11702014576291868"
"42386","0.07264923720714975","0.07264923720714975","0.07264923720714975"
"42388","0.055080756080631926","0.055080756080631926","0.055080756080631926"
"42394","0.0997242078641366","0.0997242078641366","0.0997242078641366"
"42400","0.1781852682951317","0.1781852682951317","0.1781852682951317"
"42418","0.07081863572817844","0.07081863572817844","0.07081863572817844"
"42424","0.08176958266393163","0.08176958266393163","0.08176958266393163"
"42430","0.09848351557303832","0.09848351557303832","0.09848351557303832"
"42434","0.13836430302292171","0.13836430302292171","0.13836430302292171"
"42438","0.06437672074573629","0.06437672074573629","0.06437672074573629"
"42444","0.05833003182555449","0.05833003182555449","0.05833003182555449"
"42446","0.12416500362326878","0.12416500362326878","0.12416500362326878"
"42452","0.10706906033674093","0.10706906033674093","0.10706906033674093"
"42456","0.05310568291767198","0.05310568291767198","0.05310568291767198"
"42458","0.0940948293817842","0.0940948293817842","0.0940948293817842"
"42460","0.10332262292597061","0.10332262292597061","0.10332262292597061"
"42462","0.15699371724404965","0.15699371724404965","0.15699371724404965"
"42464","0.07484310199640194","0.07484310199640194","0.07484310199640194"
"42478","0.05340368648311785","0.05340368648311785","0.05340368648311785"
"42484","0.09313799355412859","0.09313799355412859","0.09313799355412859"
"42494","0.11229485178460172","0.11229485178460172","0.11229485178460172"
"42498","0.07779683689860438","0.07779683689860438","0.07779683689860438"
"42502","0.07368458968846789","0.07368458968846789","0.07368458968846789"
"42506","0.12374290141905163","0.12374290141905163","0.12374290141905163"
"42512","0.058129161524232954","0.058129161524232954","0.058129161524232954"
"42520","0.1604788137064164","0.1604788137064164","0.1604788137064164"
"42522","0.07558309589140677","0.07558309589140677","0.07558309589140677"
"42528","0.06533633518725154","0.06533633518725154","0.06533633518725154"
"42530","0.06545211991039046","0.06545211991039046","0.06545211991039046"
"42538","0.0743676498932504","0.0743676498932504","0.0743676498932504"
"42550","0.211028609202947","0.211028609202947","0.211028609202947"
"42554","0.08725870572887368","0.08725870572887368","0.08725870572887368"
"42572","0.10289392827349961","0.10289392827349961","0.10289392827349961"
"42578","0.08626169587563286","0.08626169587563286","0.08626169587563286"
"42584","0.09978570010980999","0.09978570010980999","0.09978570010980999"
"42586","0.0743988762525836","0.0743988762525836","0.0743988762525836"
"42590","0.0806377124236373","0.0806377124236373","0.0806377124236373"
"42594","0.07209066527463613","0.07209066527463613","0.07209066527463613"
"42598","0.09139403766985155","0.09139403766985155","0.09139403766985155"
"42600","0.17317965453015022","0.17317965453015022","0.17317965453015022"
"42606","0.06480777587107833","0.06480777587107833","0.06480777587107833"
"42610","0.13542992881487134","0.13542992881487134","0.13542992881487134"
"42612","0.12017769181350788","0.12017769181350788","0.12017769181350788"
"42622","0.06772315416374702","0.06772315416374702","0.06772315416374702"
"42632","0.06453334988509567","0.06453334988509567","0.06453334988509567"
"42636","0.10359271795526862","0.10359271795526862","0.10359271795526862"
"42638","0.12927612068968217","0.12927612068968217","0.12927612068968217"
"42652","0.09235805074781113","0.09235805074781113","0.09235805074781113"
"42654","0.09232217560878557","0.09232217560878557","0.09232217560878557"
"42662","0.14171363736175974","0.14171363736175974","0.14171363736175974"
"42664","0.16754097026468975","0.16754097026468975","0.16754097026468975"
"42666","0.12772952137629612","0.12772952137629612","0.12772952137629612"
"42668","0.10355076553273808","0.10355076553273808","0.10355076553273808"
"42670","0.10734282532755955","0.10734282532755955","0.10734282532755955"
"42678","0.06626100995800617","0.06626100995800617","0.06626100995800617"
"42688","0.052854156885097946","0.052854156885097946","0.052854156885097946"
"42690","0.04289472771392816","0.04289472771392816","0.04289472771392816"
"42696","0.07269954570680139","0.07269954570680139","0.07269954570680139"
"42698","0.07406053494208596","0.07406053494208596","0.07406053494208596"
"42702","0.057955080445597815","0.057955080445597815","0.057955080445597815"
"42710","0.2617755942032538","0.2617755942032538","0.2617755942032538"
"42718","0.09009052675933811","0.09009052675933811","0.09009052675933811"
"42720","0.08423270615920177","0.08423270615920177","0.08423270615920177"
"42724","0.06225348823370159","0.06225348823370159","0.06225348823370159"
"42732","0.10651133178591399","0.10651133178591399","0.10651133178591399"
"42744","0.07903318039613201","0.07903318039613201","0.07903318039613201"
"42746","0.08596188838560744","0.08596188838560744","0.08596188838560744"
"42748","0.08906530994868037","0.08906530994868037","0.08906530994868037"
"42750","0.09425525808845085","0.09425525808845085","0.09425525808845085"
"42752","0.12362051265332992","0.12362051265332992","0.12362051265332992"
"42754","0.0583205230393541","0.0583205230393541","0.0583205230393541"
"42756","0.08159366619221954","0.08159366619221954","0.08159366619221954"
"42762","0.08902470284400062","0.08902470284400062","0.08902470284400062"
"42768","0.08255601674505478","0.08255601674505478","0.08255601674505478"
"42770","0.06955703554578782","0.06955703554578782","0.06955703554578782"
"42778","0.07446639255981519","0.07446639255981519","0.07446639255981519"
"42782","0.08060299013845534","0.08060299013845534","0.08060299013845534"
"42792","0.08205975593549804","0.08205975593549804","0.08205975593549804"
"42794","0.055817361600838354","0.055817361600838354","0.055817361600838354"
"42806","0.08386996149593416","0.08386996149593416","0.08386996149593416"
"42808","0.07507052532955492","0.07507052532955492","0.07507052532955492"
"42818","0.10594346359509697","0.10594346359509697","0.10594346359509697"
"42820","0.05744626871636351","0.05744626871636351","0.05744626871636351"
"42826","0.11565883502271913","0.11565883502271913","0.11565883502271913"
"42832","0.08720194095822065","0.08720194095822065","0.08720194095822065"
"42840","0.07882682159336786","0.07882682159336786","0.07882682159336786"
"42846","0.04310394957016865","0.04310394957016865","0.04310394957016865"
"42850","0.1523310399255426","0.1523310399255426","0.1523310399255426"
"42854","0.09191945191100645","0.09191945191100645","0.09191945191100645"
"42856","0.10123820983858295","0.10123820983858295","0.10123820983858295"
"42858","0.07126380198525865","0.07126380198525865","0.07126380198525865"
"42862","0.06463468511965623","0.06463468511965623","0.06463468511965623"
"42870","0.05098862897996479","0.05098862897996479","0.05098862897996479"
"42898","0.04086096019751536","0.04086096019751536","0.04086096019751536"
"42900","0.06347018356549615","0.06347018356549615","0.06347018356549615"
"42906","0.050735097324438566","0.050735097324438566","0.050735097324438566"
"42912","0.04737481488066491","0.04737481488066491","0.04737481488066491"
"42924","0.06251092159690486","0.06251092159690486","0.06251092159690486"
"42930","0.1123302181912202","0.1123302181912202","0.1123302181912202"
"42936","0.04649818229375163","0.04649818229375163","0.04649818229375163"
"42940","0.06541071801842803","0.06541071801842803","0.06541071801842803"
"42942","0.05286158124890235","0.05286158124890235","0.05286158124890235"
"42948","0.09979562550293045","0.09979562550293045","0.09979562550293045"
"42954","0.0722462589502315","0.0722462589502315","0.0722462589502315"
"42958","0.07613470931452429","0.07613470931452429","0.07613470931452429"
"42960","0.13542986692378745","0.13542986692378745","0.13542986692378745"
"42972","0.0809541906541794","0.0809541906541794","0.0809541906541794"
"42976","0.07957337507460117","0.07957337507460117","0.07957337507460117"
"42980","0.113167220306318","0.113167220306318","0.113167220306318"
"42986","0.0761078296301652","0.0761078296301652","0.0761078296301652"
"42990","0.061899141189324006","0.061899141189324006","0.061899141189324006"
"42996","0.0612438486924823","0.0612438486924823","0.0612438486924823"
"42998","0.08261802821712333","0.08261802821712333","0.08261802821712333"
"43002","0.1095116732076622","0.1095116732076622","0.1095116732076622"
"43004","0.0819077100778286","0.0819077100778286","0.0819077100778286"
"43006","0.10464319120572438","0.10464319120572438","0.10464319120572438"
"43016","0.18291372814041187","0.18291372814041187","0.18291372814041187"
"43018","0.08423067449484337","0.08423067449484337","0.08423067449484337"
"43025","0.04524545899826658","0.04524545899826658","0.04524545899826658"
"43027","0.09291904968237255","0.09291904968237255","0.09291904968237255"
"43029","0.07308217052699481","0.07308217052699481","0.07308217052699481"
"43033","0.23098123274413263","0.23098123274413263","0.23098123274413263"
"43035","0.03447286515267161","0.03447286515267161","0.03447286515267161"
"43037","0.07270939636728573","0.07270939636728573","0.07270939636728573"
"43039","0.08635995534812625","0.08635995534812625","0.08635995534812625"
"43043","0.06246763002065276","0.06246763002065276","0.06246763002065276"
"43051","0.05883749490818531","0.05883749490818531","0.05883749490818531"
"43053","0.09098537376192349","0.09098537376192349","0.09098537376192349"
"43069","0.09912310912991379","0.09912310912991379","0.09912310912991379"
"43087","0.09379984603401005","0.09379984603401005","0.09379984603401005"
"43089","0.045702893101682594","0.045702893101682594","0.045702893101682594"
"43093","0.0915652914972482","0.0915652914972482","0.0915652914972482"
"43099","0.07926889957267842","0.07926889957267842","0.07926889957267842"
"43103","0.11548099958720193","0.11548099958720193","0.11548099958720193"
"43105","0.23336722352782133","0.23336722352782133","0.23336722352782133"
"43109","0.106435245947846","0.106435245947846","0.106435245947846"
"43111","0.056641204600821615","0.056641204600821615","0.056641204600821615"
"43129","0.18072240763694247","0.18072240763694247","0.18072240763694247"
"43135","0.08737589792989453","0.08737589792989453","0.08737589792989453"
"43137","0.14011319059313554","0.14011319059313554","0.14011319059313554"
"43141","0.1756756253261628","0.1756756253261628","0.1756756253261628"
"43167","0.06467420418902753","0.06467420418902753","0.06467420418902753"
"43173","0.09041752249375669","0.09041752249375669","0.09041752249375669"
"43189","0.043219907912846495","0.043219907912846495","0.043219907912846495"
"43191","0.07349210063782802","0.07349210063782802","0.07349210063782802"
"43207","0.14912559987112997","0.14912559987112997","0.14912559987112997"
"43211","0.08738835718352186","0.08738835718352186","0.08738835718352186"
"43213","0.053983171838803634","0.053983171838803634","0.053983171838803634"
"43217","0.10689385429068991","0.10689385429068991","0.10689385429068991"
"43219","0.1129908910069137","0.1129908910069137","0.1129908910069137"
"43223","0.05646329283192494","0.05646329283192494","0.05646329283192494"
"43229","0.07459198751612757","0.07459198751612757","0.07459198751612757"
"43231","0.07771748114801343","0.07771748114801343","0.07771748114801343"
"43237","0.08935088786905891","0.08935088786905891","0.08935088786905891"
"43239","0.07152440794948396","0.07152440794948396","0.07152440794948396"
"43249","0.07945300549523472","0.07945300549523472","0.07945300549523472"
"43251","0.10820274043100922","0.10820274043100922","0.10820274043100922"
"43253","0.09976782537944864","0.09976782537944864","0.09976782537944864"
"43267","0.09832143260816396","0.09832143260816396","0.09832143260816396"
"43271","0.09296122167864274","0.09296122167864274","0.09296122167864274"
"43285","0.11934997582159688","0.11934997582159688","0.11934997582159688"
"43287","0.10149255966971021","0.10149255966971021","0.10149255966971021"
"43289","0.07492262144283741","0.07492262144283741","0.07492262144283741"
"43293","0.0765320138180531","0.0765320138180531","0.0765320138180531"
"43303","0.1161849048852053","0.1161849048852053","0.1161849048852053"
"43305","0.12518406518412972","0.12518406518412972","0.12518406518412972"
"43309","0.05882557269115803","0.05882557269115803","0.05882557269115803"
"43317","0.10209763286470776","0.10209763286470776","0.10209763286470776"
"43319","0.21553464254060212","0.21553464254060212","0.21553464254060212"
"43321","0.07730844358925285","0.07730844358925285","0.07730844358925285"
"43325","0.07518012029584101","0.07518012029584101","0.07518012029584101"
"43329","0.07480838856119426","0.07480838856119426","0.07480838856119426"
"43345","0.12125028982570263","0.12125028982570263","0.12125028982570263"
"43357","0.11503762080741557","0.11503762080741557","0.11503762080741557"
"43359","0.0801943540260353","0.0801943540260353","0.0801943540260353"
"43363","0.12906284646271762","0.12906284646271762","0.12906284646271762"
"43369","0.07782828191535753","0.07782828191535753","0.07782828191535753"
"43371","0.09557215818507823","0.09557215818507823","0.09557215818507823"
"43375","0.12127517752789715","0.12127517752789715","0.12127517752789715"
"43377","0.12717047938307427","0.12717047938307427","0.12717047938307427"
"43383","0.09396166550076816","0.09396166550076816","0.09396166550076816"
"43385","0.061710312272587074","0.061710312272587074","0.061710312272587074"
"43391","0.058084999213500056","0.058084999213500056","0.058084999213500056"
"43395","0.05503916072362903","0.05503916072362903","0.05503916072362903"
"43397","0.10240879412497934","0.10240879412497934","0.10240879412497934"
"43399","0.0674544520261937","0.0674544520261937","0.0674544520261937"
"43405","0.10395563823357339","0.10395563823357339","0.10395563823357339"
"43407","0.06693711978651212","0.06693711978651212","0.06693711978651212"
"43411","0.09093217728463389","0.09093217728463389","0.09093217728463389"
"43423","0.08344364749928439","0.08344364749928439","0.08344364749928439"
"43429","0.07702578077380222","0.07702578077380222","0.07702578077380222"
"43433","0.07407479379321392","0.07407479379321392","0.07407479379321392"
"43435","0.1869331573331372","0.1869331573331372","0.1869331573331372"
"43437","0.056345571928960135","0.056345571928960135","0.056345571928960135"
"43439","0.0717376417530864","0.0717376417530864","0.0717376417530864"
"43449","0.06691895338446016","0.06691895338446016","0.06691895338446016"
"43457","0.10785975077327527","0.10785975077327527","0.10785975077327527"
"43459","0.14646110985698418","0.14646110985698418","0.14646110985698418"
"43467","0.04245912903792165","0.04245912903792165","0.04245912903792165"
"43469","0.19147335549953418","0.19147335549953418","0.19147335549953418"
"43471","0.13172993813826298","0.13172993813826298","0.13172993813826298"
"43475","0.12128347101391904","0.12128347101391904","0.12128347101391904"
"43481","0.17031371221198452","0.17031371221198452","0.17031371221198452"
"43485","0.08084255057294124","0.08084255057294124","0.08084255057294124"
"43489","0.1073904598422968","0.1073904598422968","0.1073904598422968"
"43495","0.048569161823313826","0.048569161823313826","0.048569161823313826"
"43501","0.11644204184703481","0.11644204184703481","0.11644204184703481"
"43503","0.16418038969141618","0.16418038969141618","0.16418038969141618"
"43509","0.0461027488167991","0.0461027488167991","0.0461027488167991"
"43517","0.0694526308254516","0.0694526308254516","0.0694526308254516"
"43519","0.10585014823877066","0.10585014823877066","0.10585014823877066"
"43523","0.05905279705220286","0.05905279705220286","0.05905279705220286"
"43531","0.07394923036033278","0.07394923036033278","0.07394923036033278"
"43537","0.05016883326083125","0.05016883326083125","0.05016883326083125"
"43539","0.13655594260056195","0.13655594260056195","0.13655594260056195"
"43541","0.1952376699150514","0.1952376699150514","0.1952376699150514"
"43549","0.12365209751469172","0.12365209751469172","0.12365209751469172"
"43557","0.09455985708318983","0.09455985708318983","0.09455985708318983"
"43561","0.06903288321097821","0.06903288321097821","0.06903288321097821"
"43567","0.10327691318680911","0.10327691318680911","0.10327691318680911"
"43573","0.10699532525488245","0.10699532525488245","0.10699532525488245"
"43583","0.10526574872872996","0.10526574872872996","0.10526574872872996"
"43591","0.08669649442125062","0.08669649442125062","0.08669649442125062"
"43599","0.06130911568926558","0.06130911568926558","0.06130911568926558"
"43605","0.05473974831450693","0.05473974831450693","0.05473974831450693"
"43609","0.1428491029222525","0.1428491029222525","0.1428491029222525"
"43611","0.0992506805613988","0.0992506805613988","0.0992506805613988"
"43613","0.0683311540388904","0.0683311540388904","0.0683311540388904"
"43615","0.15130730952058508","0.15130730952058508","0.15130730952058508"
"43617","0.09910791055739153","0.09910791055739153","0.09910791055739153"
"43619","0.09587485612003019","0.09587485612003019","0.09587485612003019"
"43623","0.08768453807953637","0.08768453807953637","0.08768453807953637"
"43625","0.12288393479559338","0.12288393479559338","0.12288393479559338"
"43629","0.07129562687371782","0.07129562687371782","0.07129562687371782"
"43641","0.13045738878865618","0.13045738878865618","0.13045738878865618"
"43645","0.21057797628647817","0.21057797628647817","0.21057797628647817"
"43655","0.17764221149359896","0.17764221149359896","0.17764221149359896"
"43661","0.04961868925214014","0.04961868925214014","0.04961868925214014"
"43667","0.0859114379811482","0.0859114379811482","0.0859114379811482"
"43673","0.057046494585726346","0.057046494585726346","0.057046494585726346"
"43675","0.09934425601188376","0.09934425601188376","0.09934425601188376"
"43683","0.03928438587311468","0.03928438587311468","0.03928438587311468"
"43689","0.03874478024514694","0.03874478024514694","0.03874478024514694"
"43693","0.09556550231917736","0.09556550231917736","0.09556550231917736"
"43695","0.04184629635740883","0.04184629635740883","0.04184629635740883"
"43701","0.09327744556061845","0.09327744556061845","0.09327744556061845"
"43705","0.08122755196762942","0.08122755196762942","0.08122755196762942"
"43707","0.09137913330223424","0.09137913330223424","0.09137913330223424"
"43709","0.10447896000216358","0.10447896000216358","0.10447896000216358"
"43715","0.034149377871673665","0.034149377871673665","0.034149377871673665"
"43721","0.09811288883400943","0.09811288883400943","0.09811288883400943"
"43723","0.07529057314632706","0.07529057314632706","0.07529057314632706"
"43725","0.07230552332295581","0.07230552332295581","0.07230552332295581"
"43731","0.0756519713019124","0.0756519713019124","0.0756519713019124"
"43749","0.07094903091786367","0.07094903091786367","0.07094903091786367"
"43753","0.08814681649706006","0.08814681649706006","0.08814681649706006"
"43755","0.07646677506834734","0.07646677506834734","0.07646677506834734"
"43759","0.11381185342006957","0.11381185342006957","0.11381185342006957"
"43765","0.18844972923476458","0.18844972923476458","0.18844972923476458"
"43775","0.21125014412327653","0.21125014412327653","0.21125014412327653"
"43779","0.10009212943845545","0.10009212943845545","0.10009212943845545"
"43787","0.12052460326282971","0.12052460326282971","0.12052460326282971"
"43789","0.0913533085967986","0.0913533085967986","0.0913533085967986"
"43795","0.13369733910113257","0.13369733910113257","0.13369733910113257"
"43803","0.10441599055264394","0.10441599055264394","0.10441599055264394"
"43805","0.13873412521508233","0.13873412521508233","0.13873412521508233"
"43807","0.1132636426527746","0.1132636426527746","0.1132636426527746"
"43811","0.09204947941161225","0.09204947941161225","0.09204947941161225"
"43815","0.07916097705508701","0.07916097705508701","0.07916097705508701"
"43817","0.06024768764796727","0.06024768764796727","0.06024768764796727"
"43821","0.08345520401411081","0.08345520401411081","0.08345520401411081"
"43823","0.13058753031752848","0.13058753031752848","0.13058753031752848"
"43827","0.16369779103932025","0.16369779103932025","0.16369779103932025"
"43829","0.09097350951166476","0.09097350951166476","0.09097350951166476"
"43833","0.03917653010226313","0.03917653010226313","0.03917653010226313"
"43839","0.04889880786431861","0.04889880786431861","0.04889880786431861"
"43841","0.16164030439180022","0.16164030439180022","0.16164030439180022"
"43843","0.11953421367760933","0.11953421367760933","0.11953421367760933"
"43845","0.0770968071281546","0.0770968071281546","0.0770968071281546"
"43847","0.03948809518561762","0.03948809518561762","0.03948809518561762"
"43857","0.09999922588167968","0.09999922588167968","0.09999922588167968"
"43859","0.11055160637021218","0.11055160637021218","0.11055160637021218"
"43865","0.10860311670181198","0.10860311670181198","0.10860311670181198"
"43869","0.0647893466290047","0.0647893466290047","0.0647893466290047"
"43873","0.10949744455194894","0.10949744455194894","0.10949744455194894"
"43877","0.044116785038314246","0.044116785038314246","0.044116785038314246"
"43879","0.15821172549570608","0.15821172549570608","0.15821172549570608"
"43883","0.09857596279269575","0.09857596279269575","0.09857596279269575"
"43885","0.05827127169900617","0.05827127169900617","0.05827127169900617"
"43889","0.10531778480785207","0.10531778480785207","0.10531778480785207"
"43893","0.042173493232363746","0.042173493232363746","0.042173493232363746"
"43899","0.051691804937224584","0.051691804937224584","0.051691804937224584"
"43905","0.06047253698188528","0.06047253698188528","0.06047253698188528"
"43907","0.13238417755575796","0.13238417755575796","0.13238417755575796"
"43909","0.06483134645156798","0.06483134645156798","0.06483134645156798"
"43913","0.12266323668025363","0.12266323668025363","0.12266323668025363"
"43917","0.13893429010795733","0.13893429010795733","0.13893429010795733"
"43925","0.05511260424536175","0.05511260424536175","0.05511260424536175"
"43937","0.058823932084136714","0.058823932084136714","0.058823932084136714"
"43943","0.10701422938872296","0.10701422938872296","0.10701422938872296"
"43945","0.16185975101440897","0.16185975101440897","0.16185975101440897"
"43949","0.1086890217809987","0.1086890217809987","0.1086890217809987"
"43953","0.17683115117408682","0.17683115117408682","0.17683115117408682"
"43955","0.1217870324509064","0.1217870324509064","0.1217870324509064"
"43957","0.07828269183378624","0.07828269183378624","0.07828269183378624"
"43959","0.09702825805793526","0.09702825805793526","0.09702825805793526"
"43961","0.08443677283396771","0.08443677283396771","0.08443677283396771"
"43967","0.07806836101689164","0.07806836101689164","0.07806836101689164"
"43983","0.17812300731146644","0.17812300731146644","0.17812300731146644"
"43985","0.08763394491874155","0.08763394491874155","0.08763394491874155"
"43987","0.10157116522870073","0.10157116522870073","0.10157116522870073"
"43995","0.06919590146659457","0.06919590146659457","0.06919590146659457"
"43999","0.12917615348704378","0.12917615348704378","0.12917615348704378"
"44009","0.14686936966270092","0.14686936966270092","0.14686936966270092"
"44014","0.06713923367351954","0.06713923367351954","0.06713923367351954"
"44016","0.10882217050681","0.10882217050681","0.10882217050681"
"44020","0.15495987186204907","0.15495987186204907","0.15495987186204907"
"44040","0.09059546437406275","0.09059546437406275","0.09059546437406275"
"44044","0.08017218113574809","0.08017218113574809","0.08017218113574809"
"44050","0.059920872200578554","0.059920872200578554","0.059920872200578554"
"44052","0.08310750136259899","0.08310750136259899","0.08310750136259899"
"44054","0.06954301884523012","0.06954301884523012","0.06954301884523012"
"44056","0.09178328920838916","0.09178328920838916","0.09178328920838916"
"44058","0.10881622239094","0.10881622239094","0.10881622239094"
"44064","0.19693629468696094","0.19693629468696094","0.19693629468696094"
"44066","0.11326708376209911","0.11326708376209911","0.11326708376209911"
"44068","0.05004195654612675","0.05004195654612675","0.05004195654612675"
"44076","0.07021110561856264","0.07021110561856264","0.07021110561856264"
"44078","0.04130331540033897","0.04130331540033897","0.04130331540033897"
"44088","0.07541572172844499","0.07541572172844499","0.07541572172844499"
"44090","0.14960310701233034","0.14960310701233034","0.14960310701233034"
"44092","0.04400237934563606","0.04400237934563606","0.04400237934563606"
"44096","0.06650356567116353","0.06650356567116353","0.06650356567116353"
"44100","0.1025376546853924","0.1025376546853924","0.1025376546853924"
"44108","0.10335340024153501","0.10335340024153501","0.10335340024153501"
"44110","0.10789860797382765","0.10789860797382765","0.10789860797382765"
"44124","0.11555378499238607","0.11555378499238607","0.11555378499238607"
"44126","0.1060723630742483","0.1060723630742483","0.1060723630742483"
"44134","0.11278784108582274","0.11278784108582274","0.11278784108582274"
"44140","0.11622699658645562","0.11622699658645562","0.11622699658645562"
"44144","0.07407150595067337","0.07407150595067337","0.07407150595067337"
"44150","0.08608268806057036","0.08608268806057036","0.08608268806057036"
"44152","0.1517602063632129","0.1517602063632129","0.1517602063632129"
"44164","0.10204635044682098","0.10204635044682098","0.10204635044682098"
"44170","0.13384904004334502","0.13384904004334502","0.13384904004334502"
"44172","0.07764558921377607","0.07764558921377607","0.07764558921377607"
"44174","0.23252049125079083","0.23252049125079083","0.23252049125079083"
"44176","0.07866852164106168","0.07866852164106168","0.07866852164106168"
"44186","0.10024381526962972","0.10024381526962972","0.10024381526962972"
"44196","0.09376235224888009","0.09376235224888009","0.09376235224888009"
"44204","0.039861357412122364","0.039861357412122364","0.039861357412122364"
"44206","0.06340751927822351","0.06340751927822351","0.06340751927822351"
"44208","0.08028122685455487","0.08028122685455487","0.08028122685455487"
"44210","0.12327528371624509","0.12327528371624509","0.12327528371624509"
"44212","0.15797384743432283","0.15797384743432283","0.15797384743432283"
"44218","0.04294381312127416","0.04294381312127416","0.04294381312127416"
"44220","0.137607424668817","0.137607424668817","0.137607424668817"
"44222","0.12567510687355124","0.12567510687355124","0.12567510687355124"
"44226","0.1276586879978341","0.1276586879978341","0.1276586879978341"
"44238","0.09445598143619725","0.09445598143619725","0.09445598143619725"
"44254","0.08152515536601725","0.08152515536601725","0.08152515536601725"
"44256","0.07844348898379871","0.07844348898379871","0.07844348898379871"
"44258","0.15046387288200172","0.15046387288200172","0.15046387288200172"
"44260","0.14333816989951056","0.14333816989951056","0.14333816989951056"
"44262","0.14276546424697187","0.14276546424697187","0.14276546424697187"
"44264","0.10917202815177093","0.10917202815177093","0.10917202815177093"
"44272","0.10439341324153131","0.10439341324153131","0.10439341324153131"
"44278","0.05287107877375289","0.05287107877375289","0.05287107877375289"
"44280","0.03900873835740976","0.03900873835740976","0.03900873835740976"
"44284","0.10080144997655607","0.10080144997655607","0.10080144997655607"
"44292","0.07095842569032615","0.07095842569032615","0.07095842569032615"
"44294","0.12476548906102713","0.12476548906102713","0.12476548906102713"
"44300","0.05652407872535569","0.05652407872535569","0.05652407872535569"
"44302","0.06962890919261354","0.06962890919261354","0.06962890919261354"
"44306","0.07113922061472353","0.07113922061472353","0.07113922061472353"
"44310","0.06890354187935432","0.06890354187935432","0.06890354187935432"
"44312","0.17587298013127792","0.17587298013127792","0.17587298013127792"
"44320","0.06454190006997855","0.06454190006997855","0.06454190006997855"
"44322","0.09903244225905919","0.09903244225905919","0.09903244225905919"
"44326","0.040067931269869655","0.040067931269869655","0.040067931269869655"
"44328","0.07479752252293273","0.07479752252293273","0.07479752252293273"
"44334","0.06801340907807733","0.06801340907807733","0.06801340907807733"
"44338","0.09333898429371151","0.09333898429371151","0.09333898429371151"
"44348","0.05426156693576619","0.05426156693576619","0.05426156693576619"
"44350","0.04915594917652141","0.04915594917652141","0.04915594917652141"
"44362","0.16228512348831697","0.16228512348831697","0.16228512348831697"
"44364","0.06986856386210401","0.06986856386210401","0.06986856386210401"
"44366","0.062460313057894394","0.062460313057894394","0.062460313057894394"
"44382","0.11715341708140696","0.11715341708140696","0.11715341708140696"
"44384","0.07315656743760882","0.07315656743760882","0.07315656743760882"
"44390","0.09752221923369118","0.09752221923369118","0.09752221923369118"
"44392","0.07105937299541758","0.07105937299541758","0.07105937299541758"
"44396","0.10751202875028949","0.10751202875028949","0.10751202875028949"
"44398","0.12677035747220394","0.12677035747220394","0.12677035747220394"
"44406","0.0892339411561172","0.0892339411561172","0.0892339411561172"
"44408","0.06984138944549634","0.06984138944549634","0.06984138944549634"
"44410","0.16709358081841166","0.16709358081841166","0.16709358081841166"
"44414","0.13414439468774514","0.13414439468774514","0.13414439468774514"
"44424","0.11264324572156674","0.11264324572156674","0.11264324572156674"
"44426","0.05438738027717049","0.05438738027717049","0.05438738027717049"
"44432","0.10709058655239972","0.10709058655239972","0.10709058655239972"
"44434","0.1045713525876406","0.1045713525876406","0.1045713525876406"
"44438","0.06450696343852641","0.06450696343852641","0.06450696343852641"
"44444","0.09161418124315435","0.09161418124315435","0.09161418124315435"
"44446","0.07546802090950158","0.07546802090950158","0.07546802090950158"
"44454","0.05788510071629501","0.05788510071629501","0.05788510071629501"
"44456","0.10932397929655475","0.10932397929655475","0.10932397929655475"
"44460","0.06600808235959399","0.06600808235959399","0.06600808235959399"
"44472","0.0760778127563205","0.0760778127563205","0.0760778127563205"
"44476","0.08246453275120916","0.08246453275120916","0.08246453275120916"
"44480","0.10727626294913023","0.10727626294913023","0.10727626294913023"
"44488","0.05884757694273225","0.05884757694273225","0.05884757694273225"
"44490","0.11717566589366069","0.11717566589366069","0.11717566589366069"
"44496","0.06422864228651246","0.06422864228651246","0.06422864228651246"
"44500","0.16562385333761911","0.16562385333761911","0.16562385333761911"
"44502","0.11623298211538083","0.11623298211538083","0.11623298211538083"
"44512","0.14623492299721183","0.14623492299721183","0.14623492299721183"
"44514","0.09334193769118947","0.09334193769118947","0.09334193769118947"
"44518","0.08695312490146222","0.08695312490146222","0.08695312490146222"
"44520","0.08886620238041079","0.08886620238041079","0.08886620238041079"
"44524","0.07823283680496397","0.07823283680496397","0.07823283680496397"
"44528","0.0938995380668785","0.0938995380668785","0.0938995380668785"
"44534","0.11541390577375492","0.11541390577375492","0.11541390577375492"
"44548","0.12256499953836063","0.12256499953836063","0.12256499953836063"
"44556","0.05176086461766838","0.05176086461766838","0.05176086461766838"
"44560","0.11393437701542072","0.11393437701542072","0.11393437701542072"
"44564","0.06881086908780248","0.06881086908780248","0.06881086908780248"
"44578","0.0830070355322883","0.0830070355322883","0.0830070355322883"
"44582","0.06940666137806986","0.06940666137806986","0.06940666137806986"
"44588","0.05466098653587604","0.05466098653587604","0.05466098653587604"
"44594","0.07948829163323448","0.07948829163323448","0.07948829163323448"
"44598","0.059794847038853946","0.059794847038853946","0.059794847038853946"
"44602","0.08342515151303324","0.08342515151303324","0.08342515151303324"
"44612","0.08189730835347012","0.08189730835347012","0.08189730835347012"
"44614","0.12980549167196836","0.12980549167196836","0.12980549167196836"
"44618","0.07420348964207166","0.07420348964207166","0.07420348964207166"
"44620","0.05509404229742743","0.05509404229742743","0.05509404229742743"
"44622","0.049357307582486055","0.049357307582486055","0.049357307582486055"
"44626","0.11111370150291668","0.11111370150291668","0.11111370150291668"
"44644","0.07472034410525594","0.07472034410525594","0.07472034410525594"
"44646","0.0975423768839685","0.0975423768839685","0.0975423768839685"
"44658","0.0789202684753648","0.0789202684753648","0.0789202684753648"
"44662","0.09206996533276211","0.09206996533276211","0.09206996533276211"
"44668","0.08599253539469628","0.08599253539469628","0.08599253539469628"
"44670","0.05519832302530519","0.05519832302530519","0.05519832302530519"
"44676","0.1056481486903788","0.1056481486903788","0.1056481486903788"
"44678","0.10976734635167465","0.10976734635167465","0.10976734635167465"
"44680","0.14437364026457322","0.14437364026457322","0.14437364026457322"
"44686","0.044210660703378694","0.044210660703378694","0.044210660703378694"
"44690","0.07743861757431066","0.07743861757431066","0.07743861757431066"
"44692","0.10874535917240022","0.10874535917240022","0.10874535917240022"
"44710","0.08153856859498905","0.08153856859498905","0.08153856859498905"
"44714","0.08749059664913862","0.08749059664913862","0.08749059664913862"
"44718","0.1244684630411505","0.1244684630411505","0.1244684630411505"
"44720","0.10397226004384046","0.10397226004384046","0.10397226004384046"
"44724","0.07335235575325147","0.07335235575325147","0.07335235575325147"
"44730","0.15637474444899804","0.15637474444899804","0.15637474444899804"
"44732","0.12437352009472677","0.12437352009472677","0.12437352009472677"
"44734","0.09990419906280598","0.09990419906280598","0.09990419906280598"
"44744","0.08334083510945285","0.08334083510945285","0.08334083510945285"
"44748","0.05462497517350045","0.05462497517350045","0.05462497517350045"
"44758","0.06032310751731523","0.06032310751731523","0.06032310751731523"
"44760","0.13661440545944442","0.13661440545944442","0.13661440545944442"
"44762","0.15556198875347835","0.15556198875347835","0.15556198875347835"
"44764","0.05596494086187844","0.05596494086187844","0.05596494086187844"
"44766","0.12523280756130697","0.12523280756130697","0.12523280756130697"
"44770","0.11069059196011383","0.11069059196011383","0.11069059196011383"
"44774","0.12602682367786303","0.12602682367786303","0.12602682367786303"
"44776","0.06345890239658504","0.06345890239658504","0.06345890239658504"
"44794","0.069747529230058","0.069747529230058","0.069747529230058"
"44802","0.07543311663438168","0.07543311663438168","0.07543311663438168"
"44804","0.09531709120589403","0.09531709120589403","0.09531709120589403"
"44812","0.0953224259038984","0.0953224259038984","0.0953224259038984"
"44818","0.0904326574361043","0.0904326574361043","0.0904326574361043"
"44820","0.08731108701749758","0.08731108701749758","0.08731108701749758"
"44824","0.10790465414251964","0.10790465414251964","0.10790465414251964"
"44826","0.1305274240395634","0.1305274240395634","0.1305274240395634"
"44828","0.07640207791200511","0.07640207791200511","0.07640207791200511"
"44830","0.20621959360999037","0.20621959360999037","0.20621959360999037"
"44832","0.08507269874849774","0.08507269874849774","0.08507269874849774"
"44838","0.06800360744957822","0.06800360744957822","0.06800360744957822"
"44846","0.09915743476389498","0.09915743476389498","0.09915743476389498"
"44854","0.1533697255198424","0.1533697255198424","0.1533697255198424"
"44856","0.11415855873236702","0.11415855873236702","0.11415855873236702"
"44862","0.14086557049913026","0.14086557049913026","0.14086557049913026"
"44886","0.15132579852882466","0.15132579852882466","0.15132579852882466"
"44894","0.04626097953964036","0.04626097953964036","0.04626097953964036"
"44896","0.07161551352099109","0.07161551352099109","0.07161551352099109"
"44898","0.10348777126347432","0.10348777126347432","0.10348777126347432"
"44902","0.07913558134254581","0.07913558134254581","0.07913558134254581"
"44904","0.092819975173038","0.092819975173038","0.092819975173038"
"44906","0.09802553449968783","0.09802553449968783","0.09802553449968783"
"44910","0.07257243379980524","0.07257243379980524","0.07257243379980524"
"44912","0.09270149754475324","0.09270149754475324","0.09270149754475324"
"44914","0.1077962852806928","0.1077962852806928","0.1077962852806928"
"44920","0.07158140439829808","0.07158140439829808","0.07158140439829808"
"44928","0.10128827395207597","0.10128827395207597","0.10128827395207597"
"44936","0.12028898963100988","0.12028898963100988","0.12028898963100988"
"44938","0.04044131115355319","0.04044131115355319","0.04044131115355319"
"44946","0.18465507417925195","0.18465507417925195","0.18465507417925195"
"44948","0.1542899576881937","0.1542899576881937","0.1542899576881937"
"44958","0.10173661639088448","0.10173661639088448","0.10173661639088448"
"44960","0.14033855298310594","0.14033855298310594","0.14033855298310594"
"44978","0.11371156746713731","0.11371156746713731","0.11371156746713731"
"44982","0.09015575943487769","0.09015575943487769","0.09015575943487769"
"44992","0.10219407858073391","0.10219407858073391","0.10219407858073391"
"44996","0.08193845836761274","0.08193845836761274","0.08193845836761274"
"45001","0.06918421115010677","0.06918421115010677","0.06918421115010677"
"45007","0.07830671694231409","0.07830671694231409","0.07830671694231409"
"45013","0.041375811034163205","0.041375811034163205","0.041375811034163205"
"45017","0.08813537851051834","0.08813537851051834","0.08813537851051834"
"45019","0.10741343465071233","0.10741343465071233","0.10741343465071233"
"45021","0.09364451991268022","0.09364451991268022","0.09364451991268022"
"45031","0.07397637821512557","0.07397637821512557","0.07397637821512557"
"45033","0.051792358169852185","0.051792358169852185","0.051792358169852185"
"45037","0.08025380379435168","0.08025380379435168","0.08025380379435168"
"45049","0.14493008305011018","0.14493008305011018","0.14493008305011018"
"45051","0.13910519367803661","0.13910519367803661","0.13910519367803661"
"45065","0.0895236886411527","0.0895236886411527","0.0895236886411527"
"45067","0.06562221370753848","0.06562221370753848","0.06562221370753848"
"45073","0.06267327265891684","0.06267327265891684","0.06267327265891684"
"45075","0.1126387561648886","0.1126387561648886","0.1126387561648886"
"45077","0.17194998254292004","0.17194998254292004","0.17194998254292004"
"45083","0.08931394039331299","0.08931394039331299","0.08931394039331299"
"45089","0.10221418504046782","0.10221418504046782","0.10221418504046782"
"45093","0.09082709563981374","0.09082709563981374","0.09082709563981374"
"45099","0.05055612399872759","0.05055612399872759","0.05055612399872759"
"45107","0.03433131576892387","0.03433131576892387","0.03433131576892387"
"45109","0.0916311462310038","0.0916311462310038","0.0916311462310038"
"45115","0.09381792468830645","0.09381792468830645","0.09381792468830645"
"45117","0.07439747109767406","0.07439747109767406","0.07439747109767406"
"45121","0.05176912040262465","0.05176912040262465","0.05176912040262465"
"45129","0.10518393206027535","0.10518393206027535","0.10518393206027535"
"45133","0.08438326124084856","0.08438326124084856","0.08438326124084856"
"45141","0.12964164601163353","0.12964164601163353","0.12964164601163353"
"45143","0.12956995319113077","0.12956995319113077","0.12956995319113077"
"45145","0.12878111342987766","0.12878111342987766","0.12878111342987766"
"45149","0.09067961859714825","0.09067961859714825","0.09067961859714825"
"45157","0.0522369082567168","0.0522369082567168","0.0522369082567168"
"45159","0.07718185714991332","0.07718185714991332","0.07718185714991332"
"45165","0.07600399002781875","0.07600399002781875","0.07600399002781875"
"45167","0.08388251403999933","0.08388251403999933","0.08388251403999933"
"45175","0.07761379419309243","0.07761379419309243","0.07761379419309243"
"45177","0.05530610770260997","0.05530610770260997","0.05530610770260997"
"45193","0.06927182026867518","0.06927182026867518","0.06927182026867518"
"45199","0.14027807702359404","0.14027807702359404","0.14027807702359404"
"45201","0.08040914793403875","0.08040914793403875","0.08040914793403875"
"45207","0.09021377039235941","0.09021377039235941","0.09021377039235941"
"45213","0.10473169525499393","0.10473169525499393","0.10473169525499393"
"45221","0.04877237236430878","0.04877237236430878","0.04877237236430878"
"45231","0.1117060712475676","0.1117060712475676","0.1117060712475676"
"45233","0.14426385785762727","0.14426385785762727","0.14426385785762727"
"45241","0.12044280971488466","0.12044280971488466","0.12044280971488466"
"45243","0.09754271105907594","0.09754271105907594","0.09754271105907594"
"45245","0.19940901067090444","0.19940901067090444","0.19940901067090444"
"45255","0.06641468527456681","0.06641468527456681","0.06641468527456681"
"45257","0.09939211170252232","0.09939211170252232","0.09939211170252232"
"45261","0.0691468353230253","0.0691468353230253","0.0691468353230253"
"45263","0.11937005200042736","0.11937005200042736","0.11937005200042736"
"45265","0.09887520117443853","0.09887520117443853","0.09887520117443853"
"45267","0.09517084229835443","0.09517084229835443","0.09517084229835443"
"45271","0.03180354267818129","0.03180354267818129","0.03180354267818129"
"45275","0.16039602427585406","0.16039602427585406","0.16039602427585406"
"45281","0.10897760917143978","0.10897760917143978","0.10897760917143978"
"45293","0.09982900155375661","0.09982900155375661","0.09982900155375661"
"45309","0.10317340549250642","0.10317340549250642","0.10317340549250642"
"45315","0.04262543748780703","0.04262543748780703","0.04262543748780703"
"45319","0.052036126419472195","0.052036126419472195","0.052036126419472195"
"45321","0.12319812107749248","0.12319812107749248","0.12319812107749248"
"45333","0.08337079512460387","0.08337079512460387","0.08337079512460387"
"45335","0.13616675250715277","0.13616675250715277","0.13616675250715277"
"45339","0.051001570585378825","0.051001570585378825","0.051001570585378825"
"45341","0.06617168765396206","0.06617168765396206","0.06617168765396206"
"45343","0.04163052095011227","0.04163052095011227","0.04163052095011227"
"45345","0.07351700405485423","0.07351700405485423","0.07351700405485423"
"45347","0.19056536413926092","0.19056536413926092","0.19056536413926092"
"45349","0.10649188361559374","0.10649188361559374","0.10649188361559374"
"45351","0.12159439008780076","0.12159439008780076","0.12159439008780076"
"45355","0.06030688869977417","0.06030688869977417","0.06030688869977417"
"45357","0.10106167738502438","0.10106167738502438","0.10106167738502438"
"45363","0.09883908146974829","0.09883908146974829","0.09883908146974829"
"45367","0.08724942495811028","0.08724942495811028","0.08724942495811028"
"45379","0.05650652227994876","0.05650652227994876","0.05650652227994876"
"45385","0.060360413738657456","0.060360413738657456","0.060360413738657456"
"45389","0.08638339431061678","0.08638339431061678","0.08638339431061678"
"45391","0.1128617857029013","0.1128617857029013","0.1128617857029013"
"45401","0.08807517649943246","0.08807517649943246","0.08807517649943246"
"45411","0.07924484004350268","0.07924484004350268","0.07924484004350268"
"45423","0.05534039896297891","0.05534039896297891","0.05534039896297891"
"45425","0.03820259464174665","0.03820259464174665","0.03820259464174665"
"45433","0.1387217660263681","0.1387217660263681","0.1387217660263681"
"45439","0.08976214268489362","0.08976214268489362","0.08976214268489362"
"45455","0.0635565620431959","0.0635565620431959","0.0635565620431959"
"45457","0.07358829103459072","0.07358829103459072","0.07358829103459072"
"45459","0.15240150359519944","0.15240150359519944","0.15240150359519944"
"45461","0.11734794124122827","0.11734794124122827","0.11734794124122827"
"45463","0.1157374955976275","0.1157374955976275","0.1157374955976275"
"45469","0.0456905679895734","0.0456905679895734","0.0456905679895734"
"45473","0.05925839873962506","0.05925839873962506","0.05925839873962506"
"45477","0.06102940341540833","0.06102940341540833","0.06102940341540833"
"45481","0.10361014854879898","0.10361014854879898","0.10361014854879898"
"45487","0.10576912703417313","0.10576912703417313","0.10576912703417313"
"45489","0.08157875794667661","0.08157875794667661","0.08157875794667661"
"45491","0.060839832575324","0.060839832575324","0.060839832575324"
"45493","0.10304129989616337","0.10304129989616337","0.10304129989616337"
"45501","0.04647599212808201","0.04647599212808201","0.04647599212808201"
"45503","0.3201263165757805","0.3201263165757805","0.3201263165757805"
"45505","0.07948927581103421","0.07948927581103421","0.07948927581103421"
"45509","0.09510315433198781","0.09510315433198781","0.09510315433198781"
"45517","0.13872284019835482","0.13872284019835482","0.13872284019835482"
"45523","0.05551480476746187","0.05551480476746187","0.05551480476746187"
"45539","0.07391489407331953","0.07391489407331953","0.07391489407331953"
"45551","0.09520503262565606","0.09520503262565606","0.09520503262565606"
"45555","0.09835241610518491","0.09835241610518491","0.09835241610518491"
"45563","0.12885047688619836","0.12885047688619836","0.12885047688619836"
"45579","0.09805522480400221","0.09805522480400221","0.09805522480400221"
"45583","0.08793216094728636","0.08793216094728636","0.08793216094728636"
"45589","0.10689836731824555","0.10689836731824555","0.10689836731824555"
"45599","0.13888043851444098","0.13888043851444098","0.13888043851444098"
"45605","0.1455484435938345","0.1455484435938345","0.1455484435938345"
"45607","0.09270376299547414","0.09270376299547414","0.09270376299547414"
"45625","0.0952485489487569","0.0952485489487569","0.0952485489487569"
"45635","0.1452650118213049","0.1452650118213049","0.1452650118213049"
"45645","0.06707239173883302","0.06707239173883302","0.06707239173883302"
"45651","0.085342124858016","0.085342124858016","0.085342124858016"
"45655","0.12707353896821436","0.12707353896821436","0.12707353896821436"
"45659","0.09495354033971419","0.09495354033971419","0.09495354033971419"
"45669","0.21249701483817593","0.21249701483817593","0.21249701483817593"
"45673","0.1823879782246826","0.1823879782246826","0.1823879782246826"
"45675","0.09650016261677555","0.09650016261677555","0.09650016261677555"
"45679","0.06634054018342518","0.06634054018342518","0.06634054018342518"
"45683","0.08652084854764841","0.08652084854764841","0.08652084854764841"
"45685","0.15340274368587192","0.15340274368587192","0.15340274368587192"
"45687","0.07484433390921184","0.07484433390921184","0.07484433390921184"
"45691","0.09224414923542937","0.09224414923542937","0.09224414923542937"
"45693","0.12192530220555305","0.12192530220555305","0.12192530220555305"
"45695","0.1916989404692843","0.1916989404692843","0.1916989404692843"
"45699","0.082335684895275","0.082335684895275","0.082335684895275"
"45701","0.13211698598160013","0.13211698598160013","0.13211698598160013"
"45707","0.08902140744360654","0.08902140744360654","0.08902140744360654"
"45709","0.06790724827374532","0.06790724827374532","0.06790724827374532"
"45711","0.09038660617489826","0.09038660617489826","0.09038660617489826"
"45713","0.15196877573018186","0.15196877573018186","0.15196877573018186"
"45717","0.1738462652963558","0.1738462652963558","0.1738462652963558"
"45719","0.08065168318074033","0.08065168318074033","0.08065168318074033"
"45721","0.058480311893392666","0.058480311893392666","0.058480311893392666"
"45733","0.07128347740765464","0.07128347740765464","0.07128347740765464"
"45735","0.0900922376209361","0.0900922376209361","0.0900922376209361"
"45739","0.11146639719726639","0.11146639719726639","0.11146639719726639"
"45743","0.07509571452414678","0.07509571452414678","0.07509571452414678"
"45749","0.0996663500956956","0.0996663500956956","0.0996663500956956"
"45751","0.08169062317753022","0.08169062317753022","0.08169062317753022"
"45753","0.06540938674506017","0.06540938674506017","0.06540938674506017"
"45759","0.12096356500379696","0.12096356500379696","0.12096356500379696"
"45767","0.1208599933825444","0.1208599933825444","0.1208599933825444"
"45769","0.12345112517161036","0.12345112517161036","0.12345112517161036"
"45777","0.06294963449500053","0.06294963449500053","0.06294963449500053"
"45779","0.07302574601814248","0.07302574601814248","0.07302574601814248"
"45783","0.062113089570342936","0.062113089570342936","0.062113089570342936"
"45785","0.09201663678442609","0.09201663678442609","0.09201663678442609"
"45805","0.11085557195848919","0.11085557195848919","0.11085557195848919"
"45807","0.09299996477108463","0.09299996477108463","0.09299996477108463"
"45809","0.07168858418355706","0.07168858418355706","0.07168858418355706"
"45817","0.04242099786522529","0.04242099786522529","0.04242099786522529"
"45827","0.10339172613875715","0.10339172613875715","0.10339172613875715"
"45829","0.136485193214082","0.136485193214082","0.136485193214082"
"45831","0.14304852292514278","0.14304852292514278","0.14304852292514278"
"45837","0.12897878109073244","0.12897878109073244","0.12897878109073244"
"45839","0.11538224915625159","0.11538224915625159","0.11538224915625159"
"45841","0.11227315791825691","0.11227315791825691","0.11227315791825691"
"45843","0.07185432302521191","0.07185432302521191","0.07185432302521191"
"45845","0.10034709647261335","0.10034709647261335","0.10034709647261335"
"45847","0.16116180159153315","0.16116180159153315","0.16116180159153315"
"45859","0.12904616190136767","0.12904616190136767","0.12904616190136767"
"45865","0.1303987866539212","0.1303987866539212","0.1303987866539212"
"45879","0.029368694014088974","0.029368694014088974","0.029368694014088974"
"45885","0.0446413757299814","0.0446413757299814","0.0446413757299814"
"45889","0.07724379730186894","0.07724379730186894","0.07724379730186894"
"45893","0.08486782650029698","0.08486782650029698","0.08486782650029698"
"45899","0.12090284928020213","0.12090284928020213","0.12090284928020213"
"45903","0.07687048698665401","0.07687048698665401","0.07687048698665401"
"45905","0.08880026361925983","0.08880026361925983","0.08880026361925983"
"45907","0.10676111830343307","0.10676111830343307","0.10676111830343307"
"45917","0.07327809725061402","0.07327809725061402","0.07327809725061402"
"45919","0.12631893946717568","0.12631893946717568","0.12631893946717568"
"45921","0.11107372194611373","0.11107372194611373","0.11107372194611373"
"45923","0.039329320868193095","0.039329320868193095","0.039329320868193095"
"45927","0.054145302890386715","0.054145302890386715","0.054145302890386715"
"45937","0.10856607293693488","0.10856607293693488","0.10856607293693488"
"45947","0.11743378191163496","0.11743378191163496","0.11743378191163496"
"45955","0.09844301866774734","0.09844301866774734","0.09844301866774734"
"45957","0.09575770242676467","0.09575770242676467","0.09575770242676467"
"45959","0.07687635973952874","0.07687635973952874","0.07687635973952874"
"45963","0.09335396483638654","0.09335396483638654","0.09335396483638654"
"45965","0.04218866713110335","0.04218866713110335","0.04218866713110335"
"45967","0.09087106353184672","0.09087106353184672","0.09087106353184672"
"45969","0.048726534063463355","0.048726534063463355","0.048726534063463355"
"45977","0.0959206415564061","0.0959206415564061","0.0959206415564061"
"45979","0.08709937335445463","0.08709937335445463","0.08709937335445463"
"45985","0.08517383341408823","0.08517383341408823","0.08517383341408823"
"45990","0.06775203732496826","0.06775203732496826","0.06775203732496826"
"45994","0.06683062194496822","0.06683062194496822","0.06683062194496822"
"45998","0.12266007435661885","0.12266007435661885","0.12266007435661885"
"46000","0.06601484033016686","0.06601484033016686","0.06601484033016686"
"46002","0.07587189783160153","0.07587189783160153","0.07587189783160153"
"46022","0.051303473091100595","0.051303473091100595","0.051303473091100595"
"46024","0.08598421192760279","0.08598421192760279","0.08598421192760279"
"46034","0.10883353093256155","0.10883353093256155","0.10883353093256155"
"46042","0.12226252871849316","0.12226252871849316","0.12226252871849316"
"46046","0.09822454085469674","0.09822454085469674","0.09822454085469674"
"46048","0.11751067581020813","0.11751067581020813","0.11751067581020813"
"46052","0.05991942089829689","0.05991942089829689","0.05991942089829689"
"46056","0.12474305223394716","0.12474305223394716","0.12474305223394716"
"46058","0.07612863254669186","0.07612863254669186","0.07612863254669186"
"46066","0.2612269463702726","0.2612269463702726","0.2612269463702726"
"46068","0.12899061534487952","0.12899061534487952","0.12899061534487952"
"46070","0.054476005448502576","0.054476005448502576","0.054476005448502576"
"46074","0.1275384321679141","0.1275384321679141","0.1275384321679141"
"46078","0.08120725532081353","0.08120725532081353","0.08120725532081353"
"46080","0.06567067276986233","0.06567067276986233","0.06567067276986233"
"46082","0.08835351695196854","0.08835351695196854","0.08835351695196854"
"46086","0.14293067925529518","0.14293067925529518","0.14293067925529518"
"46088","0.05157737273601112","0.05157737273601112","0.05157737273601112"
"46094","0.07194757386807495","0.07194757386807495","0.07194757386807495"
"46104","0.05894046958837928","0.05894046958837928","0.05894046958837928"
"46106","0.05425874559947207","0.05425874559947207","0.05425874559947207"
"46108","0.04185647714497555","0.04185647714497555","0.04185647714497555"
"46114","0.08078151077508801","0.08078151077508801","0.08078151077508801"
"46118","0.10877463640619328","0.10877463640619328","0.10877463640619328"
"46124","0.1543036592175097","0.1543036592175097","0.1543036592175097"
"46130","0.06574592036882292","0.06574592036882292","0.06574592036882292"
"46132","0.136926255111782","0.136926255111782","0.136926255111782"
"46138","0.0973363978883832","0.0973363978883832","0.0973363978883832"
"46142","0.0955024532460504","0.0955024532460504","0.0955024532460504"
"46146","0.10499528292437209","0.10499528292437209","0.10499528292437209"
"46156","0.11357365064405085","0.11357365064405085","0.11357365064405085"
"46158","0.04874956486886796","0.04874956486886796","0.04874956486886796"
"46164","0.27622839472073724","0.27622839472073724","0.27622839472073724"
"46172","0.05848582580447509","0.05848582580447509","0.05848582580447509"
"46174","0.12564340051005513","0.12564340051005513","0.12564340051005513"
"46176","0.04221884690954097","0.04221884690954097","0.04221884690954097"
"46178","0.1543723356445602","0.1543723356445602","0.1543723356445602"
"46180","0.08547473526488558","0.08547473526488558","0.08547473526488558"
"46182","0.09712315489238854","0.09712315489238854","0.09712315489238854"
"46192","0.057359852186663715","0.057359852186663715","0.057359852186663715"
"46194","0.06537858191263456","0.06537858191263456","0.06537858191263456"
"46200","0.05363402495156354","0.05363402495156354","0.05363402495156354"
"46204","0.0674552942289052","0.0674552942289052","0.0674552942289052"
"46206","0.10907182654286357","0.10907182654286357","0.10907182654286357"
"46214","0.08751094453773373","0.08751094453773373","0.08751094453773373"
"46220","0.07656593971894618","0.07656593971894618","0.07656593971894618"
"46226","0.13303891685101976","0.13303891685101976","0.13303891685101976"
"46228","0.15572836348370098","0.15572836348370098","0.15572836348370098"
"46232","0.08519080460580089","0.08519080460580089","0.08519080460580089"
"46234","0.1032903847860422","0.1032903847860422","0.1032903847860422"
"46238","0.07235897324231633","0.07235897324231633","0.07235897324231633"
"46240","0.05953415179627024","0.05953415179627024","0.05953415179627024"
"46244","0.11020388046918676","0.11020388046918676","0.11020388046918676"
"46246","0.08736462018739315","0.08736462018739315","0.08736462018739315"
"46248","0.1645862982478855","0.1645862982478855","0.1645862982478855"
"46250","0.08133019881668822","0.08133019881668822","0.08133019881668822"
"46254","0.10973073381050609","0.10973073381050609","0.10973073381050609"
"46256","0.08586084946415465","0.08586084946415465","0.08586084946415465"
"46258","0.06027606420671193","0.06027606420671193","0.06027606420671193"
"46262","0.08360933688830692","0.08360933688830692","0.08360933688830692"
"46266","0.1022932330153719","0.1022932330153719","0.1022932330153719"
"46270","0.061504137705624524","0.061504137705624524","0.061504137705624524"
"46278","0.11300204662193396","0.11300204662193396","0.11300204662193396"
"46286","0.04437053576112779","0.04437053576112779","0.04437053576112779"
"46294","0.051800979750805005","0.051800979750805005","0.051800979750805005"
"46296","0.0888524305226933","0.0888524305226933","0.0888524305226933"
"46298","0.07306356902274516","0.07306356902274516","0.07306356902274516"
"46304","0.1898068046726522","0.1898068046726522","0.1898068046726522"
"46306","0.057579565696600936","0.057579565696600936","0.057579565696600936"
"46310","0.09051742602261571","0.09051742602261571","0.09051742602261571"
"46316","0.140820129436739","0.140820129436739","0.140820129436739"
"46318","0.16889898403641648","0.16889898403641648","0.16889898403641648"
"46324","0.11392310832115587","0.11392310832115587","0.11392310832115587"
"46326","0.11661557667666811","0.11661557667666811","0.11661557667666811"
"46330","0.06387083410649243","0.06387083410649243","0.06387083410649243"
"46332","0.06547566122480034","0.06547566122480034","0.06547566122480034"
"46334","0.1452431544071187","0.1452431544071187","0.1452431544071187"
"46336","0.07013353114797302","0.07013353114797302","0.07013353114797302"
"46338","0.07189655136341967","0.07189655136341967","0.07189655136341967"
"46342","0.1492121397921022","0.1492121397921022","0.1492121397921022"
"46346","0.06165189804344326","0.06165189804344326","0.06165189804344326"
"46354","0.12245027915531215","0.12245027915531215","0.12245027915531215"
"46358","0.16767585523333775","0.16767585523333775","0.16767585523333775"
"46364","0.07291908841993384","0.07291908841993384","0.07291908841993384"
"46372","0.12672843857261876","0.12672843857261876","0.12672843857261876"
"46374","0.08850362839507644","0.08850362839507644","0.08850362839507644"
"46376","0.07128837663503478","0.07128837663503478","0.07128837663503478"
"46380","0.06570691477089043","0.06570691477089043","0.06570691477089043"
"46382","0.1095691218455964","0.1095691218455964","0.1095691218455964"
"46388","0.11964175486171245","0.11964175486171245","0.11964175486171245"
"46396","0.08243572900596384","0.08243572900596384","0.08243572900596384"
"46398","0.22390439064015197","0.22390439064015197","0.22390439064015197"
"46400","0.06667476250372341","0.06667476250372341","0.06667476250372341"
"46404","0.09743108062720854","0.09743108062720854","0.09743108062720854"
"46408","0.09274233246416702","0.09274233246416702","0.09274233246416702"
"46410","0.11884906144200855","0.11884906144200855","0.11884906144200855"
"46414","0.08759531370962395","0.08759531370962395","0.08759531370962395"
"46416","0.061077959310878255","0.061077959310878255","0.061077959310878255"
"46424","0.07210021161206748","0.07210021161206748","0.07210021161206748"
"46426","0.07003535181078123","0.07003535181078123","0.07003535181078123"
"46430","0.06420512604815365","0.06420512604815365","0.06420512604815365"
"46436","0.08061471704401374","0.08061471704401374","0.08061471704401374"
"46444","0.13561550238970083","0.13561550238970083","0.13561550238970083"
"46448","0.08005053928952774","0.08005053928952774","0.08005053928952774"
"46456","0.09824429371360156","0.09824429371360156","0.09824429371360156"
"46460","0.03288418618183527","0.03288418618183527","0.03288418618183527"
"46466","0.04155410507711628","0.04155410507711628","0.04155410507711628"
"46468","0.059323687560258555","0.059323687560258555","0.059323687560258555"
"46476","0.09730771812335035","0.09730771812335035","0.09730771812335035"
"46480","0.12293018378541527","0.12293018378541527","0.12293018378541527"
"46482","0.06170099990051324","0.06170099990051324","0.06170099990051324"
"46484","0.06710783510362073","0.06710783510362073","0.06710783510362073"
"46486","0.07568604249992027","0.07568604249992027","0.07568604249992027"
"46490","0.057255417381114816","0.057255417381114816","0.057255417381114816"
"46492","0.06980620331871527","0.06980620331871527","0.06980620331871527"
"46494","0.06136225218568403","0.06136225218568403","0.06136225218568403"
"46498","0.08061416539777934","0.08061416539777934","0.08061416539777934"
"46500","0.12954466405188916","0.12954466405188916","0.12954466405188916"
"46502","0.12393696090496353","0.12393696090496353","0.12393696090496353"
"46508","0.14516009958005932","0.14516009958005932","0.14516009958005932"
"46510","0.11262152800066605","0.11262152800066605","0.11262152800066605"
"46514","0.10380790042735383","0.10380790042735383","0.10380790042735383"
"46518","0.1695515224975371","0.1695515224975371","0.1695515224975371"
"46522","0.07395246696824194","0.07395246696824194","0.07395246696824194"
"46524","0.0947612227119437","0.0947612227119437","0.0947612227119437"
"46538","0.10243456829512144","0.10243456829512144","0.10243456829512144"
"46542","0.197746380321323","0.197746380321323","0.197746380321323"
"46544","0.09994302296183503","0.09994302296183503","0.09994302296183503"
"46554","0.04491182401416731","0.04491182401416731","0.04491182401416731"
"46556","0.08220792658874079","0.08220792658874079","0.08220792658874079"
"46564","0.129304861991801","0.129304861991801","0.129304861991801"
"46566","0.051883793851747406","0.051883793851747406","0.051883793851747406"
"46568","0.08008231175340375","0.08008231175340375","0.08008231175340375"
"46572","0.07398210619717585","0.07398210619717585","0.07398210619717585"
"46580","0.07338949965710014","0.07338949965710014","0.07338949965710014"
"46582","0.17693382267379731","0.17693382267379731","0.17693382267379731"
"46586","0.13946945217732765","0.13946945217732765","0.13946945217732765"
"46588","0.22828124326357352","0.22828124326357352","0.22828124326357352"
"46594","0.0770770297770132","0.0770770297770132","0.0770770297770132"
"46600","0.07825368772902841","0.07825368772902841","0.07825368772902841"
"46602","0.06957031984666531","0.06957031984666531","0.06957031984666531"
"46610","0.09221226977703152","0.09221226977703152","0.09221226977703152"
"46612","0.06499815017791483","0.06499815017791483","0.06499815017791483"
"46616","0.08262928035512354","0.08262928035512354","0.08262928035512354"
"46618","0.0668362760618855","0.0668362760618855","0.0668362760618855"
"46636","0.09587952355446233","0.09587952355446233","0.09587952355446233"
"46640","0.10304138124121502","0.10304138124121502","0.10304138124121502"
"46644","0.15306033428220747","0.15306033428220747","0.15306033428220747"
"46646","0.11836908225108503","0.11836908225108503","0.11836908225108503"
"46652","0.09322868381229578","0.09322868381229578","0.09322868381229578"
"46654","0.11814058874599151","0.11814058874599151","0.11814058874599151"
"46656","0.10788932012256436","0.10788932012256436","0.10788932012256436"
"46662","0.11355717531936108","0.11355717531936108","0.11355717531936108"
"46664","0.04975517467143711","0.04975517467143711","0.04975517467143711"
"46670","0.09928977406680746","0.09928977406680746","0.09928977406680746"
"46678","0.10197873287219067","0.10197873287219067","0.10197873287219067"
"46682","0.06169710171971894","0.06169710171971894","0.06169710171971894"
"46684","0.06101109793484129","0.06101109793484129","0.06101109793484129"
"46692","0.10690145140122924","0.10690145140122924","0.10690145140122924"
"46696","0.12002974715802871","0.12002974715802871","0.12002974715802871"
"46698","0.06575335328472354","0.06575335328472354","0.06575335328472354"
"46704","0.09348641534536435","0.09348641534536435","0.09348641534536435"
"46710","0.1536940738680616","0.1536940738680616","0.1536940738680616"
"46716","0.035814515201618616","0.035814515201618616","0.035814515201618616"
"46718","0.09725915760921401","0.09725915760921401","0.09725915760921401"
"46720","0.0672522953219614","0.0672522953219614","0.0672522953219614"
"46726","0.058830783145624184","0.058830783145624184","0.058830783145624184"
"46730","0.09269651436297846","0.09269651436297846","0.09269651436297846"
"46738","0.07615089738973611","0.07615089738973611","0.07615089738973611"
"46740","0.15952602691768225","0.15952602691768225","0.15952602691768225"
"46742","0.1684058125349186","0.1684058125349186","0.1684058125349186"
"46752","0.09126380597146612","0.09126380597146612","0.09126380597146612"
"46756","0.060487071620435665","0.060487071620435665","0.060487071620435665"
"46758","0.11049105259246995","0.11049105259246995","0.11049105259246995"
"46760","0.07725512997887254","0.07725512997887254","0.07725512997887254"
"46768","0.14961139264252704","0.14961139264252704","0.14961139264252704"
"46770","0.06633435592994338","0.06633435592994338","0.06633435592994338"
"46774","0.09944165826695046","0.09944165826695046","0.09944165826695046"
"46778","0.07578377707190725","0.07578377707190725","0.07578377707190725"
"46798","0.0724364851233751","0.0724364851233751","0.0724364851233751"
"46814","0.1485446618403696","0.1485446618403696","0.1485446618403696"
"46816","0.08828862726985119","0.08828862726985119","0.08828862726985119"
"46834","0.1606057534765619","0.1606057534765619","0.1606057534765619"
"46836","0.056317323391062504","0.056317323391062504","0.056317323391062504"
"46850","0.11960336451437827","0.11960336451437827","0.11960336451437827"
"46852","0.04964087464306129","0.04964087464306129","0.04964087464306129"
"46854","0.04421581093419254","0.04421581093419254","0.04421581093419254"
"46864","0.11854952214911764","0.11854952214911764","0.11854952214911764"
"46866","0.07635502010987837","0.07635502010987837","0.07635502010987837"
"46868","0.07913387780550965","0.07913387780550965","0.07913387780550965"
"46874","0.07714493659079726","0.07714493659079726","0.07714493659079726"
"46876","0.05627680130071781","0.05627680130071781","0.05627680130071781"
"46884","0.12631626311731525","0.12631626311731525","0.12631626311731525"
"46888","0.04948001341137067","0.04948001341137067","0.04948001341137067"
"46896","0.13337458848353487","0.13337458848353487","0.13337458848353487"
"46900","0.12722563472991627","0.12722563472991627","0.12722563472991627"
"46906","0.12393221917350344","0.12393221917350344","0.12393221917350344"
"46914","0.10562024891624544","0.10562024891624544","0.10562024891624544"
"46916","0.07257086815602325","0.07257086815602325","0.07257086815602325"
"46920","0.06879986125313829","0.06879986125313829","0.06879986125313829"
"46926","0.11890122327818962","0.11890122327818962","0.11890122327818962"
"46928","0.20678298387611954","0.20678298387611954","0.20678298387611954"
"46930","0.11233660203002424","0.11233660203002424","0.11233660203002424"
"46932","0.0823824805311349","0.0823824805311349","0.0823824805311349"
"46942","0.19972862182904436","0.19972862182904436","0.19972862182904436"
"46946","0.05013847695727686","0.05013847695727686","0.05013847695727686"
"46950","0.11653594642043673","0.11653594642043673","0.11653594642043673"
"46952","0.07756842902693202","0.07756842902693202","0.07756842902693202"
"46956","0.12391110461828081","0.12391110461828081","0.12391110461828081"
"46968","0.09739330177110962","0.09739330177110962","0.09739330177110962"
"46970","0.09030698480562561","0.09030698480562561","0.09030698480562561"
"46972","0.1316768534131011","0.1316768534131011","0.1316768534131011"
"46974","0.06772244937480294","0.06772244937480294","0.06772244937480294"
"46983","0.1330748099424448","0.1330748099424448","0.1330748099424448"
"46995","0.11552777358786943","0.11552777358786943","0.11552777358786943"
"47001","0.07787654529928084","0.07787654529928084","0.07787654529928084"
"47005","0.06961124458328312","0.06961124458328312","0.06961124458328312"
"47007","0.09743066003984087","0.09743066003984087","0.09743066003984087"
"47009","0.08895636893983876","0.08895636893983876","0.08895636893983876"
"47011","0.0716738603650423","0.0716738603650423","0.0716738603650423"
"47015","0.1367791314983963","0.1367791314983963","0.1367791314983963"
"47017","0.08860001908513611","0.08860001908513611","0.08860001908513611"
"47025","0.05147176095271183","0.05147176095271183","0.05147176095271183"
"47029","0.074766633934779","0.074766633934779","0.074766633934779"
"47043","0.05913918859407947","0.05913918859407947","0.05913918859407947"
"47051","0.11289059348584432","0.11289059348584432","0.11289059348584432"
"47053","0.08156198005857668","0.08156198005857668","0.08156198005857668"
"47065","0.11707357193333277","0.11707357193333277","0.11707357193333277"
"47069","0.07164450439424336","0.07164450439424336","0.07164450439424336"
"47075","0.06874808422583858","0.06874808422583858","0.06874808422583858"
"47079","0.11140381181063214","0.11140381181063214","0.11140381181063214"
"47089","0.06706065760500993","0.06706065760500993","0.06706065760500993"
"47093","0.06253087130698319","0.06253087130698319","0.06253087130698319"
"47101","0.08949164140219142","0.08949164140219142","0.08949164140219142"
"47103","0.0843871019656039","0.0843871019656039","0.0843871019656039"
"47111","0.07386555832791539","0.07386555832791539","0.07386555832791539"
"47113","0.18270126488046265","0.18270126488046265","0.18270126488046265"
"47115","0.11163999142210068","0.11163999142210068","0.11163999142210068"
"47131","0.07111326188315338","0.07111326188315338","0.07111326188315338"
"47133","0.09614981318461618","0.09614981318461618","0.09614981318461618"
"47137","0.11737161319516283","0.11737161319516283","0.11737161319516283"
"47143","0.09237071012458503","0.09237071012458503","0.09237071012458503"
"47145","0.0804959191130549","0.0804959191130549","0.0804959191130549"
"47155","0.15563881668167762","0.15563881668167762","0.15563881668167762"
"47157","0.10022861473824482","0.10022861473824482","0.10022861473824482"
"47169","0.05791229305216978","0.05791229305216978","0.05791229305216978"
"47177","0.07066841577581774","0.07066841577581774","0.07066841577581774"
"47181","0.07193690036814597","0.07193690036814597","0.07193690036814597"
"47193","0.1657116912739047","0.1657116912739047","0.1657116912739047"
"47195","0.06028453652708436","0.06028453652708436","0.06028453652708436"
"47197","0.0814575644638324","0.0814575644638324","0.0814575644638324"
"47199","0.11893059243255925","0.11893059243255925","0.11893059243255925"
"47201","0.13346693143183988","0.13346693143183988","0.13346693143183988"
"47205","0.08068084969306383","0.08068084969306383","0.08068084969306383"
"47207","0.11627163624151628","0.11627163624151628","0.11627163624151628"
"47219","0.2054975398820191","0.2054975398820191","0.2054975398820191"
"47225","0.08321015435733937","0.08321015435733937","0.08321015435733937"
"47227","0.09698785929676618","0.09698785929676618","0.09698785929676618"
"47229","0.2557776225863386","0.2557776225863386","0.2557776225863386"
"47235","0.047202254406017","0.047202254406017","0.047202254406017"
"47237","0.14108831191329088","0.14108831191329088","0.14108831191329088"
"47241","0.057018321756919454","0.057018321756919454","0.057018321756919454"
"47243","0.11784760605388901","0.11784760605388901","0.11784760605388901"
"47249","0.04339594780641597","0.04339594780641597","0.04339594780641597"
"47251","0.04088863371662102","0.04088863371662102","0.04088863371662102"
"47255","0.09656806243072506","0.09656806243072506","0.09656806243072506"
"47259","0.05420876109689379","0.05420876109689379","0.05420876109689379"
"47267","0.08354182134478813","0.08354182134478813","0.08354182134478813"
"47269","0.11207275490344784","0.11207275490344784","0.11207275490344784"
"47273","0.1654301248159562","0.1654301248159562","0.1654301248159562"
"47281","0.07098717653190259","0.07098717653190259","0.07098717653190259"
"47285","0.06587275614617615","0.06587275614617615","0.06587275614617615"
"47287","0.08785060395243238","0.08785060395243238","0.08785060395243238"
"47289","0.04665644677651487","0.04665644677651487","0.04665644677651487"
"47297","0.13989892915219757","0.13989892915219757","0.13989892915219757"
"47317","0.059803120843610405","0.059803120843610405","0.059803120843610405"
"47319","0.07990595288868532","0.07990595288868532","0.07990595288868532"
"47329","0.07483077553001513","0.07483077553001513","0.07483077553001513"
"47337","0.07658293047617579","0.07658293047617579","0.07658293047617579"
"47339","0.103521463841285","0.103521463841285","0.103521463841285"
"47347","0.1533767632718847","0.1533767632718847","0.1533767632718847"
"47351","0.09131211768709342","0.09131211768709342","0.09131211768709342"
"47355","0.08757827676254586","0.08757827676254586","0.08757827676254586"
"47357","0.07711531736981354","0.07711531736981354","0.07711531736981354"
"47367","0.06158025139215595","0.06158025139215595","0.06158025139215595"
"47371","0.15075211614100903","0.15075211614100903","0.15075211614100903"
"47375","0.07658677324568475","0.07658677324568475","0.07658677324568475"
"47379","0.08123272565461243","0.08123272565461243","0.08123272565461243"
"47383","0.08140254349974421","0.08140254349974421","0.08140254349974421"
"47387","0.08141538209543989","0.08141538209543989","0.08141538209543989"
"47395","0.07471335764508051","0.07471335764508051","0.07471335764508051"
"47397","0.0625091188454239","0.0625091188454239","0.0625091188454239"
"47407","0.08853632253993282","0.08853632253993282","0.08853632253993282"
"47409","0.14061934406774396","0.14061934406774396","0.14061934406774396"
"47411","0.0951870559834189","0.0951870559834189","0.0951870559834189"
"47419","0.08770842740857265","0.08770842740857265","0.08770842740857265"
"47445","0.06442044975971917","0.06442044975971917","0.06442044975971917"
"47459","0.11601547022850939","0.11601547022850939","0.11601547022850939"
"47461","0.09352155508871986","0.09352155508871986","0.09352155508871986"
"47463","0.06074439792965538","0.06074439792965538","0.06074439792965538"
"47471","0.21140369361578007","0.21140369361578007","0.21140369361578007"
"47473","0.09012156531684387","0.09012156531684387","0.09012156531684387"
"47475","0.11685159941739837","0.11685159941739837","0.11685159941739837"
"47489","0.06636872704029809","0.06636872704029809","0.06636872704029809"
"47493","0.08900875301863637","0.08900875301863637","0.08900875301863637"
"47495","0.06344078229295869","0.06344078229295869","0.06344078229295869"
"47497","0.08162712848021901","0.08162712848021901","0.08162712848021901"
"47501","0.08269601492747874","0.08269601492747874","0.08269601492747874"
"47515","0.10238610166660841","0.10238610166660841","0.10238610166660841"
"47519","0.06528921135336192","0.06528921135336192","0.06528921135336192"
"47521","0.1419569619835371","0.1419569619835371","0.1419569619835371"
"47523","0.10127362102317411","0.10127362102317411","0.10127362102317411"
"47525","0.0981843212943803","0.0981843212943803","0.0981843212943803"
"47535","0.08260212664031354","0.08260212664031354","0.08260212664031354"
"47541","0.15380724951747043","0.15380724951747043","0.15380724951747043"
"47543","0.0949455414220517","0.0949455414220517","0.0949455414220517"
"47553","0.09110255121993761","0.09110255121993761","0.09110255121993761"
"47557","0.08714958490243029","0.08714958490243029","0.08714958490243029"
"47573","0.12700235439355942","0.12700235439355942","0.12700235439355942"
"47575","0.08667181845725543","0.08667181845725543","0.08667181845725543"
"47579","0.08400689421969314","0.08400689421969314","0.08400689421969314"
"47581","0.10092770281654163","0.10092770281654163","0.10092770281654163"
"47587","0.06885568761311966","0.06885568761311966","0.06885568761311966"
"47591","0.10495468532736431","0.10495468532736431","0.10495468532736431"
"47595","0.10469048837410459","0.10469048837410459","0.10469048837410459"
"47615","0.0861110857724572","0.0861110857724572","0.0861110857724572"
"47621","0.06653269482150663","0.06653269482150663","0.06653269482150663"
"47631","0.05895803381256298","0.05895803381256298","0.05895803381256298"
"47639","0.07769740629755191","0.07769740629755191","0.07769740629755191"
"47641","0.05080103030468214","0.05080103030468214","0.05080103030468214"
"47647","0.12103658911371032","0.12103658911371032","0.12103658911371032"
"47649","0.08114171239666765","0.08114171239666765","0.08114171239666765"
"47653","0.08609966399257254","0.08609966399257254","0.08609966399257254"
"47663","0.07041480317567957","0.07041480317567957","0.07041480317567957"
"47667","0.1181672387444974","0.1181672387444974","0.1181672387444974"
"47675","0.11648204179418843","0.11648204179418843","0.11648204179418843"
"47677","0.1060604258999311","0.1060604258999311","0.1060604258999311"
"47685","0.06540525036989768","0.06540525036989768","0.06540525036989768"
"47691","0.08447967345798721","0.08447967345798721","0.08447967345798721"
"47693","0.1125827415493933","0.1125827415493933","0.1125827415493933"
"47695","0.1505626524401503","0.1505626524401503","0.1505626524401503"
"47701","0.09925053511644666","0.09925053511644666","0.09925053511644666"
"47705","0.07814718765857984","0.07814718765857984","0.07814718765857984"
"47707","0.12929705420997392","0.12929705420997392","0.12929705420997392"
"47713","0.11584473460190386","0.11584473460190386","0.11584473460190386"
"47721","0.10459493772495104","0.10459493772495104","0.10459493772495104"
"47723","0.10141147792547502","0.10141147792547502","0.10141147792547502"
"47727","0.08524672083599337","0.08524672083599337","0.08524672083599337"
"47729","0.09318463400278307","0.09318463400278307","0.09318463400278307"
"47735","0.1809298030092401","0.1809298030092401","0.1809298030092401"
"47747","0.12843358195145954","0.12843358195145954","0.12843358195145954"
"47751","0.09230449009768073","0.09230449009768073","0.09230449009768073"
"47755","0.07118704106117626","0.07118704106117626","0.07118704106117626"
"47761","0.0786583575745742","0.0786583575745742","0.0786583575745742"
"47763","0.1163369785523812","0.1163369785523812","0.1163369785523812"
"47765","0.08127055664625758","0.08127055664625758","0.08127055664625758"
"47777","0.05392617966402152","0.05392617966402152","0.05392617966402152"
"47781","0.12283352490507328","0.12283352490507328","0.12283352490507328"
"47791","0.058411453703853054","0.058411453703853054","0.058411453703853054"
"47793","0.07149019999300428","0.07149019999300428","0.07149019999300428"
"47799","0.09925218660788929","0.09925218660788929","0.09925218660788929"
"47801","0.13649020847983925","0.13649020847983925","0.13649020847983925"
"47803","0.12800850515029782","0.12800850515029782","0.12800850515029782"
"47807","0.08370371987240222","0.08370371987240222","0.08370371987240222"
"47813","0.11938844764819843","0.11938844764819843","0.11938844764819843"
"47817","0.15495032754726817","0.15495032754726817","0.15495032754726817"
"47821","0.07035427375813452","0.07035427375813452","0.07035427375813452"
"47823","0.1047867029152353","0.1047867029152353","0.1047867029152353"
"47825","0.23201991031051303","0.23201991031051303","0.23201991031051303"
"47827","0.037608205566224705","0.037608205566224705","0.037608205566224705"
"47831","0.08653431882097054","0.08653431882097054","0.08653431882097054"
"47835","0.13556408346912469","0.13556408346912469","0.13556408346912469"
"47837","0.062813001169274","0.062813001169274","0.062813001169274"
"47843","0.1244503468372827","0.1244503468372827","0.1244503468372827"
"47853","0.07260067696145718","0.07260067696145718","0.07260067696145718"
"47855","0.10152241025656705","0.10152241025656705","0.10152241025656705"
"47861","0.12173267591507679","0.12173267591507679","0.12173267591507679"
"47867","0.0957811922739051","0.0957811922739051","0.0957811922739051"
"47869","0.1304548615927048","0.1304548615927048","0.1304548615927048"
"47873","0.11038718872229449","0.11038718872229449","0.11038718872229449"
"47875","0.07661853863328108","0.07661853863328108","0.07661853863328108"
"47879","0.06740005935870085","0.06740005935870085","0.06740005935870085"
"47881","0.12563703307364008","0.12563703307364008","0.12563703307364008"
"47885","0.11424735013222896","0.11424735013222896","0.11424735013222896"
"47889","0.19008267403085077","0.19008267403085077","0.19008267403085077"
"47891","0.05663694172425977","0.05663694172425977","0.05663694172425977"
"47897","0.06675903840945521","0.06675903840945521","0.06675903840945521"
"47899","0.0979134367814232","0.0979134367814232","0.0979134367814232"
"47919","0.07800152080379881","0.07800152080379881","0.07800152080379881"
"47927","0.07532824495160012","0.07532824495160012","0.07532824495160012"
"47931","0.12998073873054788","0.12998073873054788","0.12998073873054788"
"47933","0.08055436882490237","0.08055436882490237","0.08055436882490237"
"47937","0.10775883883729591","0.10775883883729591","0.10775883883729591"
"47939","0.10117605856121817","0.10117605856121817","0.10117605856121817"
"47943","0.1540248984747182","0.1540248984747182","0.1540248984747182"
"47945","0.09021907651939276","0.09021907651939276","0.09021907651939276"
"47947","0.08906153502694432","0.08906153502694432","0.08906153502694432"
"47951","0.08674426047235881","0.08674426047235881","0.08674426047235881"
"47953","0.08187969148822684","0.08187969148822684","0.08187969148822684"
"47955","0.10496279545549679","0.10496279545549679","0.10496279545549679"
"47959","0.17356107321837183","0.17356107321837183","0.17356107321837183"
"47970","0.18456472156271445","0.18456472156271445","0.18456472156271445"
"47972","0.1894230376272969","0.1894230376272969","0.1894230376272969"
"47974","0.10749881763140699","0.10749881763140699","0.10749881763140699"
"47986","0.06072347404859339","0.06072347404859339","0.06072347404859339"
"47988","0.06042271427430381","0.06042271427430381","0.06042271427430381"
"47994","0.17410370594953625","0.17410370594953625","0.17410370594953625"
"47996","0.10197054067483785","0.10197054067483785","0.10197054067483785"
"48002","0.07276568221470257","0.07276568221470257","0.07276568221470257"
"48018","0.06995311257730986","0.06995311257730986","0.06995311257730986"
"48020","0.08980682899805609","0.08980682899805609","0.08980682899805609"
"48022","0.054880338660583186","0.054880338660583186","0.054880338660583186"
"48024","0.0801822781689269","0.0801822781689269","0.0801822781689269"
"48026","0.07287289342955855","0.07287289342955855","0.07287289342955855"
"48034","0.05960479309063579","0.05960479309063579","0.05960479309063579"
"48040","0.07568663621755288","0.07568663621755288","0.07568663621755288"
"48042","0.11519719995121111","0.11519719995121111","0.11519719995121111"
"48048","0.10379228867587295","0.10379228867587295","0.10379228867587295"
"48054","0.0888866413747291","0.0888866413747291","0.0888866413747291"
"48068","0.0647881175868929","0.0647881175868929","0.0647881175868929"
"48078","0.06479879006954038","0.06479879006954038","0.06479879006954038"
"48084","0.14945106422172072","0.14945106422172072","0.14945106422172072"
"48088","0.03546110405833445","0.03546110405833445","0.03546110405833445"
"48098","0.0633081071575674","0.0633081071575674","0.0633081071575674"
"48110","0.10143212974186101","0.10143212974186101","0.10143212974186101"
"48112","0.08163018330963669","0.08163018330963669","0.08163018330963669"
"48114","0.09147620499352326","0.09147620499352326","0.09147620499352326"
"48120","0.08572639198185447","0.08572639198185447","0.08572639198185447"
"48122","0.13302865390247237","0.13302865390247237","0.13302865390247237"
"48130","0.06360540518698643","0.06360540518698643","0.06360540518698643"
"48132","0.09380882126548065","0.09380882126548065","0.09380882126548065"
"48138","0.12831698461249716","0.12831698461249716","0.12831698461249716"
"48142","0.08676597215908291","0.08676597215908291","0.08676597215908291"
"48148","0.04264473669770152","0.04264473669770152","0.04264473669770152"
"48158","0.2158610016453989","0.2158610016453989","0.2158610016453989"
"48160","0.13989988777276802","0.13989988777276802","0.13989988777276802"
"48162","0.1310846894171442","0.1310846894171442","0.1310846894171442"
"48166","0.10368450352349708","0.10368450352349708","0.10368450352349708"
"48170","0.04905398583491302","0.04905398583491302","0.04905398583491302"
"48176","0.12785481307492208","0.12785481307492208","0.12785481307492208"
"48180","0.16669297879858672","0.16669297879858672","0.16669297879858672"
"48186","0.11015870111863232","0.11015870111863232","0.11015870111863232"
"48188","0.13337359692810674","0.13337359692810674","0.13337359692810674"
"48194","0.0892661800260431","0.0892661800260431","0.0892661800260431"
"48202","0.08195510804583586","0.08195510804583586","0.08195510804583586"
"48204","0.13569436500179424","0.13569436500179424","0.13569436500179424"
"48206","0.08482122443647845","0.08482122443647845","0.08482122443647845"
"48212","0.07226480019588426","0.07226480019588426","0.07226480019588426"
"48222","0.0847525232710955","0.0847525232710955","0.0847525232710955"
"48228","0.08168088933059606","0.08168088933059606","0.08168088933059606"
"48232","0.05213192917772739","0.05213192917772739","0.05213192917772739"
"48240","0.09299589389951482","0.09299589389951482","0.09299589389951482"
"48248","0.13730953501016566","0.13730953501016566","0.13730953501016566"
"48250","0.08036498119521943","0.08036498119521943","0.08036498119521943"
"48252","0.07932841772919962","0.07932841772919962","0.07932841772919962"
"48254","0.03439574076504134","0.03439574076504134","0.03439574076504134"
"48258","0.09296519889781338","0.09296519889781338","0.09296519889781338"
"48282","0.06610785790291537","0.06610785790291537","0.06610785790291537"
"48286","0.17715767160256743","0.17715767160256743","0.17715767160256743"
"48288","0.12366097718526153","0.12366097718526153","0.12366097718526153"
"48290","0.07926350958039372","0.07926350958039372","0.07926350958039372"
"48292","0.12164793181845585","0.12164793181845585","0.12164793181845585"
"48296","0.11912874256351316","0.11912874256351316","0.11912874256351316"
"48298","0.06322928461370722","0.06322928461370722","0.06322928461370722"
"48304","0.16649470485645573","0.16649470485645573","0.16649470485645573"
"48306","0.07889328722656014","0.07889328722656014","0.07889328722656014"
"48308","0.04588791290308251","0.04588791290308251","0.04588791290308251"
"48312","0.049591231125771594","0.049591231125771594","0.049591231125771594"
"48314","0.08061955172959816","0.08061955172959816","0.08061955172959816"
"48326","0.057579444387477065","0.057579444387477065","0.057579444387477065"
"48328","0.10059017802068079","0.10059017802068079","0.10059017802068079"
"48340","0.14425658856886797","0.14425658856886797","0.14425658856886797"
"48342","0.13758173106556576","0.13758173106556576","0.13758173106556576"
"48344","0.12453648937886981","0.12453648937886981","0.12453648937886981"
"48350","0.0688830649853804","0.0688830649853804","0.0688830649853804"
"48360","0.08543710895286986","0.08543710895286986","0.08543710895286986"
"48364","0.0808811916184117","0.0808811916184117","0.0808811916184117"
"48368","0.07120824177840099","0.07120824177840099","0.07120824177840099"
"48378","0.05033284291762749","0.05033284291762749","0.05033284291762749"
"48380","0.10675865826932984","0.10675865826932984","0.10675865826932984"
"48382","0.0779613389963312","0.0779613389963312","0.0779613389963312"
"48386","0.14557831611469266","0.14557831611469266","0.14557831611469266"
"48388","0.17080207832938818","0.17080207832938818","0.17080207832938818"
"48390","0.03889415646367009","0.03889415646367009","0.03889415646367009"
"48396","0.06065069227205345","0.06065069227205345","0.06065069227205345"
"48408","0.06933932564744771","0.06933932564744771","0.06933932564744771"
"48410","0.09515956349859829","0.09515956349859829","0.09515956349859829"
"48412","0.16055461140947727","0.16055461140947727","0.16055461140947727"
"48428","0.056198412200226706","0.056198412200226706","0.056198412200226706"
"48430","0.103054580884781","0.103054580884781","0.103054580884781"
"48436","0.10194202267643536","0.10194202267643536","0.10194202267643536"
"48438","0.10938710758769613","0.10938710758769613","0.10938710758769613"
"48442","0.11730240513159225","0.11730240513159225","0.11730240513159225"
"48446","0.07922221037024131","0.07922221037024131","0.07922221037024131"
"48448","0.1091405279668378","0.1091405279668378","0.1091405279668378"
"48452","0.09884519655747258","0.09884519655747258","0.09884519655747258"
"48454","0.09766527134234396","0.09766527134234396","0.09766527134234396"
"48456","0.08727146451019416","0.08727146451019416","0.08727146451019416"
"48460","0.026004693611837996","0.026004693611837996","0.026004693611837996"
"48462","0.08935872056390907","0.08935872056390907","0.08935872056390907"
"48466","0.07286971750649383","0.07286971750649383","0.07286971750649383"
"48480","0.08411961855103035","0.08411961855103035","0.08411961855103035"
"48482","0.04737960887938014","0.04737960887938014","0.04737960887938014"
"48484","0.05506157237423312","0.05506157237423312","0.05506157237423312"
"48488","0.11740497833656804","0.11740497833656804","0.11740497833656804"
"48494","0.07856818202755436","0.07856818202755436","0.07856818202755436"
"48496","0.11925168020711163","0.11925168020711163","0.11925168020711163"
"48510","0.07380083970047531","0.07380083970047531","0.07380083970047531"
"48514","0.08893232264129561","0.08893232264129561","0.08893232264129561"
"48522","0.1532972038980163","0.1532972038980163","0.1532972038980163"
"48524","0.06919790013128524","0.06919790013128524","0.06919790013128524"
"48528","0.06418200023753876","0.06418200023753876","0.06418200023753876"
"48530","0.11617790281566608","0.11617790281566608","0.11617790281566608"
"48532","0.032387034097308816","0.032387034097308816","0.032387034097308816"
"48540","0.060098688961623986","0.060098688961623986","0.060098688961623986"
"48546","0.13600881722737773","0.13600881722737773","0.13600881722737773"
"48550","0.12874021095959146","0.12874021095959146","0.12874021095959146"
"48552","0.08526431923510089","0.08526431923510089","0.08526431923510089"
"48558","0.11606473300821454","0.11606473300821454","0.11606473300821454"
"48562","0.10290233205118893","0.10290233205118893","0.10290233205118893"
"48582","0.11189286562185467","0.11189286562185467","0.11189286562185467"
"48584","0.051674424780752445","0.051674424780752445","0.051674424780752445"
"48588","0.10087909384578017","0.10087909384578017","0.10087909384578017"
"48598","0.17099272170736976","0.17099272170736976","0.17099272170736976"
"48602","0.09494192182522147","0.09494192182522147","0.09494192182522147"
"48616","0.14575550579808355","0.14575550579808355","0.14575550579808355"
"48624","0.03349706325851779","0.03349706325851779","0.03349706325851779"
"48628","0.05614469517571295","0.05614469517571295","0.05614469517571295"
"48630","0.05912476956345773","0.05912476956345773","0.05912476956345773"
"48636","0.1640769407184009","0.1640769407184009","0.1640769407184009"
"48638","0.07381197548392435","0.07381197548392435","0.07381197548392435"
"48642","0.06654693623038613","0.06654693623038613","0.06654693623038613"
"48644","0.0792990796952464","0.0792990796952464","0.0792990796952464"
"48646","0.06617642701693344","0.06617642701693344","0.06617642701693344"
"48656","0.0871342644821455","0.0871342644821455","0.0871342644821455"
"48670","0.07983483013673333","0.07983483013673333","0.07983483013673333"
"48672","0.07760712221403868","0.07760712221403868","0.07760712221403868"
"48678","0.1061356791985576","0.1061356791985576","0.1061356791985576"
"48690","0.1448383612489366","0.1448383612489366","0.1448383612489366"
"48694","0.10902734408457701","0.10902734408457701","0.10902734408457701"
"48700","0.06540962167762336","0.06540962167762336","0.06540962167762336"
"48702","0.15608561928988396","0.15608561928988396","0.15608561928988396"
"48704","0.18062219907971486","0.18062219907971486","0.18062219907971486"
"48706","0.05942079470500317","0.05942079470500317","0.05942079470500317"
"48708","0.0627594457877053","0.0627594457877053","0.0627594457877053"
"48710","0.06835968834941436","0.06835968834941436","0.06835968834941436"
"48716","0.07926119779291792","0.07926119779291792","0.07926119779291792"
"48734","0.08088997109988678","0.08088997109988678","0.08088997109988678"
"48736","0.11390614799997292","0.11390614799997292","0.11390614799997292"
"48738","0.07869271299309695","0.07869271299309695","0.07869271299309695"
"48744","0.08369509645425428","0.08369509645425428","0.08369509645425428"
"48746","0.08545707666506003","0.08545707666506003","0.08545707666506003"
"48748","0.10668978920191856","0.10668978920191856","0.10668978920191856"
"48754","0.17834361948744132","0.17834361948744132","0.17834361948744132"
"48756","0.08200723432766086","0.08200723432766086","0.08200723432766086"
"48762","0.06395591790042135","0.06395591790042135","0.06395591790042135"
"48766","0.21488048932917894","0.21488048932917894","0.21488048932917894"
"48780","0.10814609453429648","0.10814609453429648","0.10814609453429648"
"48782","0.05065214269090247","0.05065214269090247","0.05065214269090247"
"48784","0.13192273567521673","0.13192273567521673","0.13192273567521673"
"48786","0.13628812820757222","0.13628812820757222","0.13628812820757222"
"48792","0.122652580121288","0.122652580121288","0.122652580121288"
"48794","0.16215605236121555","0.16215605236121555","0.16215605236121555"
"48798","0.059491695839095755","0.059491695839095755","0.059491695839095755"
"48806","0.08393983990851105","0.08393983990851105","0.08393983990851105"
"48808","0.08208936097563344","0.08208936097563344","0.08208936097563344"
"48812","0.08125722811715895","0.08125722811715895","0.08125722811715895"
"48816","0.0681947155538586","0.0681947155538586","0.0681947155538586"
"48822","0.09835493962511342","0.09835493962511342","0.09835493962511342"
"48824","0.13290683117140067","0.13290683117140067","0.13290683117140067"
"48826","0.09003661022032608","0.09003661022032608","0.09003661022032608"
"48830","0.04584588176861667","0.04584588176861667","0.04584588176861667"
"48832","0.09383275929011288","0.09383275929011288","0.09383275929011288"
"48838","0.08261685867334313","0.08261685867334313","0.08261685867334313"
"48840","0.13996926381126917","0.13996926381126917","0.13996926381126917"
"48842","0.07349933623197458","0.07349933623197458","0.07349933623197458"
"48844","0.09926582912812575","0.09926582912812575","0.09926582912812575"
"48848","0.07709642057003097","0.07709642057003097","0.07709642057003097"
"48852","0.11906407977230078","0.11906407977230078","0.11906407977230078"
"48854","0.08310454286267988","0.08310454286267988","0.08310454286267988"
"48856","0.06464489670706132","0.06464489670706132","0.06464489670706132"
"48864","0.20936648472508182","0.20936648472508182","0.20936648472508182"
"48870","0.08334224313053862","0.08334224313053862","0.08334224313053862"
"48876","0.07327655939389752","0.07327655939389752","0.07327655939389752"
"48880","0.08267648149586274","0.08267648149586274","0.08267648149586274"
"48882","0.08906552430924135","0.08906552430924135","0.08906552430924135"
"48892","0.04136970927483076","0.04136970927483076","0.04136970927483076"
"48894","0.07281850660601993","0.07281850660601993","0.07281850660601993"
"48898","0.038828446619094896","0.038828446619094896","0.038828446619094896"
"48904","0.09463685497365928","0.09463685497365928","0.09463685497365928"
"48906","0.1270181782649212","0.1270181782649212","0.1270181782649212"
"48908","0.09131799741250424","0.09131799741250424","0.09131799741250424"
"48910","0.1002741211859322","0.1002741211859322","0.1002741211859322"
"48912","0.0635956820281191","0.0635956820281191","0.0635956820281191"
"48916","0.061682446431985255","0.061682446431985255","0.061682446431985255"
"48918","0.07597652474527475","0.07597652474527475","0.07597652474527475"
"48926","0.06428621093595051","0.06428621093595051","0.06428621093595051"
"48934","0.11055883420411224","0.11055883420411224","0.11055883420411224"
"48936","0.09517555404313444","0.09517555404313444","0.09517555404313444"
"48938","0.05389964807897871","0.05389964807897871","0.05389964807897871"
"48944","0.1091306161557758","0.1091306161557758","0.1091306161557758"
"48948","0.08722305556446824","0.08722305556446824","0.08722305556446824"
"48950","0.07241839293510989","0.07241839293510989","0.07241839293510989"
"48952","0.04606340822009645","0.04606340822009645","0.04606340822009645"
"48957","0.06445774870962667","0.06445774870962667","0.06445774870962667"
"48961","0.10458154957115771","0.10458154957115771","0.10458154957115771"
"48967","0.06409347500595625","0.06409347500595625","0.06409347500595625"
"48971","0.05305049770103333","0.05305049770103333","0.05305049770103333"
"48975","0.2060771405610628","0.2060771405610628","0.2060771405610628"
"48977","0.0977313515845767","0.0977313515845767","0.0977313515845767"
"48979","0.19492880325388964","0.19492880325388964","0.19492880325388964"
"48987","0.09818484299280265","0.09818484299280265","0.09818484299280265"
"48991","0.29742734121956454","0.29742734121956454","0.29742734121956454"
"48993","0.06572595109091814","0.06572595109091814","0.06572595109091814"
"48995","0.05651161901048974","0.05651161901048974","0.05651161901048974"
"49001","0.06500251304371786","0.06500251304371786","0.06500251304371786"
"49009","0.1679323234537568","0.1679323234537568","0.1679323234537568"
"49011","0.1007850675820905","0.1007850675820905","0.1007850675820905"
"49013","0.062214379423062245","0.062214379423062245","0.062214379423062245"
"49015","0.11207775324615298","0.11207775324615298","0.11207775324615298"
"49017","0.10116914078983473","0.10116914078983473","0.10116914078983473"
"49021","0.17024596865890337","0.17024596865890337","0.17024596865890337"
"49023","0.097446282685875","0.097446282685875","0.097446282685875"
"49025","0.0827984722645323","0.0827984722645323","0.0827984722645323"
"49047","0.03698400287557806","0.03698400287557806","0.03698400287557806"
"49049","0.09472593326949519","0.09472593326949519","0.09472593326949519"
"49051","0.09355909062418823","0.09355909062418823","0.09355909062418823"
"49055","0.07079690725316963","0.07079690725316963","0.07079690725316963"
"49057","0.09913727200777346","0.09913727200777346","0.09913727200777346"
"49061","0.0962645306007231","0.0962645306007231","0.0962645306007231"
"49067","0.05721781813567413","0.05721781813567413","0.05721781813567413"
"49073","0.14060824347374676","0.14060824347374676","0.14060824347374676"
"49075","0.09053360383447062","0.09053360383447062","0.09053360383447062"
"49077","0.06012103664860701","0.06012103664860701","0.06012103664860701"
"49079","0.2308336698676547","0.2308336698676547","0.2308336698676547"
"49083","0.07814075191962712","0.07814075191962712","0.07814075191962712"
"49085","0.06264717684427742","0.06264717684427742","0.06264717684427742"
"49087","0.06843942995485518","0.06843942995485518","0.06843942995485518"
"49089","0.09399936711036141","0.09399936711036141","0.09399936711036141"
"49093","0.1135846219337221","0.1135846219337221","0.1135846219337221"
"49095","0.04679996475104157","0.04679996475104157","0.04679996475104157"
"49097","0.1206921833288764","0.1206921833288764","0.1206921833288764"
"49101","0.10536619781348394","0.10536619781348394","0.10536619781348394"
"49107","0.1617246912357852","0.1617246912357852","0.1617246912357852"
"49113","0.08641054266946736","0.08641054266946736","0.08641054266946736"
"49115","0.09948783827562525","0.09948783827562525","0.09948783827562525"
"49117","0.1013159832043818","0.1013159832043818","0.1013159832043818"
"49125","0.04076370576220415","0.04076370576220415","0.04076370576220415"
"49127","0.1984546162139512","0.1984546162139512","0.1984546162139512"
"49129","0.0633362098731281","0.0633362098731281","0.0633362098731281"
"49137","0.1151316475823205","0.1151316475823205","0.1151316475823205"
"49143","0.15459452059931383","0.15459452059931383","0.15459452059931383"
"49145","0.19260779649365103","0.19260779649365103","0.19260779649365103"
"49149","0.07141494414763185","0.07141494414763185","0.07141494414763185"
"49153","0.13767894349976512","0.13767894349976512","0.13767894349976512"
"49157","0.07782163131710028","0.07782163131710028","0.07782163131710028"
"49159","0.07735861746144171","0.07735861746144171","0.07735861746144171"
"49161","0.0786161540673435","0.0786161540673435","0.0786161540673435"
"49165","0.1323445786581928","0.1323445786581928","0.1323445786581928"
"49169","0.0842122324808494","0.0842122324808494","0.0842122324808494"
"49171","0.07520019218167899","0.07520019218167899","0.07520019218167899"
"49181","0.06301782713503479","0.06301782713503479","0.06301782713503479"
"49183","0.05227909204728863","0.05227909204728863","0.05227909204728863"
"49195","0.07820722306267397","0.07820722306267397","0.07820722306267397"
"49199","0.09138963540190854","0.09138963540190854","0.09138963540190854"
"49203","0.07316063473192798","0.07316063473192798","0.07316063473192798"
"49215","0.08557645861020317","0.08557645861020317","0.08557645861020317"
"49217","0.12081481355597039","0.12081481355597039","0.12081481355597039"
"49219","0.05422720959583279","0.05422720959583279","0.05422720959583279"
"49227","0.11218311944793075","0.11218311944793075","0.11218311944793075"
"49229","0.06752918419928539","0.06752918419928539","0.06752918419928539"
"49233","0.10670736847697243","0.10670736847697243","0.10670736847697243"
"49239","0.06736295172416362","0.06736295172416362","0.06736295172416362"
"49245","0.058692542872792436","0.058692542872792436","0.058692542872792436"
"49247","0.07260529489999737","0.07260529489999737","0.07260529489999737"
"49249","0.124627549391682","0.124627549391682","0.124627549391682"
"49251","0.09277052623798751","0.09277052623798751","0.09277052623798751"
"49263","0.1700048737230525","0.1700048737230525","0.1700048737230525"
"49265","0.1971312905857817","0.1971312905857817","0.1971312905857817"
"49269","0.08685454999241765","0.08685454999241765","0.08685454999241765"
"49277","0.0648731862896029","0.0648731862896029","0.0648731862896029"
"49279","0.07689354836569966","0.07689354836569966","0.07689354836569966"
"49291","0.03698029624837887","0.03698029624837887","0.03698029624837887"
"49295","0.051187554170477385","0.051187554170477385","0.051187554170477385"
"49299","0.15659376713530554","0.15659376713530554","0.15659376713530554"
"49305","0.2045401829283469","0.2045401829283469","0.2045401829283469"
"49307","0.08941351979975493","0.08941351979975493","0.08941351979975493"
"49311","0.08001899862449688","0.08001899862449688","0.08001899862449688"
"49319","0.06232346996023727","0.06232346996023727","0.06232346996023727"
"49327","0.1416132034252299","0.1416132034252299","0.1416132034252299"
"49329","0.14387576209975902","0.14387576209975902","0.14387576209975902"
"49331","0.10607029534804978","0.10607029534804978","0.10607029534804978"
"49337","0.21088711702021362","0.21088711702021362","0.21088711702021362"
"49339","0.03797261177251099","0.03797261177251099","0.03797261177251099"
"49349","0.14479404477240806","0.14479404477240806","0.14479404477240806"
"49355","0.04247246590133727","0.04247246590133727","0.04247246590133727"
"49357","0.06693828502318476","0.06693828502318476","0.06693828502318476"
"49367","0.06822664112714236","0.06822664112714236","0.06822664112714236"
"49369","0.07035928732502063","0.07035928732502063","0.07035928732502063"
"49373","0.0824659444408351","0.0824659444408351","0.0824659444408351"
"49395","0.1044696266560882","0.1044696266560882","0.1044696266560882"
"49397","0.0787915435886422","0.0787915435886422","0.0787915435886422"
"49405","0.11857209022910017","0.11857209022910017","0.11857209022910017"
"49407","0.07771983585780173","0.07771983585780173","0.07771983585780173"
"49411","0.08892855254709692","0.08892855254709692","0.08892855254709692"
"49413","0.10146729885798887","0.10146729885798887","0.10146729885798887"
"49415","0.08855615408498661","0.08855615408498661","0.08855615408498661"
"49419","0.11766928737972754","0.11766928737972754","0.11766928737972754"
"49421","0.07903629129613145","0.07903629129613145","0.07903629129613145"
"49429","0.09557448714141387","0.09557448714141387","0.09557448714141387"
"49435","0.07157310635768692","0.07157310635768692","0.07157310635768692"
"49439","0.09000575966087904","0.09000575966087904","0.09000575966087904"
"49441","0.1023235099012124","0.1023235099012124","0.1023235099012124"
"49443","0.11334600735223668","0.11334600735223668","0.11334600735223668"