"Step","test-model_062021 - Train RMSE (meters)","test-model_062021 - Train RMSE (meters)__MIN","test-model_062021 - Train RMSE (meters)__MAX"
"1","16303.408957829655","16303.408957829655","16303.408957829655"
"3","11843.517130069678","11843.517130069678","11843.517130069678"
"7","9861.580881531441","9861.580881531441","9861.580881531441"
"9","10817.265821848636","10817.265821848636","10817.265821848636"
"11","11979.207024990044","11979.207024990044","11979.207024990044"
"15","12743.927818655471","12743.927818655471","12743.927818655471"
"17","16595.196389705383","16595.196389705383","16595.196389705383"
"19","9331.95691659926","9331.95691659926","9331.95691659926"
"21","11164.917813659293","11164.917813659293","11164.917813659293"
"23","7414.355835975462","7414.355835975462","7414.355835975462"
"25","10685.098880279951","10685.098880279951","10685.098880279951"
"29","13716.804140467339","13716.804140467339","13716.804140467339"
"31","5909.628703997023","5909.628703997023","5909.628703997023"
"33","7793.098391264828","7793.098391264828","7793.098391264828"
"35","12053.451365927522","12053.451365927522","12053.451365927522"
"37","13878.480423187963","13878.480423187963","13878.480423187963"
"39","11454.161780504222","11454.161780504222","11454.161780504222"
"41","10598.179681592683","10598.179681592683","10598.179681592683"
"43","8830.133395326842","8830.133395326842","8830.133395326842"
"45","11951.662859281496","11951.662859281496","11951.662859281496"
"47","11581.984933178363","11581.984933178363","11581.984933178363"
"49","15364.914540314787","15364.914540314787","15364.914540314787"
"51","14042.387248641455","14042.387248641455","14042.387248641455"
"53","8105.20180871617","8105.20180871617","8105.20180871617"
"55","12459.616755505014","12459.616755505014","12459.616755505014"
"57","9007.192744219228","9007.192744219228","9007.192744219228"
"59","11213.711385451019","11213.711385451019","11213.711385451019"
"61","14598.654827438415","14598.654827438415","14598.654827438415"
"63","11757.358783066096","11757.358783066096","11757.358783066096"
"65","10521.017519909177","10521.017519909177","10521.017519909177"
"67","9677.88465211906","9677.88465211906","9677.88465211906"
"69","12251.735525389626","12251.735525389626","12251.735525389626"
"71","10080.783700298654","10080.783700298654","10080.783700298654"
"73","9938.956747705342","9938.956747705342","9938.956747705342"
"75","10555.240280618524","10555.240280618524","10555.240280618524"
"77","10950.249461811793","10950.249461811793","10950.249461811793"
"79","8873.272123171051","8873.272123171051","8873.272123171051"
"81","11041.566860299707","11041.566860299707","11041.566860299707"
"83","11031.748557779289","11031.748557779289","11031.748557779289"
"85","11425.234528853516","11425.234528853516","11425.234528853516"
"87","11851.3006333532","11851.3006333532","11851.3006333532"
"89","12088.399625198723","12088.399625198723","12088.399625198723"
"91","7849.058824354477","7849.058824354477","7849.058824354477"
"93","12920.962613978349","12920.962613978349","12920.962613978349"
"95","9332.850117322598","9332.850117322598","9332.850117322598"
"97","16017.025770011482","16017.025770011482","16017.025770011482"
"101","11237.887113393534","11237.887113393534","11237.887113393534"
"103","11803.18499431962","11803.18499431962","11803.18499431962"
"105","8639.884572096951","8639.884572096951","8639.884572096951"
"107","8073.610501570341","8073.610501570341","8073.610501570341"
"109","12120.124721609282","12120.124721609282","12120.124721609282"
"111","12354.54763089908","12354.54763089908","12354.54763089908"
"113","8513.75944368642","8513.75944368642","8513.75944368642"
"115","13980.454476054245","13980.454476054245","13980.454476054245"
"117","13740.236977778271","13740.236977778271","13740.236977778271"
"119","9136.07231289894","9136.07231289894","9136.07231289894"
"121","7808.425985483458","7808.425985483458","7808.425985483458"
"125","12478.42786933921","12478.42786933921","12478.42786933921"
"127","10740.448967093507","10740.448967093507","10740.448967093507"
"129","9405.826432332666","9405.826432332666","9405.826432332666"
"131","11268.23642637323","11268.23642637323","11268.23642637323"
"133","11917.695038889777","11917.695038889777","11917.695038889777"
"135","9151.40966646331","9151.40966646331","9151.40966646331"
"137","9199.026960248613","9199.026960248613","9199.026960248613"
"139","12435.493920873883","12435.493920873883","12435.493920873883"
"141","9526.585860409094","9526.585860409094","9526.585860409094"
"143","14819.952912661232","14819.952912661232","14819.952912661232"
"145","8313.83681482973","8313.83681482973","8313.83681482973"
"147","8815.775309961093","8815.775309961093","8815.775309961093"
"149","9432.72557025035","9432.72557025035","9432.72557025035"
"151","12098.049158669639","12098.049158669639","12098.049158669639"
"153","9721.745290108576","9721.745290108576","9721.745290108576"
"155","11454.314249493396","11454.314249493396","11454.314249493396"
"157","10602.899454440418","10602.899454440418","10602.899454440418"
"159","5983.300742598087","5983.300742598087","5983.300742598087"
"163","7764.944296156224","7764.944296156224","7764.944296156224"
"165","14265.043750298735","14265.043750298735","14265.043750298735"
"167","12504.015277648205","12504.015277648205","12504.015277648205"
"169","13868.407289827148","13868.407289827148","13868.407289827148"
"171","10057.971527705586","10057.971527705586","10057.971527705586"
"173","11734.449932402646","11734.449932402646","11734.449932402646"
"175","8924.84363664701","8924.84363664701","8924.84363664701"
"177","7575.424342340317","7575.424342340317","7575.424342340317"
"179","11312.826415352896","11312.826415352896","11312.826415352896"
"181","9876.988621158192","9876.988621158192","9876.988621158192"
"183","8346.155355687293","8346.155355687293","8346.155355687293"
"187","7509.029833559745","7509.029833559745","7509.029833559745"
"189","10234.477501275827","10234.477501275827","10234.477501275827"
"191","10307.428095324125","10307.428095324125","10307.428095324125"
"193","11393.204636320317","11393.204636320317","11393.204636320317"
"195","10309.162177704518","10309.162177704518","10309.162177704518"
"197","11231.916516735511","11231.916516735511","11231.916516735511"
"199","11981.317520548324","11981.317520548324","11981.317520548324"
"201","7413.438519508046","7413.438519508046","7413.438519508046"
"203","8349.829598361306","8349.829598361306","8349.829598361306"
"205","8948.040342234875","8948.040342234875","8948.040342234875"
"207","12331.443156350288","12331.443156350288","12331.443156350288"
"209","7780.932163350221","7780.932163350221","7780.932163350221"
"211","14107.898757439349","14107.898757439349","14107.898757439349"
"215","9401.186926961997","9401.186926961997","9401.186926961997"
"217","9339.10555536826","9339.10555536826","9339.10555536826"
"219","13202.941712681657","13202.941712681657","13202.941712681657"
"221","6825.963182219836","6825.963182219836","6825.963182219836"
"223","12635.568274552597","12635.568274552597","12635.568274552597"
"225","12261.305613392124","12261.305613392124","12261.305613392124"
"229","12783.935619143198","12783.935619143198","12783.935619143198"
"234","8237.573136510036","8237.573136510036","8237.573136510036"
"236","9471.30992013062","9471.30992013062","9471.30992013062"
"238","9556.804232246463","9556.804232246463","9556.804232246463"
"240","9030.180224249738","9030.180224249738","9030.180224249738"
"242","7417.124382282472","7417.124382282472","7417.124382282472"
"244","10905.878951529485","10905.878951529485","10905.878951529485"
"246","10263.074282191044","10263.074282191044","10263.074282191044"
"248","8945.016981016004","8945.016981016004","8945.016981016004"
"250","12448.217901737507","12448.217901737507","12448.217901737507"
"252","8647.942036924105","8647.942036924105","8647.942036924105"
"254","12126.597309099454","12126.597309099454","12126.597309099454"
"256","8677.346505291482","8677.346505291482","8677.346505291482"
"258","12500.767207443258","12500.767207443258","12500.767207443258"
"262","7770.8323344893915","7770.8323344893915","7770.8323344893915"
"264","9549.870047758617","9549.870047758617","9549.870047758617"
"268","12446.580706083128","12446.580706083128","12446.580706083128"
"270","8510.597214637677","8510.597214637677","8510.597214637677"
"272","8235.989088498669","8235.989088498669","8235.989088498669"
"274","10230.228078952776","10230.228078952776","10230.228078952776"
"276","8152.098582099387","8152.098582099387","8152.098582099387"
"278","9704.687499508653","9704.687499508653","9704.687499508653"
"280","8485.527395875712","8485.527395875712","8485.527395875712"
"282","10410.140790802605","10410.140790802605","10410.140790802605"
"284","11567.84655702953","11567.84655702953","11567.84655702953"
"286","7334.165202627812","7334.165202627812","7334.165202627812"
"288","11817.999614131324","11817.999614131324","11817.999614131324"
"292","10722.901944262207","10722.901944262207","10722.901944262207"
"294","14687.452113296686","14687.452113296686","14687.452113296686"
"296","10642.623310409734","10642.623310409734","10642.623310409734"
"298","10892.779888263272","10892.779888263272","10892.779888263272"
"300","6836.265556093151","6836.265556093151","6836.265556093151"
"302","6304.207567291132","6304.207567291132","6304.207567291132"
"306","12242.034774830598","12242.034774830598","12242.034774830598"
"308","12984.014512990008","12984.014512990008","12984.014512990008"
"310","7749.621458960876","7749.621458960876","7749.621458960876"
"312","9061.269347719724","9061.269347719724","9061.269347719724"
"314","8121.938862389905","8121.938862389905","8121.938862389905"
"316","10440.430555271336","10440.430555271336","10440.430555271336"
"318","13754.950845839248","13754.950845839248","13754.950845839248"
"320","11879.736808886255","11879.736808886255","11879.736808886255"
"322","11176.877269048171","11176.877269048171","11176.877269048171"
"326","8972.547292151592","8972.547292151592","8972.547292151592"
"328","14323.337433154293","14323.337433154293","14323.337433154293"
"330","13122.526571545231","13122.526571545231","13122.526571545231"
"334","6861.128684993928","6861.128684993928","6861.128684993928"
"336","10873.579436728538","10873.579436728538","10873.579436728538"
"338","10074.866307699149","10074.866307699149","10074.866307699149"
"340","13171.43989106795","13171.43989106795","13171.43989106795"
"342","9546.6789063139","9546.6789063139","9546.6789063139"
"344","12905.969445825385","12905.969445825385","12905.969445825385"
"346","7448.160705480822","7448.160705480822","7448.160705480822"
"348","15300.51560374612","15300.51560374612","15300.51560374612"
"350","13609.81441449751","13609.81441449751","13609.81441449751"
"352","7418.772400305594","7418.772400305594","7418.772400305594"
"354","9247.737504725079","9247.737504725079","9247.737504725079"
"356","8932.756832603927","8932.756832603927","8932.756832603927"
"358","10946.50987369568","10946.50987369568","10946.50987369568"
"360","10001.637205569876","10001.637205569876","10001.637205569876"
"364","14381.258058442101","14381.258058442101","14381.258058442101"
"366","10010.12944746586","10010.12944746586","10010.12944746586"
"368","10447.801725618034","10447.801725618034","10447.801725618034"
"370","13683.043795289654","13683.043795289654","13683.043795289654"
"372","11737.470805138952","11737.470805138952","11737.470805138952"
"376","13232.167822169118","13232.167822169118","13232.167822169118"
"380","8295.14938484409","8295.14938484409","8295.14938484409"
"384","12523.625934632437","12523.625934632437","12523.625934632437"
"386","7437.584964683618","7437.584964683618","7437.584964683618"
"388","11983.692254185677","11983.692254185677","11983.692254185677"
"390","16213.807369039807","16213.807369039807","16213.807369039807"
"392","14168.893788621514","14168.893788621514","14168.893788621514"
"394","13338.029997858956","13338.029997858956","13338.029997858956"
"396","10502.55001983318","10502.55001983318","10502.55001983318"
"398","13025.04397657589","13025.04397657589","13025.04397657589"
"400","13377.284933267347","13377.284933267347","13377.284933267347"
"404","11712.02911928601","11712.02911928601","11712.02911928601"
"406","13832.021476787399","13832.021476787399","13832.021476787399"
"408","8734.989915742604","8734.989915742604","8734.989915742604"
"410","12055.440586223562","12055.440586223562","12055.440586223562"
"412","8276.733750409325","8276.733750409325","8276.733750409325"
"416","9366.102765090764","9366.102765090764","9366.102765090764"
"418","8160.960141873051","8160.960141873051","8160.960141873051"
"420","7590.286878057036","7590.286878057036","7590.286878057036"
"424","10584.961680801074","10584.961680801074","10584.961680801074"
"426","9809.781153431955","9809.781153431955","9809.781153431955"
"428","9525.823455419206","9525.823455419206","9525.823455419206"
"430","8098.702789559986","8098.702789559986","8098.702789559986"
"434","10988.579955856832","10988.579955856832","10988.579955856832"
"436","11313.226834546902","11313.226834546902","11313.226834546902"
"440","9056.169008533892","9056.169008533892","9056.169008533892"
"442","8474.657398377054","8474.657398377054","8474.657398377054"
"444","7869.736623077139","7869.736623077139","7869.736623077139"
"446","6100.893479715839","6100.893479715839","6100.893479715839"
"448","10965.204301592898","10965.204301592898","10965.204301592898"
"450","8220.320344887466","8220.320344887466","8220.320344887466"
"452","8362.638959314567","8362.638959314567","8362.638959314567"
"454","10003.82111977518","10003.82111977518","10003.82111977518"
"456","6891.5834690162965","6891.5834690162965","6891.5834690162965"
"458","12143.294052069565","12143.294052069565","12143.294052069565"
"460","11322.551013665683","11322.551013665683","11322.551013665683"
"462","6681.4683469915935","6681.4683469915935","6681.4683469915935"
"464","8463.778722328687","8463.778722328687","8463.778722328687"
"468","8735.352244838221","8735.352244838221","8735.352244838221"
"470","8522.729622233674","8522.729622233674","8522.729622233674"
"472","11243.106001285958","11243.106001285958","11243.106001285958"
"474","9707.59031347585","9707.59031347585","9707.59031347585"
"476","12042.61886677394","12042.61886677394","12042.61886677394"
"478","12788.334363787113","12788.334363787113","12788.334363787113"
"480","6588.268324618676","6588.268324618676","6588.268324618676"
"482","9431.127379816657","9431.127379816657","9431.127379816657"
"484","10464.306927589256","10464.306927589256","10464.306927589256"
"486","9139.640298606004","9139.640298606004","9139.640298606004"
"488","5313.684107143751","5313.684107143751","5313.684107143751"
"490","11611.39383129012","11611.39383129012","11611.39383129012"
"494","9692.665384242884","9692.665384242884","9692.665384242884"
"496","10865.091699036828","10865.091699036828","10865.091699036828"
"498","9731.316687637787","9731.316687637787","9731.316687637787"
"500","6610.613830836843","6610.613830836843","6610.613830836843"
"502","11615.2349497383","11615.2349497383","11615.2349497383"
"504","8951.518142598285","8951.518142598285","8951.518142598285"
"506","7753.714071433786","7753.714071433786","7753.714071433786"
"508","9051.043734244933","9051.043734244933","9051.043734244933"
"510","11976.947855364268","11976.947855364268","11976.947855364268"
"512","7302.059986187828","7302.059986187828","7302.059986187828"
"514","8359.231680238623","8359.231680238623","8359.231680238623"
"516","6992.953807246753","6992.953807246753","6992.953807246753"
"518","15188.944053286174","15188.944053286174","15188.944053286174"
"520","12104.345446178406","12104.345446178406","12104.345446178406"
"522","7929.778826709122","7929.778826709122","7929.778826709122"
"524","8815.385521925686","8815.385521925686","8815.385521925686"
"528","11600.020078115516","11600.020078115516","11600.020078115516"
"530","8835.145302631741","8835.145302631741","8835.145302631741"
"532","9206.712266513048","9206.712266513048","9206.712266513048"
"536","6576.809495604954","6576.809495604954","6576.809495604954"
"540","9762.386547997283","9762.386547997283","9762.386547997283"
"542","8250.507657008638","8250.507657008638","8250.507657008638"
"544","7209.077870132933","7209.077870132933","7209.077870132933"
"546","11094.924434767268","11094.924434767268","11094.924434767268"
"548","8451.470712059994","8451.470712059994","8451.470712059994"
"550","8492.949155957362","8492.949155957362","8492.949155957362"
"552","8093.594965683443","8093.594965683443","8093.594965683443"
"554","10165.27567139243","10165.27567139243","10165.27567139243"
"556","7390.198822315037","7390.198822315037","7390.198822315037"
"558","12275.935413589692","12275.935413589692","12275.935413589692"
"560","8541.982962792084","8541.982962792084","8541.982962792084"
"562","8224.07110006865","8224.07110006865","8224.07110006865"
"564","12999.081817626538","12999.081817626538","12999.081817626538"
"566","13880.443845352862","13880.443845352862","13880.443845352862"
"568","6503.565323975594","6503.565323975594","6503.565323975594"
"572","5986.875723705254","5986.875723705254","5986.875723705254"
"574","4820.065892370636","4820.065892370636","4820.065892370636"
"576","11069.657935670106","11069.657935670106","11069.657935670106"
"580","7096.398216367489","7096.398216367489","7096.398216367489"
"582","8979.403239686564","8979.403239686564","8979.403239686564"
"584","8626.980429794632","8626.980429794632","8626.980429794632"
"586","8204.49635986437","8204.49635986437","8204.49635986437"
"588","8366.554955829697","8366.554955829697","8366.554955829697"
"590","6895.45060639044","6895.45060639044","6895.45060639044"
"596","8473.43914658722","8473.43914658722","8473.43914658722"
"600","7256.390846061789","7256.390846061789","7256.390846061789"
"602","7465.882584865375","7465.882584865375","7465.882584865375"
"604","8401.452521352267","8401.452521352267","8401.452521352267"
"606","10436.827540863978","10436.827540863978","10436.827540863978"
"608","10925.79187713859","10925.79187713859","10925.79187713859"
"610","3795.719787303552","3795.719787303552","3795.719787303552"
"612","9587.814209525324","9587.814209525324","9587.814209525324"
"614","8542.6175743454","8542.6175743454","8542.6175743454"
"616","6878.023566434441","6878.023566434441","6878.023566434441"
"618","5709.432223512948","5709.432223512948","5709.432223512948"
"620","5924.001709419432","5924.001709419432","5924.001709419432"
"622","8196.561821769516","8196.561821769516","8196.561821769516"
"626","11118.937093995079","11118.937093995079","11118.937093995079"
"628","9737.996194755295","9737.996194755295","9737.996194755295"
"630","9594.974427261188","9594.974427261188","9594.974427261188"
"632","10760.420428432657","10760.420428432657","10760.420428432657"
"634","9086.580183238473","9086.580183238473","9086.580183238473"
"636","8278.271121344353","8278.271121344353","8278.271121344353"
"638","10003.684080517553","10003.684080517553","10003.684080517553"
"640","5421.260634032118","5421.260634032118","5421.260634032118"
"642","12852.151967359712","12852.151967359712","12852.151967359712"
"644","5802.683149206034","5802.683149206034","5802.683149206034"
"646","7592.070028711657","7592.070028711657","7592.070028711657"
"648","10233.978962697527","10233.978962697527","10233.978962697527"
"650","8890.253391108929","8890.253391108929","8890.253391108929"
"652","12473.708158889813","12473.708158889813","12473.708158889813"
"654","8864.563541113832","8864.563541113832","8864.563541113832"
"656","9999.379794438366","9999.379794438366","9999.379794438366"
"658","12216.723203246342","12216.723203246342","12216.723203246342"
"660","6440.404468223818","6440.404468223818","6440.404468223818"
"662","11664.182648292257","11664.182648292257","11664.182648292257"
"664","4541.5980468022435","4541.5980468022435","4541.5980468022435"
"666","10014.291921562757","10014.291921562757","10014.291921562757"
"668","11191.052602669371","11191.052602669371","11191.052602669371"
"670","14645.87868276044","14645.87868276044","14645.87868276044"
"672","8224.996202114353","8224.996202114353","8224.996202114353"
"674","6962.425783539117","6962.425783539117","6962.425783539117"
"676","7328.581870992344","7328.581870992344","7328.581870992344"
"678","10442.33034485147","10442.33034485147","10442.33034485147"
"680","9696.678919873497","9696.678919873497","9696.678919873497"
"682","13490.704621165534","13490.704621165534","13490.704621165534"
"686","11998.089757510761","11998.089757510761","11998.089757510761"
"688","7738.920475199365","7738.920475199365","7738.920475199365"
"695","6681.50113118225","6681.50113118225","6681.50113118225"
"697","7665.9168795889545","7665.9168795889545","7665.9168795889545"
"699","7977.281005660443","7977.281005660443","7977.281005660443"
"703","9526.826738919637","9526.826738919637","9526.826738919637"
"705","10869.180108587316","10869.180108587316","10869.180108587316"
"707","10049.443796053907","10049.443796053907","10049.443796053907"
"711","6913.138721198272","6913.138721198272","6913.138721198272"
"713","6620.331216749212","6620.331216749212","6620.331216749212"
"719","9900.382485370372","9900.382485370372","9900.382485370372"
"721","12489.980496711254","12489.980496711254","12489.980496711254"
"723","6313.451072128067","6313.451072128067","6313.451072128067"
"725","11183.723622166584","11183.723622166584","11183.723622166584"
"727","5642.065809950569","5642.065809950569","5642.065809950569"
"729","12558.800204702458","12558.800204702458","12558.800204702458"
"731","13924.598590126348","13924.598590126348","13924.598590126348"
"735","10511.115593760285","10511.115593760285","10511.115593760285"
"737","4310.1362716435815","4310.1362716435815","4310.1362716435815"
"741","4080.842132400479","4080.842132400479","4080.842132400479"
"743","10594.609498572663","10594.609498572663","10594.609498572663"
"745","10514.779883061143","10514.779883061143","10514.779883061143"
"747","3139.3377883075786","3139.3377883075786","3139.3377883075786"
"749","14065.792122241926","14065.792122241926","14065.792122241926"
"751","7868.356915170402","7868.356915170402","7868.356915170402"
"753","8282.741916070057","8282.741916070057","8282.741916070057"
"755","7251.855251104872","7251.855251104872","7251.855251104872"
"757","8664.451377128617","8664.451377128617","8664.451377128617"
"759","12086.92968496506","12086.92968496506","12086.92968496506"
"761","6411.493992854802","6411.493992854802","6411.493992854802"
"763","10193.218147628311","10193.218147628311","10193.218147628311"
"765","6755.085433473352","6755.085433473352","6755.085433473352"
"767","9238.41061007558","9238.41061007558","9238.41061007558"
"769","7340.458071236914","7340.458071236914","7340.458071236914"
"771","9750.31270234853","9750.31270234853","9750.31270234853"
"773","11643.008813697594","11643.008813697594","11643.008813697594"
"777","11986.05657167036","11986.05657167036","11986.05657167036"
"779","8875.464386946402","8875.464386946402","8875.464386946402"
"781","8350.264317218","8350.264317218","8350.264317218"
"783","7573.2398263717305","7573.2398263717305","7573.2398263717305"
"785","10188.95210261295","10188.95210261295","10188.95210261295"
"787","7438.683199331772","7438.683199331772","7438.683199331772"
"791","9446.812563433372","9446.812563433372","9446.812563433372"
"793","5733.6788326592905","5733.6788326592905","5733.6788326592905"
"795","8267.344910603411","8267.344910603411","8267.344910603411"
"797","11604.834714844072","11604.834714844072","11604.834714844072"
"801","5308.989318526505","5308.989318526505","5308.989318526505"
"803","11800.756763179039","11800.756763179039","11800.756763179039"
"807","7983.495495874072","7983.495495874072","7983.495495874072"
"809","6803.745874715182","6803.745874715182","6803.745874715182"
"811","8416.48699471092","8416.48699471092","8416.48699471092"
"813","10598.939462905819","10598.939462905819","10598.939462905819"
"815","6448.4425660490815","6448.4425660490815","6448.4425660490815"
"819","8064.165519968403","8064.165519968403","8064.165519968403"
"821","11055.460656832796","11055.460656832796","11055.460656832796"
"823","8218.954888752485","8218.954888752485","8218.954888752485"
"825","10482.847486213846","10482.847486213846","10482.847486213846"
"829","9097.458073581529","9097.458073581529","9097.458073581529"
"831","5189.648746224729","5189.648746224729","5189.648746224729"
"833","9213.0895790872","9213.0895790872","9213.0895790872"
"835","8394.69222903611","8394.69222903611","8394.69222903611"
"837","7787.915266791766","7787.915266791766","7787.915266791766"
"841","8630.343122855133","8630.343122855133","8630.343122855133"
"843","7643.412512551977","7643.412512551977","7643.412512551977"
"847","8937.732866894856","8937.732866894856","8937.732866894856"
"849","3889.632546566954","3889.632546566954","3889.632546566954"
"851","7884.758760998761","7884.758760998761","7884.758760998761"
"853","10235.637557797736","10235.637557797736","10235.637557797736"
"855","4738.6061705585225","4738.6061705585225","4738.6061705585225"
"857","6630.966792409348","6630.966792409348","6630.966792409348"
"859","7884.730790887878","7884.730790887878","7884.730790887878"
"861","7568.825590479133","7568.825590479133","7568.825590479133"
"869","5774.660737116895","5774.660737116895","5774.660737116895"
"871","5235.191395420591","5235.191395420591","5235.191395420591"
"873","9161.691760627404","9161.691760627404","9161.691760627404"
"881","9174.923898552795","9174.923898552795","9174.923898552795"
"883","8474.808612564197","8474.808612564197","8474.808612564197"
"885","7502.59513461624","7502.59513461624","7502.59513461624"
"887","5836.450107434088","5836.450107434088","5836.450107434088"
"889","9618.409414625601","9618.409414625601","9618.409414625601"
"891","6661.882372600736","6661.882372600736","6661.882372600736"
"893","5179.739248440153","5179.739248440153","5179.739248440153"
"895","9227.204729253319","9227.204729253319","9227.204729253319"
"901","5379.125519980984","5379.125519980984","5379.125519980984"
"903","6104.67518282122","6104.67518282122","6104.67518282122"
"905","10311.686165803887","10311.686165803887","10311.686165803887"
"907","8137.878335340961","8137.878335340961","8137.878335340961"
"909","9586.277937809216","9586.277937809216","9586.277937809216"
"911","8858.65796936641","8858.65796936641","8858.65796936641"
"913","6789.775955762419","6789.775955762419","6789.775955762419"
"915","5526.90376175037","5526.90376175037","5526.90376175037"
"917","6939.498750905454","6939.498750905454","6939.498750905454"
"919","12608.977679075322","12608.977679075322","12608.977679075322"
"921","5064.301382219673","5064.301382219673","5064.301382219673"
"923","10055.766773171668","10055.766773171668","10055.766773171668"
"925","2875.750521470031","2875.750521470031","2875.750521470031"
"927","8989.356608679322","8989.356608679322","8989.356608679322"
"929","8412.465998678661","8412.465998678661","8412.465998678661"
"931","10056.176348808294","10056.176348808294","10056.176348808294"
"933","6440.954179787079","6440.954179787079","6440.954179787079"
"935","5414.740758028408","5414.740758028408","5414.740758028408"
"937","8163.10457149222","8163.10457149222","8163.10457149222"
"939","3776.0870262140115","3776.0870262140115","3776.0870262140115"
"941","7087.764382519227","7087.764382519227","7087.764382519227"
"943","8373.756871554466","8373.756871554466","8373.756871554466"
"945","8726.56066949154","8726.56066949154","8726.56066949154"
"947","7916.153882803117","7916.153882803117","7916.153882803117"
"949","4734.443997676642","4734.443997676642","4734.443997676642"
"951","6451.1110058649165","6451.1110058649165","6451.1110058649165"
"955","6054.849930091896","6054.849930091896","6054.849930091896"
"957","6651.888551218842","6651.888551218842","6651.888551218842"
"959","5213.689211937112","5213.689211937112","5213.689211937112"
"961","4881.137102704414","4881.137102704414","4881.137102704414"
"963","8028.520186970534","8028.520186970534","8028.520186970534"
"965","6695.583680758127","6695.583680758127","6695.583680758127"
"967","8816.866827593438","8816.866827593438","8816.866827593438"
"969","3718.944544471801","3718.944544471801","3718.944544471801"
"971","6574.401055095882","6574.401055095882","6574.401055095882"
"973","11578.105499209973","11578.105499209973","11578.105499209973"
"975","7101.014219968456","7101.014219968456","7101.014219968456"
"977","6591.070742702496","6591.070742702496","6591.070742702496"
"979","8775.117110424582","8775.117110424582","8775.117110424582"
"981","7801.4272423297325","7801.4272423297325","7801.4272423297325"
"983","6417.200452309897","6417.200452309897","6417.200452309897"
"985","6187.129905498513","6187.129905498513","6187.129905498513"
"987","7344.254009726319","7344.254009726319","7344.254009726319"
"989","6024.195770548331","6024.195770548331","6024.195770548331"
"991","5233.084676184679","5233.084676184679","5233.084676184679"
"993","7335.126968148198","7335.126968148198","7335.126968148198"
"995","4028.311249693877","4028.311249693877","4028.311249693877"
"997","7458.051352968851","7458.051352968851","7458.051352968851"
"999","6544.524050660015","6544.524050660015","6544.524050660015"
"1001","11246.282175121305","11246.282175121305","11246.282175121305"
"1003","8191.086791525848","8191.086791525848","8191.086791525848"
"1005","3452.946571987646","3452.946571987646","3452.946571987646"
"1007","5116.584101620681","5116.584101620681","5116.584101620681"
"1009","6132.843114691451","6132.843114691451","6132.843114691451"
"1011","4917.790216503428","4917.790216503428","4917.790216503428"
"1013","4360.704226184872","4360.704226184872","4360.704226184872"
"1017","11406.939760019804","11406.939760019804","11406.939760019804"
"1023","5882.985166976776","5882.985166976776","5882.985166976776"
"1025","8581.186300709485","8581.186300709485","8581.186300709485"
"1027","8091.82767979575","8091.82767979575","8091.82767979575"
"1029","6467.122485950844","6467.122485950844","6467.122485950844"
"1031","10812.994069183793","10812.994069183793","10812.994069183793"
"1033","8581.846142293129","8581.846142293129","8581.846142293129"
"1035","8122.784605972273","8122.784605972273","8122.784605972273"
"1039","6937.500189016529","6937.500189016529","6937.500189016529"
"1041","7228.230464312679","7228.230464312679","7228.230464312679"
"1043","9206.92396526278","9206.92396526278","9206.92396526278"
"1045","6760.811112881944","6760.811112881944","6760.811112881944"
"1049","3801.204849898279","3801.204849898279","3801.204849898279"
"1051","8038.798232410618","8038.798232410618","8038.798232410618"
"1053","9808.4789711493","9808.4789711493","9808.4789711493"
"1055","6405.796407132714","6405.796407132714","6405.796407132714"
"1057","5392.368698060195","5392.368698060195","5392.368698060195"
"1059","6282.885817655201","6282.885817655201","6282.885817655201"
"1061","8473.500696418236","8473.500696418236","8473.500696418236"
"1063","8837.736181100461","8837.736181100461","8837.736181100461"
"1065","7499.901453006538","7499.901453006538","7499.901453006538"
"1067","9512.579093734616","9512.579093734616","9512.579093734616"
"1069","7428.828946958117","7428.828946958117","7428.828946958117"
"1071","7009.204211728812","7009.204211728812","7009.204211728812"
"1073","5734.523407473476","5734.523407473476","5734.523407473476"
"1075","8357.175020591503","8357.175020591503","8357.175020591503"
"1077","7848.741014927756","7848.741014927756","7848.741014927756"
"1079","6826.119484106889","6826.119484106889","6826.119484106889"
"1081","7760.397550486803","7760.397550486803","7760.397550486803"
"1085","11049.82626420231","11049.82626420231","11049.82626420231"
"1087","9291.594472242581","9291.594472242581","9291.594472242581"
"1091","8432.764207787566","8432.764207787566","8432.764207787566"
"1095","6614.050480763855","6614.050480763855","6614.050480763855"
"1097","8861.285694904409","8861.285694904409","8861.285694904409"
"1099","6916.1417361689555","6916.1417361689555","6916.1417361689555"
"1101","6651.669461925088","6651.669461925088","6651.669461925088"
"1103","5658.645407180073","5658.645407180073","5658.645407180073"
"1105","6383.9304959259025","6383.9304959259025","6383.9304959259025"
"1107","8954.066029038278","8954.066029038278","8954.066029038278"
"1109","4380.081835661588","4380.081835661588","4380.081835661588"
"1111","7351.580564049024","7351.580564049024","7351.580564049024"
"1113","7261.045509882939","7261.045509882939","7261.045509882939"
"1115","9533.131523152602","9533.131523152602","9533.131523152602"
"1121","8567.943318554397","8567.943318554397","8567.943318554397"
"1125","4720.172187767914","4720.172187767914","4720.172187767914"
"1127","6417.289619014092","6417.289619014092","6417.289619014092"
"1129","6615.084506494875","6615.084506494875","6615.084506494875"
"1131","9205.739814000355","9205.739814000355","9205.739814000355"
"1133","13119.437991962348","13119.437991962348","13119.437991962348"
"1135","4880.092931609095","4880.092931609095","4880.092931609095"
"1137","8052.26599094208","8052.26599094208","8052.26599094208"
"1141","8804.944079501516","8804.944079501516","8804.944079501516"
"1147","6403.069520768615","6403.069520768615","6403.069520768615"
"1149","5055.3447643928685","5055.3447643928685","5055.3447643928685"
"1151","7138.839698833136","7138.839698833136","7138.839698833136"
"1154","5931.285316193316","5931.285316193316","5931.285316193316"
"1156","10476.716839068105","10476.716839068105","10476.716839068105"
"1158","14027.461587638794","14027.461587638794","14027.461587638794"
"1160","19031.012748153942","19031.012748153942","19031.012748153942"
"1164","12561.512277214586","12561.512277214586","12561.512277214586"
"1166","14322.806433051182","14322.806433051182","14322.806433051182"
"1168","9661.199801020062","9661.199801020062","9661.199801020062"
"1170","11966.235880327875","11966.235880327875","11966.235880327875"
"1172","14813.278242181013","14813.278242181013","14813.278242181013"
"1174","13353.883384203407","13353.883384203407","13353.883384203407"
"1176","11316.369633060687","11316.369633060687","11316.369633060687"
"1178","14415.155798327796","14415.155798327796","14415.155798327796"
"1180","17194.95160955978","17194.95160955978","17194.95160955978"
"1182","10157.699481527254","10157.699481527254","10157.699481527254"
"1184","10662.907129097397","10662.907129097397","10662.907129097397"
"1186","13793.75086284405","13793.75086284405","13793.75086284405"
"1188","10311.531252586654","10311.531252586654","10311.531252586654"
"1192","12798.173384420592","12798.173384420592","12798.173384420592"
"1194","10249.367136142444","10249.367136142444","10249.367136142444"
"1196","13253.503875965569","13253.503875965569","13253.503875965569"
"1198","14421.441895169652","14421.441895169652","14421.441895169652"
"1200","14234.536598201128","14234.536598201128","14234.536598201128"
"1202","13713.260030069918","13713.260030069918","13713.260030069918"
"1206","6401.433296938855","6401.433296938855","6401.433296938855"
"1208","7869.114023382842","7869.114023382842","7869.114023382842"
"1210","8831.412116936439","8831.412116936439","8831.412116936439"
"1212","2596.9977727391324","2596.9977727391324","2596.9977727391324"
"1214","5181.371009619163","5181.371009619163","5181.371009619163"
"1216","5255.5918205485","5255.5918205485","5255.5918205485"
"1218","6796.428402665228","6796.428402665228","6796.428402665228"
"1220","7646.334319024723","7646.334319024723","7646.334319024723"
"1222","6165.108895295306","6165.108895295306","6165.108895295306"
"1226","10459.993030626007","10459.993030626007","10459.993030626007"
"1228","8883.960673157146","8883.960673157146","8883.960673157146"
"1230","8735.82952736626","8735.82952736626","8735.82952736626"
"1232","7727.10053486648","7727.10053486648","7727.10053486648"
"1234","8686.443154798693","8686.443154798693","8686.443154798693"
"1236","6246.009506411347","6246.009506411347","6246.009506411347"
"1240","6785.588155735853","6785.588155735853","6785.588155735853"
"1242","4641.998383204957","4641.998383204957","4641.998383204957"
"1244","5388.80441854524","5388.80441854524","5388.80441854524"
"1246","8965.475355184542","8965.475355184542","8965.475355184542"
"1248","6700.221395393136","6700.221395393136","6700.221395393136"
"1250","10939.432245965725","10939.432245965725","10939.432245965725"
"1252","6271.497233997468","6271.497233997468","6271.497233997468"
"1254","6409.421461393558","6409.421461393558","6409.421461393558"
"1256","5840.431107292313","5840.431107292313","5840.431107292313"
"1258","3906.11533886542","3906.11533886542","3906.11533886542"
"1260","4676.8264048579085","4676.8264048579085","4676.8264048579085"
"1262","5463.391267096153","5463.391267096153","5463.391267096153"
"1264","4421.146076632213","4421.146076632213","4421.146076632213"
"1266","4274.555848009698","4274.555848009698","4274.555848009698"
"1268","7400.129888013221","7400.129888013221","7400.129888013221"
"1270","4305.419056618942","4305.419056618942","4305.419056618942"
"1272","10314.466693495799","10314.466693495799","10314.466693495799"
"1274","7710.1201916144355","7710.1201916144355","7710.1201916144355"
"1278","3986.294601875135","3986.294601875135","3986.294601875135"
"1284","5449.581339268198","5449.581339268198","5449.581339268198"
"1286","7809.1576102148665","7809.1576102148665","7809.1576102148665"
"1288","4350.659576375068","4350.659576375068","4350.659576375068"
"1290","6090.828611005249","6090.828611005249","6090.828611005249"
"1292","4187.602810522796","4187.602810522796","4187.602810522796"
"1294","4386.139210627824","4386.139210627824","4386.139210627824"
"1296","5007.375403504851","5007.375403504851","5007.375403504851"
"1298","5692.812859034261","5692.812859034261","5692.812859034261"
"1300","6193.807719834543","6193.807719834543","6193.807719834543"
"1302","4658.736992079105","4658.736992079105","4658.736992079105"
"1304","6160.112592485596","6160.112592485596","6160.112592485596"
"1306","7204.505043474379","7204.505043474379","7204.505043474379"
"1308","3267.974108993218","3267.974108993218","3267.974108993218"
"1310","5997.000759251292","5997.000759251292","5997.000759251292"
"1312","6209.828979606696","6209.828979606696","6209.828979606696"
"1314","6521.984555284356","6521.984555284356","6521.984555284356"
"1316","6430.412640939144","6430.412640939144","6430.412640939144"
"1318","3628.3798246569413","3628.3798246569413","3628.3798246569413"
"1322","8589.369958125108","8589.369958125108","8589.369958125108"
"1324","4175.6175181278","4175.6175181278","4175.6175181278"
"1326","4918.155021260748","4918.155021260748","4918.155021260748"
"1328","3995.026581118387","3995.026581118387","3995.026581118387"
"1332","4681.852912784532","4681.852912784532","4681.852912784532"
"1334","2125.8855089656968","2125.8855089656968","2125.8855089656968"
"1336","5561.204587991498","5561.204587991498","5561.204587991498"
"1338","6952.694011575141","6952.694011575141","6952.694011575141"
"1340","8213.624683283924","8213.624683283924","8213.624683283924"
"1342","5847.126174172133","5847.126174172133","5847.126174172133"
"1344","5778.115427969663","5778.115427969663","5778.115427969663"
"1346","5041.280746139193","5041.280746139193","5041.280746139193"
"1348","7267.851129584939","7267.851129584939","7267.851129584939"
"1350","3197.151755307537","3197.151755307537","3197.151755307537"
"1352","7752.579352087445","7752.579352087445","7752.579352087445"
"1354","6806.633619526524","6806.633619526524","6806.633619526524"
"1356","8451.165329974932","8451.165329974932","8451.165329974932"
"1358","4799.006755704073","4799.006755704073","4799.006755704073"
"1360","4162.744245437109","4162.744245437109","4162.744245437109"
"1362","5780.635234004178","5780.635234004178","5780.635234004178"
"1364","5651.107705663566","5651.107705663566","5651.107705663566"
"1366","5379.458485652779","5379.458485652779","5379.458485652779"
"1368","6173.540687326238","6173.540687326238","6173.540687326238"
"1370","3859.926979654073","3859.926979654073","3859.926979654073"
"1372","4717.475731690718","4717.475731690718","4717.475731690718"
"1374","4129.604933711115","4129.604933711115","4129.604933711115"
"1378","5656.3289067786845","5656.3289067786845","5656.3289067786845"
"1380","6436.96724437115","6436.96724437115","6436.96724437115"
"1382","4894.641433535087","4894.641433535087","4894.641433535087"
"1384","4812.160046447925","4812.160046447925","4812.160046447925"
"1386","9122.336260119835","9122.336260119835","9122.336260119835"
"1388","5674.345744646129","5674.345744646129","5674.345744646129"
"1392","3170.184112250404","3170.184112250404","3170.184112250404"
"1394","4497.164415665126","4497.164415665126","4497.164415665126"
"1396","3338.177360062598","3338.177360062598","3338.177360062598"
"1398","6883.801981264034","6883.801981264034","6883.801981264034"
"1402","5193.911772319043","5193.911772319043","5193.911772319043"
"1404","5855.622170584324","5855.622170584324","5855.622170584324"
"1406","5051.232951323566","5051.232951323566","5051.232951323566"
"1408","6881.963497802281","6881.963497802281","6881.963497802281"
"1410","5071.411977564261","5071.411977564261","5071.411977564261"
"1412","7502.577656614443","7502.577656614443","7502.577656614443"
"1414","4746.966811517127","4746.966811517127","4746.966811517127"
"1416","3907.1150775498704","3907.1150775498704","3907.1150775498704"
"1418","4491.172012322995","4491.172012322995","4491.172012322995"
"1420","6294.394892105368","6294.394892105368","6294.394892105368"
"1422","5202.222258923226","5202.222258923226","5202.222258923226"
"1428","3909.6897239456152","3909.6897239456152","3909.6897239456152"
"1430","4587.607305555442","4587.607305555442","4587.607305555442"
"1432","5781.396142298103","5781.396142298103","5781.396142298103"
"1434","3672.5818684115043","3672.5818684115043","3672.5818684115043"
"1438","8807.705244433482","8807.705244433482","8807.705244433482"
"1440","4533.746952174708","4533.746952174708","4533.746952174708"
"1442","5822.461134869727","5822.461134869727","5822.461134869727"
"1444","4748.615646660767","4748.615646660767","4748.615646660767"
"1446","4167.119319488172","4167.119319488172","4167.119319488172"
"1450","4893.744780731341","4893.744780731341","4893.744780731341"
"1452","7513.992846113164","7513.992846113164","7513.992846113164"
"1454","5559.613014431097","5559.613014431097","5559.613014431097"
"1456","2734.2771785132063","2734.2771785132063","2734.2771785132063"
"1458","3930.256887635281","3930.256887635281","3930.256887635281"
"1460","5612.578983218409","5612.578983218409","5612.578983218409"
"1462","3914.573194495053","3914.573194495053","3914.573194495053"
"1464","4466.412446393233","4466.412446393233","4466.412446393233"
"1466","5300.424539908896","5300.424539908896","5300.424539908896"
"1468","4261.460097984012","4261.460097984012","4261.460097984012"
"1470","3806.7146947787683","3806.7146947787683","3806.7146947787683"
"1472","5598.073726826824","5598.073726826824","5598.073726826824"
"1476","6688.297366798035","6688.297366798035","6688.297366798035"
"1480","4200.742400778815","4200.742400778815","4200.742400778815"
"1482","5092.841318908823","5092.841318908823","5092.841318908823"
"1484","6067.558144824021","6067.558144824021","6067.558144824021"
"1486","4446.153370147986","4446.153370147986","4446.153370147986"
"1488","3637.29139300071","3637.29139300071","3637.29139300071"
"1490","4421.526918763497","4421.526918763497","4421.526918763497"
"1492","5005.306467873238","5005.306467873238","5005.306467873238"
"1494","5420.271303752146","5420.271303752146","5420.271303752146"
"1496","4787.985763108767","4787.985763108767","4787.985763108767"
"1498","5418.781607336592","5418.781607336592","5418.781607336592"
"1500","5346.651260091381","5346.651260091381","5346.651260091381"
"1502","4119.396312116181","4119.396312116181","4119.396312116181"
"1504","3795.391381591626","3795.391381591626","3795.391381591626"
"1506","3880.2924776447776","3880.2924776447776","3880.2924776447776"
"1510","4068.2535510280045","4068.2535510280045","4068.2535510280045"
"1512","4027.915240642316","4027.915240642316","4027.915240642316"
"1514","5909.507670494296","5909.507670494296","5909.507670494296"
"1516","4604.526814950487","4604.526814950487","4604.526814950487"
"1518","7548.57229413679","7548.57229413679","7548.57229413679"
"1520","5319.556990656578","5319.556990656578","5319.556990656578"
"1522","3747.6611791231985","3747.6611791231985","3747.6611791231985"
"1524","3341.1064883993085","3341.1064883993085","3341.1064883993085"
"1526","4594.033135232764","4594.033135232764","4594.033135232764"
"1528","4619.387726898478","4619.387726898478","4619.387726898478"
"1530","5458.339591665781","5458.339591665781","5458.339591665781"
"1534","4995.989532218837","4995.989532218837","4995.989532218837"
"1540","4213.4806609325005","4213.4806609325005","4213.4806609325005"
"1542","4692.29325954315","4692.29325954315","4692.29325954315"
"1546","6494.322580642321","6494.322580642321","6494.322580642321"
"1548","3315.8020349782896","3315.8020349782896","3315.8020349782896"
"1550","3473.6908614761924","3473.6908614761924","3473.6908614761924"
"1552","4383.271266433768","4383.271266433768","4383.271266433768"
"1554","2891.002449961231","2891.002449961231","2891.002449961231"
"1556","4611.38552121445","4611.38552121445","4611.38552121445"
"1558","4386.044593973979","4386.044593973979","4386.044593973979"
"1560","5714.053043882344","5714.053043882344","5714.053043882344"
"1562","4113.8137226391245","4113.8137226391245","4113.8137226391245"
"1564","3595.170901153154","3595.170901153154","3595.170901153154"
"1566","2566.5021207835243","2566.5021207835243","2566.5021207835243"
"1568","3792.710661824109","3792.710661824109","3792.710661824109"
"1570","5496.141771053872","5496.141771053872","5496.141771053872"
"1572","2815.52020141462","2815.52020141462","2815.52020141462"
"1576","2788.6211462786378","2788.6211462786378","2788.6211462786378"
"1580","5475.658957135849","5475.658957135849","5475.658957135849"
"1582","3973.9811656224333","3973.9811656224333","3973.9811656224333"
"1584","3159.5189238158287","3159.5189238158287","3159.5189238158287"
"1586","4724.897769296354","4724.897769296354","4724.897769296354"
"1588","4792.476426684968","4792.476426684968","4792.476426684968"
"1590","4643.70743332834","4643.70743332834","4643.70743332834"
"1592","5438.445184486631","5438.445184486631","5438.445184486631"
"1596","3797.223063398068","3797.223063398068","3797.223063398068"
"1598","4445.8986509340075","4445.8986509340075","4445.8986509340075"
"1602","6059.605231787733","6059.605231787733","6059.605231787733"
"1604","2073.9553898576983","2073.9553898576983","2073.9553898576983"
"1606","3051.580805413521","3051.580805413521","3051.580805413521"
"1608","4887.13477518919","4887.13477518919","4887.13477518919"
"1610","3494.7225343069886","3494.7225343069886","3494.7225343069886"
"1612","3831.8110255928727","3831.8110255928727","3831.8110255928727"
"1615","3012.248397149834","3012.248397149834","3012.248397149834"
"1617","4527.4327082612235","4527.4327082612235","4527.4327082612235"
"1619","3018.393668671948","3018.393668671948","3018.393668671948"
"1621","9574.023091851175","9574.023091851175","9574.023091851175"
"1625","3760.373153152979","3760.373153152979","3760.373153152979"
"1627","5546.696351089197","5546.696351089197","5546.696351089197"
"1629","2597.606342954854","2597.606342954854","2597.606342954854"
"1631","3985.6682342892996","3985.6682342892996","3985.6682342892996"
"1635","4196.981499429155","4196.981499429155","4196.981499429155"
"1637","4341.582326869165","4341.582326869165","4341.582326869165"
"1639","5513.654275745137","5513.654275745137","5513.654275745137"
"1641","3323.19045159679","3323.19045159679","3323.19045159679"
"1643","1337.6707745647893","1337.6707745647893","1337.6707745647893"
"1645","2716.9740675315884","2716.9740675315884","2716.9740675315884"
"1647","1611.5247433085797","1611.5247433085797","1611.5247433085797"
"1649","5692.233306340246","5692.233306340246","5692.233306340246"
"1651","5341.64595870211","5341.64595870211","5341.64595870211"
"1653","4866.678973676632","4866.678973676632","4866.678973676632"
"1655","4263.341271395796","4263.341271395796","4263.341271395796"
"1657","2681.3682645667163","2681.3682645667163","2681.3682645667163"
"1659","4215.5179252627995","4215.5179252627995","4215.5179252627995"
"1661","6157.474618705326","6157.474618705326","6157.474618705326"
"1663","4307.113932856087","4307.113932856087","4307.113932856087"
"1665","3530.8469145620707","3530.8469145620707","3530.8469145620707"
"1669","3803.331897345552","3803.331897345552","3803.331897345552"
"1671","4248.214192219498","4248.214192219498","4248.214192219498"
"1679","3565.5457376668737","3565.5457376668737","3565.5457376668737"
"1681","3363.6987938699203","3363.6987938699203","3363.6987938699203"
"1683","5529.749585978313","5529.749585978313","5529.749585978313"
"1685","3844.100936128123","3844.100936128123","3844.100936128123"
"1687","5639.281686194508","5639.281686194508","5639.281686194508"
"1689","5694.412735977385","5694.412735977385","5694.412735977385"
"1691","2382.6459138515834","2382.6459138515834","2382.6459138515834"
"1693","5292.426500310108","5292.426500310108","5292.426500310108"
"1695","2941.8461585915497","2941.8461585915497","2941.8461585915497"
"1697","2554.3232579377495","2554.3232579377495","2554.3232579377495"
"1699","3272.221268745662","3272.221268745662","3272.221268745662"
"1701","3674.636370645986","3674.636370645986","3674.636370645986"
"1705","3976.8197851381237","3976.8197851381237","3976.8197851381237"
"1707","2806.8252109893065","2806.8252109893065","2806.8252109893065"
"1709","4577.696614191486","4577.696614191486","4577.696614191486"
"1711","3232.704219415188","3232.704219415188","3232.704219415188"
"1713","4424.419574063054","4424.419574063054","4424.419574063054"
"1715","5097.728451038466","5097.728451038466","5097.728451038466"
"1717","3795.9245112146577","3795.9245112146577","3795.9245112146577"
"1719","4674.873512515282","4674.873512515282","4674.873512515282"
"1721","2845.374146599657","2845.374146599657","2845.374146599657"
"1723","2955.005223798895","2955.005223798895","2955.005223798895"
"1725","3336.442699191293","3336.442699191293","3336.442699191293"
"1727","2659.037473800443","2659.037473800443","2659.037473800443"
"1729","5771.5654448158275","5771.5654448158275","5771.5654448158275"
"1731","5275.8791886894005","5275.8791886894005","5275.8791886894005"
"1733","3057.3652097227964","3057.3652097227964","3057.3652097227964"
"1737","4077.3138138358613","4077.3138138358613","4077.3138138358613"
"1739","5025.991594397866","5025.991594397866","5025.991594397866"
"1741","3849.8480116580886","3849.8480116580886","3849.8480116580886"
"1743","3195.013848410549","3195.013848410549","3195.013848410549"
"1745","2361.8380025270994","2361.8380025270994","2361.8380025270994"
"1747","2028.8901192160104","2028.8901192160104","2028.8901192160104"
"1749","6031.185930534379","6031.185930534379","6031.185930534379"
"1751","3962.4470950905966","3962.4470950905966","3962.4470950905966"
"1755","8619.902265286719","8619.902265286719","8619.902265286719"
"1757","2745.0956264369706","2745.0956264369706","2745.0956264369706"
"1759","4558.55462875512","4558.55462875512","4558.55462875512"
"1761","3072.654529748547","3072.654529748547","3072.654529748547"
"1765","3424.9166443698527","3424.9166443698527","3424.9166443698527"
"1767","3064.264290451622","3064.264290451622","3064.264290451622"
"1769","5614.750053416971","5614.750053416971","5614.750053416971"
"1771","2823.378663539853","2823.378663539853","2823.378663539853"
"1773","3853.507651443082","3853.507651443082","3853.507651443082"
"1775","5634.394853316804","5634.394853316804","5634.394853316804"
"1777","5366.337282673656","5366.337282673656","5366.337282673656"
"1779","7544.749985528445","7544.749985528445","7544.749985528445"
"1781","4264.217598660443","4264.217598660443","4264.217598660443"
"1783","5804.88631266113","5804.88631266113","5804.88631266113"
"1785","3565.878387193886","3565.878387193886","3565.878387193886"
"1787","4722.9466124220335","4722.9466124220335","4722.9466124220335"
"1791","4252.8352606502995","4252.8352606502995","4252.8352606502995"
"1793","3463.5228560469895","3463.5228560469895","3463.5228560469895"
"1795","4194.8862125618925","4194.8862125618925","4194.8862125618925"
"1797","5284.34585933219","5284.34585933219","5284.34585933219"
"1799","6334.605724948614","6334.605724948614","6334.605724948614"
"1801","3302.0202297755513","3302.0202297755513","3302.0202297755513"
"1803","3727.844273756929","3727.844273756929","3727.844273756929"
"1805","3631.277683040917","3631.277683040917","3631.277683040917"
"1807","2373.5551329060277","2373.5551329060277","2373.5551329060277"
"1809","3942.1113879657682","3942.1113879657682","3942.1113879657682"
"1811","4237.280872609493","4237.280872609493","4237.280872609493"
"1815","2704.004839114086","2704.004839114086","2704.004839114086"
"1817","3955.424540854883","3955.424540854883","3955.424540854883"
"1819","3841.5719350911363","3841.5719350911363","3841.5719350911363"
"1821","4710.229444037898","4710.229444037898","4710.229444037898"
"1823","2001.2004646970952","2001.2004646970952","2001.2004646970952"
"1825","2259.70481322552","2259.70481322552","2259.70481322552"
"1827","3941.7477356771196","3941.7477356771196","3941.7477356771196"
"1829","2562.2462635487595","2562.2462635487595","2562.2462635487595"
"1831","3601.790845008004","3601.790845008004","3601.790845008004"
"1835","2505.814525889724","2505.814525889724","2505.814525889724"
"1837","3044.657266899947","3044.657266899947","3044.657266899947"
"1839","3156.3492938748805","3156.3492938748805","3156.3492938748805"
"1843","1473.0395873017708","1473.0395873017708","1473.0395873017708"
"1845","4233.404421334619","4233.404421334619","4233.404421334619"
"1847","3257.7780943592907","3257.7780943592907","3257.7780943592907"
"1849","3941.0819609268756","3941.0819609268756","3941.0819609268756"
"1851","2839.7554753789163","2839.7554753789163","2839.7554753789163"
"1853","3687.046039246262","3687.046039246262","3687.046039246262"
"1855","2146.647748205414","2146.647748205414","2146.647748205414"
"1857","2496.840969589038","2496.840969589038","2496.840969589038"
"1859","3099.7850480081524","3099.7850480081524","3099.7850480081524"
"1861","1525.7107451283428","1525.7107451283428","1525.7107451283428"
"1863","3013.1822189503478","3013.1822189503478","3013.1822189503478"
"1867","7335.91960868238","7335.91960868238","7335.91960868238"
"1875","5260.24616707941","5260.24616707941","5260.24616707941"
"1877","6524.131418200252","6524.131418200252","6524.131418200252"
"1879","4289.58274034765","4289.58274034765","4289.58274034765"
"1881","4399.638789425011","4399.638789425011","4399.638789425011"
"1883","2928.9015669440564","2928.9015669440564","2928.9015669440564"
"1887","5858.738165262134","5858.738165262134","5858.738165262134"
"1891","4211.524320914658","4211.524320914658","4211.524320914658"
"1893","5826.3892895053405","5826.3892895053405","5826.3892895053405"
"1895","2061.207019225935","2061.207019225935","2061.207019225935"
"1897","3446.7642746448046","3446.7642746448046","3446.7642746448046"
"1899","3144.0153942744396","3144.0153942744396","3144.0153942744396"
"1901","3596.61237087637","3596.61237087637","3596.61237087637"
"1903","2300.1450693726724","2300.1450693726724","2300.1450693726724"
"1905","3108.702361612714","3108.702361612714","3108.702361612714"
"1909","1988.5359752694146","1988.5359752694146","1988.5359752694146"
"1911","3231.308160328533","3231.308160328533","3231.308160328533"
"1913","2915.1167611608926","2915.1167611608926","2915.1167611608926"
"1915","5319.051629556205","5319.051629556205","5319.051629556205"
"1917","3586.299678488986","3586.299678488986","3586.299678488986"
"1919","2354.368395658121","2354.368395658121","2354.368395658121"
"1921","3556.828535249362","3556.828535249362","3556.828535249362"
"1923","2489.8980605465463","2489.8980605465463","2489.8980605465463"
"1927","2741.6720435680163","2741.6720435680163","2741.6720435680163"
"1929","3006.4994869085826","3006.4994869085826","3006.4994869085826"
"1931","5083.177254057746","5083.177254057746","5083.177254057746"
"1933","3104.5730066714327","3104.5730066714327","3104.5730066714327"
"1935","2004.8135930378946","2004.8135930378946","2004.8135930378946"
"1937","3932.8798481536364","3932.8798481536364","3932.8798481536364"
"1939","4435.091311913559","4435.091311913559","4435.091311913559"
"1941","2050.0539670795533","2050.0539670795533","2050.0539670795533"
"1943","3105.728330499585","3105.728330499585","3105.728330499585"
"1947","3142.7925942344264","3142.7925942344264","3142.7925942344264"
"1951","3370.407750778173","3370.407750778173","3370.407750778173"
"1953","3623.016850843208","3623.016850843208","3623.016850843208"
"1955","3435.8915987717487","3435.8915987717487","3435.8915987717487"
"1957","2173.277052463134","2173.277052463134","2173.277052463134"
"1959","3090.3034471071987","3090.3034471071987","3090.3034471071987"
"1961","2337.1144777497625","2337.1144777497625","2337.1144777497625"
"1965","3722.919194640995","3722.919194640995","3722.919194640995"
"1967","3410.532682601415","3410.532682601415","3410.532682601415"
"1969","4411.65183077197","4411.65183077197","4411.65183077197"
"1971","2209.817427401753","2209.817427401753","2209.817427401753"
"1973","1391.398498710619","1391.398498710619","1391.398498710619"
"1975","2476.5295002420453","2476.5295002420453","2476.5295002420453"
"1979","3564.458141584655","3564.458141584655","3564.458141584655"
"1981","2648.4337978280896","2648.4337978280896","2648.4337978280896"
"1983","2931.8542097692657","2931.8542097692657","2931.8542097692657"
"1985","2361.098455803434","2361.098455803434","2361.098455803434"
"1987","3005.905289822909","3005.905289822909","3005.905289822909"
"1989","3166.78483433009","3166.78483433009","3166.78483433009"
"1991","3682.695232688231","3682.695232688231","3682.695232688231"
"1993","6591.464564106279","6591.464564106279","6591.464564106279"
"1995","2746.1227372051776","2746.1227372051776","2746.1227372051776"
"1997","3063.020233809805","3063.020233809805","3063.020233809805"
"1999","3199.743602770134","3199.743602770134","3199.743602770134"
"2001","4724.759790581656","4724.759790581656","4724.759790581656"
"2005","1600.7322392331073","1600.7322392331073","1600.7322392331073"
"2007","3207.4675547801485","3207.4675547801485","3207.4675547801485"
"2009","2548.2700365383394","2548.2700365383394","2548.2700365383394"
"2013","2815.6162587833514","2815.6162587833514","2815.6162587833514"
"2015","3642.4316704074267","3642.4316704074267","3642.4316704074267"
"2019","3382.7986375555515","3382.7986375555515","3382.7986375555515"
"2021","3534.3959686304875","3534.3959686304875","3534.3959686304875"
"2023","1420.8747101470767","1420.8747101470767","1420.8747101470767"
"2025","2066.9391428104727","2066.9391428104727","2066.9391428104727"
"2027","3653.550178252685","3653.550178252685","3653.550178252685"
"2029","1998.4280324298566","1998.4280324298566","1998.4280324298566"
"2033","2160.117737080128","2160.117737080128","2160.117737080128"
"2037","2381.536345273809","2381.536345273809","2381.536345273809"
"2041","2759.4484874578047","2759.4484874578047","2759.4484874578047"
"2043","3973.47736406149","3973.47736406149","3973.47736406149"
"2045","4167.691958960253","4167.691958960253","4167.691958960253"
"2049","1709.4954135298535","1709.4954135298535","1709.4954135298535"
"2051","2835.924038185137","2835.924038185137","2835.924038185137"
"2053","1564.4354753772625","1564.4354753772625","1564.4354753772625"
"2055","3430.518733898207","3430.518733898207","3430.518733898207"
"2057","3073.4950938256225","3073.4950938256225","3073.4950938256225"
"2059","2768.3676466421957","2768.3676466421957","2768.3676466421957"
"2061","1730.3745597194518","1730.3745597194518","1730.3745597194518"
"2063","3936.049284943357","3936.049284943357","3936.049284943357"
"2065","3307.5172492562883","3307.5172492562883","3307.5172492562883"
"2067","1592.2132778233538","1592.2132778233538","1592.2132778233538"
"2069","2752.930217958029","2752.930217958029","2752.930217958029"
"2071","3079.642865589592","3079.642865589592","3079.642865589592"
"2073","3099.5310994043557","3099.5310994043557","3099.5310994043557"
"2078","1399.1973773084371","1399.1973773084371","1399.1973773084371"
"2082","3259.2918595694427","3259.2918595694427","3259.2918595694427"
"2084","1955.9134605187162","1955.9134605187162","1955.9134605187162"
"2086","3134.655816837709","3134.655816837709","3134.655816837709"
"2088","4330.872163076746","4330.872163076746","4330.872163076746"
"2090","3474.132781769747","3474.132781769747","3474.132781769747"
"2094","3932.9230410075643","3932.9230410075643","3932.9230410075643"
"2096","4843.317904734382","4843.317904734382","4843.317904734382"
"2100","3595.50060259268","3595.50060259268","3595.50060259268"
"2102","3066.0055591205632","3066.0055591205632","3066.0055591205632"
"2104","4623.120712251468","4623.120712251468","4623.120712251468"
"2106","3650.4873361936075","3650.4873361936075","3650.4873361936075"
"2108","3164.692097884008","3164.692097884008","3164.692097884008"
"2110","2689.076964557231","2689.076964557231","2689.076964557231"
"2112","4445.12367853143","4445.12367853143","4445.12367853143"
"2114","4231.424014233557","4231.424014233557","4231.424014233557"
"2116","3264.770450759633","3264.770450759633","3264.770450759633"
"2118","3239.846360955475","3239.846360955475","3239.846360955475"
"2120","2147.8619237991375","2147.8619237991375","2147.8619237991375"
"2122","2461.878732793205","2461.878732793205","2461.878732793205"
"2126","4372.228357569811","4372.228357569811","4372.228357569811"
"2128","3080.2831877840204","3080.2831877840204","3080.2831877840204"
"2130","3153.4295321605723","3153.4295321605723","3153.4295321605723"
"2134","2828.274833545895","2828.274833545895","2828.274833545895"
"2136","4290.542444489295","4290.542444489295","4290.542444489295"
"2138","3000.7057949154496","3000.7057949154496","3000.7057949154496"
"2140","4648.62839122514","4648.62839122514","4648.62839122514"
"2142","5050.462941393967","5050.462941393967","5050.462941393967"
"2144","3646.745113619275","3646.745113619275","3646.745113619275"
"2146","4648.54584896212","4648.54584896212","4648.54584896212"
"2148","2820.3684624273797","2820.3684624273797","2820.3684624273797"
"2150","3047.5574120456213","3047.5574120456213","3047.5574120456213"
"2152","3546.064838863899","3546.064838863899","3546.064838863899"
"2154","3052.158298917118","3052.158298917118","3052.158298917118"
"2156","3136.3833047353146","3136.3833047353146","3136.3833047353146"
"2160","4206.466452710219","4206.466452710219","4206.466452710219"
"2162","2551.968419478647","2551.968419478647","2551.968419478647"
"2164","5701.758077188473","5701.758077188473","5701.758077188473"
"2166","3396.6333708676993","3396.6333708676993","3396.6333708676993"
"2168","3623.0532499601727","3623.0532499601727","3623.0532499601727"
"2170","4956.087459963226","4956.087459963226","4956.087459963226"
"2172","3522.2360122991004","3522.2360122991004","3522.2360122991004"
"2174","3145.2969394835227","3145.2969394835227","3145.2969394835227"
"2176","2697.1970755935604","2697.1970755935604","2697.1970755935604"
"2178","2597.772122430352","2597.772122430352","2597.772122430352"
"2180","4787.667219015526","4787.667219015526","4787.667219015526"
"2182","3320.1633868674176","3320.1633868674176","3320.1633868674176"
"2186","2575.2645576549967","2575.2645576549967","2575.2645576549967"
"2188","1976.077634725029","1976.077634725029","1976.077634725029"
"2190","2650.230543436716","2650.230543436716","2650.230543436716"
"2192","3921.441103577472","3921.441103577472","3921.441103577472"
"2196","3307.749598882151","3307.749598882151","3307.749598882151"
"2198","3347.127679071773","3347.127679071773","3347.127679071773"
"2200","2643.1835183146572","2643.1835183146572","2643.1835183146572"
"2202","2823.309391875206","2823.309391875206","2823.309391875206"
"2204","2863.801661682699","2863.801661682699","2863.801661682699"
"2206","1884.205492819056","1884.205492819056","1884.205492819056"
"2208","1646.7507419542524","1646.7507419542524","1646.7507419542524"
"2210","2831.561345545482","2831.561345545482","2831.561345545482"
"2212","3582.8653610329275","3582.8653610329275","3582.8653610329275"
"2214","4255.708472074318","4255.708472074318","4255.708472074318"
"2216","2218.80112172723","2218.80112172723","2218.80112172723"
"2218","2812.823965699597","2812.823965699597","2812.823965699597"
"2220","5016.55817115201","5016.55817115201","5016.55817115201"
"2228","3402.2174290573726","3402.2174290573726","3402.2174290573726"
"2230","3424.198576693476","3424.198576693476","3424.198576693476"
"2232","2627.481457075897","2627.481457075897","2627.481457075897"
"2234","3059.280035943373","3059.280035943373","3059.280035943373"
"2236","3534.5548044368184","3534.5548044368184","3534.5548044368184"
"2238","3904.5133544995388","3904.5133544995388","3904.5133544995388"
"2242","2536.2951897251605","2536.2951897251605","2536.2951897251605"
"2244","6196.504533536876","6196.504533536876","6196.504533536876"
"2246","2324.962496967767","2324.962496967767","2324.962496967767"
"2250","6406.0104139233235","6406.0104139233235","6406.0104139233235"
"2254","4670.6813448367575","4670.6813448367575","4670.6813448367575"
"2256","2136.1070869782284","2136.1070869782284","2136.1070869782284"
"2258","2561.2943534492156","2561.2943534492156","2561.2943534492156"
"2260","3908.8362715190992","3908.8362715190992","3908.8362715190992"
"2262","3626.6894678639087","3626.6894678639087","3626.6894678639087"
"2264","2500.2914497243632","2500.2914497243632","2500.2914497243632"
"2266","2343.3330482902825","2343.3330482902825","2343.3330482902825"
"2268","3938.0775815200336","3938.0775815200336","3938.0775815200336"
"2270","4880.555508646817","4880.555508646817","4880.555508646817"
"2272","3882.3078756332648","3882.3078756332648","3882.3078756332648"
"2274","5451.825246604662","5451.825246604662","5451.825246604662"
"2276","2755.4706431794157","2755.4706431794157","2755.4706431794157"
"2278","4039.525210293741","4039.525210293741","4039.525210293741"
"2280","2762.087445286005","2762.087445286005","2762.087445286005"
"2282","3154.206879929292","3154.206879929292","3154.206879929292"
"2284","3875.154899762127","3875.154899762127","3875.154899762127"
"2286","3727.906230765379","3727.906230765379","3727.906230765379"
"2290","2865.1106377987207","2865.1106377987207","2865.1106377987207"
"2292","3073.742224903365","3073.742224903365","3073.742224903365"
"2294","4562.4734211500245","4562.4734211500245","4562.4734211500245"
"2296","2283.748453898708","2283.748453898708","2283.748453898708"
"2298","3747.244458281425","3747.244458281425","3747.244458281425"
"2300","3696.131432018046","3696.131432018046","3696.131432018046"
"2302","1935.9547236356048","1935.9547236356048","1935.9547236356048"
"2304","4857.146748848766","4857.146748848766","4857.146748848766"
"2306","3024.075497481756","3024.075497481756","3024.075497481756"
"2308","2797.574334115791","2797.574334115791","2797.574334115791"
"2310","2740.713130703984","2740.713130703984","2740.713130703984"
"2312","3221.9343821902","3221.9343821902","3221.9343821902"
"2314","4268.46300810815","4268.46300810815","4268.46300810815"
"2316","2507.6085777203243","2507.6085777203243","2507.6085777203243"
"2320","1633.5307302957435","1633.5307302957435","1633.5307302957435"
"2322","3309.8068085270065","3309.8068085270065","3309.8068085270065"
"2324","4211.412335802812","4211.412335802812","4211.412335802812"
"2326","1747.159572856411","1747.159572856411","1747.159572856411"
"2328","3542.79130956082","3542.79130956082","3542.79130956082"
"2332","3777.3750406446593","3777.3750406446593","3777.3750406446593"
"2334","5109.94172525864","5109.94172525864","5109.94172525864"
"2336","2267.24172326202","2267.24172326202","2267.24172326202"
"2338","4178.456989870813","4178.456989870813","4178.456989870813"
"2340","3570.508855516248","3570.508855516248","3570.508855516248"
"2342","2243.002381266955","2243.002381266955","2243.002381266955"
"2348","4009.314071715621","4009.314071715621","4009.314071715621"
"2350","1849.3579826590499","1849.3579826590499","1849.3579826590499"
"2352","3118.9381695553966","3118.9381695553966","3118.9381695553966"
"2356","1950.48917295653","1950.48917295653","1950.48917295653"
"2358","4250.688980859489","4250.688980859489","4250.688980859489"
"2360","2662.697848056685","2662.697848056685","2662.697848056685"
"2364","2056.721213882015","2056.721213882015","2056.721213882015"
"2366","1694.3469308282138","1694.3469308282138","1694.3469308282138"
"2368","2773.735943707491","2773.735943707491","2773.735943707491"
"2370","2710.8721876384434","2710.8721876384434","2710.8721876384434"
"2372","3333.6813442039147","3333.6813442039147","3333.6813442039147"
"2376","3292.2313493543184","3292.2313493543184","3292.2313493543184"
"2378","4099.5716531225735","4099.5716531225735","4099.5716531225735"
"2380","5340.9942637685745","5340.9942637685745","5340.9942637685745"
"2382","2751.553253946794","2751.553253946794","2751.553253946794"
"2384","3738.0080407256687","3738.0080407256687","3738.0080407256687"
"2386","2632.2531855952757","2632.2531855952757","2632.2531855952757"
"2388","3546.2144328993772","3546.2144328993772","3546.2144328993772"
"2392","1834.6529382898248","1834.6529382898248","1834.6529382898248"
"2394","3528.748495525238","3528.748495525238","3528.748495525238"
"2396","3050.8194358086794","3050.8194358086794","3050.8194358086794"
"2400","2850.00222774887","2850.00222774887","2850.00222774887"
"2402","2848.308614094745","2848.308614094745","2848.308614094745"
"2404","1778.7610156816602","1778.7610156816602","1778.7610156816602"
"2406","4428.07732437302","4428.07732437302","4428.07732437302"
"2408","3922.547294168686","3922.547294168686","3922.547294168686"
"2410","2158.176024944303","2158.176024944303","2158.176024944303"
"2412","2071.247609401283","2071.247609401283","2071.247609401283"
"2414","2741.024922907883","2741.024922907883","2741.024922907883"
"2418","4077.787063744984","4077.787063744984","4077.787063744984"
"2420","3529.2912933356133","3529.2912933356133","3529.2912933356133"
"2424","3483.272677483617","3483.272677483617","3483.272677483617"
"2428","2182.59755921552","2182.59755921552","2182.59755921552"
"2430","3955.6236361837123","3955.6236361837123","3955.6236361837123"
"2432","3575.023706397571","3575.023706397571","3575.023706397571"
"2434","2387.91763113168","2387.91763113168","2387.91763113168"
"2436","2550.694451016336","2550.694451016336","2550.694451016336"
"2438","4364.589157039912","4364.589157039912","4364.589157039912"
"2440","2856.713567673877","2856.713567673877","2856.713567673877"
"2442","2936.2424634217205","2936.2424634217205","2936.2424634217205"
"2444","2175.7102762970667","2175.7102762970667","2175.7102762970667"
"2446","3279.8560905651448","3279.8560905651448","3279.8560905651448"
"2448","2674.5526075571775","2674.5526075571775","2674.5526075571775"
"2450","4213.580743948756","4213.580743948756","4213.580743948756"
"2452","2207.15784030534","2207.15784030534","2207.15784030534"
"2454","1378.6680621002936","1378.6680621002936","1378.6680621002936"
"2456","3698.09770364827","3698.09770364827","3698.09770364827"
"2458","2545.8902842482935","2545.8902842482935","2545.8902842482935"
"2460","2899.4869018738395","2899.4869018738395","2899.4869018738395"
"2462","3548.67888469057","3548.67888469057","3548.67888469057"
"2464","1472.0815503517854","1472.0815503517854","1472.0815503517854"
"2466","3027.0949230685455","3027.0949230685455","3027.0949230685455"
"2468","2957.4732179307784","2957.4732179307784","2957.4732179307784"
"2470","2616.018489695384","2616.018489695384","2616.018489695384"
"2472","2338.4612334394246","2338.4612334394246","2338.4612334394246"
"2474","3032.410841792402","3032.410841792402","3032.410841792402"
"2476","4164.763572320406","4164.763572320406","4164.763572320406"
"2478","2253.4426835544987","2253.4426835544987","2253.4426835544987"
"2480","4133.758970169564","4133.758970169564","4133.758970169564"
"2482","3712.963956362566","3712.963956362566","3712.963956362566"
"2484","3275.6388461572396","3275.6388461572396","3275.6388461572396"
"2486","2584.1480759763135","2584.1480759763135","2584.1480759763135"
"2488","2391.935378953022","2391.935378953022","2391.935378953022"
"2492","3374.0397782765026","3374.0397782765026","3374.0397782765026"
"2494","4339.900225006641","4339.900225006641","4339.900225006641"
"2496","1596.3779245966164","1596.3779245966164","1596.3779245966164"
"2498","4619.849959059108","4619.849959059108","4619.849959059108"
"2500","3308.45645858393","3308.45645858393","3308.45645858393"
"2502","2465.6035828476092","2465.6035828476092","2465.6035828476092"
"2506","3201.8505445324913","3201.8505445324913","3201.8505445324913"
"2508","2385.633081228087","2385.633081228087","2385.633081228087"
"2510","2534.895191358448","2534.895191358448","2534.895191358448"
"2512","2752.991382331122","2752.991382331122","2752.991382331122"
"2516","2752.046836627391","2752.046836627391","2752.046836627391"
"2518","2942.367072558662","2942.367072558662","2942.367072558662"
"2520","4171.6289376262075","4171.6289376262075","4171.6289376262075"
"2522","2855.095307943934","2855.095307943934","2855.095307943934"
"2524","3826.3096689645677","3826.3096689645677","3826.3096689645677"
"2526","3235.0158655420237","3235.0158655420237","3235.0158655420237"
"2528","3072.6327064479283","3072.6327064479283","3072.6327064479283"
"2530","2581.5934633901616","2581.5934633901616","2581.5934633901616"
"2532","3443.6917893739515","3443.6917893739515","3443.6917893739515"
"2534","2898.784411046399","2898.784411046399","2898.784411046399"
"2537","5164.474517037008","5164.474517037008","5164.474517037008"
"2539","1993.5095831932747","1993.5095831932747","1993.5095831932747"
"2541","1687.8708281853567","1687.8708281853567","1687.8708281853567"
"2543","2725.9350357997873","2725.9350357997873","2725.9350357997873"
"2545","2299.060093560981","2299.060093560981","2299.060093560981"
"2547","2650.6309821959244","2650.6309821959244","2650.6309821959244"
"2549","2615.477444532708","2615.477444532708","2615.477444532708"
"2551","3247.9251510740937","3247.9251510740937","3247.9251510740937"
"2553","2621.8360213700275","2621.8360213700275","2621.8360213700275"
"2555","2634.004820973859","2634.004820973859","2634.004820973859"
"2559","2901.1277825787897","2901.1277825787897","2901.1277825787897"
"2563","2085.8559038869244","2085.8559038869244","2085.8559038869244"
"2565","2273.98128822671","2273.98128822671","2273.98128822671"
"2567","2964.477853223263","2964.477853223263","2964.477853223263"
"2569","3115.5354704088904","3115.5354704088904","3115.5354704088904"
"2571","3702.6873784685067","3702.6873784685067","3702.6873784685067"
"2573","3577.487680572582","3577.487680572582","3577.487680572582"
"2575","2073.86665444968","2073.86665444968","2073.86665444968"
"2577","2534.3221282618038","2534.3221282618038","2534.3221282618038"
"2579","2263.198078853996","2263.198078853996","2263.198078853996"
"2581","3481.0965685702668","3481.0965685702668","3481.0965685702668"
"2583","2975.575606375457","2975.575606375457","2975.575606375457"
"2587","4147.757738531202","4147.757738531202","4147.757738531202"
"2589","2364.868624039372","2364.868624039372","2364.868624039372"
"2591","3244.2559687384705","3244.2559687384705","3244.2559687384705"
"2593","2079.8730525263236","2079.8730525263236","2079.8730525263236"
"2595","3119.655688426561","3119.655688426561","3119.655688426561"
"2597","2453.712575241328","2453.712575241328","2453.712575241328"
"2599","1982.0155587062027","1982.0155587062027","1982.0155587062027"
"2601","3357.2988970271617","3357.2988970271617","3357.2988970271617"
"2603","3544.0131670000064","3544.0131670000064","3544.0131670000064"
"2607","3022.4809045085876","3022.4809045085876","3022.4809045085876"
"2609","2783.610799278446","2783.610799278446","2783.610799278446"
"2611","1485.279083991659","1485.279083991659","1485.279083991659"
"2613","4272.989294897088","4272.989294897088","4272.989294897088"
"2615","4859.278766868992","4859.278766868992","4859.278766868992"
"2617","3251.777392155511","3251.777392155511","3251.777392155511"
"2619","2094.3878362348228","2094.3878362348228","2094.3878362348228"
"2621","2418.928738453727","2418.928738453727","2418.928738453727"
"2625","3745.8516063534444","3745.8516063534444","3745.8516063534444"
"2627","2590.894718877502","2590.894718877502","2590.894718877502"
"2629","3360.738920962968","3360.738920962968","3360.738920962968"
"2631","2268.525765900125","2268.525765900125","2268.525765900125"
"2633","2058.514863154911","2058.514863154911","2058.514863154911"
"2635","1574.297356358649","1574.297356358649","1574.297356358649"
"2637","2892.7795010362083","2892.7795010362083","2892.7795010362083"
"2639","3662.2711145923918","3662.2711145923918","3662.2711145923918"
"2641","4147.108508092116","4147.108508092116","4147.108508092116"
"2643","3581.324949695217","3581.324949695217","3581.324949695217"
"2645","1704.6573355651933","1704.6573355651933","1704.6573355651933"
"2647","3267.253246220529","3267.253246220529","3267.253246220529"
"2649","3502.949008723526","3502.949008723526","3502.949008723526"
"2651","2653.151556270767","2653.151556270767","2653.151556270767"
"2653","3216.8670442822618","3216.8670442822618","3216.8670442822618"
"2655","3843.0153989897776","3843.0153989897776","3843.0153989897776"
"2657","3938.85508940369","3938.85508940369","3938.85508940369"
"2659","2945.2915443868915","2945.2915443868915","2945.2915443868915"
"2661","5182.754138138368","5182.754138138368","5182.754138138368"
"2663","2770.855601778155","2770.855601778155","2770.855601778155"
"2665","3580.7835892674116","3580.7835892674116","3580.7835892674116"
"2667","2915.2662741387812","2915.2662741387812","2915.2662741387812"
"2669","2606.552493427544","2606.552493427544","2606.552493427544"
"2671","3171.346897641703","3171.346897641703","3171.346897641703"
"2673","2854.487995636636","2854.487995636636","2854.487995636636"
"2675","4110.915283351878","4110.915283351878","4110.915283351878"
"2681","4069.5461276583046","4069.5461276583046","4069.5461276583046"
"2683","2776.3778251581025","2776.3778251581025","2776.3778251581025"
"2685","1909.285637532795","1909.285637532795","1909.285637532795"
"2687","3765.825614492181","3765.825614492181","3765.825614492181"
"2691","3524.110514104076","3524.110514104076","3524.110514104076"
"2693","4028.4140836032016","4028.4140836032016","4028.4140836032016"
"2699","2045.6410430467918","2045.6410430467918","2045.6410430467918"
"2703","2692.287931821691","2692.287931821691","2692.287931821691"
"2705","2909.4672187424276","2909.4672187424276","2909.4672187424276"
"2707","3202.9330963706543","3202.9330963706543","3202.9330963706543"
"2709","2465.9945737996773","2465.9945737996773","2465.9945737996773"
"2711","2852.9811622319958","2852.9811622319958","2852.9811622319958"
"2713","1780.8770073655596","1780.8770073655596","1780.8770073655596"
"2715","2699.9649032325005","2699.9649032325005","2699.9649032325005"
"2719","2083.1714606976784","2083.1714606976784","2083.1714606976784"
"2721","2822.9762044073314","2822.9762044073314","2822.9762044073314"
"2723","3206.5171214142833","3206.5171214142833","3206.5171214142833"
"2725","2317.168176407089","2317.168176407089","2317.168176407089"
"2727","2091.3382560840564","2091.3382560840564","2091.3382560840564"
"2729","2201.076593511587","2201.076593511587","2201.076593511587"
"2731","3510.6251449068786","3510.6251449068786","3510.6251449068786"
"2733","1956.630612479295","1956.630612479295","1956.630612479295"
"2735","2612.3195184304464","2612.3195184304464","2612.3195184304464"
"2737","3637.8329462217885","3637.8329462217885","3637.8329462217885"
"2739","1910.9671729989707","1910.9671729989707","1910.9671729989707"
"2741","1939.7998204136882","1939.7998204136882","1939.7998204136882"
"2743","2705.115170001376","2705.115170001376","2705.115170001376"
"2745","3093.827338167174","3093.827338167174","3093.827338167174"
"2747","1359.3885185402607","1359.3885185402607","1359.3885185402607"
"2749","3333.67106346018","3333.67106346018","3333.67106346018"
"2751","3567.1775543702506","3567.1775543702506","3567.1775543702506"
"2753","3645.0900500886337","3645.0900500886337","3645.0900500886337"
"2759","4541.895463266675","4541.895463266675","4541.895463266675"
"2761","1959.0939864796962","1959.0939864796962","1959.0939864796962"
"2763","3380.3359077646815","3380.3359077646815","3380.3359077646815"
"2767","2155.0102263294275","2155.0102263294275","2155.0102263294275"
"2771","3531.4890772140075","3531.4890772140075","3531.4890772140075"
"2775","2542.832290339872","2542.832290339872","2542.832290339872"
"2777","2598.380224545178","2598.380224545178","2598.380224545178"
"2779","4056.7404928022534","4056.7404928022534","4056.7404928022534"
"2783","3462.81763506549","3462.81763506549","3462.81763506549"
"2785","1919.8974887234403","1919.8974887234403","1919.8974887234403"
"2787","1984.085549998591","1984.085549998591","1984.085549998591"
"2789","2749.4075906499465","2749.4075906499465","2749.4075906499465"
"2791","3044.1913034162867","3044.1913034162867","3044.1913034162867"
"2793","2511.8744002505478","2511.8744002505478","2511.8744002505478"
"2795","2003.5975145906864","2003.5975145906864","2003.5975145906864"
"2797","2524.0061446975055","2524.0061446975055","2524.0061446975055"
"2799","1493.5470474105623","1493.5470474105623","1493.5470474105623"
"2801","2106.8508445783136","2106.8508445783136","2106.8508445783136"
"2803","2312.0244477998162","2312.0244477998162","2312.0244477998162"
"2805","2291.7662494148267","2291.7662494148267","2291.7662494148267"
"2807","2867.9235953088837","2867.9235953088837","2867.9235953088837"
"2809","4209.353260417441","4209.353260417441","4209.353260417441"
"2811","2189.2149197585286","2189.2149197585286","2189.2149197585286"
"2813","4671.7297394283005","4671.7297394283005","4671.7297394283005"
"2815","3248.9779038903375","3248.9779038903375","3248.9779038903375"
"2817","1482.9668468181378","1482.9668468181378","1482.9668468181378"
"2819","3723.2297793775288","3723.2297793775288","3723.2297793775288"
"2821","2694.4945656128257","2694.4945656128257","2694.4945656128257"
"2823","2795.6548192263012","2795.6548192263012","2795.6548192263012"
"2825","2771.2144135498966","2771.2144135498966","2771.2144135498966"
"2827","1966.650194988804","1966.650194988804","1966.650194988804"
"2831","2739.6315049455684","2739.6315049455684","2739.6315049455684"
"2833","2634.9257978273895","2634.9257978273895","2634.9257978273895"
"2835","3308.7309636619366","3308.7309636619366","3308.7309636619366"
"2839","1786.7211926055345","1786.7211926055345","1786.7211926055345"
"2841","1963.2756628950522","1963.2756628950522","1963.2756628950522"
"2843","2699.4962977408527","2699.4962977408527","2699.4962977408527"
"2845","2815.2677374977907","2815.2677374977907","2815.2677374977907"
"2847","5336.572020128442","5336.572020128442","5336.572020128442"
"2849","3707.676709723241","3707.676709723241","3707.676709723241"
"2853","3083.744718626747","3083.744718626747","3083.744718626747"
"2855","2186.682156539077","2186.682156539077","2186.682156539077"
"2857","2029.3281706965936","2029.3281706965936","2029.3281706965936"
"2859","2380.203475919368","2380.203475919368","2380.203475919368"
"2863","2455.7084584635604","2455.7084584635604","2455.7084584635604"
"2865","2940.1177703614785","2940.1177703614785","2940.1177703614785"
"2867","3751.883431164141","3751.883431164141","3751.883431164141"
"2869","1544.1957254998597","1544.1957254998597","1544.1957254998597"
"2871","4441.795325369125","4441.795325369125","4441.795325369125"
"2873","4167.260922334731","4167.260922334731","4167.260922334731"
"2875","1617.0493771820388","1617.0493771820388","1617.0493771820388"
"2877","2322.1364029463034","2322.1364029463034","2322.1364029463034"
"2879","3715.36592971151","3715.36592971151","3715.36592971151"
"2881","2972.734938994882","2972.734938994882","2972.734938994882"
"2883","3383.966306417771","3383.966306417771","3383.966306417771"
"2887","2754.774700695203","2754.774700695203","2754.774700695203"
"2889","5701.895280756158","5701.895280756158","5701.895280756158"
"2891","3732.062992745933","3732.062992745933","3732.062992745933"
"2895","3608.397611584395","3608.397611584395","3608.397611584395"
"2897","2090.6411191720895","2090.6411191720895","2090.6411191720895"
"2899","3834.5856547297676","3834.5856547297676","3834.5856547297676"
"2901","2375.6573294447217","2375.6573294447217","2375.6573294447217"
"2903","3571.3674293120857","3571.3674293120857","3571.3674293120857"
"2905","2420.87582004041","2420.87582004041","2420.87582004041"
"2907","2401.312164631881","2401.312164631881","2401.312164631881"
"2909","3124.3011169946603","3124.3011169946603","3124.3011169946603"
"2911","3383.6428568026145","3383.6428568026145","3383.6428568026145"
"2913","1728.746969829946","1728.746969829946","1728.746969829946"
"2915","1796.450357432331","1796.450357432331","1796.450357432331"
"2917","2188.7892942643084","2188.7892942643084","2188.7892942643084"
"2919","2216.6220138080953","2216.6220138080953","2216.6220138080953"
"2921","3114.10530700202","3114.10530700202","3114.10530700202"
"2923","2500.6889347673805","2500.6889347673805","2500.6889347673805"
"2925","3408.2771227654266","3408.2771227654266","3408.2771227654266"
"2927","3738.6942349340093","3738.6942349340093","3738.6942349340093"
"2929","2915.8837965072453","2915.8837965072453","2915.8837965072453"
"2935","2014.8868059200215","2014.8868059200215","2014.8868059200215"
"2937","2523.994927502476","2523.994927502476","2523.994927502476"
"2939","2311.2151275137217","2311.2151275137217","2311.2151275137217"
"2941","3439.4290236539005","3439.4290236539005","3439.4290236539005"
"2943","2622.2842677962553","2622.2842677962553","2622.2842677962553"
"2947","2861.9490851272576","2861.9490851272576","2861.9490851272576"
"2949","2584.464774596324","2584.464774596324","2584.464774596324"
"2951","3203.425044451486","3203.425044451486","3203.425044451486"
"2953","3653.270583437606","3653.270583437606","3653.270583437606"
"2955","1518.7860048994764","1518.7860048994764","1518.7860048994764"
"2957","2801.091048000554","2801.091048000554","2801.091048000554"
"2959","3031.393111675171","3031.393111675171","3031.393111675171"
"2961","2392.647411355271","2392.647411355271","2392.647411355271"
"2965","3124.4167737310568","3124.4167737310568","3124.4167737310568"
"2967","2264.875748491524","2264.875748491524","2264.875748491524"
"2969","4088.264160295484","4088.264160295484","4088.264160295484"
"2971","1796.1486094535435","1796.1486094535435","1796.1486094535435"
"2973","1637.740835741101","1637.740835741101","1637.740835741101"
"2975","2458.8844272944184","2458.8844272944184","2458.8844272944184"
"2977","3993.819394053493","3993.819394053493","3993.819394053493"
"2979","4385.062124851821","4385.062124851821","4385.062124851821"
"2981","3173.2113752467535","3173.2113752467535","3173.2113752467535"
"2983","2321.8312543031334","2321.8312543031334","2321.8312543031334"
"2985","2475.1489016506475","2475.1489016506475","2475.1489016506475"
"2987","3310.7114992873653","3310.7114992873653","3310.7114992873653"
"2991","1811.8196435481107","1811.8196435481107","1811.8196435481107"
"2993","3374.19611575923","3374.19611575923","3374.19611575923"
"2995","1616.5234013026402","1616.5234013026402","1616.5234013026402"
"3000","1801.710257380763","1801.710257380763","1801.710257380763"
"3006","2804.5592531088478","2804.5592531088478","2804.5592531088478"
"3008","2431.9175194881273","2431.9175194881273","2431.9175194881273"
"3010","2877.16360157438","2877.16360157438","2877.16360157438"
"3012","3498.745557230929","3498.745557230929","3498.745557230929"
"3014","1403.5462507499874","1403.5462507499874","1403.5462507499874"
"3016","1850.9529776427607","1850.9529776427607","1850.9529776427607"
"3018","1558.2391340255417","1558.2391340255417","1558.2391340255417"
"3022","1341.8923001180247","1341.8923001180247","1341.8923001180247"
"3024","2912.679896508605","2912.679896508605","2912.679896508605"
"3026","2167.2189979767054","2167.2189979767054","2167.2189979767054"
"3028","2351.8425784181286","2351.8425784181286","2351.8425784181286"
"3030","3333.5835641079993","3333.5835641079993","3333.5835641079993"
"3032","2820.196350115219","2820.196350115219","2820.196350115219"
"3036","2821.473007041933","2821.473007041933","2821.473007041933"
"3040","2358.480337549243","2358.480337549243","2358.480337549243"
"3042","2644.547601871846","2644.547601871846","2644.547601871846"
"3044","2972.7196504947487","2972.7196504947487","2972.7196504947487"
"3046","4543.78466114115","4543.78466114115","4543.78466114115"
"3048","2376.894402385907","2376.894402385907","2376.894402385907"
"3050","3610.064337492599","3610.064337492599","3610.064337492599"
"3052","1643.7667329103328","1643.7667329103328","1643.7667329103328"
"3056","1884.6093740575138","1884.6093740575138","1884.6093740575138"
"3058","1909.5462925147322","1909.5462925147322","1909.5462925147322"
"3060","2526.802099281654","2526.802099281654","2526.802099281654"
"3062","2580.4481731891365","2580.4481731891365","2580.4481731891365"
"3064","2388.0797156698004","2388.0797156698004","2388.0797156698004"
"3066","2929.5742013004324","2929.5742013004324","2929.5742013004324"
"3070","1910.3911280788332","1910.3911280788332","1910.3911280788332"
"3072","2356.0353794807265","2356.0353794807265","2356.0353794807265"
"3074","3378.731607322859","3378.731607322859","3378.731607322859"
"3076","5004.203043108542","5004.203043108542","5004.203043108542"
"3078","2546.030021401331","2546.030021401331","2546.030021401331"
"3082","1943.7369741757718","1943.7369741757718","1943.7369741757718"
"3086","3020.6359875552384","3020.6359875552384","3020.6359875552384"
"3088","3386.701291225184","3386.701291225184","3386.701291225184"
"3090","1924.4205705104262","1924.4205705104262","1924.4205705104262"
"3094","4172.017734386115","4172.017734386115","4172.017734386115"
"3096","2643.0814761287693","2643.0814761287693","2643.0814761287693"
"3098","3235.00031954721","3235.00031954721","3235.00031954721"
"3100","2555.366985705379","2555.366985705379","2555.366985705379"
"3102","2357.620837673572","2357.620837673572","2357.620837673572"
"3104","2990.9735126776495","2990.9735126776495","2990.9735126776495"
"3106","2545.57785983309","2545.57785983309","2545.57785983309"
"3108","3445.5250136040827","3445.5250136040827","3445.5250136040827"
"3110","2585.3869725155646","2585.3869725155646","2585.3869725155646"
"3112","2656.5101440048616","2656.5101440048616","2656.5101440048616"
"3114","1503.5005740658419","1503.5005740658419","1503.5005740658419"
"3116","2874.553049631799","2874.553049631799","2874.553049631799"
"3118","3416.9166035454264","3416.9166035454264","3416.9166035454264"
"3120","2989.326369089211","2989.326369089211","2989.326369089211"
"3122","2419.223410583355","2419.223410583355","2419.223410583355"
"3124","3236.6289034708566","3236.6289034708566","3236.6289034708566"
"3126","4422.236276163094","4422.236276163094","4422.236276163094"
"3128","4016.9183451734207","4016.9183451734207","4016.9183451734207"
"3130","4333.139152333175","4333.139152333175","4333.139152333175"
"3132","1391.009957897337","1391.009957897337","1391.009957897337"
"3134","2331.947411415119","2331.947411415119","2331.947411415119"
"3136","2758.613918450026","2758.613918450026","2758.613918450026"
"3138","3282.3904644063496","3282.3904644063496","3282.3904644063496"
"3140","1948.3469693490163","1948.3469693490163","1948.3469693490163"
"3142","3100.0401775002256","3100.0401775002256","3100.0401775002256"
"3144","3009.595342593047","3009.595342593047","3009.595342593047"
"3146","1730.8669611601674","1730.8669611601674","1730.8669611601674"
"3148","2414.5327298344914","2414.5327298344914","2414.5327298344914"
"3152","2280.614202551713","2280.614202551713","2280.614202551713"
"3154","3737.801141312608","3737.801141312608","3737.801141312608"
"3156","3481.395769234889","3481.395769234889","3481.395769234889"
"3158","2370.5358524491808","2370.5358524491808","2370.5358524491808"
"3160","2211.377918873491","2211.377918873491","2211.377918873491"
"3162","3402.9095920454793","3402.9095920454793","3402.9095920454793"
"3164","3030.604421553995","3030.604421553995","3030.604421553995"
"3168","3228.9329439098615","3228.9329439098615","3228.9329439098615"
"3172","2218.2434672419927","2218.2434672419927","2218.2434672419927"
"3174","4405.929702588468","4405.929702588468","4405.929702588468"
"3176","2014.703850624334","2014.703850624334","2014.703850624334"
"3178","1561.689762802521","1561.689762802521","1561.689762802521"
"3182","1451.0947626709446","1451.0947626709446","1451.0947626709446"
"3184","1654.2210792373053","1654.2210792373053","1654.2210792373053"
"3186","2590.687661741834","2590.687661741834","2590.687661741834"
"3190","2772.8814924365565","2772.8814924365565","2772.8814924365565"
"3192","2103.1205736995103","2103.1205736995103","2103.1205736995103"
"3200","1882.2634596858306","1882.2634596858306","1882.2634596858306"
"3204","1716.933374110352","1716.933374110352","1716.933374110352"
"3208","2667.086319884233","2667.086319884233","2667.086319884233"
"3212","3449.352594459398","3449.352594459398","3449.352594459398"
"3214","1405.199970183242","1405.199970183242","1405.199970183242"
"3216","1674.9358612384763","1674.9358612384763","1674.9358612384763"
"3218","2253.251074730492","2253.251074730492","2253.251074730492"
"3220","2590.3131913948037","2590.3131913948037","2590.3131913948037"
"3222","3389.8432353367252","3389.8432353367252","3389.8432353367252"
"3224","3688.621075793537","3688.621075793537","3688.621075793537"
"3226","2250.328715472182","2250.328715472182","2250.328715472182"
"3228","2354.2562878409185","2354.2562878409185","2354.2562878409185"
"3230","3892.4924819030875","3892.4924819030875","3892.4924819030875"
"3232","2516.6468410837347","2516.6468410837347","2516.6468410837347"
"3234","2647.3569663136163","2647.3569663136163","2647.3569663136163"
"3238","2054.0522873515924","2054.0522873515924","2054.0522873515924"
"3240","2053.3933806683212","2053.3933806683212","2053.3933806683212"
"3242","2225.3210387985487","2225.3210387985487","2225.3210387985487"
"3244","1589.8309163505826","1589.8309163505826","1589.8309163505826"
"3246","3336.518176817748","3336.518176817748","3336.518176817748"
"3248","2635.993292579308","2635.993292579308","2635.993292579308"
"3250","3625.7237829920105","3625.7237829920105","3625.7237829920105"
"3252","2697.5260504559806","2697.5260504559806","2697.5260504559806"
"3254","3786.885334094601","3786.885334094601","3786.885334094601"
"3262","3554.1798155713927","3554.1798155713927","3554.1798155713927"
"3264","3415.7910630324373","3415.7910630324373","3415.7910630324373"
"3266","1553.497247009306","1553.497247009306","1553.497247009306"
"3268","2804.475170588371","2804.475170588371","2804.475170588371"
"3270","3136.5209638249826","3136.5209638249826","3136.5209638249826"
"3272","2042.3114806106526","2042.3114806106526","2042.3114806106526"
"3274","2312.4151472040653","2312.4151472040653","2312.4151472040653"
"3276","1802.4186987272467","1802.4186987272467","1802.4186987272467"
"3278","1977.6899492132716","1977.6899492132716","1977.6899492132716"
"3280","3484.4771314629493","3484.4771314629493","3484.4771314629493"
"3282","2771.87975267005","2771.87975267005","2771.87975267005"
"3284","2556.839261305256","2556.839261305256","2556.839261305256"
"3286","3561.2709786442238","3561.2709786442238","3561.2709786442238"
"3288","2090.7631750018977","2090.7631750018977","2090.7631750018977"
"3290","2435.113808705998","2435.113808705998","2435.113808705998"
"3292","2479.3346696049152","2479.3346696049152","2479.3346696049152"
"3294","2616.023758603183","2616.023758603183","2616.023758603183"
"3296","2605.446914055185","2605.446914055185","2605.446914055185"
"3298","3070.90089707257","3070.90089707257","3070.90089707257"
"3300","2098.1117052435998","2098.1117052435998","2098.1117052435998"
"3302","1673.5829827036457","1673.5829827036457","1673.5829827036457"
"3304","2192.896249712193","2192.896249712193","2192.896249712193"
"3306","2685.1863272266837","2685.1863272266837","2685.1863272266837"
"3308","4529.788340577395","4529.788340577395","4529.788340577395"
"3310","4838.208905354727","4838.208905354727","4838.208905354727"
"3312","2472.484685119471","2472.484685119471","2472.484685119471"
"3316","2945.2361443535856","2945.2361443535856","2945.2361443535856"
"3318","2931.045217620118","2931.045217620118","2931.045217620118"
"3320","3748.24940033402","3748.24940033402","3748.24940033402"
"3322","2613.380424544971","2613.380424544971","2613.380424544971"
"3324","3773.6867818373507","3773.6867818373507","3773.6867818373507"
"3326","3009.0024996848865","3009.0024996848865","3009.0024996848865"
"3328","2471.9560785897734","2471.9560785897734","2471.9560785897734"
"3330","1695.5532351323004","1695.5532351323004","1695.5532351323004"
"3332","1732.8384999422026","1732.8384999422026","1732.8384999422026"
"3334","2828.8411556193355","2828.8411556193355","2828.8411556193355"
"3336","1822.6372073176578","1822.6372073176578","1822.6372073176578"
"3338","3821.2956604680053","3821.2956604680053","3821.2956604680053"
"3342","2307.07101900655","2307.07101900655","2307.07101900655"
"3346","3572.2280910182367","3572.2280910182367","3572.2280910182367"
"3348","3020.9774635175786","3020.9774635175786","3020.9774635175786"
"3350","1766.2772244145874","1766.2772244145874","1766.2772244145874"
"3352","4223.160557446883","4223.160557446883","4223.160557446883"
"3354","2553.380065839738","2553.380065839738","2553.380065839738"
"3356","1865.7000694315373","1865.7000694315373","1865.7000694315373"
"3358","2568.0097914974026","2568.0097914974026","2568.0097914974026"
"3360","1866.9785338747665","1866.9785338747665","1866.9785338747665"
"3362","3002.363694358252","3002.363694358252","3002.363694358252"
"3364","3091.711605821617","3091.711605821617","3091.711605821617"
"3366","4666.4894026343","4666.4894026343","4666.4894026343"
"3368","3264.814951692751","3264.814951692751","3264.814951692751"
"3370","1917.3407215924208","1917.3407215924208","1917.3407215924208"
"3372","2847.790771153668","2847.790771153668","2847.790771153668"
"3374","3513.561702949733","3513.561702949733","3513.561702949733"
"3376","2500.602232398683","2500.602232398683","2500.602232398683"
"3380","3110.40977052272","3110.40977052272","3110.40977052272"
"3384","1549.5094061286275","1549.5094061286275","1549.5094061286275"
"3386","4085.134759242013","4085.134759242013","4085.134759242013"
"3388","2566.3102246671997","2566.3102246671997","2566.3102246671997"
"3390","3081.2981897729314","3081.2981897729314","3081.2981897729314"
"3392","1439.2955647213973","1439.2955647213973","1439.2955647213973"
"3394","2553.1620872726758","2553.1620872726758","2553.1620872726758"
"3396","2024.7649327170352","2024.7649327170352","2024.7649327170352"
"3398","1586.4347467612374","1586.4347467612374","1586.4347467612374"
"3400","1384.1709048946766","1384.1709048946766","1384.1709048946766"
"3402","2553.019530313516","2553.019530313516","2553.019530313516"
"3404","2293.5139009646145","2293.5139009646145","2293.5139009646145"
"3408","1605.358683857632","1605.358683857632","1605.358683857632"
"3410","3057.190233245161","3057.190233245161","3057.190233245161"
"3412","2822.7430157664985","2822.7430157664985","2822.7430157664985"
"3414","3558.027563685757","3558.027563685757","3558.027563685757"
"3418","2003.1063200961896","2003.1063200961896","2003.1063200961896"
"3422","1991.3775536619748","1991.3775536619748","1991.3775536619748"
"3426","3689.821700450851","3689.821700450851","3689.821700450851"
"3428","1701.3332211595525","1701.3332211595525","1701.3332211595525"
"3430","1574.4634632139723","1574.4634632139723","1574.4634632139723"
"3432","3331.9552995404147","3331.9552995404147","3331.9552995404147"
"3434","2541.266145312448","2541.266145312448","2541.266145312448"
"3436","1112.1775359371684","1112.1775359371684","1112.1775359371684"
"3438","2923.336775169463","2923.336775169463","2923.336775169463"
"3440","2362.718120981075","2362.718120981075","2362.718120981075"
"3442","3011.2388218553065","3011.2388218553065","3011.2388218553065"
"3444","1618.323889731653","1618.323889731653","1618.323889731653"
"3446","3211.21566384365","3211.21566384365","3211.21566384365"
"3448","4022.385543038875","4022.385543038875","4022.385543038875"
"3450","3177.7556547028025","3177.7556547028025","3177.7556547028025"
"3452","3120.053668263601","3120.053668263601","3120.053668263601"
"3454","3034.137608899666","3034.137608899666","3034.137608899666"
"3456","2498.2513332132435","2498.2513332132435","2498.2513332132435"
"3459","2261.65860018689","2261.65860018689","2261.65860018689"
"3461","2689.3475081705064","2689.3475081705064","2689.3475081705064"
"3463","2093.930571157015","2093.930571157015","2093.930571157015"
"3465","2091.095807786305","2091.095807786305","2091.095807786305"
"3469","2004.6216345868993","2004.6216345868993","2004.6216345868993"
"3471","3253.9963818508304","3253.9963818508304","3253.9963818508304"
"3473","2820.7907073144966","2820.7907073144966","2820.7907073144966"
"3475","1259.3903832880437","1259.3903832880437","1259.3903832880437"
"3477","2895.6652850966043","2895.6652850966043","2895.6652850966043"
"3479","4719.667370782388","4719.667370782388","4719.667370782388"
"3481","3714.4624131283445","3714.4624131283445","3714.4624131283445"
"3483","1851.7662048954369","1851.7662048954369","1851.7662048954369"
"3485","2708.752886969098","2708.752886969098","2708.752886969098"
"3489","3522.7076922848564","3522.7076922848564","3522.7076922848564"
"3491","3130.1363218955903","3130.1363218955903","3130.1363218955903"
"3493","2764.037953855942","2764.037953855942","2764.037953855942"
"3501","976.562595367427","976.562595367427","976.562595367427"
"3503","3872.8728070100365","3872.8728070100365","3872.8728070100365"
"3505","3159.47836358754","3159.47836358754","3159.47836358754"
"3507","2539.2548414884445","2539.2548414884445","2539.2548414884445"
"3509","2790.621324560259","2790.621324560259","2790.621324560259"
"3511","3692.6019336704053","3692.6019336704053","3692.6019336704053"
"3513","1427.6389208820428","1427.6389208820428","1427.6389208820428"
"3515","4485.053326811744","4485.053326811744","4485.053326811744"
"3517","3479.7058468126443","3479.7058468126443","3479.7058468126443"
"3519","2424.9816780774618","2424.9816780774618","2424.9816780774618"
"3521","2454.8314045684324","2454.8314045684324","2454.8314045684324"
"3523","3440.551162294692","3440.551162294692","3440.551162294692"
"3525","1444.1405519460177","1444.1405519460177","1444.1405519460177"
"3527","3661.5482154691927","3661.5482154691927","3661.5482154691927"
"3529","3425.710683898374","3425.710683898374","3425.710683898374"
"3531","3130.4914385604343","3130.4914385604343","3130.4914385604343"
"3533","2917.193666031731","2917.193666031731","2917.193666031731"
"3535","2865.1215596732377","2865.1215596732377","2865.1215596732377"
"3539","2598.63799050556","2598.63799050556","2598.63799050556"
"3543","2643.900380468202","2643.900380468202","2643.900380468202"
"3545","2930.939724652184","2930.939724652184","2930.939724652184"
"3547","3011.9174342541346","3011.9174342541346","3011.9174342541346"
"3549","2188.5978123832842","2188.5978123832842","2188.5978123832842"
"3553","2313.9222256466187","2313.9222256466187","2313.9222256466187"
"3555","2433.182254492921","2433.182254492921","2433.182254492921"
"3557","2106.1069285704034","2106.1069285704034","2106.1069285704034"
"3559","3571.6920270136643","3571.6920270136643","3571.6920270136643"
"3561","1722.2677342001134","1722.2677342001134","1722.2677342001134"
"3563","4314.191431248687","4314.191431248687","4314.191431248687"
"3565","2207.499260356861","2207.499260356861","2207.499260356861"
"3567","2750.450021595171","2750.450021595171","2750.450021595171"
"3569","2396.6137851883846","2396.6137851883846","2396.6137851883846"
"3571","1443.7607863877868","1443.7607863877868","1443.7607863877868"
"3573","3741.870651688605","3741.870651688605","3741.870651688605"
"3575","2033.253195491481","2033.253195491481","2033.253195491481"
"3579","3678.2011362912554","3678.2011362912554","3678.2011362912554"
"3581","2115.3599991483197","2115.3599991483197","2115.3599991483197"
"3583","2191.019462681383","2191.019462681383","2191.019462681383"
"3585","2178.7917986902094","2178.7917986902094","2178.7917986902094"
"3589","2841.5845024744667","2841.5845024744667","2841.5845024744667"
"3591","3311.6772502612625","3311.6772502612625","3311.6772502612625"
"3593","3606.7507728358482","3606.7507728358482","3606.7507728358482"
"3595","1035.9437214476127","1035.9437214476127","1035.9437214476127"
"3597","986.9793828579842","986.9793828579842","986.9793828579842"
"3599","2938.452895814945","2938.452895814945","2938.452895814945"
"3601","2129.5161642225567","2129.5161642225567","2129.5161642225567"
"3605","2520.560564437245","2520.560564437245","2520.560564437245"
"3607","2229.829031736855","2229.829031736855","2229.829031736855"
"3609","2915.7584626949033","2915.7584626949033","2915.7584626949033"
"3611","4318.4122110806875","4318.4122110806875","4318.4122110806875"
"3613","3035.8562766855734","3035.8562766855734","3035.8562766855734"
"3615","2963.743128686129","2963.743128686129","2963.743128686129"
"3617","2799.4200086626956","2799.4200086626956","2799.4200086626956"
"3619","1502.7395900301658","1502.7395900301658","1502.7395900301658"
"3621","3343.2457980477047","3343.2457980477047","3343.2457980477047"
"3623","2525.0500112245354","2525.0500112245354","2525.0500112245354"
"3625","2029.6866563027313","2029.6866563027313","2029.6866563027313"
"3627","1729.3892823874787","1729.3892823874787","1729.3892823874787"
"3629","2494.2263601170635","2494.2263601170635","2494.2263601170635"
"3631","3289.8663741298374","3289.8663741298374","3289.8663741298374"
"3633","2483.875158398143","2483.875158398143","2483.875158398143"
"3635","2339.978999080319","2339.978999080319","2339.978999080319"
"3637","1702.486491597846","1702.486491597846","1702.486491597846"
"3641","2565.7756849451252","2565.7756849451252","2565.7756849451252"
"3643","2661.0826960052914","2661.0826960052914","2661.0826960052914"
"3647","2918.645011843378","2918.645011843378","2918.645011843378"
"3649","1905.4679204321976","1905.4679204321976","1905.4679204321976"
"3651","2303.8644452472363","2303.8644452472363","2303.8644452472363"
"3653","1816.1441244677626","1816.1441244677626","1816.1441244677626"
"3655","2553.770454836433","2553.770454836433","2553.770454836433"
"3657","1516.5589394754572","1516.5589394754572","1516.5589394754572"
"3659","1737.310749405765","1737.310749405765","1737.310749405765"
"3663","2856.8218015692814","2856.8218015692814","2856.8218015692814"
"3665","1787.892987993782","1787.892987993782","1787.892987993782"
"3667","1158.9141001544128","1158.9141001544128","1158.9141001544128"
"3669","2973.948870619881","2973.948870619881","2973.948870619881"
"3671","3965.4418419038834","3965.4418419038834","3965.4418419038834"
"3673","2965.626956187368","2965.626956187368","2965.626956187368"
"3675","3798.5148950410025","3798.5148950410025","3798.5148950410025"
"3677","2043.428956343692","2043.428956343692","2043.428956343692"
"3679","2107.755781277309","2107.755781277309","2107.755781277309"
"3681","3034.2137310572552","3034.2137310572552","3034.2137310572552"
"3683","2393.6826530873013","2393.6826530873013","2393.6826530873013"
"3685","1799.6751694174873","1799.6751694174873","1799.6751694174873"
"3687","3755.044722817736","3755.044722817736","3755.044722817736"
"3689","2627.2833804461006","2627.2833804461006","2627.2833804461006"
"3691","2940.619481250802","2940.619481250802","2940.619481250802"
"3695","2117.6189461597837","2117.6189461597837","2117.6189461597837"
"3697","2220.7233760182135","2220.7233760182135","2220.7233760182135"
"3699","2857.6254729760335","2857.6254729760335","2857.6254729760335"
"3701","1920.3784434679926","1920.3784434679926","1920.3784434679926"
"3707","2001.0062979280226","2001.0062979280226","2001.0062979280226"
"3711","3616.1021999953846","3616.1021999953846","3616.1021999953846"
"3713","3784.9677465090103","3784.9677465090103","3784.9677465090103"
"3715","2800.967626608606","2800.967626608606","2800.967626608606"
"3717","2274.98030339612","2274.98030339612","2274.98030339612"
"3719","2864.8029878960547","2864.8029878960547","2864.8029878960547"
"3721","2139.706557305856","2139.706557305856","2139.706557305856"
"3723","2344.661535388508","2344.661535388508","2344.661535388508"
"3725","1723.5579758086153","1723.5579758086153","1723.5579758086153"
"3727","2251.096875332937","2251.096875332937","2251.096875332937"
"3729","2927.812357672579","2927.812357672579","2927.812357672579"
"3731","3293.017109869902","3293.017109869902","3293.017109869902"
"3733","1453.9191731775902","1453.9191731775902","1453.9191731775902"
"3737","3120.58900420815","3120.58900420815","3120.58900420815"
"3739","3047.5413987521783","3047.5413987521783","3047.5413987521783"
"3741","1965.7273931473226","1965.7273931473226","1965.7273931473226"
"3743","3014.2713532730413","3014.2713532730413","3014.2713532730413"
"3745","2076.7091502696126","2076.7091502696126","2076.7091502696126"
"3747","2070.156397422539","2070.156397422539","2070.156397422539"
"3749","3885.051810730409","3885.051810730409","3885.051810730409"
"3751","2455.23624927596","2455.23624927596","2455.23624927596"
"3753","2891.5763268984806","2891.5763268984806","2891.5763268984806"
"3755","2000.6914582635352","2000.6914582635352","2000.6914582635352"
"3757","1558.99071000355","1558.99071000355","1558.99071000355"
"3759","3710.0421427700676","3710.0421427700676","3710.0421427700676"
"3761","2671.6425833644853","2671.6425833644853","2671.6425833644853"
"3763","2364.0174349607464","2364.0174349607464","2364.0174349607464"
"3765","1664.6757316746266","1664.6757316746266","1664.6757316746266"
"3769","3405.8053618885465","3405.8053618885465","3405.8053618885465"
"3771","3700.3836887117027","3700.3836887117027","3700.3836887117027"
"3773","2396.6667895544742","2396.6667895544742","2396.6667895544742"
"3775","1736.365559263449","1736.365559263449","1736.365559263449"
"3777","3028.7628539360117","3028.7628539360117","3028.7628539360117"
"3779","2191.1496982913654","2191.1496982913654","2191.1496982913654"
"3783","3863.163212437685","3863.163212437685","3863.163212437685"
"3785","2392.49357735859","2392.49357735859","2392.49357735859"
"3787","3167.258873367255","3167.258873367255","3167.258873367255"
"3789","3766.5249394166285","3766.5249394166285","3766.5249394166285"
"3791","2160.3723559315667","2160.3723559315667","2160.3723559315667"
"3793","2430.8843087583887","2430.8843087583887","2430.8843087583887"
"3795","2793.758520757666","2793.758520757666","2793.758520757666"
"3797","1377.6396669910748","1377.6396669910748","1377.6396669910748"
"3799","2497.0203763155614","2497.0203763155614","2497.0203763155614"
"3801","1946.7079603749048","1946.7079603749048","1946.7079603749048"
"3803","1618.0259332539854","1618.0259332539854","1618.0259332539854"
"3807","2199.150802619652","2199.150802619652","2199.150802619652"
"3809","2512.447393872497","2512.447393872497","2512.447393872497"
"3811","2555.202099828404","2555.202099828404","2555.202099828404"
"3813","2382.9313154771407","2382.9313154771407","2382.9313154771407"
"3815","2274.908252060737","2274.908252060737","2274.908252060737"
"3819","3479.186150311644","3479.186150311644","3479.186150311644"
"3823","1220.1121998051894","1220.1121998051894","1220.1121998051894"
"3825","2946.1121776311006","2946.1121776311006","2946.1121776311006"
"3827","3751.6483022211255","3751.6483022211255","3751.6483022211255"
"3829","3733.9215502106417","3733.9215502106417","3733.9215502106417"
"3831","2948.974952978807","2948.974952978807","2948.974952978807"
"3833","2461.7848375626654","2461.7848375626654","2461.7848375626654"
"3835","2859.99514415969","2859.99514415969","2859.99514415969"
"3837","3010.100695693665","3010.100695693665","3010.100695693665"
"3841","3015.6168072841224","3015.6168072841224","3015.6168072841224"
"3845","1581.455879604845","1581.455879604845","1581.455879604845"
"3847","1234.4865823966177","1234.4865823966177","1234.4865823966177"
"3851","3858.2882451470723","3858.2882451470723","3858.2882451470723"
"3855","2935.862581962946","2935.862581962946","2935.862581962946"
"3857","4509.136236984984","4509.136236984984","4509.136236984984"
"3859","1646.045065088807","1646.045065088807","1646.045065088807"
"3861","3110.888927277866","3110.888927277866","3110.888927277866"
"3863","3974.986702818792","3974.986702818792","3974.986702818792"
"3865","2989.531236896885","2989.531236896885","2989.531236896885"
"3867","1846.0746673747135","1846.0746673747135","1846.0746673747135"
"3869","2346.3096152227636","2346.3096152227636","2346.3096152227636"
"3873","2625.3572743106274","2625.3572743106274","2625.3572743106274"
"3875","3546.730189791287","3546.730189791287","3546.730189791287"
"3877","2011.900032541876","2011.900032541876","2011.900032541876"
"3879","1984.4870310419926","1984.4870310419926","1984.4870310419926"
"3881","1447.355398876413","1447.355398876413","1447.355398876413"
"3883","1645.5743136678968","1645.5743136678968","1645.5743136678968"
"3885","2422.1078699197883","2422.1078699197883","2422.1078699197883"
"3887","2862.9238639418695","2862.9238639418695","2862.9238639418695"
"3891","2044.2586440838622","2044.2586440838622","2044.2586440838622"
"3893","2901.1989199321706","2901.1989199321706","2901.1989199321706"
"3895","3024.78189667319","3024.78189667319","3024.78189667319"
"3897","2446.460679786291","2446.460679786291","2446.460679786291"
"3899","2582.303042974697","2582.303042974697","2582.303042974697"
"3901","3396.0193493373845","3396.0193493373845","3396.0193493373845"
"3903","1098.3925450704626","1098.3925450704626","1098.3925450704626"
"3905","1729.4460960376657","1729.4460960376657","1729.4460960376657"
"3907","1795.8922393841224","1795.8922393841224","1795.8922393841224"
"3909","1744.4311606962467","1744.4311606962467","1744.4311606962467"
"3911","2426.926666464285","2426.926666464285","2426.926666464285"
"3913","3362.903183833752","3362.903183833752","3362.903183833752"
"3917","3664.1441287320035","3664.1441287320035","3664.1441287320035"
"3920","2151.593058361494","2151.593058361494","2151.593058361494"
"3922","3441.004483935365","3441.004483935365","3441.004483935365"
"3924","2970.0660298293324","2970.0660298293324","2970.0660298293324"
"3928","2357.424896415285","2357.424896415285","2357.424896415285"
"3930","1493.7673987688129","1493.7673987688129","1493.7673987688129"
"3932","2881.92276806065","2881.92276806065","2881.92276806065"
"3934","1747.8528261366619","1747.8528261366619","1747.8528261366619"
"3936","1759.125378196983","1759.125378196983","1759.125378196983"
"3938","2092.552212527474","2092.552212527474","2092.552212527474"
"3940","2765.8412223819105","2765.8412223819105","2765.8412223819105"
"3942","2566.374530334935","2566.374530334935","2566.374530334935"
"3944","4785.428409232631","4785.428409232631","4785.428409232631"
"3946","1898.4021627017971","1898.4021627017971","1898.4021627017971"
"3948","2935.701174560893","2935.701174560893","2935.701174560893"
"3950","2093.9825199316665","2093.9825199316665","2093.9825199316665"
"3952","2199.775787870874","2199.775787870874","2199.775787870874"
"3954","2918.842205371928","2918.842205371928","2918.842205371928"
"3956","2237.0914339278997","2237.0914339278997","2237.0914339278997"
"3958","2270.0722389395632","2270.0722389395632","2270.0722389395632"
"3960","1876.0202532818269","1876.0202532818269","1876.0202532818269"
"3964","1453.9328170431693","1453.9328170431693","1453.9328170431693"
"3966","2922.183025667944","2922.183025667944","2922.183025667944"
"3968","3250.904315066631","3250.904315066631","3250.904315066631"
"3970","1823.987623517289","1823.987623517289","1823.987623517289"
"3972","1223.5329823973595","1223.5329823973595","1223.5329823973595"
"3974","2419.955969963622","2419.955969963622","2419.955969963622"
"3976","2301.4864269977647","2301.4864269977647","2301.4864269977647"
"3978","3205.0578170774593","3205.0578170774593","3205.0578170774593"
"3980","2592.7151028667477","2592.7151028667477","2592.7151028667477"
"3982","1881.9911083154286","1881.9911083154286","1881.9911083154286"
"3984","2163.0448623787297","2163.0448623787297","2163.0448623787297"
"3986","1562.10107479194","1562.10107479194","1562.10107479194"
"3988","2546.629706663994","2546.629706663994","2546.629706663994"
"3990","2127.579879544301","2127.579879544301","2127.579879544301"
"3992","2911.408942024863","2911.408942024863","2911.408942024863"
"3994","2613.2816377419954","2613.2816377419954","2613.2816377419954"
"3998","3416.834942911012","3416.834942911012","3416.834942911012"
"4000","3570.8055719181507","3570.8055719181507","3570.8055719181507"
"4002","2159.6379925939295","2159.6379925939295","2159.6379925939295"
"4004","3229.0483140278493","3229.0483140278493","3229.0483140278493"
"4006","2527.8339058078996","2527.8339058078996","2527.8339058078996"
"4008","3078.119055262988","3078.119055262988","3078.119055262988"
"4010","3041.539533562306","3041.539533562306","3041.539533562306"
"4012","3827.6720752195047","3827.6720752195047","3827.6720752195047"
"4014","2455.134968490294","2455.134968490294","2455.134968490294"
"4016","2773.5245382056623","2773.5245382056623","2773.5245382056623"
"4018","2258.8816127791133","2258.8816127791133","2258.8816127791133"
"4020","2309.952718356131","2309.952718356131","2309.952718356131"
"4022","4490.523154391976","4490.523154391976","4490.523154391976"
"4024","2007.6070821451906","2007.6070821451906","2007.6070821451906"
"4026","1263.8512237960183","1263.8512237960183","1263.8512237960183"
"4030","3709.6254137287488","3709.6254137287488","3709.6254137287488"
"4032","1030.323470288373","1030.323470288373","1030.323470288373"
"4034","2854.2107865248618","2854.2107865248618","2854.2107865248618"
"4038","1702.5615433773949","1702.5615433773949","1702.5615433773949"
"4040","1133.319724736952","1133.319724736952","1133.319724736952"
"4042","3099.4022542959447","3099.4022542959447","3099.4022542959447"
"4044","3300.7961476006726","3300.7961476006726","3300.7961476006726"
"4048","3398.1540167072894","3398.1540167072894","3398.1540167072894"
"4050","2173.935352021795","2173.935352021795","2173.935352021795"
"4052","801.9133740981985","801.9133740981985","801.9133740981985"
"4056","2017.5044183848142","2017.5044183848142","2017.5044183848142"
"4058","2230.6104304382156","2230.6104304382156","2230.6104304382156"
"4060","3057.715619969096","3057.715619969096","3057.715619969096"
"4062","2575.725103107093","2575.725103107093","2575.725103107093"
"4064","2763.5967931894056","2763.5967931894056","2763.5967931894056"
"4066","2330.1847805992334","2330.1847805992334","2330.1847805992334"
"4068","3927.183897044554","3927.183897044554","3927.183897044554"
"4070","2484.8006561597294","2484.8006561597294","2484.8006561597294"
"4072","2565.487027843438","2565.487027843438","2565.487027843438"
"4074","1655.762411717568","1655.762411717568","1655.762411717568"
"4076","2817.234980838424","2817.234980838424","2817.234980838424"
"4078","2682.938436041786","2682.938436041786","2682.938436041786"
"4080","2328.317218244385","2328.317218244385","2328.317218244385"
"4082","2315.0212359226816","2315.0212359226816","2315.0212359226816"
"4084","3471.9963304897447","3471.9963304897447","3471.9963304897447"
"4086","2570.5935547748986","2570.5935547748986","2570.5935547748986"
"4088","3392.3012593582803","3392.3012593582803","3392.3012593582803"
"4090","1729.2285246489641","1729.2285246489641","1729.2285246489641"
"4092","1407.4201483799286","1407.4201483799286","1407.4201483799286"
"4094","3011.6236680356064","3011.6236680356064","3011.6236680356064"
"4096","2390.6287211968875","2390.6287211968875","2390.6287211968875"
"4098","1994.8215461631257","1994.8215461631257","1994.8215461631257"
"4100","2530.023477826103","2530.023477826103","2530.023477826103"
"4102","2517.244646878773","2517.244646878773","2517.244646878773"
"4104","2481.20552294574","2481.20552294574","2481.20552294574"
"4106","1659.0837492437965","1659.0837492437965","1659.0837492437965"
"4108","3879.6276793091033","3879.6276793091033","3879.6276793091033"
"4110","2587.64344960321","2587.64344960321","2587.64344960321"
"4112","3269.84854267225","3269.84854267225","3269.84854267225"
"4114","3285.872858656933","3285.872858656933","3285.872858656933"
"4118","3172.4510139639387","3172.4510139639387","3172.4510139639387"
"4120","3869.4250010970804","3869.4250010970804","3869.4250010970804"
"4122","2083.0816871931193","2083.0816871931193","2083.0816871931193"
"4124","1385.7824226974014","1385.7824226974014","1385.7824226974014"
"4126","3339.1926225540865","3339.1926225540865","3339.1926225540865"
"4128","2556.0936105824767","2556.0936105824767","2556.0936105824767"
"4130","4456.636316051769","4456.636316051769","4456.636316051769"
"4132","1833.4121786488317","1833.4121786488317","1833.4121786488317"
"4134","2741.6954142407376","2741.6954142407376","2741.6954142407376"
"4136","2827.122874300852","2827.122874300852","2827.122874300852"
"4138","3399.4553674973604","3399.4553674973604","3399.4553674973604"
"4140","2477.523151086484","2477.523151086484","2477.523151086484"
"4142","832.0686372228179","832.0686372228179","832.0686372228179"
"4144","3791.6339918272756","3791.6339918272756","3791.6339918272756"
"4146","2881.880627669873","2881.880627669873","2881.880627669873"
"4150","2573.6409987572547","2573.6409987572547","2573.6409987572547"
"4156","4419.510104509963","4419.510104509963","4419.510104509963"
"4158","2936.6598449628523","2936.6598449628523","2936.6598449628523"
"4162","2450.2817186587868","2450.2817186587868","2450.2817186587868"
"4164","1358.4628333289131","1358.4628333289131","1358.4628333289131"
"4166","1509.2402774204747","1509.2402774204747","1509.2402774204747"
"4168","1704.4733183039161","1704.4733183039161","1704.4733183039161"
"4170","1435.6314705556317","1435.6314705556317","1435.6314705556317"
"4174","1902.3335435033446","1902.3335435033446","1902.3335435033446"
"4178","2190.361025274484","2190.361025274484","2190.361025274484"
"4180","2576.859192338265","2576.859192338265","2576.859192338265"
"4182","3952.5341753414127","3952.5341753414127","3952.5341753414127"
"4184","2983.989750627194","2983.989750627194","2983.989750627194"
"4186","2798.6048138823444","2798.6048138823444","2798.6048138823444"
"4188","3228.797609507661","3228.797609507661","3228.797609507661"
"4190","2930.5960200189334","2930.5960200189334","2930.5960200189334"
"4194","3142.7373567192885","3142.7373567192885","3142.7373567192885"
"4196","2350.8339954263956","2350.8339954263956","2350.8339954263956"
"4198","2459.0750867672023","2459.0750867672023","2459.0750867672023"
"4202","3675.382440480669","3675.382440480669","3675.382440480669"
"4204","1957.4889068605867","1957.4889068605867","1957.4889068605867"
"4206","1170.4582949252774","1170.4582949252774","1170.4582949252774"
"4208","2876.36202186633","2876.36202186633","2876.36202186633"
"4210","3810.147286506827","3810.147286506827","3810.147286506827"
"4212","2595.818235027885","2595.818235027885","2595.818235027885"
"4214","1449.4436737272192","1449.4436737272192","1449.4436737272192"
"4216","1440.9730823800255","1440.9730823800255","1440.9730823800255"
"4218","1766.4989844422398","1766.4989844422398","1766.4989844422398"
"4220","3218.0768623908007","3218.0768623908007","3218.0768623908007"
"4222","2472.891460398434","2472.891460398434","2472.891460398434"
"4226","2931.1256693436994","2931.1256693436994","2931.1256693436994"
"4228","2657.9425131850776","2657.9425131850776","2657.9425131850776"
"4230","2365.786036851934","2365.786036851934","2365.786036851934"
"4232","3724.669497504273","3724.669497504273","3724.669497504273"
"4234","1841.4465448682852","1841.4465448682852","1841.4465448682852"
"4240","2939.9225107348266","2939.9225107348266","2939.9225107348266"
"4242","2529.7610766412145","2529.7610766412145","2529.7610766412145"
"4244","1739.8156669553068","1739.8156669553068","1739.8156669553068"
"4246","1552.6168706805638","1552.6168706805638","1552.6168706805638"
"4248","3288.5980074219633","3288.5980074219633","3288.5980074219633"
"4250","1263.5831138415087","1263.5831138415087","1263.5831138415087"
"4252","2571.0914498211364","2571.0914498211364","2571.0914498211364"
"4254","2469.846856026064","2469.846856026064","2469.846856026064"
"4256","2540.033154918895","2540.033154918895","2540.033154918895"
"4258","3561.340854526208","3561.340854526208","3561.340854526208"
"4260","1723.2824839463822","1723.2824839463822","1723.2824839463822"
"4262","1981.9298495351043","1981.9298495351043","1981.9298495351043"
"4264","1783.7797738780198","1783.7797738780198","1783.7797738780198"
"4268","1654.5909836332949","1654.5909836332949","1654.5909836332949"
"4270","3772.8687197318873","3772.8687197318873","3772.8687197318873"
"4272","2230.862013291429","2230.862013291429","2230.862013291429"
"4276","2826.191504673253","2826.191504673253","2826.191504673253"
"4278","1918.5143877496032","1918.5143877496032","1918.5143877496032"
"4280","3476.6904400204403","3476.6904400204403","3476.6904400204403"
"4282","2298.7578777512217","2298.7578777512217","2298.7578777512217"
"4284","1893.5946479503757","1893.5946479503757","1893.5946479503757"
"4286","2822.0818799669064","2822.0818799669064","2822.0818799669064"
"4290","2589.8782546562725","2589.8782546562725","2589.8782546562725"
"4292","3331.0782980550434","3331.0782980550434","3331.0782980550434"
"4294","2422.1657763016237","2422.1657763016237","2422.1657763016237"
"4296","3613.372389185251","3613.372389185251","3613.372389185251"
"4298","2610.0989325451956","2610.0989325451956","2610.0989325451956"
"4300","2103.8411100256635","2103.8411100256635","2103.8411100256635"
"4302","1438.619089931977","1438.619089931977","1438.619089931977"
"4304","2635.6931033798896","2635.6931033798896","2635.6931033798896"
"4306","3769.8660588186417","3769.8660588186417","3769.8660588186417"
"4308","1948.3609270897048","1948.3609270897048","1948.3609270897048"
"4310","1672.7088515497487","1672.7088515497487","1672.7088515497487"
"4312","1266.3849944743627","1266.3849944743627","1266.3849944743627"
"4314","3417.9829188461904","3417.9829188461904","3417.9829188461904"
"4316","3320.45947478876","3320.45947478876","3320.45947478876"
"4318","1992.1771217524654","1992.1771217524654","1992.1771217524654"
"4320","2530.446619712584","2530.446619712584","2530.446619712584"
"4322","2072.1281834792085","2072.1281834792085","2072.1281834792085"
"4324","1963.0118944655005","1963.0118944655005","1963.0118944655005"
"4326","3764.431324992957","3764.431324992957","3764.431324992957"
"4328","3493.5730099417497","3493.5730099417497","3493.5730099417497"
"4330","3063.5381758686312","3063.5381758686312","3063.5381758686312"
"4332","3490.9487539158986","3490.9487539158986","3490.9487539158986"
"4334","2328.854273817848","2328.854273817848","2328.854273817848"
"4336","1791.8508198453476","1791.8508198453476","1791.8508198453476"
"4338","2665.5406319167687","2665.5406319167687","2665.5406319167687"
"4340","2687.0018918833234","2687.0018918833234","2687.0018918833234"
"4342","3709.9608089711082","3709.9608089711082","3709.9608089711082"
"4344","1883.3350647507643","1883.3350647507643","1883.3350647507643"
"4346","2282.8967995976395","2282.8967995976395","2282.8967995976395"
"4348","2721.0012082297358","2721.0012082297358","2721.0012082297358"
"4350","2582.641315960534","2582.641315960534","2582.641315960534"
"4352","2141.534900801947","2141.534900801947","2141.534900801947"
"4354","2761.3119556872593","2761.3119556872593","2761.3119556872593"
"4356","2336.9490178096703","2336.9490178096703","2336.9490178096703"
"4358","3791.9923918412337","3791.9923918412337","3791.9923918412337"
"4360","2760.338947113734","2760.338947113734","2760.338947113734"
"4362","1802.144719789035","1802.144719789035","1802.144719789035"
"4364","3418.298105992652","3418.298105992652","3418.298105992652"
"4366","2172.77903917988","2172.77903917988","2172.77903917988"
"4368","2088.940148775819","2088.940148775819","2088.940148775819"
"4370","2232.721744131756","2232.721744131756","2232.721744131756"
"4372","985.7918442806688","985.7918442806688","985.7918442806688"
"4374","1961.1773439215679","1961.1773439215679","1961.1773439215679"
"4376","2342.273246920943","2342.273246920943","2342.273246920943"
"4378","2202.222361878059","2202.222361878059","2202.222361878059"
"4381","1773.2561707746247","1773.2561707746247","1773.2561707746247"
"4383","4153.0112576032425","4153.0112576032425","4153.0112576032425"
"4385","2263.3986386348633","2263.3986386348633","2263.3986386348633"
"4387","2776.7125792722163","2776.7125792722163","2776.7125792722163"
"4389","3427.5628723538316","3427.5628723538316","3427.5628723538316"
"4391","3050.902956441063","3050.902956441063","3050.902956441063"
"4393","1841.9813547148551","1841.9813547148551","1841.9813547148551"
"4395","4966.947714509865","4966.947714509865","4966.947714509865"
"4397","2020.810885812679","2020.810885812679","2020.810885812679"
"4399","2842.989536931673","2842.989536931673","2842.989536931673"
"4401","2638.4319814741543","2638.4319814741543","2638.4319814741543"
"4403","2024.6019142833322","2024.6019142833322","2024.6019142833322"
"4405","1821.2731082002701","1821.2731082002701","1821.2731082002701"
"4407","1799.7121181682132","1799.7121181682132","1799.7121181682132"
"4409","2771.6508671523766","2771.6508671523766","2771.6508671523766"
"4411","1937.6032132682906","1937.6032132682906","1937.6032132682906"
"4413","1928.1737146761764","1928.1737146761764","1928.1737146761764"
"4415","1636.726140390249","1636.726140390249","1636.726140390249"
"4417","2124.4003136931597","2124.4003136931597","2124.4003136931597"
"4419","2231.5650089806977","2231.5650089806977","2231.5650089806977"
"4421","2464.4289529183043","2464.4289529183043","2464.4289529183043"
"4423","2404.181390091379","2404.181390091379","2404.181390091379"
"4425","1839.5137450411569","1839.5137450411569","1839.5137450411569"
"4427","2906.1154980453075","2906.1154980453075","2906.1154980453075"
"4429","1609.649766688208","1609.649766688208","1609.649766688208"
"4431","1950.1245339682016","1950.1245339682016","1950.1245339682016"
"4433","2403.7261799987473","2403.7261799987473","2403.7261799987473"
"4435","2012.5303205433265","2012.5303205433265","2012.5303205433265"
"4437","3106.452498177328","3106.452498177328","3106.452498177328"
"4441","1388.1944809579625","1388.1944809579625","1388.1944809579625"
"4443","3228.9254447095122","3228.9254447095122","3228.9254447095122"
"4445","2235.513063848655","2235.513063848655","2235.513063848655"
"4447","1420.9653569878747","1420.9653569878747","1420.9653569878747"
"4449","4316.682936141875","4316.682936141875","4316.682936141875"
"4451","2476.8777069078933","2476.8777069078933","2476.8777069078933"
"4453","2653.038102558982","2653.038102558982","2653.038102558982"
"4455","1707.1152411078103","1707.1152411078103","1707.1152411078103"
"4457","2040.5049574975678","2040.5049574975678","2040.5049574975678"
"4461","1564.8519576719705","1564.8519576719705","1564.8519576719705"
"4463","1784.6915560519126","1784.6915560519126","1784.6915560519126"
"4465","1754.7303304939408","1754.7303304939408","1754.7303304939408"
"4467","2179.5067182381777","2179.5067182381777","2179.5067182381777"
"4469","2344.50208994735","2344.50208994735","2344.50208994735"
"4471","1505.9412155968369","1505.9412155968369","1505.9412155968369"
"4473","2680.3916695479425","2680.3916695479425","2680.3916695479425"
"4475","2280.149762804382","2280.149762804382","2280.149762804382"
"4477","2470.8930986669534","2470.8930986669534","2470.8930986669534"
"4479","1631.1240980736488","1631.1240980736488","1631.1240980736488"
"4481","3747.289989674163","3747.289989674163","3747.289989674163"
"4483","2484.3896829423124","2484.3896829423124","2484.3896829423124"
"4485","943.1514668843105","943.1514668843105","943.1514668843105"
"4487","1782.4827036279255","1782.4827036279255","1782.4827036279255"
"4493","3086.2869595987113","3086.2869595987113","3086.2869595987113"
"4495","1679.1692200310779","1679.1692200310779","1679.1692200310779"
"4497","3353.7232740718614","3353.7232740718614","3353.7232740718614"
"4499","1972.225727653149","1972.225727653149","1972.225727653149"
"4501","3584.9903991868605","3584.9903991868605","3584.9903991868605"
"4503","2428.441068337165","2428.441068337165","2428.441068337165"
"4505","1680.410473503387","1680.410473503387","1680.410473503387"
"4507","2179.4911641394465","2179.4911641394465","2179.4911641394465"
"4509","3194.2973961133357","3194.2973961133357","3194.2973961133357"
"4513","2814.008784906709","2814.008784906709","2814.008784906709"
"4515","4436.435880810948","4436.435880810948","4436.435880810948"
"4521","1604.048671707397","1604.048671707397","1604.048671707397"
"4525","2218.983785643095","2218.983785643095","2218.983785643095"
"4527","1723.617142992414","1723.617142992414","1723.617142992414"
"4529","1753.846197225927","1753.846197225927","1753.846197225927"
"4531","2784.3059563344846","2784.3059563344846","2784.3059563344846"
"4533","1957.5644583338633","1957.5644583338633","1957.5644583338633"
"4535","1658.21219667575","1658.21219667575","1658.21219667575"
"4537","3241.787276786424","3241.787276786424","3241.787276786424"
"4539","3169.645634694101","3169.645634694101","3169.645634694101"
"4541","1833.351119363369","1833.351119363369","1833.351119363369"
"4543","3171.723827273618","3171.723827273618","3171.723827273618"
"4545","1710.37606385888","1710.37606385888","1710.37606385888"
"4547","1571.7087227334341","1571.7087227334341","1571.7087227334341"
"4549","1613.9195151757508","1613.9195151757508","1613.9195151757508"
"4551","2221.9472032396125","2221.9472032396125","2221.9472032396125"
"4553","1650.1812548133996","1650.1812548133996","1650.1812548133996"
"4555","2295.6493928965037","2295.6493928965037","2295.6493928965037"
"4557","2539.82620491344","2539.82620491344","2539.82620491344"
"4559","1515.122303231814","1515.122303231814","1515.122303231814"
"4561","2947.8155675924872","2947.8155675924872","2947.8155675924872"
"4563","2020.389610583223","2020.389610583223","2020.389610583223"
"4565","2122.3808163226686","2122.3808163226686","2122.3808163226686"
"4567","3455.854312534705","3455.854312534705","3455.854312534705"
"4569","4511.079949408099","4511.079949408099","4511.079949408099"
"4571","3514.220274983035","3514.220274983035","3514.220274983035"
"4573","1555.240815388329","1555.240815388329","1555.240815388329"
"4575","2002.1511073025379","2002.1511073025379","2002.1511073025379"
"4577","936.7012058075433","936.7012058075433","936.7012058075433"
"4579","2551.3767055651365","2551.3767055651365","2551.3767055651365"
"4581","2379.0066452013734","2379.0066452013734","2379.0066452013734"
"4583","3889.4978847765174","3889.4978847765174","3889.4978847765174"
"4585","1951.396749709901","1951.396749709901","1951.396749709901"
"4587","1697.2680239995195","1697.2680239995195","1697.2680239995195"
"4589","1783.5104511407683","1783.5104511407683","1783.5104511407683"
"4591","2458.7414040485532","2458.7414040485532","2458.7414040485532"
"4593","3946.053463691124","3946.053463691124","3946.053463691124"
"4595","2810.901876566308","2810.901876566308","2810.901876566308"
"4599","2683.95116388801","2683.95116388801","2683.95116388801"
"4601","2511.842662311729","2511.842662311729","2511.842662311729"
"4603","3671.524761621926","3671.524761621926","3671.524761621926"
"4605","1024.1556450777396","1024.1556450777396","1024.1556450777396"
"4609","2949.602342126621","2949.602342126621","2949.602342126621"
"4611","858.7600122257498","858.7600122257498","858.7600122257498"
"4613","2555.247440860483","2555.247440860483","2555.247440860483"
"4615","1546.54739744806","1546.54739744806","1546.54739744806"
"4617","1835.9851830966059","1835.9851830966059","1835.9851830966059"
"4619","2691.8213113160828","2691.8213113160828","2691.8213113160828"
"4621","1839.6506400519897","1839.6506400519897","1839.6506400519897"
"4627","2709.6166993496345","2709.6166993496345","2709.6166993496345"
"4629","2451.71195231723","2451.71195231723","2451.71195231723"
"4631","2712.978710395093","2712.978710395093","2712.978710395093"
"4633","1776.5103995971388","1776.5103995971388","1776.5103995971388"
"4637","1382.9161664391593","1382.9161664391593","1382.9161664391593"
"4639","3764.911449462504","3764.911449462504","3764.911449462504"
"4643","1889.5081657766714","1889.5081657766714","1889.5081657766714"
"4647","3568.2747616311967","3568.2747616311967","3568.2747616311967"
"4649","1288.013971037683","1288.013971037683","1288.013971037683"
"4651","3146.798282169236","3146.798282169236","3146.798282169236"
"4653","1368.959912877944","1368.959912877944","1368.959912877944"
"4655","1807.7308870454428","1807.7308870454428","1807.7308870454428"
"4659","793.7196737037966","793.7196737037966","793.7196737037966"
"4661","3678.7749452746493","3678.7749452746493","3678.7749452746493"
"4663","2657.8333287036844","2657.8333287036844","2657.8333287036844"
"4665","1768.3256265307232","1768.3256265307232","1768.3256265307232"
"4667","2160.5325443535357","2160.5325443535357","2160.5325443535357"
"4669","1776.0594936680602","1776.0594936680602","1776.0594936680602"
"4671","3843.2550189125","3843.2550189125","3843.2550189125"
"4673","2175.475090443389","2175.475090443389","2175.475090443389"
"4679","2926.8089139777453","2926.8089139777453","2926.8089139777453"
"4681","1581.47707993575","1581.47707993575","1581.47707993575"
"4683","1841.6079750964861","1841.6079750964861","1841.6079750964861"
"4685","3103.5586546789123","3103.5586546789123","3103.5586546789123"
"4687","1683.3286961839403","1683.3286961839403","1683.3286961839403"
"4689","1858.7603234220528","1858.7603234220528","1858.7603234220528"
"4691","3642.028071622113","3642.028071622113","3642.028071622113"
"4693","2265.5811798856585","2265.5811798856585","2265.5811798856585"
"4695","2554.128113145041","2554.128113145041","2554.128113145041"
"4697","1694.8218844306186","1694.8218844306186","1694.8218844306186"
"4699","2910.908083477851","2910.908083477851","2910.908083477851"
"4701","3470.0455823578573","3470.0455823578573","3470.0455823578573"
"4703","3419.3579983937893","3419.3579983937893","3419.3579983937893"
"4705","2406.6306841050105","2406.6306841050105","2406.6306841050105"
"4707","2427.8063590808893","2427.8063590808893","2427.8063590808893"
"4709","911.2773159201587","911.2773159201587","911.2773159201587"
"4711","1074.3111657357335","1074.3111657357335","1074.3111657357335"
"4713","2074.735343669896","2074.735343669896","2074.735343669896"
"4715","2854.8616110870516","2854.8616110870516","2854.8616110870516"
"4719","2591.8065798936377","2591.8065798936377","2591.8065798936377"
"4721","2638.1809277673697","2638.1809277673697","2638.1809277673697"
"4723","1953.7391650643233","1953.7391650643233","1953.7391650643233"
"4725","1995.5529975386494","1995.5529975386494","1995.5529975386494"
"4727","2368.1249713620837","2368.1249713620837","2368.1249713620837"
"4729","2790.57486853259","2790.57486853259","2790.57486853259"
"4733","2054.8399770750066","2054.8399770750066","2054.8399770750066"
"4735","1595.8020659347528","1595.8020659347528","1595.8020659347528"
"4737","1887.393167453387","1887.393167453387","1887.393167453387"
"4739","3061.8408865974","3061.8408865974","3061.8408865974"
"4741","2544.594533600078","2544.594533600078","2544.594533600078"
"4747","3403.228364465858","3403.228364465858","3403.228364465858"
"4749","2682.7189034257713","2682.7189034257713","2682.7189034257713"
"4751","2087.474085595553","2087.474085595553","2087.474085595553"
"4753","1235.8306061494775","1235.8306061494775","1235.8306061494775"
"4755","2151.978955102587","2151.978955102587","2151.978955102587"
"4757","1377.081560678635","1377.081560678635","1377.081560678635"
"4759","2689.0433005446057","2689.0433005446057","2689.0433005446057"
"4761","2682.998835602862","2682.998835602862","2682.998835602862"
"4763","2173.33464663657","2173.33464663657","2173.33464663657"
"4765","2592.2899100669088","2592.2899100669088","2592.2899100669088"
"4767","1587.1347714043945","1587.1347714043945","1587.1347714043945"
"4769","2644.8886184731195","2644.8886184731195","2644.8886184731195"
"4771","2114.9785176780133","2114.9785176780133","2114.9785176780133"
"4773","1824.625962283461","1824.625962283461","1824.625962283461"
"4775","2485.5829067517193","2485.5829067517193","2485.5829067517193"
"4777","2027.0974555377989","2027.0974555377989","2027.0974555377989"
"4779","1482.2266114592182","1482.2266114592182","1482.2266114592182"
"4781","1791.0410672276619","1791.0410672276619","1791.0410672276619"
"4783","2505.8201751854044","2505.8201751854044","2505.8201751854044"
"4785","2117.9959066430683","2117.9959066430683","2117.9959066430683"
"4787","4060.0222587679973","4060.0222587679973","4060.0222587679973"
"4791","2788.4619036783038","2788.4619036783038","2788.4619036783038"
"4795","1922.2315829634215","1922.2315829634215","1922.2315829634215"
"4797","3308.068644751517","3308.068644751517","3308.068644751517"
"4799","3252.1768441442177","3252.1768441442177","3252.1768441442177"
"4801","2662.265221672163","2662.265221672163","2662.265221672163"
"4803","3523.7832248687046","3523.7832248687046","3523.7832248687046"
"4805","3653.621348133368","3653.621348133368","3653.621348133368"
"4807","3275.774406100256","3275.774406100256","3275.774406100256"
"4809","2737.259433357289","2737.259433357289","2737.259433357289"
"4811","1872.5954969766028","1872.5954969766028","1872.5954969766028"
"4815","2486.958012649018","2486.958012649018","2486.958012649018"
"4817","1987.8451388059875","1987.8451388059875","1987.8451388059875"
"4819","3053.0650276455217","3053.0650276455217","3053.0650276455217"
"4821","2825.985209661198","2825.985209661198","2825.985209661198"
"4823","1297.2931647313767","1297.2931647313767","1297.2931647313767"
"4825","1202.8680626119026","1202.8680626119026","1202.8680626119026"
"4827","3216.368928757172","3216.368928757172","3216.368928757172"
"4829","2029.8756938726185","2029.8756938726185","2029.8756938726185"
"4831","3812.0064728657903","3812.0064728657903","3812.0064728657903"
"4833","1749.5127876740537","1749.5127876740537","1749.5127876740537"
"4835","2692.00052419065","2692.00052419065","2692.00052419065"
"4839","2555.022039878279","2555.022039878279","2555.022039878279"
"4842","2550.360558768323","2550.360558768323","2550.360558768323"
"4844","3170.0282898702544","3170.0282898702544","3170.0282898702544"
"4846","2154.755751847653","2154.755751847653","2154.755751847653"
"4848","1846.8703762067564","1846.8703762067564","1846.8703762067564"
"4850","1692.811571543134","1692.811571543134","1692.811571543134"
"4852","625.1040014520914","625.1040014520914","625.1040014520914"
"4854","2616.6488320862572","2616.6488320862572","2616.6488320862572"
"4856","3331.5940382262343","3331.5940382262343","3331.5940382262343"
"4858","1448.0495311876318","1448.0495311876318","1448.0495311876318"
"4860","2245.631294740666","2245.631294740666","2245.631294740666"
"4862","2223.6389910612515","2223.6389910612515","2223.6389910612515"
"4864","2284.943334327594","2284.943334327594","2284.943334327594"
"4866","2833.664521794692","2833.664521794692","2833.664521794692"
"4868","1981.8932904386227","1981.8932904386227","1981.8932904386227"
"4870","2637.2314237283363","2637.2314237283363","2637.2314237283363"
"4872","3522.988343632905","3522.988343632905","3522.988343632905"
"4874","1986.661802338986","1986.661802338986","1986.661802338986"
"4876","2192.0320701828714","2192.0320701828714","2192.0320701828714"
"4878","818.586349876174","818.586349876174","818.586349876174"
"4880","1927.932872041119","1927.932872041119","1927.932872041119"
"4884","1391.112325232175","1391.112325232175","1391.112325232175"
"4886","2745.973918139751","2745.973918139751","2745.973918139751"
"4890","1742.5871142711571","1742.5871142711571","1742.5871142711571"
"4892","2543.9532201135194","2543.9532201135194","2543.9532201135194"
"4894","2081.6426370746653","2081.6426370746653","2081.6426370746653"
"4896","3194.824022855407","3194.824022855407","3194.824022855407"
"4898","2421.119172072645","2421.119172072645","2421.119172072645"
"4900","2207.442810709968","2207.442810709968","2207.442810709968"
"4902","1818.547985813074","1818.547985813074","1818.547985813074"
"4906","1771.844068220229","1771.844068220229","1771.844068220229"
"4908","1931.056081733343","1931.056081733343","1931.056081733343"
"4910","2374.75526012979","2374.75526012979","2374.75526012979"
"4912","1677.8182562752233","1677.8182562752233","1677.8182562752233"
"4916","1980.2615416587403","1980.2615416587403","1980.2615416587403"
"4918","1957.9371299257439","1957.9371299257439","1957.9371299257439"
"4920","1885.8634637113291","1885.8634637113291","1885.8634637113291"
"4922","1034.1032088172992","1034.1032088172992","1034.1032088172992"
"4924","3929.967972622502","3929.967972622502","3929.967972622502"
"4926","1583.5427492922024","1583.5427492922024","1583.5427492922024"
"4928","1463.7485224474478","1463.7485224474478","1463.7485224474478"
"4930","2707.443305026931","2707.443305026931","2707.443305026931"
"4932","2200.8665460341963","2200.8665460341963","2200.8665460341963"
"4934","2929.65596499955","2929.65596499955","2929.65596499955"
"4936","1268.2465141514676","1268.2465141514676","1268.2465141514676"
"4938","1393.7350866777188","1393.7350866777188","1393.7350866777188"
"4940","1945.4617845176053","1945.4617845176053","1945.4617845176053"
"4942","2454.209440314091","2454.209440314091","2454.209440314091"
"4944","2654.130033592561","2654.130033592561","2654.130033592561"
"4946","2037.3634808972602","2037.3634808972602","2037.3634808972602"
"4950","1699.8886015801102","1699.8886015801102","1699.8886015801102"
"4952","3136.344345759699","3136.344345759699","3136.344345759699"
"4954","1504.1728836108969","1504.1728836108969","1504.1728836108969"
"4956","1973.658014633941","1973.658014633941","1973.658014633941"
"4958","1974.3064549917","1974.3064549917","1974.3064549917"
"4960","2053.217031718385","2053.217031718385","2053.217031718385"
"4962","2283.9512867795506","2283.9512867795506","2283.9512867795506"
"4964","2772.6070073995757","2772.6070073995757","2772.6070073995757"
"4966","2812.5884783920797","2812.5884783920797","2812.5884783920797"
"4968","1495.5380705101143","1495.5380705101143","1495.5380705101143"
"4970","3281.772095151722","3281.772095151722","3281.772095151722"
"4972","2661.1606701433943","2661.1606701433943","2661.1606701433943"
"4974","1566.1518813146388","1566.1518813146388","1566.1518813146388"
"4976","2759.0015970918876","2759.0015970918876","2759.0015970918876"
"4980","3219.7652622959754","3219.7652622959754","3219.7652622959754"
"4982","2860.8992323511484","2860.8992323511484","2860.8992323511484"
"4984","4060.6144050388293","4060.6144050388293","4060.6144050388293"
"4986","2314.775178932008","2314.775178932008","2314.775178932008"
"4988","2898.3889521725587","2898.3889521725587","2898.3889521725587"
"4992","2771.7768035663426","2771.7768035663426","2771.7768035663426"
"4994","2955.531129070339","2955.531129070339","2955.531129070339"
"4996","2269.428529893367","2269.428529893367","2269.428529893367"
"4998","1717.932409116373","1717.932409116373","1717.932409116373"
"5000","2590.2798258188404","2590.2798258188404","2590.2798258188404"
"5002","1599.1749062838578","1599.1749062838578","1599.1749062838578"
"5004","2325.5360500668","2325.5360500668","2325.5360500668"
"5006","2054.897355651008","2054.897355651008","2054.897355651008"
"5008","3748.9863853680527","3748.9863853680527","3748.9863853680527"
"5010","2639.248799715368","2639.248799715368","2639.248799715368"
"5012","2318.6058099853244","2318.6058099853244","2318.6058099853244"
"5014","2280.3180371646326","2280.3180371646326","2280.3180371646326"
"5016","1002.8182973542553","1002.8182973542553","1002.8182973542553"
"5018","1216.921288695343","1216.921288695343","1216.921288695343"
"5020","2233.7619767511023","2233.7619767511023","2233.7619767511023"
"5022","3275.849348325228","3275.849348325228","3275.849348325228"
"5024","1552.776540027776","1552.776540027776","1552.776540027776"
"5026","2825.9730819458196","2825.9730819458196","2825.9730819458196"
"5028","3159.2668288415766","3159.2668288415766","3159.2668288415766"
"5032","3387.404762843691","3387.404762843691","3387.404762843691"
"5034","1893.6373381260894","1893.6373381260894","1893.6373381260894"
"5040","2557.260442544439","2557.260442544439","2557.260442544439"
"5042","2258.545238563714","2258.545238563714","2258.545238563714"
"5044","2708.143294831879","2708.143294831879","2708.143294831879"
"5046","2682.224507401547","2682.224507401547","2682.224507401547"
"5048","4032.9404288171677","4032.9404288171677","4032.9404288171677"
"5050","2537.39155293318","2537.39155293318","2537.39155293318"
"5052","1763.4371731244219","1763.4371731244219","1763.4371731244219"
"5054","1449.5444201773387","1449.5444201773387","1449.5444201773387"
"5056","2673.427075221361","2673.427075221361","2673.427075221361"
"5058","5037.581055985328","5037.581055985328","5037.581055985328"
"5060","3111.2210961160604","3111.2210961160604","3111.2210961160604"
"5062","2031.0663176896066","2031.0663176896066","2031.0663176896066"
"5064","1386.0434916327683","1386.0434916327683","1386.0434916327683"
"5066","2153.7620281685076","2153.7620281685076","2153.7620281685076"
"5068","3779.687787324438","3779.687787324438","3779.687787324438"
"5070","1838.6467767626982","1838.6467767626982","1838.6467767626982"
"5072","1051.070226760793","1051.070226760793","1051.070226760793"
"5074","2304.817131405466","2304.817131405466","2304.817131405466"
"5076","3381.8880055688064","3381.8880055688064","3381.8880055688064"
"5078","3741.5896915781736","3741.5896915781736","3741.5896915781736"
"5080","2251.3293736607225","2251.3293736607225","2251.3293736607225"
"5082","2355.3709576045753","2355.3709576045753","2355.3709576045753"
"5084","2186.214886967354","2186.214886967354","2186.214886967354"
"5086","2672.120534757945","2672.120534757945","2672.120534757945"
"5088","1741.5077825068993","1741.5077825068993","1741.5077825068993"
"5090","2227.1932578517562","2227.1932578517562","2227.1932578517562"
"5092","3383.3800449850255","3383.3800449850255","3383.3800449850255"
"5094","3713.9549034366587","3713.9549034366587","3713.9549034366587"
"5096","2744.9979155694105","2744.9979155694105","2744.9979155694105"
"5100","3618.046067510763","3618.046067510763","3618.046067510763"
"5104","2719.1575172446533","2719.1575172446533","2719.1575172446533"
"5106","2354.8897811382826","2354.8897811382826","2354.8897811382826"
"5108","3070.1415278852373","3070.1415278852373","3070.1415278852373"
"5110","1927.047978326024","1927.047978326024","1927.047978326024"
"5112","1611.1854721270252","1611.1854721270252","1611.1854721270252"
"5114","2913.7959856981015","2913.7959856981015","2913.7959856981015"
"5116","3895.3558642823186","3895.3558642823186","3895.3558642823186"
"5118","1359.2286743685804","1359.2286743685804","1359.2286743685804"
"5120","3802.039742764241","3802.039742764241","3802.039742764241"
"5122","2089.175001437686","2089.175001437686","2089.175001437686"
"5124","1961.1801931954524","1961.1801931954524","1961.1801931954524"
"5126","3613.3037257139868","3613.3037257139868","3613.3037257139868"
"5128","1388.5974247071358","1388.5974247071358","1388.5974247071358"
"5130","2171.007381010226","2171.007381010226","2171.007381010226"
"5132","2284.3065883031127","2284.3065883031127","2284.3065883031127"
"5134","1724.0544848889303","1724.0544848889303","1724.0544848889303"
"5136","2483.6696787144665","2483.6696787144665","2483.6696787144665"
"5138","1448.2478670920746","1448.2478670920746","1448.2478670920746"
"5140","848.530599674297","848.530599674297","848.530599674297"
"5142","2282.3916935789957","2282.3916935789957","2282.3916935789957"
"5144","2384.476080960479","2384.476080960479","2384.476080960479"
"5146","2064.26059832075","2064.26059832075","2064.26059832075"
"5148","1271.193956060608","1271.193956060608","1271.193956060608"
"5150","1849.506536442565","1849.506536442565","1849.506536442565"
"5154","2638.1135712741834","2638.1135712741834","2638.1135712741834"
"5156","1491.193107993029","1491.193107993029","1491.193107993029"
"5158","2380.351844122887","2380.351844122887","2380.351844122887"
"5160","2266.9541636512354","2266.9541636512354","2266.9541636512354"
"5162","2083.832839847789","2083.832839847789","2083.832839847789"
"5164","2126.0348913473235","2126.0348913473235","2126.0348913473235"
"5166","2600.556668880722","2600.556668880722","2600.556668880722"
"5168","3020.1099477815746","3020.1099477815746","3020.1099477815746"
"5172","1702.5718818836808","1702.5718818836808","1702.5718818836808"
"5174","1367.5230840542604","1367.5230840542604","1367.5230840542604"
"5176","2312.3950096731605","2312.3950096731605","2312.3950096731605"
"5178","2066.9811364910906","2066.9811364910906","2066.9811364910906"
"5180","1906.3080169103735","1906.3080169103735","1906.3080169103735"
"5182","2652.559240742082","2652.559240742082","2652.559240742082"
"5184","3175.809036640072","3175.809036640072","3175.809036640072"
"5186","3281.592169586573","3281.592169586573","3281.592169586573"
"5188","3006.540252330444","3006.540252330444","3006.540252330444"
"5190","3067.842620906911","3067.842620906911","3067.842620906911"
"5192","2581.057181557393","2581.057181557393","2581.057181557393"
"5194","1318.395331563521","1318.395331563521","1318.395331563521"
"5196","2573.980265382032","2573.980265382032","2573.980265382032"
"5198","3959.485271215954","3959.485271215954","3959.485271215954"
"5200","2103.9690398582734","2103.9690398582734","2103.9690398582734"
"5210","1828.1136862901951","1828.1136862901951","1828.1136862901951"
"5212","3194.1873019608743","3194.1873019608743","3194.1873019608743"
"5214","1846.5243132460193","1846.5243132460193","1846.5243132460193"
"5216","1910.744827956522","1910.744827956522","1910.744827956522"
"5218","3742.235410379633","3742.235410379633","3742.235410379633"
"5224","1961.2528482809105","1961.2528482809105","1961.2528482809105"
"5226","2304.6723866371267","2304.6723866371267","2304.6723866371267"
"5228","1631.9343313508032","1631.9343313508032","1631.9343313508032"
"5230","2812.347805355769","2812.347805355769","2812.347805355769"
"5232","4166.221853196055","4166.221853196055","4166.221853196055"
"5234","2380.7510463989097","2380.7510463989097","2380.7510463989097"
"5236","1745.6961121400145","1745.6961121400145","1745.6961121400145"
"5242","1703.4435368054608","1703.4435368054608","1703.4435368054608"
"5244","1228.9978878948423","1228.9978878948423","1228.9978878948423"
"5246","3618.4885803565353","3618.4885803565353","3618.4885803565353"
"5250","3508.0412554332183","3508.0412554332183","3508.0412554332183"
"5252","3741.7953859177524","3741.7953859177524","3741.7953859177524"
"5254","3953.795048315037","3953.795048315037","3953.795048315037"
"5256","2973.012749928806","2973.012749928806","2973.012749928806"
"5258","1968.078589620544","1968.078589620544","1968.078589620544"
"5260","1640.328142011978","1640.328142011978","1640.328142011978"
"5262","1948.40700604423","1948.40700604423","1948.40700604423"
"5264","1492.7514169065287","1492.7514169065287","1492.7514169065287"
"5266","2071.636604241595","2071.636604241595","2071.636604241595"
"5270","1182.0886881627127","1182.0886881627127","1182.0886881627127"
"5274","1023.0341582438285","1023.0341582438285","1023.0341582438285"
"5276","2421.70440934413","2421.70440934413","2421.70440934413"
"5278","1946.7878530355956","1946.7878530355956","1946.7878530355956"
"5280","3208.4410446012166","3208.4410446012166","3208.4410446012166"
"5282","2663.7772885683116","2663.7772885683116","2663.7772885683116"
"5284","2535.5523127743045","2535.5523127743045","2535.5523127743045"
"5286","3270.636377458777","3270.636377458777","3270.636377458777"
"5288","2968.9585461900956","2968.9585461900956","2968.9585461900956"
"5290","3283.7804619153453","3283.7804619153453","3283.7804619153453"
"5292","2740.9637633276557","2740.9637633276557","2740.9637633276557"
"5294","2364.844286099119","2364.844286099119","2364.844286099119"
"5300","3004.021918918452","3004.021918918452","3004.021918918452"
"5303","1826.9935839962648","1826.9935839962648","1826.9935839962648"
"5305","3725.1753474574393","3725.1753474574393","3725.1753474574393"
"5307","2519.9981375150005","2519.9981375150005","2519.9981375150005"
"5311","1472.0105012654826","1472.0105012654826","1472.0105012654826"
"5313","2388.8212018502627","2388.8212018502627","2388.8212018502627"
"5315","1604.9533513270273","1604.9533513270273","1604.9533513270273"
"5319","2249.205796819597","2249.205796819597","2249.205796819597"
"5321","1464.0222153062725","1464.0222153062725","1464.0222153062725"
"5323","1986.1591045895043","1986.1591045895043","1986.1591045895043"
"5325","751.3286425007723","751.3286425007723","751.3286425007723"
"5327","1507.0834596250843","1507.0834596250843","1507.0834596250843"
"5329","1672.5003819757433","1672.5003819757433","1672.5003819757433"
"5331","1931.39066322789","1931.39066322789","1931.39066322789"
"5333","1791.4298731847132","1791.4298731847132","1791.4298731847132"
"5335","1002.4821425985507","1002.4821425985507","1002.4821425985507"
"5337","1783.7083483125555","1783.7083483125555","1783.7083483125555"
"5339","2323.7753693630657","2323.7753693630657","2323.7753693630657"
"5341","3026.9105662860184","3026.9105662860184","3026.9105662860184"
"5343","1529.4912684845456","1529.4912684845456","1529.4912684845456"
"5345","3431.2729353563786","3431.2729353563786","3431.2729353563786"
"5347","2436.127334230127","2436.127334230127","2436.127334230127"
"5351","2829.9750394192192","2829.9750394192192","2829.9750394192192"
"5353","1920.6617410238407","1920.6617410238407","1920.6617410238407"
"5355","2127.445314625706","2127.445314625706","2127.445314625706"
"5357","2478.3637659371702","2478.3637659371702","2478.3637659371702"
"5359","2720.9168710974823","2720.9168710974823","2720.9168710974823"
"5361","2238.952645869947","2238.952645869947","2238.952645869947"
"5363","1800.4024131953447","1800.4024131953447","1800.4024131953447"
"5365","2347.9707383482305","2347.9707383482305","2347.9707383482305"
"5369","2157.5639390974616","2157.5639390974616","2157.5639390974616"
"5373","3127.4599883266756","3127.4599883266756","3127.4599883266756"
"5375","3415.6006375043385","3415.6006375043385","3415.6006375043385"
"5377","1889.8301936621785","1889.8301936621785","1889.8301936621785"
"5379","2544.114149352098","2544.114149352098","2544.114149352098"
"5381","3357.34139479688","3357.34139479688","3357.34139479688"
"5383","2115.0952061796256","2115.0952061796256","2115.0952061796256"
"5385","3716.969656924849","3716.969656924849","3716.969656924849"
"5387","1599.8121908536073","1599.8121908536073","1599.8121908536073"
"5389","4110.125005473135","4110.125005473135","4110.125005473135"
"5391","3813.9559826633795","3813.9559826633795","3813.9559826633795"
"5397","2329.0789301190493","2329.0789301190493","2329.0789301190493"
"5401","2623.9839244915624","2623.9839244915624","2623.9839244915624"
"5403","1333.6458181486353","1333.6458181486353","1333.6458181486353"
"5405","2273.02018494251","2273.02018494251","2273.02018494251"
"5407","3084.8770492465287","3084.8770492465287","3084.8770492465287"
"5409","2327.030708770392","2327.030708770392","2327.030708770392"
"5411","3896.15318018945","3896.15318018945","3896.15318018945"
"5413","1870.3856910400527","1870.3856910400527","1870.3856910400527"
"5415","1638.7647345583925","1638.7647345583925","1638.7647345583925"
"5417","1894.3519114135374","1894.3519114135374","1894.3519114135374"
"5419","2147.4163055986096","2147.4163055986096","2147.4163055986096"
"5421","4100.098848314329","4100.098848314329","4100.098848314329"
"5423","2213.656515994085","2213.656515994085","2213.656515994085"
"5425","1575.145689909314","1575.145689909314","1575.145689909314"
"5427","2009.5489429631978","2009.5489429631978","2009.5489429631978"
"5429","2686.3184427406095","2686.3184427406095","2686.3184427406095"
"5431","1335.5194435973267","1335.5194435973267","1335.5194435973267"
"5433","1490.7841599462704","1490.7841599462704","1490.7841599462704"
"5435","2187.8992295398225","2187.8992295398225","2187.8992295398225"
"5437","2080.4643048630373","2080.4643048630373","2080.4643048630373"
"5439","2061.603058506675","2061.603058506675","2061.603058506675"
"5441","3142.716138617399","3142.716138617399","3142.716138617399"
"5443","1883.0608900534876","1883.0608900534876","1883.0608900534876"
"5445","4097.895299813452","4097.895299813452","4097.895299813452"
"5447","3003.017021087771","3003.017021087771","3003.017021087771"
"5449","2593.905530425887","2593.905530425887","2593.905530425887"
"5451","1555.3194994670268","1555.3194994670268","1555.3194994670268"
"5453","1267.3828580012425","1267.3828580012425","1267.3828580012425"
"5455","2719.033116913052","2719.033116913052","2719.033116913052"
"5457","1483.6271183827362","1483.6271183827362","1483.6271183827362"
"5459","2423.3023221494805","2423.3023221494805","2423.3023221494805"
"5463","1588.5976223913897","1588.5976223913897","1588.5976223913897"
"5465","1704.1574157480854","1704.1574157480854","1704.1574157480854"
"5467","2091.858151461744","2091.858151461744","2091.858151461744"
"5469","2083.6320702626617","2083.6320702626617","2083.6320702626617"
"5471","1932.5548328674302","1932.5548328674302","1932.5548328674302"
"5473","3445.838654493646","3445.838654493646","3445.838654493646"
"5475","4374.679485569579","4374.679485569579","4374.679485569579"
"5477","1246.5723547614086","1246.5723547614086","1246.5723547614086"
"5479","2774.353681939178","2774.353681939178","2774.353681939178"
"5483","1420.3367401169626","1420.3367401169626","1420.3367401169626"
"5485","4613.587668867021","4613.587668867021","4613.587668867021"
"5487","2238.9490685810056","2238.9490685810056","2238.9490685810056"
"5489","4900.716990446847","4900.716990446847","4900.716990446847"
"5491","2943.052451794328","2943.052451794328","2943.052451794328"
"5493","2653.7670423523773","2653.7670423523773","2653.7670423523773"
"5495","3951.8981205814275","3951.8981205814275","3951.8981205814275"
"5497","2579.1910163939915","2579.1910163939915","2579.1910163939915"
"5499","2310.462037541932","2310.462037541932","2310.462037541932"
"5503","3721.071960910817","3721.071960910817","3721.071960910817"
"5509","2504.296038872486","2504.296038872486","2504.296038872486"
"5511","3890.773823967199","3890.773823967199","3890.773823967199"
"5513","1314.7763199268938","1314.7763199268938","1314.7763199268938"
"5515","1516.1587375086042","1516.1587375086042","1516.1587375086042"
"5517","2238.268031668786","2238.268031668786","2238.268031668786"
"5519","2062.3934638800697","2062.3934638800697","2062.3934638800697"
"5521","1340.239335765013","1340.239335765013","1340.239335765013"
"5523","2166.991829925824","2166.991829925824","2166.991829925824"
"5525","2093.328529610432","2093.328529610432","2093.328529610432"
"5527","2105.624432018789","2105.624432018789","2105.624432018789"
"5529","2436.2888873085735","2436.2888873085735","2436.2888873085735"
"5531","1637.5342274502977","1637.5342274502977","1637.5342274502977"
"5533","2411.146396430289","2411.146396430289","2411.146396430289"
"5535","815.8665474760215","815.8665474760215","815.8665474760215"
"5537","2392.5919824315697","2392.5919824315697","2392.5919824315697"
"5539","2143.568938257904","2143.568938257904","2143.568938257904"
"5541","2733.547221635721","2733.547221635721","2733.547221635721"
"5543","2270.9719275839598","2270.9719275839598","2270.9719275839598"
"5545","2083.7983367453244","2083.7983367453244","2083.7983367453244"
"5547","2798.724080059861","2798.724080059861","2798.724080059861"
"5549","1881.4666813361885","1881.4666813361885","1881.4666813361885"
"5551","3603.124416381048","3603.124416381048","3603.124416381048"
"5553","1640.7840515423761","1640.7840515423761","1640.7840515423761"
"5555","2740.4250923505906","2740.4250923505906","2740.4250923505906"
"5557","1862.5306710975667","1862.5306710975667","1862.5306710975667"
"5559","2959.6602420238423","2959.6602420238423","2959.6602420238423"
"5561","1325.7671912936576","1325.7671912936576","1325.7671912936576"
"5563","2613.151912026005","2613.151912026005","2613.151912026005"
"5565","2139.9296584890762","2139.9296584890762","2139.9296584890762"
"5567","2640.7815220959474","2640.7815220959474","2640.7815220959474"
"5569","3216.7090824934535","3216.7090824934535","3216.7090824934535"
"5571","1590.9229992438145","1590.9229992438145","1590.9229992438145"
"5575","2528.2068739130314","2528.2068739130314","2528.2068739130314"
"5577","1680.5086789958334","1680.5086789958334","1680.5086789958334"
"5579","1575.7188725075873","1575.7188725075873","1575.7188725075873"
"5583","1643.871206630321","1643.871206630321","1643.871206630321"
"5587","1862.8022679887993","1862.8022679887993","1862.8022679887993"
"5589","1550.313513912522","1550.313513912522","1550.313513912522"
"5591","2846.9881181824053","2846.9881181824053","2846.9881181824053"
"5593","1317.4312291392635","1317.4312291392635","1317.4312291392635"
"5595","1159.0117756324141","1159.0117756324141","1159.0117756324141"
"5597","2387.384499756913","2387.384499756913","2387.384499756913"
"5599","2471.527293860439","2471.527293860439","2471.527293860439"
"5601","1100.0161680474698","1100.0161680474698","1100.0161680474698"
"5603","2646.432010371877","2646.432010371877","2646.432010371877"
"5605","1208.030071377275","1208.030071377275","1208.030071377275"
"5607","2039.6956597128883","2039.6956597128883","2039.6956597128883"
"5609","2872.74241957537","2872.74241957537","2872.74241957537"
"5611","1552.5765008859833","1552.5765008859833","1552.5765008859833"
"5613","1776.4668869217346","1776.4668869217346","1776.4668869217346"
"5615","1125.6896312608303","1125.6896312608303","1125.6896312608303"
"5617","1835.3490698126534","1835.3490698126534","1835.3490698126534"
"5619","1412.8280805096965","1412.8280805096965","1412.8280805096965"
"5621","1415.1967410317523","1415.1967410317523","1415.1967410317523"
"5625","3566.1096773375643","3566.1096773375643","3566.1096773375643"
"5629","1894.7426196295717","1894.7426196295717","1894.7426196295717"
"5633","3277.170051636657","3277.170051636657","3277.170051636657"
"5635","3567.762328061834","3567.762328061834","3567.762328061834"
"5637","1675.6507138004843","1675.6507138004843","1675.6507138004843"
"5639","2072.512339611614","2072.512339611614","2072.512339611614"
"5641","1639.9783040638147","1639.9783040638147","1639.9783040638147"
"5643","1852.1896298188537","1852.1896298188537","1852.1896298188537"
"5645","2920.6622661790207","2920.6622661790207","2920.6622661790207"
"5647","4513.94129584122","4513.94129584122","4513.94129584122"
"5649","2425.0110195833718","2425.0110195833718","2425.0110195833718"
"5651","1257.9682561740515","1257.9682561740515","1257.9682561740515"
"5653","3010.7413312655262","3010.7413312655262","3010.7413312655262"
"5655","1807.2964277030685","1807.2964277030685","1807.2964277030685"
"5659","3124.0826690868357","3124.0826690868357","3124.0826690868357"
"5661","1550.24779246431","1550.24779246431","1550.24779246431"
"5663","3422.456030092975","3422.456030092975","3422.456030092975"
"5667","2943.800439422718","2943.800439422718","2943.800439422718"
"5669","3257.652077510038","3257.652077510038","3257.652077510038"
"5673","1631.478517610703","1631.478517610703","1631.478517610703"
"5677","3718.466499485469","3718.466499485469","3718.466499485469"
"5679","2224.4247413490793","2224.4247413490793","2224.4247413490793"
"5681","2675.2120477643525","2675.2120477643525","2675.2120477643525"
"5683","2306.9600845816367","2306.9600845816367","2306.9600845816367"
"5685","3348.199976027655","3348.199976027655","3348.199976027655"
"5687","2138.6437435999887","2138.6437435999887","2138.6437435999887"
"5689","2413.6047515697433","2413.6047515697433","2413.6047515697433"
"5691","2337.3373041294217","2337.3373041294217","2337.3373041294217"
"5693","2624.7890592016565","2624.7890592016565","2624.7890592016565"
"5695","1656.850215729376","1656.850215729376","1656.850215729376"
"5697","3409.823494283668","3409.823494283668","3409.823494283668"
"5701","2212.0454256573967","2212.0454256573967","2212.0454256573967"
"5703","2240.321994920474","2240.321994920474","2240.321994920474"
"5705","2294.5838841657624","2294.5838841657624","2294.5838841657624"
"5707","4176.031635082386","4176.031635082386","4176.031635082386"
"5709","1906.5542290981325","1906.5542290981325","1906.5542290981325"
"5711","2770.722228645478","2770.722228645478","2770.722228645478"
"5713","2161.50014714314","2161.50014714314","2161.50014714314"
"5715","1963.1297407120355","1963.1297407120355","1963.1297407120355"
"5717","2833.7621989532386","2833.7621989532386","2833.7621989532386"
"5719","2810.182676384598","2810.182676384598","2810.182676384598"
"5723","2881.49939717517","2881.49939717517","2881.49939717517"
"5725","1968.7404102515738","1968.7404102515738","1968.7404102515738"
"5727","1512.5881129994543","1512.5881129994543","1512.5881129994543"
"5729","1352.2014127605808","1352.2014127605808","1352.2014127605808"
"5731","1774.2738306187475","1774.2738306187475","1774.2738306187475"
"5733","4923.726596413488","4923.726596413488","4923.726596413488"
"5737","2455.001969472635","2455.001969472635","2455.001969472635"
"5739","2557.010160569572","2557.010160569572","2557.010160569572"
"5741","1707.5185756664314","1707.5185756664314","1707.5185756664314"
"5743","1898.391566093686","1898.391566093686","1898.391566093686"
"5745","1738.8070843483608","1738.8070843483608","1738.8070843483608"
"5747","2487.4998299919725","2487.4998299919725","2487.4998299919725"
"5749","1532.1469161641687","1532.1469161641687","1532.1469161641687"
"5751","1895.9402959817767","1895.9402959817767","1895.9402959817767"
"5753","2060.9318341979147","2060.9318341979147","2060.9318341979147"
"5755","1974.138231979128","1974.138231979128","1974.138231979128"
"5759","3524.3823863123066","3524.3823863123066","3524.3823863123066"
"5761","715.3941313051633","715.3941313051633","715.3941313051633"
"5764","2118.904962049118","2118.904962049118","2118.904962049118"
"5766","2491.4577695317103","2491.4577695317103","2491.4577695317103"
"5768","1967.2964005327644","1967.2964005327644","1967.2964005327644"
"5772","2812.422910269588","2812.422910269588","2812.422910269588"
"5774","2278.182972718522","2278.182972718522","2278.182972718522"
"5776","2357.1457310009855","2357.1457310009855","2357.1457310009855"
"5778","2381.9623274698747","2381.9623274698747","2381.9623274698747"
"5782","2155.3651784117674","2155.3651784117674","2155.3651784117674"
"5784","2740.7189754350593","2740.7189754350593","2740.7189754350593"
"5786","2379.5739037194367","2379.5739037194367","2379.5739037194367"
"5788","1823.3553948831532","1823.3553948831532","1823.3553948831532"
"5790","1793.6585497721517","1793.6585497721517","1793.6585497721517"
"5792","2819.8029488426023","2819.8029488426023","2819.8029488426023"
"5794","1363.4528513902528","1363.4528513902528","1363.4528513902528"
"5798","2814.4224537138475","2814.4224537138475","2814.4224537138475"
"5800","2606.7431420155262","2606.7431420155262","2606.7431420155262"
"5802","1390.2461494918275","1390.2461494918275","1390.2461494918275"
"5804","1089.0617538898382","1089.0617538898382","1089.0617538898382"
"5806","2686.3123409711143","2686.3123409711143","2686.3123409711143"
"5810","3782.454952846633","3782.454952846633","3782.454952846633"
"5814","3349.6981239239344","3349.6981239239344","3349.6981239239344"
"5816","3346.124176058065","3346.124176058065","3346.124176058065"
"5818","2303.6426665056993","2303.6426665056993","2303.6426665056993"
"5820","2506.3267760277477","2506.3267760277477","2506.3267760277477"
"5822","2858.203314353287","2858.203314353287","2858.203314353287"
"5824","2232.5840054274495","2232.5840054274495","2232.5840054274495"
"5826","2974.478815811574","2974.478815811574","2974.478815811574"
"5828","1950.8202305612697","1950.8202305612697","1950.8202305612697"
"5830","2382.045997781663","2382.045997781663","2382.045997781663"
"5832","2315.773084541299","2315.773084541299","2315.773084541299"
"5836","2303.5748268917696","2303.5748268917696","2303.5748268917696"
"5838","1945.7951333838691","1945.7951333838691","1945.7951333838691"
"5840","2156.774643636171","2156.774643636171","2156.774643636171"
"5842","1955.1859472460246","1955.1859472460246","1955.1859472460246"
"5846","2548.4536432986342","2548.4536432986342","2548.4536432986342"
"5848","3691.71908228729","3691.71908228729","3691.71908228729"
"5850","3479.0979205361796","3479.0979205361796","3479.0979205361796"
"5854","1783.004590918599","1783.004590918599","1783.004590918599"
"5856","1757.5888491449757","1757.5888491449757","1757.5888491449757"
"5858","2231.135440738512","2231.135440738512","2231.135440738512"
"5860","2033.9302573011057","2033.9302573011057","2033.9302573011057"
"5862","2072.1627910097545","2072.1627910097545","2072.1627910097545"
"5864","2396.597463959838","2396.597463959838","2396.597463959838"
"5866","1448.9791085897266","1448.9791085897266","1448.9791085897266"
"5868","4160.210335966454","4160.210335966454","4160.210335966454"
"5870","2746.943742458257","2746.943742458257","2746.943742458257"
"5872","2159.186523233443","2159.186523233443","2159.186523233443"
"5874","1735.4719627915952","1735.4719627915952","1735.4719627915952"
"5876","2075.88166499014","2075.88166499014","2075.88166499014"
"5878","2871.979557329864","2871.979557329864","2871.979557329864"
"5880","2903.0691808748397","2903.0691808748397","2903.0691808748397"
"5890","1765.7306669062061","1765.7306669062061","1765.7306669062061"
"5892","1048.021709781244","1048.021709781244","1048.021709781244"
"5894","2000.3172540868907","2000.3172540868907","2000.3172540868907"
"5896","2439.102611908385","2439.102611908385","2439.102611908385"
"5898","4310.317599892944","4310.317599892944","4310.317599892944"
"5900","3177.7898857459195","3177.7898857459195","3177.7898857459195"
"5902","2653.477147100087","2653.477147100087","2653.477147100087"
"5904","2541.7683195412783","2541.7683195412783","2541.7683195412783"
"5906","2740.435287712378","2740.435287712378","2740.435287712378"
"5908","1126.0301522622851","1126.0301522622851","1126.0301522622851"
"5910","2349.5605286097357","2349.5605286097357","2349.5605286097357"
"5912","3079.6029468775964","3079.6029468775964","3079.6029468775964"
"5914","5122.024346828129","5122.024346828129","5122.024346828129"
"5916","2536.979995024662","2536.979995024662","2536.979995024662"
"5918","2660.6908308688767","2660.6908308688767","2660.6908308688767"
"5920","794.1054702291848","794.1054702291848","794.1054702291848"
"5922","3601.0909775166183","3601.0909775166183","3601.0909775166183"
"5924","1276.6474304522067","1276.6474304522067","1276.6474304522067"
"5928","1573.59227193006","1573.59227193006","1573.59227193006"
"5930","2175.6934964959582","2175.6934964959582","2175.6934964959582"
"5932","1601.0576708590847","1601.0576708590847","1601.0576708590847"
"5934","3788.454459257114","3788.454459257114","3788.454459257114"
"5936","3459.6690658561997","3459.6690658561997","3459.6690658561997"
"5938","2335.1960648134914","2335.1960648134914","2335.1960648134914"
"5940","1125.787583478257","1125.787583478257","1125.787583478257"
"5942","2425.344351033543","2425.344351033543","2425.344351033543"
"5946","2187.537891196009","2187.537891196009","2187.537891196009"
"5948","2699.577716194107","2699.577716194107","2699.577716194107"
"5950","4292.901022101737","4292.901022101737","4292.901022101737"
"5952","5622.801351006693","5622.801351006693","5622.801351006693"
"5954","1262.0094188895637","1262.0094188895637","1262.0094188895637"
"5956","1979.1363517213056","1979.1363517213056","1979.1363517213056"
"5958","3534.7171110259055","3534.7171110259055","3534.7171110259055"
"5960","2508.915709034463","2508.915709034463","2508.915709034463"
"5964","2839.649214765124","2839.649214765124","2839.649214765124"
"5966","2619.8184610491894","2619.8184610491894","2619.8184610491894"
"5968","1791.002067589485","1791.002067589485","1791.002067589485"
"5970","2190.7395829450757","2190.7395829450757","2190.7395829450757"
"5972","2175.627060910865","2175.627060910865","2175.627060910865"
"5974","2313.2143850302746","2313.2143850302746","2313.2143850302746"
"5976","2522.9695243453903","2522.9695243453903","2522.9695243453903"
"5978","775.8426093607349","775.8426093607349","775.8426093607349"
"5980","3764.422418560762","3764.422418560762","3764.422418560762"
"5982","1873.7263128387938","1873.7263128387938","1873.7263128387938"
"5984","2430.7622433761812","2430.7622433761812","2430.7622433761812"
"5986","1503.483167809877","1503.483167809877","1503.483167809877"
"5988","4243.049049355111","4243.049049355111","4243.049049355111"
"5990","2509.4742364607896","2509.4742364607896","2509.4742364607896"
"5992","2117.0571628442804","2117.0571628442804","2117.0571628442804"
"5994","1543.655182459416","1543.655182459416","1543.655182459416"
"5996","1742.4414175966429","1742.4414175966429","1742.4414175966429"
"5998","2819.3057685931863","2819.3057685931863","2819.3057685931863"
"6000","2196.8668257885465","2196.8668257885465","2196.8668257885465"
"6002","2914.5606844914814","2914.5606844914814","2914.5606844914814"
"6004","1427.9349273639766","1427.9349273639766","1427.9349273639766"
"6006","3347.0808222337955","3347.0808222337955","3347.0808222337955"
"6008","2187.332249067618","2187.332249067618","2187.332249067618"
"6010","3566.7524890437767","3566.7524890437767","3566.7524890437767"
"6012","1759.0653934749755","1759.0653934749755","1759.0653934749755"
"6014","1811.5213810582584","1811.5213810582584","1811.5213810582584"
"6016","1754.8941652740607","1754.8941652740607","1754.8941652740607"
"6020","2011.4229966320447","2011.4229966320447","2011.4229966320447"
"6022","5299.408995767546","5299.408995767546","5299.408995767546"
"6024","2347.055726515105","2347.055726515105","2347.055726515105"
"6028","2299.480455872695","2299.480455872695","2299.480455872695"
"6030","2142.0309607797567","2142.0309607797567","2142.0309607797567"
"6032","866.1783829412973","866.1783829412973","866.1783829412973"
"6034","3555.5404645794915","3555.5404645794915","3555.5404645794915"
"6036","2585.150221410958","2585.150221410958","2585.150221410958"
"6038","1457.1663893549544","1457.1663893549544","1457.1663893549544"
"6042","4181.784344501391","4181.784344501391","4181.784344501391"
"6044","2311.6328765915646","2311.6328765915646","2311.6328765915646"
"6046","2415.8117320836427","2415.8117320836427","2415.8117320836427"
"6048","4090.614238984224","4090.614238984224","4090.614238984224"
"6050","1967.327171439431","1967.327171439431","1967.327171439431"
"6052","3818.7127303507127","3818.7127303507127","3818.7127303507127"
"6058","1813.141955770103","1813.141955770103","1813.141955770103"
"6060","2750.446229190312","2750.446229190312","2750.446229190312"
"6062","1606.926425673274","1606.926425673274","1606.926425673274"
"6064","2827.9352493278866","2827.9352493278866","2827.9352493278866"
"6066","2638.029549757832","2638.029549757832","2638.029549757832"
"6068","1843.0573811226973","1843.0573811226973","1843.0573811226973"
"6072","4451.589486926386","4451.589486926386","4451.589486926386"
"6074","3657.0234458756945","3657.0234458756945","3657.0234458756945"
"6076","2527.1296697919574","2527.1296697919574","2527.1296697919574"
"6078","2004.3164701513172","2004.3164701513172","2004.3164701513172"
"6080","3497.465493234445","3497.465493234445","3497.465493234445"
"6082","2002.4298123645176","2002.4298123645176","2002.4298123645176"
"6084","2037.655651986662","2037.655651986662","2037.655651986662"
"6086","1287.3897391854416","1287.3897391854416","1287.3897391854416"
"6088","2211.8805468043197","2211.8805468043197","2211.8805468043197"
"6090","2096.3114187174633","2096.3114187174633","2096.3114187174633"
"6094","1827.7012953482686","1827.7012953482686","1827.7012953482686"
"6096","1605.717688424702","1605.717688424702","1605.717688424702"
"6098","2556.7260506436014","2556.7260506436014","2556.7260506436014"
"6100","2257.506854742887","2257.506854742887","2257.506854742887"
"6102","2770.8940529205465","2770.8940529205465","2770.8940529205465"
"6104","1886.508511346887","1886.508511346887","1886.508511346887"
"6106","2942.737759243288","2942.737759243288","2942.737759243288"
"6108","1875.8579119325138","1875.8579119325138","1875.8579119325138"
"6110","2238.6503031857333","2238.6503031857333","2238.6503031857333"
"6112","1337.0671487660632","1337.0671487660632","1337.0671487660632"
"6116","1649.3415319690596","1649.3415319690596","1649.3415319690596"
"6118","2059.8592107887507","2059.8592107887507","2059.8592107887507"
"6120","3412.8145865874194","3412.8145865874194","3412.8145865874194"
"6124","2666.9414715185862","2666.9414715185862","2666.9414715185862"
"6128","2309.3133505205087","2309.3133505205087","2309.3133505205087"
"6130","3497.73624133573","3497.73624133573","3497.73624133573"
"6132","851.7154263186789","851.7154263186789","851.7154263186789"
"6134","3205.771632136631","3205.771632136631","3205.771632136631"
"6136","1493.0657653188441","1493.0657653188441","1493.0657653188441"
"6138","1812.2683327703107","1812.2683327703107","1812.2683327703107"
"6140","5131.620190238468","5131.620190238468","5131.620190238468"
"6142","1090.540690428775","1090.540690428775","1090.540690428775"
"6144","2295.793489550638","2295.793489550638","2295.793489550638"
"6146","1700.390926635351","1700.390926635351","1700.390926635351"
"6148","1968.5210897184597","1968.5210897184597","1968.5210897184597"
"6150","1375.0583381631461","1375.0583381631461","1375.0583381631461"
"6152","1532.6929762277755","1532.6929762277755","1532.6929762277755"
"6154","2462.159262237548","2462.159262237548","2462.159262237548"
"6156","1938.283800202629","1938.283800202629","1938.283800202629"
"6158","1544.350536523961","1544.350536523961","1544.350536523961"
"6160","2448.79208123082","2448.79208123082","2448.79208123082"
"6162","2146.598896168441","2146.598896168441","2146.598896168441"
"6164","2367.5158685234974","2367.5158685234974","2367.5158685234974"
"6168","2875.4346819542993","2875.4346819542993","2875.4346819542993"
"6170","2649.5481542223615","2649.5481542223615","2649.5481542223615"
"6174","2095.999431016486","2095.999431016486","2095.999431016486"
"6176","2287.7300472483685","2287.7300472483685","2287.7300472483685"
"6180","1054.7483832835628","1054.7483832835628","1054.7483832835628"
"6182","1957.4647373857526","1957.4647373857526","1957.4647373857526"
"6184","1557.4789434329145","1557.4789434329145","1557.4789434329145"
"6188","1732.9184176456874","1732.9184176456874","1732.9184176456874"
"6190","3256.151622157424","3256.151622157424","3256.151622157424"
"6192","2159.4792041395517","2159.4792041395517","2159.4792041395517"
"6194","2409.721149758263","2409.721149758263","2409.721149758263"
"6196","1706.446916444751","1706.446916444751","1706.446916444751"
"6198","1843.241811480611","1843.241811480611","1843.241811480611"
"6200","1786.8468086511243","1786.8468086511243","1786.8468086511243"
"6202","2648.082405523855","2648.082405523855","2648.082405523855"
"6204","2603.458435392016","2603.458435392016","2603.458435392016"
"6206","2338.8366060109242","2338.8366060109242","2338.8366060109242"
"6208","2141.660405092944","2141.660405092944","2141.660405092944"
"6210","2100.1071783371885","2100.1071783371885","2100.1071783371885"
"6212","2496.124930030325","2496.124930030325","2496.124930030325"
"6214","1752.2113358856336","1752.2113358856336","1752.2113358856336"
"6216","3620.159715927989","3620.159715927989","3620.159715927989"
"6218","2560.4654702195667","2560.4654702195667","2560.4654702195667"
"6220","1736.6774800794371","1736.6774800794371","1736.6774800794371"
"6222","2165.0633373973014","2165.0633373973014","2165.0633373973014"
"6227","2146.196323466731","2146.196323466731","2146.196323466731"
"6229","1495.554261509423","1495.554261509423","1495.554261509423"
"6231","2665.924378115621","2665.924378115621","2665.924378115621"
"6233","1903.069418454131","1903.069418454131","1903.069418454131"
"6237","4277.305602857237","4277.305602857237","4277.305602857237"
"6239","1579.3177209611051","1579.3177209611051","1579.3177209611051"
"6241","2108.3052889808278","2108.3052889808278","2108.3052889808278"
"6243","2981.1449796144752","2981.1449796144752","2981.1449796144752"
"6249","2033.1483003551768","2033.1483003551768","2033.1483003551768"
"6251","2902.046270514921","2902.046270514921","2902.046270514921"
"6255","1487.3076631111742","1487.3076631111742","1487.3076631111742"
"6257","2517.5568880853093","2517.5568880853093","2517.5568880853093"
"6259","1678.9077457014816","1678.9077457014816","1678.9077457014816"
"6261","2230.1225477061566","2230.1225477061566","2230.1225477061566"
"6263","2544.3708243320566","2544.3708243320566","2544.3708243320566"
"6265","2096.8000557777027","2096.8000557777027","2096.8000557777027"
"6267","1786.3752597885793","1786.3752597885793","1786.3752597885793"
"6269","3408.1817014179373","3408.1817014179373","3408.1817014179373"
"6271","3447.6999111942073","3447.6999111942073","3447.6999111942073"
"6273","1993.941301776545","1993.941301776545","1993.941301776545"
"6275","2633.547535968649","2633.547535968649","2633.547535968649"
"6277","1632.5975623413317","1632.5975623413317","1632.5975623413317"
"6279","1522.2370479799868","1522.2370479799868","1522.2370479799868"
"6281","4093.973859825132","4093.973859825132","4093.973859825132"
"6283","2971.45720071153","2971.45720071153","2971.45720071153"
"6285","1263.5702891251465","1263.5702891251465","1263.5702891251465"
"6287","1859.674505747014","1859.674505747014","1859.674505747014"
"6289","1691.6891967004442","1691.6891967004442","1691.6891967004442"
"6291","3543.878617214902","3543.878617214902","3543.878617214902"
"6293","1464.3408865868803","1464.3408865868803","1464.3408865868803"
"6297","1271.7213446476646","1271.7213446476646","1271.7213446476646"
"6299","1766.8115418302102","1766.8115418302102","1766.8115418302102"
"6301","2613.0518335018273","2613.0518335018273","2613.0518335018273"
"6303","2039.6842447111424","2039.6842447111424","2039.6842447111424"
"6305","1020.2354542266235","1020.2354542266235","1020.2354542266235"
"6307","3936.441097472467","3936.441097472467","3936.441097472467"
"6309","1495.7397604894213","1495.7397604894213","1495.7397604894213"
"6311","2104.2051362936895","2104.2051362936895","2104.2051362936895"
"6313","2674.717796226303","2674.717796226303","2674.717796226303"
"6315","1957.7330589160615","1957.7330589160615","1957.7330589160615"
"6319","1974.2464511197459","1974.2464511197459","1974.2464511197459"
"6321","1109.497516878357","1109.497516878357","1109.497516878357"
"6323","1043.4090724236132","1043.4090724236132","1043.4090724236132"
"6325","983.4340097609686","983.4340097609686","983.4340097609686"
"6327","2615.3750335495724","2615.3750335495724","2615.3750335495724"
"6329","1756.8104855028043","1756.8104855028043","1756.8104855028043"
"6331","3722.8111242879204","3722.8111242879204","3722.8111242879204"
"6333","3217.32374646642","3217.32374646642","3217.32374646642"
"6335","1287.4927499715134","1287.4927499715134","1287.4927499715134"
"6337","2521.8831403712006","2521.8831403712006","2521.8831403712006"
"6339","3729.040861227616","3729.040861227616","3729.040861227616"
"6341","1892.5822939989214","1892.5822939989214","1892.5822939989214"
"6347","2575.6443978893394","2575.6443978893394","2575.6443978893394"
"6349","1807.1303863643016","1807.1303863643016","1807.1303863643016"
"6351","1377.2218861278561","1377.2218861278561","1377.2218861278561"
"6353","4535.4631173917","4535.4631173917","4535.4631173917"
"6355","2257.181581037615","2257.181581037615","2257.181581037615"
"6357","3185.9783299080914","3185.9783299080914","3185.9783299080914"
"6359","1608.1819741852903","1608.1819741852903","1608.1819741852903"
"6361","3428.5008152327528","3428.5008152327528","3428.5008152327528"
"6363","2593.3851536984894","2593.3851536984894","2593.3851536984894"
"6365","1867.9654763136016","1867.9654763136016","1867.9654763136016"
"6367","2504.159477152689","2504.159477152689","2504.159477152689"
"6369","2669.42808416875","2669.42808416875","2669.42808416875"
"6371","1059.103040895706","1059.103040895706","1059.103040895706"
"6373","1861.5320420218925","1861.5320420218925","1861.5320420218925"
"6375","1986.860370876122","1986.860370876122","1986.860370876122"
"6377","2219.059499457345","2219.059499457345","2219.059499457345"
"6379","1592.421379918357","1592.421379918357","1592.421379918357"
"6385","4183.434206416383","4183.434206416383","4183.434206416383"
"6387","1351.3331080788835","1351.3331080788835","1351.3331080788835"
"6389","1477.9495153235137","1477.9495153235137","1477.9495153235137"
"6391","2765.670969952791","2765.670969952791","2765.670969952791"
"6393","1906.7466823573525","1906.7466823573525","1906.7466823573525"
"6395","2865.5056191207755","2865.5056191207755","2865.5056191207755"
"6397","1866.4122652042329","1866.4122652042329","1866.4122652042329"
"6399","2963.2141550213782","2963.2141550213782","2963.2141550213782"
"6403","1957.2636624299262","1957.2636624299262","1957.2636624299262"
"6405","1746.3924527960726","1746.3924527960726","1746.3924527960726"
"6407","1768.079760273731","1768.079760273731","1768.079760273731"
"6409","2111.1794983163263","2111.1794983163263","2111.1794983163263"
"6411","3966.1230644763095","3966.1230644763095","3966.1230644763095"
"6413","3237.827310623066","3237.827310623066","3237.827310623066"
"6415","1319.4423042525398","1319.4423042525398","1319.4423042525398"
"6417","4221.666528847611","4221.666528847611","4221.666528847611"
"6419","3372.370180992253","3372.370180992253","3372.370180992253"
"6421","3051.4123339604325","3051.4123339604325","3051.4123339604325"
"6423","2198.8292640551613","2198.8292640551613","2198.8292640551613"
"6425","2175.9087989171035","2175.9087989171035","2175.9087989171035"
"6427","3008.270105008328","3008.270105008328","3008.270105008328"
"6429","1676.5279773453465","1676.5279773453465","1676.5279773453465"
"6431","1672.00059508126","1672.00059508126","1672.00059508126"
"6433","3429.370066001517","3429.370066001517","3429.370066001517"
"6435","2549.7680334161687","2549.7680334161687","2549.7680334161687"
"6437","1262.6219312877731","1262.6219312877731","1262.6219312877731"
"6439","1800.3295778836189","1800.3295778836189","1800.3295778836189"
"6441","2540.260765786827","2540.260765786827","2540.260765786827"
"6443","1990.6017125442843","1990.6017125442843","1990.6017125442843"
"6445","1962.1216515580977","1962.1216515580977","1962.1216515580977"
"6449","2748.5453052641724","2748.5453052641724","2748.5453052641724"
"6451","1272.7284885743607","1272.7284885743607","1272.7284885743607"
"6453","2497.7301187244234","2497.7301187244234","2497.7301187244234"
"6455","1878.1468686879214","1878.1468686879214","1878.1468686879214"
"6457","1753.0167645686697","1753.0167645686697","1753.0167645686697"
"6461","2162.611416333457","2162.611416333457","2162.611416333457"
"6463","2578.9395403858434","2578.9395403858434","2578.9395403858434"
"6465","2183.6276350309545","2183.6276350309545","2183.6276350309545"
"6467","2807.013007130468","2807.013007130468","2807.013007130468"
"6471","1846.804315566632","1846.804315566632","1846.804315566632"
"6473","2507.8260593701348","2507.8260593701348","2507.8260593701348"
"6475","2154.6583278802946","2154.6583278802946","2154.6583278802946"
"6477","2554.576428066568","2554.576428066568","2554.576428066568"
"6479","1438.8272698961132","1438.8272698961132","1438.8272698961132"
"6481","1646.1631986563102","1646.1631986563102","1646.1631986563102"
"6483","1820.5570662422394","1820.5570662422394","1820.5570662422394"
"6485","1824.2344294002858","1824.2344294002858","1824.2344294002858"
"6487","1464.2679354310242","1464.2679354310242","1464.2679354310242"
"6489","1525.804441542392","1525.804441542392","1525.804441542392"
"6491","1452.909299776906","1452.909299776906","1452.909299776906"
"6493","2743.3917018023744","2743.3917018023744","2743.3917018023744"
"6495","1271.1388606323842","1271.1388606323842","1271.1388606323842"
"6497","2669.316159615599","2669.316159615599","2669.316159615599"
"6499","2184.135284559206","2184.135284559206","2184.135284559206"
"6501","1996.566317135644","1996.566317135644","1996.566317135644"
"6503","2013.4191826261433","2013.4191826261433","2013.4191826261433"
"6507","2630.229169303526","2630.229169303526","2630.229169303526"
"6509","2483.2000863220337","2483.2000863220337","2483.2000863220337"
"6511","2626.933838727414","2626.933838727414","2626.933838727414"
"6513","2139.05914493072","2139.05914493072","2139.05914493072"
"6515","1846.339807243806","1846.339807243806","1846.339807243806"
"6517","1052.168380806053","1052.168380806053","1052.168380806053"
"6519","1212.3057111438027","1212.3057111438027","1212.3057111438027"
"6521","1760.7676778715916","1760.7676778715916","1760.7676778715916"
"6525","4153.330760075327","4153.330760075327","4153.330760075327"
"6527","3303.7975456664435","3303.7975456664435","3303.7975456664435"
"6529","3355.409699387807","3355.409699387807","3355.409699387807"
"6531","2632.9557623216633","2632.9557623216633","2632.9557623216633"
"6533","1043.4014854945035","1043.4014854945035","1043.4014854945035"
"6535","2881.936599281592","2881.936599281592","2881.936599281592"
"6537","1161.1558303925674","1161.1558303925674","1161.1558303925674"
"6539","2403.311495743459","2403.311495743459","2403.311495743459"
"6541","1749.2787586395248","1749.2787586395248","1749.2787586395248"
"6545","2366.0499338500076","2366.0499338500076","2366.0499338500076"
"6547","2697.713169808741","2697.713169808741","2697.713169808741"
"6551","2532.2323411786583","2532.2323411786583","2532.2323411786583"
"6553","3233.335198855763","3233.335198855763","3233.335198855763"
"6555","1991.36342974989","1991.36342974989","1991.36342974989"
"6557","2137.4951787805003","2137.4951787805003","2137.4951787805003"
"6559","2271.7575407556883","2271.7575407556883","2271.7575407556883"
"6561","1855.9966089393922","1855.9966089393922","1855.9966089393922"
"6563","2554.6120098754545","2554.6120098754545","2554.6120098754545"
"6565","2067.21271721531","2067.21271721531","2067.21271721531"
"6567","2008.2278656933472","2008.2278656933472","2008.2278656933472"
"6569","1811.7242377931323","1811.7242377931323","1811.7242377931323"
"6573","3087.9592308805304","3087.9592308805304","3087.9592308805304"
"6575","2404.1352918854127","2404.1352918854127","2404.1352918854127"
"6577","2427.220674580041","2427.220674580041","2427.220674580041"
"6579","3316.262636343947","3316.262636343947","3316.262636343947"
"6581","1941.017004401411","1941.017004401411","1941.017004401411"
"6585","2247.4744948010316","2247.4744948010316","2247.4744948010316"
"6589","2814.3831412451545","2814.3831412451545","2814.3831412451545"
"6591","1765.7017100389132","1765.7017100389132","1765.7017100389132"
"6593","2644.084391177003","2644.084391177003","2644.084391177003"
"6595","2194.241286147575","2194.241286147575","2194.241286147575"
"6597","2172.4792332913266","2172.4792332913266","2172.4792332913266"
"6599","1761.8687770932531","1761.8687770932531","1761.8687770932531"
"6601","2591.3480299584494","2591.3480299584494","2591.3480299584494"
"6603","1679.6480218550626","1679.6480218550626","1679.6480218550626"
"6605","2107.3158244547362","2107.3158244547362","2107.3158244547362"
"6607","2768.7348537590506","2768.7348537590506","2768.7348537590506"
"6609","2688.6456731173243","2688.6456731173243","2688.6456731173243"
"6611","1397.1646525964293","1397.1646525964293","1397.1646525964293"
"6613","1973.945177700387","1973.945177700387","1973.945177700387"
"6617","2868.513907480795","2868.513907480795","2868.513907480795"
"6619","1732.9280913610696","1732.9280913610696","1732.9280913610696"
"6621","2529.524421029967","2529.524421029967","2529.524421029967"
"6623","1635.7470839697585","1635.7470839697585","1635.7470839697585"
"6625","2381.518747528227","2381.518747528227","2381.518747528227"
"6627","2060.392021398874","2060.392021398874","2060.392021398874"
"6629","1533.7614391408638","1533.7614391408638","1533.7614391408638"
"6631","2846.96587355761","2846.96587355761","2846.96587355761"
"6633","1767.9300537459624","1767.9300537459624","1767.9300537459624"
"6635","1338.5027856288361","1338.5027856288361","1338.5027856288361"
"6637","2847.1410779839434","2847.1410779839434","2847.1410779839434"
"6639","1539.7707476214482","1539.7707476214482","1539.7707476214482"
"6641","1716.5506444556697","1716.5506444556697","1716.5506444556697"
"6647","3746.668408562865","3746.668408562865","3746.668408562865"
"6649","2129.222863828039","2129.222863828039","2129.222863828039"
"6651","2613.2055137619027","2613.2055137619027","2613.2055137619027"
"6653","2483.117349057397","2483.117349057397","2483.117349057397"
"6655","3364.41571179312","3364.41571179312","3364.41571179312"
"6657","1576.8812679600132","1576.8812679600132","1576.8812679600132"
"6659","2752.7618735953506","2752.7618735953506","2752.7618735953506"
"6661","1736.4155475934265","1736.4155475934265","1736.4155475934265"
"6663","1826.1868685346533","1826.1868685346533","1826.1868685346533"
"6665","1671.097882316085","1671.097882316085","1671.097882316085"
"6667","1724.1807774422973","1724.1807774422973","1724.1807774422973"
"6669","1595.3445101636019","1595.3445101636019","1595.3445101636019"
"6671","3004.889368267675","3004.889368267675","3004.889368267675"
"6675","2898.440492119491","2898.440492119491","2898.440492119491"
"6677","3863.932463065585","3863.932463065585","3863.932463065585"
"6679","2613.7485970083344","2613.7485970083344","2613.7485970083344"
"6681","2080.783545285207","2080.783545285207","2080.783545285207"
"6686","2128.185885282432","2128.185885282432","2128.185885282432"
"6688","1219.5453493914902","1219.5453493914902","1219.5453493914902"
"6690","1934.8637427179915","1934.8637427179915","1934.8637427179915"
"6692","2438.276344546169","2438.276344546169","2438.276344546169"
"6696","2723.6590898791073","2723.6590898791073","2723.6590898791073"
"6698","2251.5863349812466","2251.5863349812466","2251.5863349812466"
"6700","3190.576583240886","3190.576583240886","3190.576583240886"
"6702","2033.8883138631952","2033.8883138631952","2033.8883138631952"
"6704","2415.516412423782","2415.516412423782","2415.516412423782"
"6706","2059.238524683195","2059.238524683195","2059.238524683195"
"6708","3112.475809133503","3112.475809133503","3112.475809133503"
"6714","2057.2566480110813","2057.2566480110813","2057.2566480110813"
"6718","2274.509144585391","2274.509144585391","2274.509144585391"
"6720","2139.675740877835","2139.675740877835","2139.675740877835"
"6722","2039.2737187865941","2039.2737187865941","2039.2737187865941"
"6724","1838.2867027555267","1838.2867027555267","1838.2867027555267"
"6728","3148.926453213968","3148.926453213968","3148.926453213968"
"6730","1537.5904314459535","1537.5904314459535","1537.5904314459535"
"6732","1549.641089166549","1549.641089166549","1549.641089166549"
"6734","2557.3669287851935","2557.3669287851935","2557.3669287851935"
"6736","1486.9494449119184","1486.9494449119184","1486.9494449119184"
"6740","2931.264834173281","2931.264834173281","2931.264834173281"
"6742","2821.7795722346655","2821.7795722346655","2821.7795722346655"
"6744","2066.6551674406273","2066.6551674406273","2066.6551674406273"
"6746","1605.94242422177","1605.94242422177","1605.94242422177"
"6748","1868.8558204059127","1868.8558204059127","1868.8558204059127"
"6750","2405.010542013733","2405.010542013733","2405.010542013733"
"6752","717.1407493197073","717.1407493197073","717.1407493197073"
"6754","1424.9243839596757","1424.9243839596757","1424.9243839596757"
"6756","1218.4011115862734","1218.4011115862734","1218.4011115862734"
"6758","1570.5296309366556","1570.5296309366556","1570.5296309366556"
"6760","2336.049463146874","2336.049463146874","2336.049463146874"
"6762","3006.8798600916575","3006.8798600916575","3006.8798600916575"
"6764","4108.328370516231","4108.328370516231","4108.328370516231"
"6766","2816.9258051138145","2816.9258051138145","2816.9258051138145"
"6768","1801.8663575265853","1801.8663575265853","1801.8663575265853"
"6770","1427.6767567751108","1427.6767567751108","1427.6767567751108"
"6772","2362.701171428779","2362.701171428779","2362.701171428779"
"6776","2207.9469249754293","2207.9469249754293","2207.9469249754293"
"6778","3421.0276403701573","3421.0276403701573","3421.0276403701573"
"6780","2997.9483373894104","2997.9483373894104","2997.9483373894104"
"6782","2849.736608916029","2849.736608916029","2849.736608916029"
"6786","1856.540771791285","1856.540771791285","1856.540771791285"
"6790","3380.5759251608715","3380.5759251608715","3380.5759251608715"
"6794","2102.6650305547146","2102.6650305547146","2102.6650305547146"
"6796","1257.385622765812","1257.385622765812","1257.385622765812"
"6798","4737.182068284705","4737.182068284705","4737.182068284705"
"6800","1647.5093678409248","1647.5093678409248","1647.5093678409248"
"6802","2529.4453345365923","2529.4453345365923","2529.4453345365923"
"6804","1260.8809302449517","1260.8809302449517","1260.8809302449517"
"6808","914.812342872614","914.812342872614","914.812342872614"
"6810","2300.20960910005","2300.20960910005","2300.20960910005"
"6812","2478.4145710381968","2478.4145710381968","2478.4145710381968"
"6814","1368.386492186886","1368.386492186886","1368.386492186886"
"6816","3050.4642033651767","3050.4642033651767","3050.4642033651767"
"6818","1674.2715459661615","1674.2715459661615","1674.2715459661615"
"6820","2309.5089378025004","2309.5089378025004","2309.5089378025004"
"6822","2786.069765657862","2786.069765657862","2786.069765657862"
"6824","3078.0631412545017","3078.0631412545017","3078.0631412545017"
"6826","1879.5748371661468","1879.5748371661468","1879.5748371661468"
"6828","1922.5306904331064","1922.5306904331064","1922.5306904331064"
"6830","2740.583184161387","2740.583184161387","2740.583184161387"
"6832","2071.184928179212","2071.184928179212","2071.184928179212"
"6834","2481.6618325365926","2481.6618325365926","2481.6618325365926"
"6836","2459.502407224989","2459.502407224989","2459.502407224989"
"6842","2011.1174749652919","2011.1174749652919","2011.1174749652919"
"6844","1430.8991743504873","1430.8991743504873","1430.8991743504873"
"6848","1571.983940054154","1571.983940054154","1571.983940054154"
"6850","2385.9656686375356","2385.9656686375356","2385.9656686375356"
"6852","1940.264705868633","1940.264705868633","1940.264705868633"
"6854","1866.3450000304551","1866.3450000304551","1866.3450000304551"
"6858","2510.8572519198974","2510.8572519198974","2510.8572519198974"
"6860","2963.3749438397776","2963.3749438397776","2963.3749438397776"
"6862","1699.6439040158782","1699.6439040158782","1699.6439040158782"
"6864","1560.1463472284145","1560.1463472284145","1560.1463472284145"
"6866","758.936274914152","758.936274914152","758.936274914152"
"6868","2956.6031968828006","2956.6031968828006","2956.6031968828006"
"6870","3253.1301985744017","3253.1301985744017","3253.1301985744017"
"6872","1708.4515967275067","1708.4515967275067","1708.4515967275067"
"6874","3408.9306817187025","3408.9306817187025","3408.9306817187025"
"6876","1823.7261791255398","1823.7261791255398","1823.7261791255398"
"6880","3843.6043409335525","3843.6043409335525","3843.6043409335525"
"6882","2555.500373656325","2555.500373656325","2555.500373656325"
"6884","1697.0057711081643","1697.0057711081643","1697.0057711081643"
"6886","1703.8258217426906","1703.8258217426906","1703.8258217426906"
"6888","1410.9247707667205","1410.9247707667205","1410.9247707667205"
"6890","2535.3748244942044","2535.3748244942044","2535.3748244942044"
"6892","3074.7450895409033","3074.7450895409033","3074.7450895409033"
"6894","1682.3865031644061","1682.3865031644061","1682.3865031644061"
"6896","1682.3932013759638","1682.3932013759638","1682.3932013759638"
"6898","2299.6661879511853","2299.6661879511853","2299.6661879511853"
"6900","1752.9795222517134","1752.9795222517134","1752.9795222517134"
"6902","2550.521083725573","2550.521083725573","2550.521083725573"
"6904","2360.6263372848234","2360.6263372848234","2360.6263372848234"
"6908","1427.8211762934247","1427.8211762934247","1427.8211762934247"
"6910","2709.351479671337","2709.351479671337","2709.351479671337"
"6912","2945.594834776851","2945.594834776851","2945.594834776851"
"6914","1734.03816775631","1734.03816775631","1734.03816775631"
"6916","4790.7318018724045","4790.7318018724045","4790.7318018724045"
"6918","2915.7509246078316","2915.7509246078316","2915.7509246078316"
"6920","2291.4784346928113","2291.4784346928113","2291.4784346928113"
"6922","1162.0703458242635","1162.0703458242635","1162.0703458242635"
"6926","1870.8852480550788","1870.8852480550788","1870.8852480550788"
"6928","1551.257156548449","1551.257156548449","1551.257156548449"
"6930","2023.3385363794175","2023.3385363794175","2023.3385363794175"
"6932","1990.4879257820041","1990.4879257820041","1990.4879257820041"
"6936","2902.9929563224664","2902.9929563224664","2902.9929563224664"
"6938","2651.831795185182","2651.831795185182","2651.831795185182"
"6940","1997.0419585586512","1997.0419585586512","1997.0419585586512"
"6942","2817.02353370046","2817.02353370046","2817.02353370046"
"6944","2777.5783251972966","2777.5783251972966","2777.5783251972966"
"6946","2075.5836572237017","2075.5836572237017","2075.5836572237017"
"6948","1365.861113059017","1365.861113059017","1365.861113059017"
"6950","2849.8747808571034","2849.8747808571034","2849.8747808571034"
"6952","2178.584048527206","2178.584048527206","2178.584048527206"
"6954","3421.529495528824","3421.529495528824","3421.529495528824"
"6956","1322.5250834788649","1322.5250834788649","1322.5250834788649"
"6958","2548.5290702679627","2548.5290702679627","2548.5290702679627"
"6960","3572.6550074078214","3572.6550074078214","3572.6550074078214"
"6962","2264.741034545485","2264.741034545485","2264.741034545485"
"6964","2883.892854501434","2883.892854501434","2883.892854501434"
"6966","3138.1448613054736","3138.1448613054736","3138.1448613054736"
"6968","1657.3681700612003","1657.3681700612003","1657.3681700612003"
"6970","2245.1231974238813","2245.1231974238813","2245.1231974238813"
"6974","2284.5620417960886","2284.5620417960886","2284.5620417960886"
"6976","3311.3514645469345","3311.3514645469345","3311.3514645469345"
"6978","2317.8103599523033","2317.8103599523033","2317.8103599523033"
"6980","2100.264779638373","2100.264779638373","2100.264779638373"
"6982","2247.735377255763","2247.735377255763","2247.735377255763"
"6984","3146.9718276112294","3146.9718276112294","3146.9718276112294"
"6986","1589.0619853721244","1589.0619853721244","1589.0619853721244"
"6988","3015.370471866343","3015.370471866343","3015.370471866343"
"6990","2305.675230277909","2305.675230277909","2305.675230277909"
"6992","1886.9918562395476","1886.9918562395476","1886.9918562395476"
"6994","2290.9373329359228","2290.9373329359228","2290.9373329359228"
"6996","1515.165023219698","1515.165023219698","1515.165023219698"
"7000","2323.2896534583488","2323.2896534583488","2323.2896534583488"
"7002","2175.5558287515437","2175.5558287515437","2175.5558287515437"
"7004","1672.4211411317042","1672.4211411317042","1672.4211411317042"
"7006","2061.935065667385","2061.935065667385","2061.935065667385"
"7008","2092.2646805285467","2092.2646805285467","2092.2646805285467"
"7010","1804.3412706257036","1804.3412706257036","1804.3412706257036"
"7012","2029.7088645415588","2029.7088645415588","2029.7088645415588"
"7016","1798.5605544108148","1798.5605544108148","1798.5605544108148"
"7018","1942.0673158246043","1942.0673158246043","1942.0673158246043"
"7022","1982.343700352107","1982.343700352107","1982.343700352107"
"7024","3081.4231978635567","3081.4231978635567","3081.4231978635567"
"7028","1521.0929582590827","1521.0929582590827","1521.0929582590827"
"7030","2417.949217315317","2417.949217315317","2417.949217315317"
"7032","2338.707267374912","2338.707267374912","2338.707267374912"
"7034","1521.361354609348","1521.361354609348","1521.361354609348"
"7036","1291.3284471017437","1291.3284471017437","1291.3284471017437"
"7038","4060.8987953892533","4060.8987953892533","4060.8987953892533"
"7040","1914.4774006734876","1914.4774006734876","1914.4774006734876"
"7042","2693.733637465769","2693.733637465769","2693.733637465769"
"7044","1564.6827472091177","1564.6827472091177","1564.6827472091177"
"7046","1872.682728936278","1872.682728936278","1872.682728936278"
"7050","1674.477014100237","1674.477014100237","1674.477014100237"
"7052","2788.8451659851044","2788.8451659851044","2788.8451659851044"
"7054","1243.1915202258715","1243.1915202258715","1243.1915202258715"
"7056","1836.2627350071496","1836.2627350071496","1836.2627350071496"
"7060","2047.3108446396518","2047.3108446396518","2047.3108446396518"
"7062","1315.9860511960155","1315.9860511960155","1315.9860511960155"
"7064","3012.340283611746","3012.340283611746","3012.340283611746"
"7066","3918.8251263050374","3918.8251263050374","3918.8251263050374"
"7068","2138.0841741034524","2138.0841741034524","2138.0841741034524"
"7070","2933.676610556142","2933.676610556142","2933.676610556142"
"7072","1511.015499275336","1511.015499275336","1511.015499275336"
"7074","2240.0019590814145","2240.0019590814145","2240.0019590814145"
"7076","2608.411508268215","2608.411508268215","2608.411508268215"
"7078","2775.6338422325625","2775.6338422325625","2775.6338422325625"
"7080","2130.6026769158507","2130.6026769158507","2130.6026769158507"
"7082","2795.1040308551196","2795.1040308551196","2795.1040308551196"
"7084","1502.9783606625977","1502.9783606625977","1502.9783606625977"
"7086","2280.2578355798637","2280.2578355798637","2280.2578355798637"
"7088","2654.729856946875","2654.729856946875","2654.729856946875"
"7090","1363.0838797811055","1363.0838797811055","1363.0838797811055"
"7092","2481.989582037406","2481.989582037406","2481.989582037406"
"7094","2153.1604525854414","2153.1604525854414","2153.1604525854414"
"7098","1452.3073351903192","1452.3073351903192","1452.3073351903192"
"7100","2442.99333484992","2442.99333484992","2442.99333484992"
"7102","2269.0168838528484","2269.0168838528484","2269.0168838528484"
"7104","3501.3025789082003","3501.3025789082003","3501.3025789082003"
"7106","1385.900901001543","1385.900901001543","1385.900901001543"
"7108","1946.481085615079","1946.481085615079","1946.481085615079"
"7110","1679.8425203690895","1679.8425203690895","1679.8425203690895"
"7116","2126.5392969282466","2126.5392969282466","2126.5392969282466"
"7118","1079.9946261201605","1079.9946261201605","1079.9946261201605"
"7120","2514.691695054211","2514.691695054211","2514.691695054211"
"7122","2558.5759868442015","2558.5759868442015","2558.5759868442015"
"7124","1246.775401829441","1246.775401829441","1246.775401829441"
"7126","3775.652328238231","3775.652328238231","3775.652328238231"
"7128","2073.089428672116","2073.089428672116","2073.089428672116"
"7130","2507.6204624506727","2507.6204624506727","2507.6204624506727"
"7132","1327.2144197366088","1327.2144197366088","1327.2144197366088"
"7136","1107.7380208453772","1107.7380208453772","1107.7380208453772"
"7138","1409.7939974370652","1409.7939974370652","1409.7939974370652"
"7140","2031.621257159377","2031.621257159377","2031.621257159377"
"7142","2248.389687735603","2248.389687735603","2248.389687735603"
"7144","1995.409995843402","1995.409995843402","1995.409995843402"
"7147","1622.24366871052","1622.24366871052","1622.24366871052"
"7149","2716.5470680334734","2716.5470680334734","2716.5470680334734"
"7151","2118.245476318431","2118.245476318431","2118.245476318431"
"7153","2731.29835064164","2731.29835064164","2731.29835064164"
"7155","1469.059789736645","1469.059789736645","1469.059789736645"
"7157","1444.1266865840544","1444.1266865840544","1444.1266865840544"
"7159","1796.4311756502748","1796.4311756502748","1796.4311756502748"
"7161","2277.189534169264","2277.189534169264","2277.189534169264"
"7163","2826.268482468381","2826.268482468381","2826.268482468381"
"7165","2290.2645984199385","2290.2645984199385","2290.2645984199385"
"7167","2663.758828315444","2663.758828315444","2663.758828315444"
"7169","2077.527250640247","2077.527250640247","2077.527250640247"
"7171","1471.9688698423747","1471.9688698423747","1471.9688698423747"
"7173","3083.469635403669","3083.469635403669","3083.469635403669"
"7175","1570.1586662210875","1570.1586662210875","1570.1586662210875"
"7177","2245.054419172304","2245.054419172304","2245.054419172304"
"7179","1934.9607779349842","1934.9607779349842","1934.9607779349842"
"7181","1719.8467006885041","1719.8467006885041","1719.8467006885041"
"7183","1721.0793424878607","1721.0793424878607","1721.0793424878607"
"7185","3150.9673553825996","3150.9673553825996","3150.9673553825996"
"7187","2240.0530980407434","2240.0530980407434","2240.0530980407434"
"7189","3079.470848541351","3079.470848541351","3079.470848541351"
"7191","1285.3343834371692","1285.3343834371692","1285.3343834371692"
"7193","1012.6486135694282","1012.6486135694282","1012.6486135694282"
"7195","2458.2646250552093","2458.2646250552093","2458.2646250552093"
"7197","1281.2954818980193","1281.2954818980193","1281.2954818980193"
"7199","1957.9593909309876","1957.9593909309876","1957.9593909309876"
"7201","1498.666466074451","1498.666466074451","1498.666466074451"
"7203","3379.24183849318","3379.24183849318","3379.24183849318"
"7205","2192.356219905668","2192.356219905668","2192.356219905668"
"7207","2885.1498481603026","2885.1498481603026","2885.1498481603026"
"7209","2336.8514579042144","2336.8514579042144","2336.8514579042144"
"7211","1477.2077114505187","1477.2077114505187","1477.2077114505187"
"7213","3272.951736460609","3272.951736460609","3272.951736460609"
"7215","1705.8982231480845","1705.8982231480845","1705.8982231480845"
"7217","1465.7503501466153","1465.7503501466153","1465.7503501466153"
"7219","1773.3032284963717","1773.3032284963717","1773.3032284963717"
"7221","1735.2902471886891","1735.2902471886891","1735.2902471886891"
"7223","3295.9621847133817","3295.9621847133817","3295.9621847133817"
"7225","4344.096025914239","4344.096025914239","4344.096025914239"
"7227","1566.665580382207","1566.665580382207","1566.665580382207"
"7231","2173.236255666797","2173.236255666797","2173.236255666797"
"7233","3606.505975282797","3606.505975282797","3606.505975282797"
"7235","812.5676392864452","812.5676392864452","812.5676392864452"
"7237","1107.7681610585462","1107.7681610585462","1107.7681610585462"
"7239","3003.5427057060215","3003.5427057060215","3003.5427057060215"
"7241","1829.8997415506044","1829.8997415506044","1829.8997415506044"
"7243","2513.8489276269347","2513.8489276269347","2513.8489276269347"
"7245","1026.946703621227","1026.946703621227","1026.946703621227"
"7247","1870.796140125482","1870.796140125482","1870.796140125482"
"7249","2942.352259313022","2942.352259313022","2942.352259313022"
"7253","3563.860282195093","3563.860282195093","3563.860282195093"
"7255","2254.175490722261","2254.175490722261","2254.175490722261"
"7259","1572.71799249631","1572.71799249631","1572.71799249631"
"7261","2239.983249414348","2239.983249414348","2239.983249414348"
"7263","3127.7075005876636","3127.7075005876636","3127.7075005876636"
"7265","1749.5604840188892","1749.5604840188892","1749.5604840188892"
"7269","1401.4846805670209","1401.4846805670209","1401.4846805670209"
"7273","1958.6775055404557","1958.6775055404557","1958.6775055404557"
"7275","1148.8033720694325","1148.8033720694325","1148.8033720694325"
"7277","1901.6267690400216","1901.6267690400216","1901.6267690400216"
"7279","1135.4321575712095","1135.4321575712095","1135.4321575712095"
"7283","1664.897151951591","1664.897151951591","1664.897151951591"
"7285","2789.463164030076","2789.463164030076","2789.463164030076"
"7287","2335.644694064853","2335.644694064853","2335.644694064853"
"7289","2641.182970314869","2641.182970314869","2641.182970314869"
"7291","1899.67352264428","1899.67352264428","1899.67352264428"
"7293","2009.0877587206141","2009.0877587206141","2009.0877587206141"
"7295","2904.3826492665257","2904.3826492665257","2904.3826492665257"
"7297","2305.983163030221","2305.983163030221","2305.983163030221"
"7299","2674.524750115235","2674.524750115235","2674.524750115235"
"7301","1303.17891441621","1303.17891441621","1303.17891441621"
"7303","1921.4231688787647","1921.4231688787647","1921.4231688787647"
"7305","1868.4607956603684","1868.4607956603684","1868.4607956603684"
"7307","1586.4696760788627","1586.4696760788627","1586.4696760788627"
"7309","1717.11670692309","1717.11670692309","1717.11670692309"
"7311","1721.83707822037","1721.83707822037","1721.83707822037"
"7313","2442.410377002185","2442.410377002185","2442.410377002185"
"7315","3309.2370156689544","3309.2370156689544","3309.2370156689544"
"7317","1834.1231004209476","1834.1231004209476","1834.1231004209476"
"7319","1074.584595197975","1074.584595197975","1074.584595197975"
"7321","3325.344536075545","3325.344536075545","3325.344536075545"
"7323","3091.610390201511","3091.610390201511","3091.610390201511"
"7325","2357.9845499676303","2357.9845499676303","2357.9845499676303"
"7327","1615.7539735850269","1615.7539735850269","1615.7539735850269"
"7329","4771.352047047559","4771.352047047559","4771.352047047559"
"7331","2414.758285693471","2414.758285693471","2414.758285693471"
"7333","1912.1460175631873","1912.1460175631873","1912.1460175631873"
"7335","2231.808555637359","2231.808555637359","2231.808555637359"
"7337","1352.9693525008793","1352.9693525008793","1352.9693525008793"
"7339","1367.997338362804","1367.997338362804","1367.997338362804"
"7343","1980.7086550981037","1980.7086550981037","1980.7086550981037"
"7345","1255.671702195716","1255.671702195716","1255.671702195716"
"7347","1844.7984769262155","1844.7984769262155","1844.7984769262155"
"7349","1692.8652116020298","1692.8652116020298","1692.8652116020298"
"7351","628.8977986709732","628.8977986709732","628.8977986709732"
"7353","2750.266354839824","2750.266354839824","2750.266354839824"
"7357","3222.09555632271","3222.09555632271","3222.09555632271"
"7361","1447.5524144573815","1447.5524144573815","1447.5524144573815"
"7363","3138.448031881746","3138.448031881746","3138.448031881746"
"7365","1691.4383574647363","1691.4383574647363","1691.4383574647363"
"7367","2192.309745811422","2192.309745811422","2192.309745811422"
"7369","2004.473611477414","2004.473611477414","2004.473611477414"
"7371","1570.7635516402204","1570.7635516402204","1570.7635516402204"
"7373","3287.8549266362384","3287.8549266362384","3287.8549266362384"
"7375","2578.286975049503","2578.286975049503","2578.286975049503"
"7377","1205.7362649624895","1205.7362649624895","1205.7362649624895"
"7379","2890.9958781915957","2890.9958781915957","2890.9958781915957"
"7381","2324.7751804066593","2324.7751804066593","2324.7751804066593"
"7383","2000.5352302462932","2000.5352302462932","2000.5352302462932"
"7387","1612.0916927136027","1612.0916927136027","1612.0916927136027"
"7389","2834.061388248348","2834.061388248348","2834.061388248348"
"7395","1335.2371270565031","1335.2371270565031","1335.2371270565031"
"7397","2376.5218276055393","2376.5218276055393","2376.5218276055393"
"7399","1702.839293707541","1702.839293707541","1702.839293707541"
"7401","3679.0584747388343","3679.0584747388343","3679.0584747388343"
"7403","3109.9772564939526","3109.9772564939526","3109.9772564939526"
"7405","2644.9100273834874","2644.9100273834874","2644.9100273834874"
"7407","2147.2095101185696","2147.2095101185696","2147.2095101185696"
"7409","2426.403334458217","2426.403334458217","2426.403334458217"
"7411","3128.984533656961","3128.984533656961","3128.984533656961"
"7413","1649.3782911379851","1649.3782911379851","1649.3782911379851"
"7415","1822.5827365378514","1822.5827365378514","1822.5827365378514"
"7419","1452.3548525939398","1452.3548525939398","1452.3548525939398"
"7423","2225.31400779327","2225.31400779327","2225.31400779327"
"7425","2864.710790515133","2864.710790515133","2864.710790515133"
"7427","1952.3321449817186","1952.3321449817186","1952.3321449817186"
"7429","1528.4276808784223","1528.4276808784223","1528.4276808784223"
"7431","1984.1324890813453","1984.1324890813453","1984.1324890813453"
"7433","1568.3497360902409","1568.3497360902409","1568.3497360902409"
"7435","2213.0135672912274","2213.0135672912274","2213.0135672912274"
"7437","1799.6629564983382","1799.6629564983382","1799.6629564983382"
"7443","2385.924292916928","2385.924292916928","2385.924292916928"
"7445","1595.2344647413158","1595.2344647413158","1595.2344647413158"
"7447","2333.504695361628","2333.504695361628","2333.504695361628"
"7451","2580.117986979013","2580.117986979013","2580.117986979013"
"7455","2692.2536161056437","2692.2536161056437","2692.2536161056437"
"7457","2652.386913594426","2652.386913594426","2652.386913594426"
"7459","2027.9325390971762","2027.9325390971762","2027.9325390971762"
"7461","1603.3133961215515","1603.3133961215515","1603.3133961215515"
"7463","2436.1597527444374","2436.1597527444374","2436.1597527444374"
"7465","2796.313410591221","2796.313410591221","2796.313410591221"
"7467","981.0563165862653","981.0563165862653","981.0563165862653"
"7469","1671.5012159254677","1671.5012159254677","1671.5012159254677"
"7471","2416.732311727427","2416.732311727427","2416.732311727427"
"7473","1673.3144575096242","1673.3144575096242","1673.3144575096242"
"7475","3236.709931343398","3236.709931343398","3236.709931343398"
"7477","2181.8610296017946","2181.8610296017946","2181.8610296017946"
"7481","3758.7825926727246","3758.7825926727246","3758.7825926727246"
"7483","1715.164291472105","1715.164291472105","1715.164291472105"
"7485","1491.8366289298253","1491.8366289298253","1491.8366289298253"
"7487","3805.608900226902","3805.608900226902","3805.608900226902"
"7489","3354.114694469114","3354.114694469114","3354.114694469114"
"7491","974.9062798768425","974.9062798768425","974.9062798768425"
"7495","1315.2415531144975","1315.2415531144975","1315.2415531144975"
"7497","1753.601487407866","1753.601487407866","1753.601487407866"
"7499","775.4544825166626","775.4544825166626","775.4544825166626"
"7501","3425.52439858764","3425.52439858764","3425.52439858764"
"7505","1928.571478715018","1928.571478715018","1928.571478715018"
"7507","2609.3189610385716","2609.3189610385716","2609.3189610385716"
"7509","626.5369531365335","626.5369531365335","626.5369531365335"
"7513","2169.3829915397628","2169.3829915397628","2169.3829915397628"
"7515","1705.8081402344662","1705.8081402344662","1705.8081402344662"
"7517","1867.2444961340072","1867.2444961340072","1867.2444961340072"
"7519","2427.8755607276344","2427.8755607276344","2427.8755607276344"
"7521","2588.390517986844","2588.390517986844","2588.390517986844"
"7523","2630.2497061065837","2630.2497061065837","2630.2497061065837"
"7525","2539.3554811903464","2539.3554811903464","2539.3554811903464"
"7529","2351.0639986665765","2351.0639986665765","2351.0639986665765"
"7531","3201.0706850063393","3201.0706850063393","3201.0706850063393"
"7533","2613.856344992235","2613.856344992235","2613.856344992235"
"7535","1958.4785523410114","1958.4785523410114","1958.4785523410114"
"7537","1266.9056370779958","1266.9056370779958","1266.9056370779958"
"7539","4052.7553328006675","4052.7553328006675","4052.7553328006675"
"7543","1592.412958101929","1592.412958101929","1592.412958101929"
"7545","2868.7045478128916","2868.7045478128916","2868.7045478128916"
"7547","3813.561354316019","3813.561354316019","3813.561354316019"
"7549","2859.3925204548027","2859.3925204548027","2859.3925204548027"
"7551","1958.3239977864348","1958.3239977864348","1958.3239977864348"
"7553","927.9134477154986","927.9134477154986","927.9134477154986"
"7555","1448.4450184730856","1448.4450184730856","1448.4450184730856"
"7557","1780.166689737412","1780.166689737412","1780.166689737412"
"7559","2095.2889992279997","2095.2889992279997","2095.2889992279997"
"7563","2193.307745199338","2193.307745199338","2193.307745199338"
"7565","2551.1147484073153","2551.1147484073153","2551.1147484073153"
"7569","1956.9876622201925","1956.9876622201925","1956.9876622201925"
"7571","2230.568928648457","2230.568928648457","2230.568928648457"
"7573","2790.9278081662214","2790.9278081662214","2790.9278081662214"
"7575","2105.322937171571","2105.322937171571","2105.322937171571"
"7579","2477.2577453091444","2477.2577453091444","2477.2577453091444"
"7581","3060.9822745599763","3060.9822745599763","3060.9822745599763"
"7583","2019.5543594071144","2019.5543594071144","2019.5543594071144"
"7589","1318.0579794643818","1318.0579794643818","1318.0579794643818"
"7591","2564.6698127304944","2564.6698127304944","2564.6698127304944"
"7593","2634.6806313822553","2634.6806313822553","2634.6806313822553"
"7595","2315.8214242537915","2315.8214242537915","2315.8214242537915"
"7597","2463.508504250514","2463.508504250514","2463.508504250514"
"7599","1144.661471213885","1144.661471213885","1144.661471213885"
"7603","1742.3899451696593","1742.3899451696593","1742.3899451696593"
"7605","1312.4799670098387","1312.4799670098387","1312.4799670098387"
"7608","2170.157573407588","2170.157573407588","2170.157573407588"
"7612","1519.475087596453","1519.475087596453","1519.475087596453"
"7614","1791.394209291009","1791.394209291009","1791.394209291009"
"7616","1710.8795012480832","1710.8795012480832","1710.8795012480832"
"7618","985.9541382269867","985.9541382269867","985.9541382269867"
"7620","2594.4932883729575","2594.4932883729575","2594.4932883729575"
"7622","2257.824326850512","2257.824326850512","2257.824326850512"
"7624","1042.0682748831189","1042.0682748831189","1042.0682748831189"
"7630","1798.359941488835","1798.359941488835","1798.359941488835"
"7632","1910.224199549158","1910.224199549158","1910.224199549158"
"7634","2436.6747975398584","2436.6747975398584","2436.6747975398584"
"7636","2619.616249814705","2619.616249814705","2619.616249814705"
"7640","2906.1524159445453","2906.1524159445453","2906.1524159445453"
"7642","2016.7482336615142","2016.7482336615142","2016.7482336615142"
"7646","1729.8729734215262","1729.8729734215262","1729.8729734215262"
"7648","1642.53061749751","1642.53061749751","1642.53061749751"
"7650","2245.932034185554","2245.932034185554","2245.932034185554"
"7652","1877.8447584764115","1877.8447584764115","1877.8447584764115"
"7654","1339.7281446713673","1339.7281446713673","1339.7281446713673"
"7656","1348.4801662497803","1348.4801662497803","1348.4801662497803"
"7658","1348.98286291475","1348.98286291475","1348.98286291475"
"7660","1162.6531626954247","1162.6531626954247","1162.6531626954247"
"7662","1103.347537649707","1103.347537649707","1103.347537649707"
"7664","3230.2356944954604","3230.2356944954604","3230.2356944954604"
"7666","3413.0706568472765","3413.0706568472765","3413.0706568472765"
"7668","2160.8381454013547","2160.8381454013547","2160.8381454013547"
"7670","1610.1704687076538","1610.1704687076538","1610.1704687076538"
"7672","2401.71400980897","2401.71400980897","2401.71400980897"
"7674","2556.099003013923","2556.099003013923","2556.099003013923"
"7676","3017.8604487717835","3017.8604487717835","3017.8604487717835"
"7678","2219.144443588584","2219.144443588584","2219.144443588584"
"7682","2309.8798225877244","2309.8798225877244","2309.8798225877244"
"7684","2132.7295881092086","2132.7295881092086","2132.7295881092086"
"7686","2014.511817519453","2014.511817519453","2014.511817519453"
"7688","3077.4154571445365","3077.4154571445365","3077.4154571445365"
"7690","2621.7736443989993","2621.7736443989993","2621.7736443989993"
"7692","1333.2060781737334","1333.2060781737334","1333.2060781737334"
"7694","2027.4091133062059","2027.4091133062059","2027.4091133062059"
"7696","1434.457196683368","1434.457196683368","1434.457196683368"
"7698","1999.9649596124955","1999.9649596124955","1999.9649596124955"
"7700","838.1123216147997","838.1123216147997","838.1123216147997"
"7706","2635.7133149314345","2635.7133149314345","2635.7133149314345"
"7710","2391.942854642226","2391.942854642226","2391.942854642226"
"7712","2076.590215068915","2076.590215068915","2076.590215068915"
"7714","2611.6018330167235","2611.6018330167235","2611.6018330167235"
"7716","1839.7858037550293","1839.7858037550293","1839.7858037550293"
"7718","2172.7065134389854","2172.7065134389854","2172.7065134389854"
"7720","2609.2098834853828","2609.2098834853828","2609.2098834853828"
"7722","1055.160610614196","1055.160610614196","1055.160610614196"
"7724","2208.0930333181495","2208.0930333181495","2208.0930333181495"
"7726","1893.3094646910693","1893.3094646910693","1893.3094646910693"
"7728","1571.7145890088764","1571.7145890088764","1571.7145890088764"
"7732","1683.9324738767614","1683.9324738767614","1683.9324738767614"
"7734","1464.5488442158048","1464.5488442158048","1464.5488442158048"
"7736","2354.0641810184434","2354.0641810184434","2354.0641810184434"
"7738","1647.3172706864623","1647.3172706864623","1647.3172706864623"
"7740","1642.70813707517","1642.70813707517","1642.70813707517"
"7742","1732.0761674348555","1732.0761674348555","1732.0761674348555"
"7744","1953.9701540570052","1953.9701540570052","1953.9701540570052"
"7746","1458.7528754927562","1458.7528754927562","1458.7528754927562"
"7748","1556.899105518636","1556.899105518636","1556.899105518636"
"7750","1866.1815175881984","1866.1815175881984","1866.1815175881984"
"7752","1069.280718766846","1069.280718766846","1069.280718766846"
"7754","2104.579631643817","2104.579631643817","2104.579631643817"
"7758","960.0505107950298","960.0505107950298","960.0505107950298"
"7760","4134.982601161456","4134.982601161456","4134.982601161456"
"7762","1755.5123220620803","1755.5123220620803","1755.5123220620803"
"7764","2380.141261816179","2380.141261816179","2380.141261816179"
"7766","1959.0592831165204","1959.0592831165204","1959.0592831165204"
"7768","2399.080976097293","2399.080976097293","2399.080976097293"
"7770","3112.372396143765","3112.372396143765","3112.372396143765"
"7772","3261.506536284521","3261.506536284521","3261.506536284521"
"7774","1393.4269360674198","1393.4269360674198","1393.4269360674198"
"7776","1478.406992843265","1478.406992843265","1478.406992843265"
"7780","1895.111329455788","1895.111329455788","1895.111329455788"
"7782","3125.112293133197","3125.112293133197","3125.112293133197"
"7784","1919.4243709135933","1919.4243709135933","1919.4243709135933"
"7788","1886.8398370843272","1886.8398370843272","1886.8398370843272"
"7790","1485.3710045379164","1485.3710045379164","1485.3710045379164"
"7792","2761.0392887973835","2761.0392887973835","2761.0392887973835"
"7796","4259.937526027631","4259.937526027631","4259.937526027631"
"7798","1890.8661854020847","1890.8661854020847","1890.8661854020847"
"7800","1913.6902388754268","1913.6902388754268","1913.6902388754268"
"7802","1963.468532987907","1963.468532987907","1963.468532987907"
"7804","2493.804616258313","2493.804616258313","2493.804616258313"
"7806","2996.632369664305","2996.632369664305","2996.632369664305"
"7808","1644.285750016838","1644.285750016838","1644.285750016838"
"7810","3280.9427662472976","3280.9427662472976","3280.9427662472976"
"7812","1294.405585424511","1294.405585424511","1294.405585424511"
"7816","1010.9208819779016","1010.9208819779016","1010.9208819779016"
"7818","1777.9187959465019","1777.9187959465019","1777.9187959465019"
"7820","2513.6624968145584","2513.6624968145584","2513.6624968145584"
"7822","1941.2267667211556","1941.2267667211556","1941.2267667211556"
"7824","2133.8828129545172","2133.8828129545172","2133.8828129545172"
"7826","1231.3772057161218","1231.3772057161218","1231.3772057161218"
"7828","1275.7642032351068","1275.7642032351068","1275.7642032351068"
"7830","3040.198934917779","3040.198934917779","3040.198934917779"
"7832","2057.463703125051","2057.463703125051","2057.463703125051"
"7834","1603.5198834231446","1603.5198834231446","1603.5198834231446"
"7836","1235.2041299770087","1235.2041299770087","1235.2041299770087"
"7838","1969.3672975954296","1969.3672975954296","1969.3672975954296"
"7840","2233.0135452489203","2233.0135452489203","2233.0135452489203"
"7842","1265.9556580924252","1265.9556580924252","1265.9556580924252"
"7844","4286.565898257902","4286.565898257902","4286.565898257902"
"7846","1569.6842018440618","1569.6842018440618","1569.6842018440618"
"7848","1036.2078615238502","1036.2078615238502","1036.2078615238502"
"7852","2909.0441428599147","2909.0441428599147","2909.0441428599147"
"7856","1843.4456234572053","1843.4456234572053","1843.4456234572053"
"7858","1564.3083717347806","1564.3083717347806","1564.3083717347806"
"7860","1663.0034994680937","1663.0034994680937","1663.0034994680937"
"7862","3228.785725653258","3228.785725653258","3228.785725653258"
"7864","1328.2642571987085","1328.2642571987085","1328.2642571987085"
"7866","1353.0383238661798","1353.0383238661798","1353.0383238661798"
"7868","1948.9017603411219","1948.9017603411219","1948.9017603411219"
"7870","1059.471248794902","1059.471248794902","1059.471248794902"
"7872","3329.170416570055","3329.170416570055","3329.170416570055"
"7874","2304.746982647383","2304.746982647383","2304.746982647383"
"7876","1751.9332263713818","1751.9332263713818","1751.9332263713818"
"7878","1285.0867719334424","1285.0867719334424","1285.0867719334424"
"7880","1162.1964846748642","1162.1964846748642","1162.1964846748642"
"7882","2309.146221169724","2309.146221169724","2309.146221169724"
"7884","864.3702256108077","864.3702256108077","864.3702256108077"
"7886","2007.463825690875","2007.463825690875","2007.463825690875"
"7890","1963.418348742034","1963.418348742034","1963.418348742034"
"7892","2437.3374603560087","2437.3374603560087","2437.3374603560087"
"7894","3510.204162542351","3510.204162542351","3510.204162542351"
"7896","1249.09632770608","1249.09632770608","1249.09632770608"
"7898","1877.1117954093274","1877.1117954093274","1877.1117954093274"
"7900","787.7884188580113","787.7884188580113","787.7884188580113"
"7902","1542.9810028555412","1542.9810028555412","1542.9810028555412"
"7904","2761.015407238104","2761.015407238104","2761.015407238104"
"7906","2199.3750724998436","2199.3750724998436","2199.3750724998436"
"7908","1766.6218736955996","1766.6218736955996","1766.6218736955996"
"7910","1404.5991081585241","1404.5991081585241","1404.5991081585241"
"7916","1942.0375833631365","1942.0375833631365","1942.0375833631365"
"7918","2519.6462797180484","2519.6462797180484","2519.6462797180484"
"7920","1564.8886780328835","1564.8886780328835","1564.8886780328835"
"7922","989.8903228353225","989.8903228353225","989.8903228353225"
"7924","1705.2080120240944","1705.2080120240944","1705.2080120240944"
"7926","1806.1975502859984","1806.1975502859984","1806.1975502859984"
"7928","2174.298179921863","2174.298179921863","2174.298179921863"
"7930","3179.752630368091","3179.752630368091","3179.752630368091"
"7934","1201.598781613354","1201.598781613354","1201.598781613354"
"7936","2318.3117663179955","2318.3117663179955","2318.3117663179955"
"7938","1051.778800209489","1051.778800209489","1051.778800209489"
"7940","1518.578605831467","1518.578605831467","1518.578605831467"
"7942","1545.5411641545147","1545.5411641545147","1545.5411641545147"
"7944","2219.2507031117216","2219.2507031117216","2219.2507031117216"
"7948","2209.62136121216","2209.62136121216","2209.62136121216"
"7950","2930.1559073790177","2930.1559073790177","2930.1559073790177"
"7952","1904.4031944917044","1904.4031944917044","1904.4031944917044"
"7954","3604.108973502574","3604.108973502574","3604.108973502574"
"7958","2409.3924599693964","2409.3924599693964","2409.3924599693964"
"7960","1530.7567298235963","1530.7567298235963","1530.7567298235963"
"7962","1921.7469242498607","1921.7469242498607","1921.7469242498607"
"7966","2320.365356074483","2320.365356074483","2320.365356074483"
"7968","1750.245443230026","1750.245443230026","1750.245443230026"
"7970","1388.696951981762","1388.696951981762","1388.696951981762"
"7974","1758.2537838905848","1758.2537838905848","1758.2537838905848"
"7976","2266.953834990813","2266.953834990813","2266.953834990813"
"7978","2635.2037386512757","2635.2037386512757","2635.2037386512757"
"7980","1990.8041919799207","1990.8041919799207","1990.8041919799207"
"7982","1967.3398583808216","1967.3398583808216","1967.3398583808216"
"7986","1882.2585117929418","1882.2585117929418","1882.2585117929418"
"7988","1636.2768409689857","1636.2768409689857","1636.2768409689857"
"7992","1027.339899034136","1027.339899034136","1027.339899034136"
"7994","1795.1785247586872","1795.1785247586872","1795.1785247586872"
"7996","2666.0344888208406","2666.0344888208406","2666.0344888208406"
"7998","2322.2550342982445","2322.2550342982445","2322.2550342982445"
"8000","1427.9747772298301","1427.9747772298301","1427.9747772298301"
"8004","549.8267875688076","549.8267875688076","549.8267875688076"
"8010","2020.0872891693966","2020.0872891693966","2020.0872891693966"
"8012","4883.818560905746","4883.818560905746","4883.818560905746"
"8014","1463.6560075244417","1463.6560075244417","1463.6560075244417"
"8016","3140.4829325261535","3140.4829325261535","3140.4829325261535"
"8018","2360.9875353718826","2360.9875353718826","2360.9875353718826"
"8020","2218.494101663529","2218.494101663529","2218.494101663529"
"8022","1681.5886716537523","1681.5886716537523","1681.5886716537523"
"8024","2196.348295519801","2196.348295519801","2196.348295519801"
"8026","3139.5156618700594","3139.5156618700594","3139.5156618700594"
"8028","2287.7057842808654","2287.7057842808654","2287.7057842808654"
"8030","1891.2251126933013","1891.2251126933013","1891.2251126933013"
"8032","2360.4337230519536","2360.4337230519536","2360.4337230519536"
"8034","927.6656577108887","927.6656577108887","927.6656577108887"
"8036","1460.3760298255372","1460.3760298255372","1460.3760298255372"
"8038","2199.712027185252","2199.712027185252","2199.712027185252"
"8040","1689.0960933510041","1689.0960933510041","1689.0960933510041"
"8042","2456.5436481314905","2456.5436481314905","2456.5436481314905"
"8046","1686.2774367465106","1686.2774367465106","1686.2774367465106"
"8050","1320.822992331982","1320.822992331982","1320.822992331982"
"8052","2303.326900178075","2303.326900178075","2303.326900178075"
"8054","1627.1637829414242","1627.1637829414242","1627.1637829414242"
"8056","1662.900675805301","1662.900675805301","1662.900675805301"
"8058","2328.752215594775","2328.752215594775","2328.752215594775"
"8060","1943.3995343376762","1943.3995343376762","1943.3995343376762"
"8066","2396.6852864033804","2396.6852864033804","2396.6852864033804"
"8069","2283.5169724129564","2283.5169724129564","2283.5169724129564"
"8073","2246.039016720182","2246.039016720182","2246.039016720182"
"8075","2238.0252711733174","2238.0252711733174","2238.0252711733174"
"8077","1697.8844523055475","1697.8844523055475","1697.8844523055475"
"8079","1278.650688452221","1278.650688452221","1278.650688452221"
"8083","1536.1143524554595","1536.1143524554595","1536.1143524554595"
"8085","1555.9818687939369","1555.9818687939369","1555.9818687939369"
"8087","2013.3151044504557","2013.3151044504557","2013.3151044504557"
"8089","2367.276212081231","2367.276212081231","2367.276212081231"
"8091","1059.0742857506036","1059.0742857506036","1059.0742857506036"
"8093","1367.6905387782251","1367.6905387782251","1367.6905387782251"
"8095","2372.8115451750036","2372.8115451750036","2372.8115451750036"
"8097","2551.718640382636","2551.718640382636","2551.718640382636"
"8099","2431.740280008994","2431.740280008994","2431.740280008994"
"8103","1626.2852601972238","1626.2852601972238","1626.2852601972238"
"8105","1245.436160051593","1245.436160051593","1245.436160051593"
"8107","2356.715500254048","2356.715500254048","2356.715500254048"
"8109","732.1457024283897","732.1457024283897","732.1457024283897"
"8111","3420.37323435556","3420.37323435556","3420.37323435556"
"8113","2878.6681295439844","2878.6681295439844","2878.6681295439844"
"8115","1211.924650467231","1211.924650467231","1211.924650467231"
"8117","1816.716424033852","1816.716424033852","1816.716424033852"
"8119","1665.0587511436743","1665.0587511436743","1665.0587511436743"
"8125","2356.133014648526","2356.133014648526","2356.133014648526"
"8127","1606.1123905905633","1606.1123905905633","1606.1123905905633"
"8129","1270.7069528254103","1270.7069528254103","1270.7069528254103"
"8131","1895.144058692801","1895.144058692801","1895.144058692801"
"8135","5632.08584059855","5632.08584059855","5632.08584059855"
"8137","1580.4208989614285","1580.4208989614285","1580.4208989614285"
"8139","2832.7164971926786","2832.7164971926786","2832.7164971926786"
"8141","1467.0761898989638","1467.0761898989638","1467.0761898989638"
"8143","2169.045962523585","2169.045962523585","2169.045962523585"
"8145","1427.567617068429","1427.567617068429","1427.567617068429"
"8147","1669.0684809360646","1669.0684809360646","1669.0684809360646"
"8149","1061.623162408027","1061.623162408027","1061.623162408027"
"8151","1605.912789894946","1605.912789894946","1605.912789894946"
"8155","3241.2175945364183","3241.2175945364183","3241.2175945364183"
"8157","1818.961120753049","1818.961120753049","1818.961120753049"
"8159","1317.9379955382533","1317.9379955382533","1317.9379955382533"
"8163","1735.7783031687566","1735.7783031687566","1735.7783031687566"
"8167","1364.5725446983147","1364.5725446983147","1364.5725446983147"
"8169","4150.683403908158","4150.683403908158","4150.683403908158"
"8171","1658.727311404622","1658.727311404622","1658.727311404622"
"8173","1408.487566343095","1408.487566343095","1408.487566343095"
"8179","3084.325127744346","3084.325127744346","3084.325127744346"
"8181","2375.7198961809963","2375.7198961809963","2375.7198961809963"
"8185","1427.3252357572517","1427.3252357572517","1427.3252357572517"
"8187","2710.597195551968","2710.597195551968","2710.597195551968"
"8189","1977.9726659806981","1977.9726659806981","1977.9726659806981"
"8193","1693.7989365099493","1693.7989365099493","1693.7989365099493"
"8195","3472.5338385411465","3472.5338385411465","3472.5338385411465"
"8197","1346.0763017981503","1346.0763017981503","1346.0763017981503"
"8199","2489.21526830989","2489.21526830989","2489.21526830989"
"8201","3322.1323972224163","3322.1323972224163","3322.1323972224163"
"8203","2170.7211455084025","2170.7211455084025","2170.7211455084025"
"8205","2833.282325907254","2833.282325907254","2833.282325907254"
"8207","2453.8338025950525","2453.8338025950525","2453.8338025950525"
"8209","1728.1148197984828","1728.1148197984828","1728.1148197984828"
"8211","1426.823444149363","1426.823444149363","1426.823444149363"
"8213","1823.42812765372","1823.42812765372","1823.42812765372"
"8215","2273.658617153561","2273.658617153561","2273.658617153561"
"8217","1405.8490022497635","1405.8490022497635","1405.8490022497635"
"8219","1924.9818701943097","1924.9818701943097","1924.9818701943097"
"8221","2484.669020186675","2484.669020186675","2484.669020186675"
"8223","2570.025987512285","2570.025987512285","2570.025987512285"
"8225","2510.5821639364976","2510.5821639364976","2510.5821639364976"
"8227","2400.1210482687848","2400.1210482687848","2400.1210482687848"
"8229","2776.274774484649","2776.274774484649","2776.274774484649"
"8231","1354.539197946179","1354.539197946179","1354.539197946179"
"8233","2017.7159220786323","2017.7159220786323","2017.7159220786323"
"8235","1486.0987693084992","1486.0987693084992","1486.0987693084992"
"8237","1514.7991904737873","1514.7991904737873","1514.7991904737873"
"8239","1981.5819938974971","1981.5819938974971","1981.5819938974971"
"8241","1282.923486510686","1282.923486510686","1282.923486510686"
"8243","1215.4717309525126","1215.4717309525126","1215.4717309525126"
"8245","2012.8942036906906","2012.8942036906906","2012.8942036906906"
"8247","1935.0611773080686","1935.0611773080686","1935.0611773080686"
"8249","1210.0364809260857","1210.0364809260857","1210.0364809260857"
"8251","3010.6917137941205","3010.6917137941205","3010.6917137941205"
"8253","2452.944991924133","2452.944991924133","2452.944991924133"
"8255","1990.935268655322","1990.935268655322","1990.935268655322"
"8257","2096.623893034512","2096.623893034512","2096.623893034512"
"8259","1650.1758932333873","1650.1758932333873","1650.1758932333873"
"8263","1490.8090235921054","1490.8090235921054","1490.8090235921054"
"8265","1515.9574910837034","1515.9574910837034","1515.9574910837034"
"8267","2256.421848869518","2256.421848869518","2256.421848869518"
"8271","1570.621483803034","1570.621483803034","1570.621483803034"
"8273","1885.6355902690839","1885.6355902690839","1885.6355902690839"
"8275","1153.4942121162105","1153.4942121162105","1153.4942121162105"
"8277","1141.4565588995397","1141.4565588995397","1141.4565588995397"
"8279","818.9327978228281","818.9327978228281","818.9327978228281"
"8281","1843.4722982207795","1843.4722982207795","1843.4722982207795"
"8283","1832.1881664235223","1832.1881664235223","1832.1881664235223"
"8285","2014.1573819228051","2014.1573819228051","2014.1573819228051"
"8287","1800.1431308901042","1800.1431308901042","1800.1431308901042"
"8291","2780.222183146353","2780.222183146353","2780.222183146353"
"8295","2661.524752530267","2661.524752530267","2661.524752530267"
"8297","1749.9861801827935","1749.9861801827935","1749.9861801827935"
"8299","3267.587874922996","3267.587874922996","3267.587874922996"
"8301","2442.278744243262","2442.278744243262","2442.278744243262"
"8303","2450.2147462453495","2450.2147462453495","2450.2147462453495"
"8305","1289.9027600066856","1289.9027600066856","1289.9027600066856"
"8307","1510.2735950408817","1510.2735950408817","1510.2735950408817"
"8309","2270.4658094233114","2270.4658094233114","2270.4658094233114"
"8311","1083.4337674712876","1083.4337674712876","1083.4337674712876"
"8313","2123.81436426119","2123.81436426119","2123.81436426119"
"8315","1733.2402546662445","1733.2402546662445","1733.2402546662445"
"8317","2490.346494656392","2490.346494656392","2490.346494656392"
"8319","1949.6325739689998","1949.6325739689998","1949.6325739689998"
"8321","2529.8489884873666","2529.8489884873666","2529.8489884873666"
"8323","1372.7990519626703","1372.7990519626703","1372.7990519626703"
"8325","1410.1443409086644","1410.1443409086644","1410.1443409086644"
"8327","2096.0318671044406","2096.0318671044406","2096.0318671044406"
"8329","2777.6669771560587","2777.6669771560587","2777.6669771560587"
"8333","2733.75504141344","2733.75504141344","2733.75504141344"
"8335","1243.9246356986807","1243.9246356986807","1243.9246356986807"
"8337","2272.2095961972573","2272.2095961972573","2272.2095961972573"
"8339","2845.6236776495057","2845.6236776495057","2845.6236776495057"
"8341","1136.4138020474697","1136.4138020474697","1136.4138020474697"
"8343","2010.4999924391486","2010.4999924391486","2010.4999924391486"
"8345","2624.064420685969","2624.064420685969","2624.064420685969"
"8347","1849.5309081951011","1849.5309081951011","1849.5309081951011"
"8349","1202.1562373065549","1202.1562373065549","1202.1562373065549"
"8355","1586.2469371280604","1586.2469371280604","1586.2469371280604"
"8357","3223.827727121458","3223.827727121458","3223.827727121458"
"8359","2534.883875387901","2534.883875387901","2534.883875387901"
"8361","2660.7108525302497","2660.7108525302497","2660.7108525302497"
"8363","2187.1590348588043","2187.1590348588043","2187.1590348588043"
"8367","617.2906104403444","617.2906104403444","617.2906104403444"
"8369","1287.639945604779","1287.639945604779","1287.639945604779"
"8371","2046.334668541772","2046.334668541772","2046.334668541772"
"8373","2759.1467431381307","2759.1467431381307","2759.1467431381307"
"8379","1978.374446038248","1978.374446038248","1978.374446038248"
"8381","1203.799784604821","1203.799784604821","1203.799784604821"
"8383","1741.5191197943423","1741.5191197943423","1741.5191197943423"
"8385","1691.6496683153043","1691.6496683153043","1691.6496683153043"
"8387","3036.385232144717","3036.385232144717","3036.385232144717"
"8391","1260.7187908669873","1260.7187908669873","1260.7187908669873"
"8393","4553.319362400892","4553.319362400892","4553.319362400892"
"8395","1995.743961629486","1995.743961629486","1995.743961629486"
"8397","1279.1651738056619","1279.1651738056619","1279.1651738056619"
"8403","3417.4018389718385","3417.4018389718385","3417.4018389718385"
"8405","4313.344775953155","4313.344775953155","4313.344775953155"
"8407","2074.959775236054","2074.959775236054","2074.959775236054"
"8409","2306.435940129312","2306.435940129312","2306.435940129312"
"8411","2346.040401303137","2346.040401303137","2346.040401303137"
"8413","2744.9095656657883","2744.9095656657883","2744.9095656657883"
"8415","3040.0015255491294","3040.0015255491294","3040.0015255491294"
"8417","1395.484059200385","1395.484059200385","1395.484059200385"
"8419","1403.2938137751407","1403.2938137751407","1403.2938137751407"
"8421","1470.6513039830052","1470.6513039830052","1470.6513039830052"
"8423","3889.9279050348764","3889.9279050348764","3889.9279050348764"
"8425","3499.410111240431","3499.410111240431","3499.410111240431"
"8427","1753.417879517313","1753.417879517313","1753.417879517313"
"8429","865.5846642313072","865.5846642313072","865.5846642313072"
"8431","2135.487628936214","2135.487628936214","2135.487628936214"
"8437","1028.2640160984492","1028.2640160984492","1028.2640160984492"
"8439","1691.227350619017","1691.227350619017","1691.227350619017"
"8441","700.9658510798595","700.9658510798595","700.9658510798595"
"8443","1599.9841472279973","1599.9841472279973","1599.9841472279973"
"8445","1953.082561031847","1953.082561031847","1953.082561031847"
"8447","1739.1047509434243","1739.1047509434243","1739.1047509434243"
"8449","2586.274272045184","2586.274272045184","2586.274272045184"
"8451","2320.1062981017376","2320.1062981017376","2320.1062981017376"
"8453","2727.0488687780053","2727.0488687780053","2727.0488687780053"
"8455","2736.797077474815","2736.797077474815","2736.797077474815"
"8459","1558.3414528460116","1558.3414528460116","1558.3414528460116"
"8463","2126.0022121103484","2126.0022121103484","2126.0022121103484"
"8465","4624.925503259674","4624.925503259674","4624.925503259674"
"8467","1644.7290677589585","1644.7290677589585","1644.7290677589585"
"8469","1502.1902673472434","1502.1902673472434","1502.1902673472434"
"8471","3004.524737753802","3004.524737753802","3004.524737753802"
"8473","1605.8936519764452","1605.8936519764452","1605.8936519764452"
"8475","1102.321958157501","1102.321958157501","1102.321958157501"
"8477","2347.0119982377387","2347.0119982377387","2347.0119982377387"
"8479","2322.7103331293756","2322.7103331293756","2322.7103331293756"
"8481","1820.9359898060943","1820.9359898060943","1820.9359898060943"
"8483","1897.92486420029","1897.92486420029","1897.92486420029"
"8485","2165.1420551557926","2165.1420551557926","2165.1420551557926"
"8491","1452.4943818953784","1452.4943818953784","1452.4943818953784"
"8493","583.0557809837271","583.0557809837271","583.0557809837271"
"8495","1882.6643936977746","1882.6643936977746","1882.6643936977746"
"8499","4246.040659750679","4246.040659750679","4246.040659750679"
"8503","1543.7245027081287","1543.7245027081287","1543.7245027081287"
"8505","1679.0247873997926","1679.0247873997926","1679.0247873997926"
"8507","1590.501632758996","1590.501632758996","1590.501632758996"
"8509","2006.9330196612748","2006.9330196612748","2006.9330196612748"
"8511","1840.7865161980706","1840.7865161980706","1840.7865161980706"
"8513","2053.75238178136","2053.75238178136","2053.75238178136"
"8519","2455.0606173890264","2455.0606173890264","2455.0606173890264"
"8521","2745.853853124916","2745.853853124916","2745.853853124916"
"8523","1477.525745036839","1477.525745036839","1477.525745036839"
"8525","1098.6566329069121","1098.6566329069121","1098.6566329069121"
"8527","1704.8342859234324","1704.8342859234324","1704.8342859234324"
"8530","2333.2498104751808","2333.2498104751808","2333.2498104751808"
"8532","621.2276743205564","621.2276743205564","621.2276743205564"
"8534","3334.6585406130102","3334.6585406130102","3334.6585406130102"
"8536","964.7626379413036","964.7626379413036","964.7626379413036"
"8538","1681.630264143976","1681.630264143976","1681.630264143976"
"8540","822.6302871881984","822.6302871881984","822.6302871881984"
"8542","1805.0994485447136","1805.0994485447136","1805.0994485447136"
"8544","1630.5899254699152","1630.5899254699152","1630.5899254699152"
"8546","2772.2796857546355","2772.2796857546355","2772.2796857546355"
"8548","1550.2887635662084","1550.2887635662084","1550.2887635662084"
"8550","1515.7485990170196","1515.7485990170196","1515.7485990170196"
"8552","2152.7574629662577","2152.7574629662577","2152.7574629662577"
"8556","1209.3383474241866","1209.3383474241866","1209.3383474241866"
"8558","2313.2387025289904","2313.2387025289904","2313.2387025289904"
"8560","1352.3235906842654","1352.3235906842654","1352.3235906842654"
"8562","2197.0599608067673","2197.0599608067673","2197.0599608067673"
"8564","2292.442930846574","2292.442930846574","2292.442930846574"
"8566","442.51745798066656","442.51745798066656","442.51745798066656"
"8568","1882.8226856890064","1882.8226856890064","1882.8226856890064"
"8570","1836.9264171292357","1836.9264171292357","1836.9264171292357"
"8572","1925.176641639375","1925.176641639375","1925.176641639375"
"8574","1586.9217505635586","1586.9217505635586","1586.9217505635586"
"8576","1926.3439865130724","1926.3439865130724","1926.3439865130724"
"8578","1794.8101453075258","1794.8101453075258","1794.8101453075258"
"8580","1751.4360594052507","1751.4360594052507","1751.4360594052507"
"8582","2307.4664318095956","2307.4664318095956","2307.4664318095956"
"8584","2492.60449284194","2492.60449284194","2492.60449284194"
"8586","1729.8013678944137","1729.8013678944137","1729.8013678944137"
"8590","1829.6789468814557","1829.6789468814557","1829.6789468814557"
"8592","1378.680761882237","1378.680761882237","1378.680761882237"
"8594","2707.9414885054844","2707.9414885054844","2707.9414885054844"
"8596","1581.0162620281135","1581.0162620281135","1581.0162620281135"
"8598","2934.5859266935245","2934.5859266935245","2934.5859266935245"
"8600","1569.1534481042183","1569.1534481042183","1569.1534481042183"
"8602","1718.704645685526","1718.704645685526","1718.704645685526"
"8604","2294.9416788748244","2294.9416788748244","2294.9416788748244"
"8606","2493.3115328705435","2493.3115328705435","2493.3115328705435"
"8610","2283.781648932289","2283.781648932289","2283.781648932289"
"8614","3057.7822616009876","3057.7822616009876","3057.7822616009876"
"8616","1353.9700564071477","1353.9700564071477","1353.9700564071477"
"8618","2289.7334596434466","2289.7334596434466","2289.7334596434466"
"8624","2261.6249157245584","2261.6249157245584","2261.6249157245584"
"8626","3400.955801790741","3400.955801790741","3400.955801790741"
"8628","1849.1687229611225","1849.1687229611225","1849.1687229611225"
"8630","962.8262043695433","962.8262043695433","962.8262043695433"
"8634","3633.3463133060973","3633.3463133060973","3633.3463133060973"
"8636","822.2185991300214","822.2185991300214","822.2185991300214"
"8638","2636.9124447355853","2636.9124447355853","2636.9124447355853"
"8640","2601.988771816074","2601.988771816074","2601.988771816074"
"8642","1337.7391423137838","1337.7391423137838","1337.7391423137838"
"8644","2174.5426583681233","2174.5426583681233","2174.5426583681233"
"8646","1224.428177163629","1224.428177163629","1224.428177163629"
"8648","2937.978456977495","2937.978456977495","2937.978456977495"
"8650","2300.7748414292","2300.7748414292","2300.7748414292"
"8652","1072.2421320441779","1072.2421320441779","1072.2421320441779"
"8654","2472.6494371703","2472.6494371703","2472.6494371703"
"8656","1615.04184585647","1615.04184585647","1615.04184585647"
"8658","590.0090930049104","590.0090930049104","590.0090930049104"
"8660","2308.418357628258","2308.418357628258","2308.418357628258"
"8662","1362.466699954476","1362.466699954476","1362.466699954476"
"8664","1636.4610145865786","1636.4610145865786","1636.4610145865786"
"8666","1634.7243715137713","1634.7243715137713","1634.7243715137713"
"8668","2017.2229022074498","2017.2229022074498","2017.2229022074498"
"8670","1146.513121340389","1146.513121340389","1146.513121340389"
"8672","1346.585221327961","1346.585221327961","1346.585221327961"
"8674","2012.502091862794","2012.502091862794","2012.502091862794"
"8676","2323.5889190506637","2323.5889190506637","2323.5889190506637"
"8678","2679.605048999238","2679.605048999238","2679.605048999238"
"8680","2567.5722373710346","2567.5722373710346","2567.5722373710346"
"8682","2578.341012632782","2578.341012632782","2578.341012632782"
"8684","2673.9218439768597","2673.9218439768597","2673.9218439768597"
"8686","1340.9678717627214","1340.9678717627214","1340.9678717627214"
"8688","2510.3447390708234","2510.3447390708234","2510.3447390708234"
"8690","1294.649400424395","1294.649400424395","1294.649400424395"
"8692","1353.3781733223318","1353.3781733223318","1353.3781733223318"
"8694","1821.081032006929","1821.081032006929","1821.081032006929"
"8696","2306.709776252832","2306.709776252832","2306.709776252832"
"8698","4131.192133061068","4131.192133061068","4131.192133061068"
"8700","2211.908167816459","2211.908167816459","2211.908167816459"
"8702","1639.2051138350237","1639.2051138350237","1639.2051138350237"
"8704","2165.45526326496","2165.45526326496","2165.45526326496"
"8706","1299.4393366160846","1299.4393366160846","1299.4393366160846"
"8708","2209.776293718877","2209.776293718877","2209.776293718877"
"8710","1317.905771845842","1317.905771845842","1317.905771845842"
"8712","1669.396992784547","1669.396992784547","1669.396992784547"
"8716","1699.489210243098","1699.489210243098","1699.489210243098"
"8718","2268.5971988893743","2268.5971988893743","2268.5971988893743"
"8720","2223.3313824012616","2223.3313824012616","2223.3313824012616"
"8722","2157.0675654464717","2157.0675654464717","2157.0675654464717"
"8724","2998.0805485229116","2998.0805485229116","2998.0805485229116"
"8726","2853.619343193203","2853.619343193203","2853.619343193203"
"8728","1212.767402790446","1212.767402790446","1212.767402790446"
"8730","2036.9933617420022","2036.9933617420022","2036.9933617420022"
"8736","2326.547673999899","2326.547673999899","2326.547673999899"
"8738","2828.976529314286","2828.976529314286","2828.976529314286"
"8740","2167.5551080023047","2167.5551080023047","2167.5551080023047"
"8742","3601.042356188488","3601.042356188488","3601.042356188488"
"8744","1905.5742723338485","1905.5742723338485","1905.5742723338485"
"8746","2877.0816409119625","2877.0816409119625","2877.0816409119625"
"8750","1961.5455307894258","1961.5455307894258","1961.5455307894258"
"8752","2234.519326943966","2234.519326943966","2234.519326943966"
"8754","1882.6178928963204","1882.6178928963204","1882.6178928963204"
"8756","2483.00700341077","2483.00700341077","2483.00700341077"
"8758","1968.623089105816","1968.623089105816","1968.623089105816"
"8760","2480.491578004577","2480.491578004577","2480.491578004577"
"8762","752.8902382417695","752.8902382417695","752.8902382417695"
"8764","1620.6719527668183","1620.6719527668183","1620.6719527668183"
"8766","1900.0300999503345","1900.0300999503345","1900.0300999503345"
"8768","1312.7112019999986","1312.7112019999986","1312.7112019999986"
"8770","1374.9549787910223","1374.9549787910223","1374.9549787910223"
"8772","1181.62462523166","1181.62462523166","1181.62462523166"
"8774","3070.263471527401","3070.263471527401","3070.263471527401"
"8778","2899.918309039481","2899.918309039481","2899.918309039481"
"8780","1646.0043274100071","1646.0043274100071","1646.0043274100071"
"8782","3983.995008113139","3983.995008113139","3983.995008113139"
"8784","1663.4100275101948","1663.4100275101948","1663.4100275101948"
"8786","3123.2713448095797","3123.2713448095797","3123.2713448095797"
"8788","1230.3209216009122","1230.3209216009122","1230.3209216009122"
"8790","3092.6387794890425","3092.6387794890425","3092.6387794890425"
"8792","1779.8747392042467","1779.8747392042467","1779.8747392042467"
"8794","2962.0634872019223","2962.0634872019223","2962.0634872019223"
"8796","1408.2908391419717","1408.2908391419717","1408.2908391419717"
"8800","1531.8856379724411","1531.8856379724411","1531.8856379724411"
"8802","4758.922366023459","4758.922366023459","4758.922366023459"
"8804","2306.33660492424","2306.33660492424","2306.33660492424"
"8806","2086.110747211451","2086.110747211451","2086.110747211451"
"8812","1954.998357709941","1954.998357709941","1954.998357709941"
"8814","2420.430367827703","2420.430367827703","2420.430367827703"
"8816","1388.9528465114943","1388.9528465114943","1388.9528465114943"
"8818","1558.999909753901","1558.999909753901","1558.999909753901"
"8820","1705.318770408462","1705.318770408462","1705.318770408462"
"8822","2774.84052388852","2774.84052388852","2774.84052388852"
"8824","1486.5484137085223","1486.5484137085223","1486.5484137085223"
"8826","1768.322782514965","1768.322782514965","1768.322782514965"
"8828","2003.4721008321312","2003.4721008321312","2003.4721008321312"
"8830","1709.2147126966584","1709.2147126966584","1709.2147126966584"
"8832","1461.3535946378033","1461.3535946378033","1461.3535946378033"
"8834","871.4938453064001","871.4938453064001","871.4938453064001"
"8836","2601.5904399299393","2601.5904399299393","2601.5904399299393"
"8838","2704.563573932494","2704.563573932494","2704.563573932494"
"8840","2359.1265926581077","2359.1265926581077","2359.1265926581077"
"8842","2735.9434806370573","2735.9434806370573","2735.9434806370573"
"8844","1592.5998066859468","1592.5998066859468","1592.5998066859468"
"8846","1439.4692920827642","1439.4692920827642","1439.4692920827642"
"8850","1972.1387429845056","1972.1387429845056","1972.1387429845056"
"8854","2302.0750530375935","2302.0750530375935","2302.0750530375935"
"8856","2560.8815455302547","2560.8815455302547","2560.8815455302547"
"8858","1762.6111969466538","1762.6111969466538","1762.6111969466538"
"8860","2603.0153908613443","2603.0153908613443","2603.0153908613443"
"8862","3322.661971054336","3322.661971054336","3322.661971054336"
"8866","2834.9326168778425","2834.9326168778425","2834.9326168778425"
"8868","2911.751585074899","2911.751585074899","2911.751585074899"
"8870","1720.9547705343955","1720.9547705343955","1720.9547705343955"
"8874","3636.437525052706","3636.437525052706","3636.437525052706"
"8876","2503.8989776648546","2503.8989776648546","2503.8989776648546"
"8878","1766.505152832482","1766.505152832482","1766.505152832482"
"8880","712.596885050267","712.596885050267","712.596885050267"
"8882","1843.2297861731113","1843.2297861731113","1843.2297861731113"
"8884","907.2138412782717","907.2138412782717","907.2138412782717"
"8892","933.8450712040107","933.8450712040107","933.8450712040107"
"8894","1123.8264197879248","1123.8264197879248","1123.8264197879248"
"8896","1722.7104463939907","1722.7104463939907","1722.7104463939907"
"8898","1628.561628373137","1628.561628373137","1628.561628373137"
"8900","1027.357848328139","1027.357848328139","1027.357848328139"
"8902","1948.5320446873022","1948.5320446873022","1948.5320446873022"
"8904","916.8925469877074","916.8925469877074","916.8925469877074"
"8906","2567.7826092379887","2567.7826092379887","2567.7826092379887"
"8910","1471.3607776684623","1471.3607776684623","1471.3607776684623"
"8912","1307.855654133261","1307.855654133261","1307.855654133261"
"8914","3601.5167481667067","3601.5167481667067","3601.5167481667067"
"8916","2215.0482305362734","2215.0482305362734","2215.0482305362734"
"8920","2321.5273492883525","2321.5273492883525","2321.5273492883525"
"8922","1831.3695001181757","1831.3695001181757","1831.3695001181757"
"8924","1820.889651604561","1820.889651604561","1820.889651604561"
"8926","2110.1254435172077","2110.1254435172077","2110.1254435172077"
"8930","1903.0704950880495","1903.0704950880495","1903.0704950880495"
"8932","995.1859900561258","995.1859900561258","995.1859900561258"
"8934","1809.4618137398559","1809.4618137398559","1809.4618137398559"
"8936","2348.9782511563767","2348.9782511563767","2348.9782511563767"
"8938","1405.9752619772864","1405.9752619772864","1405.9752619772864"
"8942","2406.4751123428973","2406.4751123428973","2406.4751123428973"
"8944","984.4764002541579","984.4764002541579","984.4764002541579"
"8946","1896.478890628133","1896.478890628133","1896.478890628133"
"8948","789.6175509631819","789.6175509631819","789.6175509631819"
"8950","2736.5713835037664","2736.5713835037664","2736.5713835037664"
"8952","2071.1817805785863","2071.1817805785863","2071.1817805785863"
"8956","3103.0667210203133","3103.0667210203133","3103.0667210203133"
"8960","1933.3780534446016","1933.3780534446016","1933.3780534446016"
"8962","1594.2801080097686","1594.2801080097686","1594.2801080097686"
"8964","3003.296124190417","3003.296124190417","3003.296124190417"
"8966","2126.1574559140677","2126.1574559140677","2126.1574559140677"
"8968","2701.0127618559504","2701.0127618559504","2701.0127618559504"
"8972","3333.844155668677","3333.844155668677","3333.844155668677"
"8976","1118.2550951287076","1118.2550951287076","1118.2550951287076"
"8978","1400.5793041348252","1400.5793041348252","1400.5793041348252"
"8980","2435.7184722090924","2435.7184722090924","2435.7184722090924"
"8982","2248.392173039814","2248.392173039814","2248.392173039814"
"8984","2294.0752618650613","2294.0752618650613","2294.0752618650613"
"8986","1944.6038330313022","1944.6038330313022","1944.6038330313022"
"8993","3214.1873603865424","3214.1873603865424","3214.1873603865424"
"8995","2452.560426655895","2452.560426655895","2452.560426655895"
"8999","1726.609919833258","1726.609919833258","1726.609919833258"
"9001","1157.9018244347471","1157.9018244347471","1157.9018244347471"
"9003","1725.3722148635939","1725.3722148635939","1725.3722148635939"
"9005","2355.233194899626","2355.233194899626","2355.233194899626"
"9007","1272.416796910399","1272.416796910399","1272.416796910399"
"9009","4241.970056683075","4241.970056683075","4241.970056683075"
"9011","1189.9982402817554","1189.9982402817554","1189.9982402817554"
"9013","1694.9302444550285","1694.9302444550285","1694.9302444550285"
"9015","1241.5064648221016","1241.5064648221016","1241.5064648221016"
"9019","2666.770073753356","2666.770073753356","2666.770073753356"
"9021","1857.9290040673002","1857.9290040673002","1857.9290040673002"
"9023","2141.484279526104","2141.484279526104","2141.484279526104"
"9025","1829.409559625252","1829.409559625252","1829.409559625252"
"9027","2157.1321548795972","2157.1321548795972","2157.1321548795972"
"9029","1777.5925263065542","1777.5925263065542","1777.5925263065542"
"9031","2925.442353854687","2925.442353854687","2925.442353854687"
"9033","2386.714054983363","2386.714054983363","2386.714054983363"
"9035","1901.0425049418513","1901.0425049418513","1901.0425049418513"
"9037","1373.0654382875236","1373.0654382875236","1373.0654382875236"
"9041","2091.6410543069237","2091.6410543069237","2091.6410543069237"
"9043","2340.5690860054124","2340.5690860054124","2340.5690860054124"
"9045","1105.1815252920812","1105.1815252920812","1105.1815252920812"
"9051","2072.79461392709","2072.79461392709","2072.79461392709"
"9053","2307.3510764390535","2307.3510764390535","2307.3510764390535"
"9055","2067.5685981085603","2067.5685981085603","2067.5685981085603"
"9057","2702.0894420871396","2702.0894420871396","2702.0894420871396"
"9059","2844.0649937571716","2844.0649937571716","2844.0649937571716"
"9061","1836.1564262209956","1836.1564262209956","1836.1564262209956"
"9063","3039.4915839256164","3039.4915839256164","3039.4915839256164"
"9065","1942.1584285975584","1942.1584285975584","1942.1584285975584"
"9067","1429.3578763268863","1429.3578763268863","1429.3578763268863"
"9071","1219.7745033536717","1219.7745033536717","1219.7745033536717"
"9073","1520.9168586482458","1520.9168586482458","1520.9168586482458"
"9075","1695.3157126049068","1695.3157126049068","1695.3157126049068"
"9077","2415.010661117447","2415.010661117447","2415.010661117447"
"9079","1624.5635368079106","1624.5635368079106","1624.5635368079106"
"9081","1485.149532826668","1485.149532826668","1485.149532826668"
"9083","2414.87128711946","2414.87128711946","2414.87128711946"
"9085","2199.969768180986","2199.969768180986","2199.969768180986"
"9087","1322.8767143684647","1322.8767143684647","1322.8767143684647"
"9089","1635.7635382781893","1635.7635382781893","1635.7635382781893"
"9091","2283.3911077616513","2283.3911077616513","2283.3911077616513"
"9097","3023.7168767028706","3023.7168767028706","3023.7168767028706"
"9099","2009.9784211997928","2009.9784211997928","2009.9784211997928"
"9103","1471.7866394223245","1471.7866394223245","1471.7866394223245"
"9105","2482.1287893041695","2482.1287893041695","2482.1287893041695"
"9107","2242.772840064445","2242.772840064445","2242.772840064445"
"9109","2881.75859803186","2881.75859803186","2881.75859803186"
"9111","2015.8192592721957","2015.8192592721957","2015.8192592721957"
"9115","3461.911587519225","3461.911587519225","3461.911587519225"
"9117","1885.174128878026","1885.174128878026","1885.174128878026"
"9119","905.5464352483326","905.5464352483326","905.5464352483326"
"9121","3683.6900749031206","3683.6900749031206","3683.6900749031206"
"9123","1543.231833036473","1543.231833036473","1543.231833036473"
"9125","1817.2973579924903","1817.2973579924903","1817.2973579924903"
"9127","2172.9736293837514","2172.9736293837514","2172.9736293837514"
"9129","1138.8685864613485","1138.8685864613485","1138.8685864613485"
"9131","3029.5356690802832","3029.5356690802832","3029.5356690802832"
"9135","1522.5640262646061","1522.5640262646061","1522.5640262646061"
"9137","2577.7095402126643","2577.7095402126643","2577.7095402126643"
"9139","1741.149282941749","1741.149282941749","1741.149282941749"
"9141","1383.394636046354","1383.394636046354","1383.394636046354"
"9143","1580.5694514054646","1580.5694514054646","1580.5694514054646"
"9145","947.1714326885836","947.1714326885836","947.1714326885836"
"9147","2641.4217508713623","2641.4217508713623","2641.4217508713623"
"9149","1927.8027291436006","1927.8027291436006","1927.8027291436006"
"9151","2281.143626907582","2281.143626907582","2281.143626907582"
"9153","2414.458362750791","2414.458362750791","2414.458362750791"
"9155","1614.5287140457438","1614.5287140457438","1614.5287140457438"
"9157","1501.3337737149523","1501.3337737149523","1501.3337737149523"
"9159","2816.201793852379","2816.201793852379","2816.201793852379"
"9161","1592.2374349705674","1592.2374349705674","1592.2374349705674"
"9163","1620.2561386149855","1620.2561386149855","1620.2561386149855"
"9165","1068.8112879212492","1068.8112879212492","1068.8112879212492"
"9167","1774.4383277556572","1774.4383277556572","1774.4383277556572"
"9169","2263.0879568161913","2263.0879568161913","2263.0879568161913"
"9171","2320.3668812759392","2320.3668812759392","2320.3668812759392"
"9173","1893.3233362746025","1893.3233362746025","1893.3233362746025"
"9175","1961.5365097550782","1961.5365097550782","1961.5365097550782"
"9177","1726.1415546669534","1726.1415546669534","1726.1415546669534"
"9179","2086.89026379437","2086.89026379437","2086.89026379437"
"9183","1283.2456172369975","1283.2456172369975","1283.2456172369975"
"9185","1368.3272107237483","1368.3272107237483","1368.3272107237483"
"9187","1722.019023635529","1722.019023635529","1722.019023635529"
"9193","1778.064309242586","1778.064309242586","1778.064309242586"
"9195","1742.6172034459491","1742.6172034459491","1742.6172034459491"
"9197","1898.7244479423298","1898.7244479423298","1898.7244479423298"
"9203","1064.078063682973","1064.078063682973","1064.078063682973"
"9205","2422.2213743535967","2422.2213743535967","2422.2213743535967"
"9209","3169.194991939516","3169.194991939516","3169.194991939516"
"9211","1730.0244658730194","1730.0244658730194","1730.0244658730194"
"9213","1593.2924464656226","1593.2924464656226","1593.2924464656226"
"9215","2193.954346314819","2193.954346314819","2193.954346314819"
"9219","1847.4686468907025","1847.4686468907025","1847.4686468907025"
"9221","2844.0525501824523","2844.0525501824523","2844.0525501824523"
"9223","1094.2080083742242","1094.2080083742242","1094.2080083742242"
"9225","1900.0847032137547","1900.0847032137547","1900.0847032137547"
"9227","3772.757340572012","3772.757340572012","3772.757340572012"
"9229","2123.2214104045775","2123.2214104045775","2123.2214104045775"
"9231","2180.459237974899","2180.459237974899","2180.459237974899"
"9233","1694.9359040428105","1694.9359040428105","1694.9359040428105"
"9235","830.7714371803896","830.7714371803896","830.7714371803896"
"9237","1641.9821756928213","1641.9821756928213","1641.9821756928213"
"9239","2325.583385909207","2325.583385909207","2325.583385909207"
"9241","1619.3933646302887","1619.3933646302887","1619.3933646302887"
"9243","2352.9651203782346","2352.9651203782346","2352.9651203782346"
"9245","2019.7746860609436","2019.7746860609436","2019.7746860609436"
"9247","2918.170416424013","2918.170416424013","2918.170416424013"
"9251","1057.1340159938034","1057.1340159938034","1057.1340159938034"
"9253","1378.5976707621517","1378.5976707621517","1378.5976707621517"
"9255","2631.6199275954373","2631.6199275954373","2631.6199275954373"
"9257","1017.6819365809159","1017.6819365809159","1017.6819365809159"
"9259","2738.355600215638","2738.355600215638","2738.355600215638"
"9261","1158.4754835898675","1158.4754835898675","1158.4754835898675"
"9263","2554.532533430995","2554.532533430995","2554.532533430995"
"9265","1377.9360056623466","1377.9360056623466","1377.9360056623466"
"9267","2093.737175176258","2093.737175176258","2093.737175176258"
"9269","2054.235637134323","2054.235637134323","2054.235637134323"
"9271","1734.1339270269089","1734.1339270269089","1734.1339270269089"
"9273","3801.82456960598","3801.82456960598","3801.82456960598"
"9275","2535.9974480933515","2535.9974480933515","2535.9974480933515"
"9277","1469.3913758759572","1469.3913758759572","1469.3913758759572"
"9279","2360.435143452038","2360.435143452038","2360.435143452038"
"9281","1926.7914310389706","1926.7914310389706","1926.7914310389706"
"9283","2224.5637388295854","2224.5637388295854","2224.5637388295854"
"9285","965.6291710815958","965.6291710815958","965.6291710815958"
"9287","2125.378494354276","2125.378494354276","2125.378494354276"
"9289","2293.318492724487","2293.318492724487","2293.318492724487"
"9291","1328.1184084111617","1328.1184084111617","1328.1184084111617"
"9293","1245.1516688939103","1245.1516688939103","1245.1516688939103"
"9295","1146.8180620861185","1146.8180620861185","1146.8180620861185"
"9297","3137.6108585013303","3137.6108585013303","3137.6108585013303"
"9299","1122.009378609712","1122.009378609712","1122.009378609712"
"9301","1424.2527227906362","1424.2527227906362","1424.2527227906362"
"9303","1715.704376090317","1715.704376090317","1715.704376090317"
"9305","2431.3325188859603","2431.3325188859603","2431.3325188859603"
"9307","2698.4249333374532","2698.4249333374532","2698.4249333374532"
"9309","1180.5822818978322","1180.5822818978322","1180.5822818978322"
"9311","1204.2893296586008","1204.2893296586008","1204.2893296586008"
"9315","2891.709665469805","2891.709665469805","2891.709665469805"
"9317","1169.562004222672","1169.562004222672","1169.562004222672"
"9319","1785.6670249917895","1785.6670249917895","1785.6670249917895"
"9321","1787.6897192690078","1787.6897192690078","1787.6897192690078"
"9323","2942.426578007595","2942.426578007595","2942.426578007595"
"9325","1595.8067347905317","1595.8067347905317","1595.8067347905317"
"9327","2288.886229462478","2288.886229462478","2288.886229462478"
"9329","1561.8545271877686","1561.8545271877686","1561.8545271877686"
"9331","1292.336597512771","1292.336597512771","1292.336597512771"
"9333","1973.474634958301","1973.474634958301","1973.474634958301"
"9335","1040.7938479428626","1040.7938479428626","1040.7938479428626"
"9337","1062.2140538189626","1062.2140538189626","1062.2140538189626"
"9339","1727.913789448559","1727.913789448559","1727.913789448559"
"9341","1834.6284704209988","1834.6284704209988","1834.6284704209988"
"9343","1355.4883125498543","1355.4883125498543","1355.4883125498543"
"9345","4034.6210564262765","4034.6210564262765","4034.6210564262765"
"9347","1732.1891864938389","1732.1891864938389","1732.1891864938389"
"9349","827.9969548253487","827.9969548253487","827.9969548253487"
"9351","2886.0357299841294","2886.0357299841294","2886.0357299841294"
"9353","2798.179753679315","2798.179753679315","2798.179753679315"
"9357","3737.6466569226836","3737.6466569226836","3737.6466569226836"
"9359","1659.5276035031368","1659.5276035031368","1659.5276035031368"
"9361","1148.7601209823517","1148.7601209823517","1148.7601209823517"
"9363","2140.008691487087","2140.008691487087","2140.008691487087"
"9365","1651.7322211275111","1651.7322211275111","1651.7322211275111"
"9367","2629.624182289585","2629.624182289585","2629.624182289585"
"9369","2704.3068127006663","2704.3068127006663","2704.3068127006663"
"9371","2450.335690554388","2450.335690554388","2450.335690554388"
"9373","1602.4084299462781","1602.4084299462781","1602.4084299462781"
"9375","1737.5743157116178","1737.5743157116178","1737.5743157116178"
"9377","2498.927035154943","2498.927035154943","2498.927035154943"
"9379","2658.5102282286634","2658.5102282286634","2658.5102282286634"
"9381","1719.9087571738319","1719.9087571738319","1719.9087571738319"
"9383","1995.0326536608684","1995.0326536608684","1995.0326536608684"
"9385","1853.580517934264","1853.580517934264","1853.580517934264"
"9387","1756.6481018585905","1756.6481018585905","1756.6481018585905"
"9389","2552.0583398075196","2552.0583398075196","2552.0583398075196"
"9391","1897.3926683082398","1897.3926683082398","1897.3926683082398"
"9393","2096.9524872358443","2096.9524872358443","2096.9524872358443"
"9395","1742.1674684476282","1742.1674684476282","1742.1674684476282"
"9397","3139.43153213493","3139.43153213493","3139.43153213493"
"9399","2127.21311102948","2127.21311102948","2127.21311102948"
"9401","2495.3212020091682","2495.3212020091682","2495.3212020091682"
"9403","2131.9708508427666","2131.9708508427666","2131.9708508427666"
"9407","3008.225028742545","3008.225028742545","3008.225028742545"
"9409","2021.1125460334245","2021.1125460334245","2021.1125460334245"
"9411","1904.1704967329488","1904.1704967329488","1904.1704967329488"
"9413","2629.846163953646","2629.846163953646","2629.846163953646"
"9415","2945.268144956564","2945.268144956564","2945.268144956564"
"9417","2247.4978660651864","2247.4978660651864","2247.4978660651864"
"9419","1729.2956300312642","1729.2956300312642","1729.2956300312642"
"9421","2910.870586000897","2910.870586000897","2910.870586000897"
"9425","1448.5991328113407","1448.5991328113407","1448.5991328113407"
"9427","1520.9544560349634","1520.9544560349634","1520.9544560349634"
"9429","1893.425549987113","1893.425549987113","1893.425549987113"
"9431","1148.9241178916373","1148.9241178916373","1148.9241178916373"
"9435","2389.0423241830554","2389.0423241830554","2389.0423241830554"
"9437","1078.04656780058","1078.04656780058","1078.04656780058"
"9439","3798.996203315466","3798.996203315466","3798.996203315466"
"9441","1549.1194601362365","1549.1194601362365","1549.1194601362365"
"9445","1650.3303561971927","1650.3303561971927","1650.3303561971927"
"9447","2165.9443828950584","2165.9443828950584","2165.9443828950584"
"9449","1753.66803189095","1753.66803189095","1753.66803189095"
"9452","2847.7927333531316","2847.7927333531316","2847.7927333531316"
"9454","1679.3607793247772","1679.3607793247772","1679.3607793247772"
"9456","1872.9778153752327","1872.9778153752327","1872.9778153752327"
"9458","2172.72331630837","2172.72331630837","2172.72331630837"
"9460","1260.7363723632593","1260.7363723632593","1260.7363723632593"
"9462","1681.1352412328615","1681.1352412328615","1681.1352412328615"
"9464","3168.383344245199","3168.383344245199","3168.383344245199"
"9468","3002.9961803486935","3002.9961803486935","3002.9961803486935"
"9470","1546.616166548575","1546.616166548575","1546.616166548575"
"9472","1362.8695284346911","1362.8695284346911","1362.8695284346911"
"9474","2269.5943163777656","2269.5943163777656","2269.5943163777656"
"9476","1207.719572645152","1207.719572645152","1207.719572645152"
"9478","4976.91607454379","4976.91607454379","4976.91607454379"
"9480","2753.3761995614013","2753.3761995614013","2753.3761995614013"
"9482","1679.5482134177523","1679.5482134177523","1679.5482134177523"
"9484","1030.8091185715582","1030.8091185715582","1030.8091185715582"
"9486","1813.1602416612677","1813.1602416612677","1813.1602416612677"
"9488","2407.9137289464215","2407.9137289464215","2407.9137289464215"
"9490","1839.1648799625125","1839.1648799625125","1839.1648799625125"
"9492","1568.002132807377","1568.002132807377","1568.002132807377"
"9494","2346.152663531252","2346.152663531252","2346.152663531252"
"9498","3699.729054428108","3699.729054428108","3699.729054428108"
"9502","1854.5630402812815","1854.5630402812815","1854.5630402812815"
"9506","1954.6877331203746","1954.6877331203746","1954.6877331203746"
"9508","1603.6841249390657","1603.6841249390657","1603.6841249390657"
"9510","2293.917497033461","2293.917497033461","2293.917497033461"
"9512","2819.782999901663","2819.782999901663","2819.782999901663"
"9514","1326.8635874296508","1326.8635874296508","1326.8635874296508"
"9516","2954.0424183371074","2954.0424183371074","2954.0424183371074"
"9520","2004.1588518092115","2004.1588518092115","2004.1588518092115"
"9522","1501.3014541673183","1501.3014541673183","1501.3014541673183"
"9524","2235.203506012847","2235.203506012847","2235.203506012847"
"9526","2114.838130677124","2114.838130677124","2114.838130677124"
"9528","2049.823264755241","2049.823264755241","2049.823264755241"
"9530","2541.394263402544","2541.394263402544","2541.394263402544"
"9532","2601.250048366548","2601.250048366548","2601.250048366548"
"9534","1926.002048733474","1926.002048733474","1926.002048733474"
"9538","2277.1471635563144","2277.1471635563144","2277.1471635563144"
"9540","2261.5911484005856","2261.5911484005856","2261.5911484005856"
"9542","1872.1218669162413","1872.1218669162413","1872.1218669162413"
"9544","1446.9289117701342","1446.9289117701342","1446.9289117701342"
"9546","2120.5808430365487","2120.5808430365487","2120.5808430365487"
"9548","1268.2383629650194","1268.2383629650194","1268.2383629650194"
"9552","1259.9883511029395","1259.9883511029395","1259.9883511029395"
"9554","2068.7001625696234","2068.7001625696234","2068.7001625696234"
"9558","2222.0202174528777","2222.0202174528777","2222.0202174528777"
"9560","1426.0680419729592","1426.0680419729592","1426.0680419729592"
"9564","1015.93631778051","1015.93631778051","1015.93631778051"
"9566","2291.173592899563","2291.173592899563","2291.173592899563"
"9568","1697.2610003866","1697.2610003866","1697.2610003866"
"9570","1440.5285429572941","1440.5285429572941","1440.5285429572941"
"9572","3296.8449116640086","3296.8449116640086","3296.8449116640086"
"9574","1639.950193409891","1639.950193409891","1639.950193409891"
"9578","1300.7180367537874","1300.7180367537874","1300.7180367537874"
"9580","2697.172766874964","2697.172766874964","2697.172766874964"
"9582","1027.4533006690071","1027.4533006690071","1027.4533006690071"
"9588","1469.864189319707","1469.864189319707","1469.864189319707"
"9590","2971.5915933890365","2971.5915933890365","2971.5915933890365"
"9592","5096.461130409214","5096.461130409214","5096.461130409214"
"9594","1831.039225195131","1831.039225195131","1831.039225195131"
"9596","1806.9538154289012","1806.9538154289012","1806.9538154289012"
"9598","1288.5522555047498","1288.5522555047498","1288.5522555047498"
"9600","1729.564025524237","1729.564025524237","1729.564025524237"
"9602","2263.5447883642946","2263.5447883642946","2263.5447883642946"
"9606","3058.8802383734665","3058.8802383734665","3058.8802383734665"
"9608","2737.893565510104","2737.893565510104","2737.893565510104"
"9610","2984.5722093383283","2984.5722093383283","2984.5722093383283"
"9612","1197.2369895360764","1197.2369895360764","1197.2369895360764"
"9616","4675.048662381192","4675.048662381192","4675.048662381192"
"9618","1779.06162955462","1779.06162955462","1779.06162955462"
"9620","2931.331046352495","2931.331046352495","2931.331046352495"
"9622","2795.965014699971","2795.965014699971","2795.965014699971"
"9626","1719.2446473731559","1719.2446473731559","1719.2446473731559"
"9628","1492.4096696042327","1492.4096696042327","1492.4096696042327"
"9630","2241.5126855043673","2241.5126855043673","2241.5126855043673"
"9632","1823.4510092737441","1823.4510092737441","1823.4510092737441"
"9634","750.7193339377765","750.7193339377765","750.7193339377765"
"9636","4530.6514476204675","4530.6514476204675","4530.6514476204675"
"9638","1850.8080623451003","1850.8080623451003","1850.8080623451003"
"9640","1304.1610512241862","1304.1610512241862","1304.1610512241862"
"9642","1486.8511703260508","1486.8511703260508","1486.8511703260508"
"9646","1939.945865206391","1939.945865206391","1939.945865206391"
"9648","2269.002435895571","2269.002435895571","2269.002435895571"
"9654","1560.3444012238706","1560.3444012238706","1560.3444012238706"
"9656","2805.473106038837","2805.473106038837","2805.473106038837"
"9658","1730.2839210606899","1730.2839210606899","1730.2839210606899"
"9660","2828.149173696486","2828.149173696486","2828.149173696486"
"9664","1299.1317594885113","1299.1317594885113","1299.1317594885113"
"9666","1929.152329555019","1929.152329555019","1929.152329555019"
"9668","1736.0363083195216","1736.0363083195216","1736.0363083195216"
"9670","1990.079325288225","1990.079325288225","1990.079325288225"
"9674","2424.789413299571","2424.789413299571","2424.789413299571"
"9676","2447.023871461659","2447.023871461659","2447.023871461659"
"9680","2475.9978453920676","2475.9978453920676","2475.9978453920676"
"9682","2096.9582609369063","2096.9582609369063","2096.9582609369063"
"9684","1585.756789562034","1585.756789562034","1585.756789562034"
"9686","2396.6231892743604","2396.6231892743604","2396.6231892743604"
"9688","3546.664227512305","3546.664227512305","3546.664227512305"
"9690","2267.9664581581596","2267.9664581581596","2267.9664581581596"
"9692","3259.724447037138","3259.724447037138","3259.724447037138"
"9694","1963.5548582738513","1963.5548582738513","1963.5548582738513"
"9696","1634.5280938445765","1634.5280938445765","1634.5280938445765"
"9698","2007.3212085609443","2007.3212085609443","2007.3212085609443"
"9700","2788.0732440826555","2788.0732440826555","2788.0732440826555"
"9702","2577.7634453843216","2577.7634453843216","2577.7634453843216"
"9704","2801.1681836090215","2801.1681836090215","2801.1681836090215"
"9706","1981.3765978754686","1981.3765978754686","1981.3765978754686"
"9708","1308.856055317417","1308.856055317417","1308.856055317417"
"9710","1478.908788897496","1478.908788897496","1478.908788897496"
"9712","1861.9094293157166","1861.9094293157166","1861.9094293157166"
"9716","2051.0384534581713","2051.0384534581713","2051.0384534581713"
"9718","1759.231842070905","1759.231842070905","1759.231842070905"
"9722","1261.3253585440127","1261.3253585440127","1261.3253585440127"
"9724","1741.8049875649224","1741.8049875649224","1741.8049875649224"
"9726","2018.1497537719797","2018.1497537719797","2018.1497537719797"
"9728","1701.6132517935696","1701.6132517935696","1701.6132517935696"
"9730","1417.8519345340903","1417.8519345340903","1417.8519345340903"
"9732","1921.5098320999546","1921.5098320999546","1921.5098320999546"
"9736","1116.6727540783759","1116.6727540783759","1116.6727540783759"
"9742","1835.1290322823259","1835.1290322823259","1835.1290322823259"
"9744","1038.042937829906","1038.042937829906","1038.042937829906"
"9746","868.3359514475821","868.3359514475821","868.3359514475821"
"9752","2399.027947428824","2399.027947428824","2399.027947428824"
"9754","1725.4732588467546","1725.4732588467546","1725.4732588467546"
"9758","2141.079701211429","2141.079701211429","2141.079701211429"
"9760","972.8104036420714","972.8104036420714","972.8104036420714"
"9762","1338.8344296733605","1338.8344296733605","1338.8344296733605"
"9764","2738.313971309002","2738.313971309002","2738.313971309002"
"9766","1292.5328156549917","1292.5328156549917","1292.5328156549917"
"9770","1022.8215686478816","1022.8215686478816","1022.8215686478816"
"9772","2388.273063922663","2388.273063922663","2388.273063922663"
"9778","1452.9913461398594","1452.9913461398594","1452.9913461398594"
"9780","2995.908888145725","2995.908888145725","2995.908888145725"
"9782","1761.632847436143","1761.632847436143","1761.632847436143"
"9788","1374.1507996484952","1374.1507996484952","1374.1507996484952"
"9790","2125.7632792090712","2125.7632792090712","2125.7632792090712"
"9794","1109.5251750712587","1109.5251750712587","1109.5251750712587"
"9796","2294.6937934678012","2294.6937934678012","2294.6937934678012"
"9798","2236.9115809636105","2236.9115809636105","2236.9115809636105"
"9800","1132.294519980005","1132.294519980005","1132.294519980005"
"9802","1361.1418707474068","1361.1418707474068","1361.1418707474068"
"9804","1738.3250756043215","1738.3250756043215","1738.3250756043215"
"9808","3362.2603999358603","3362.2603999358603","3362.2603999358603"
"9810","2254.158138169698","2254.158138169698","2254.158138169698"
"9812","1947.6897907391115","1947.6897907391115","1947.6897907391115"
"9814","1722.4846709044073","1722.4846709044073","1722.4846709044073"
"9816","3870.4405694500592","3870.4405694500592","3870.4405694500592"
"9818","3508.806185596961","3508.806185596961","3508.806185596961"
"9820","1912.8828890244622","1912.8828890244622","1912.8828890244622"
"9822","1880.2034178975136","1880.2034178975136","1880.2034178975136"
"9824","2823.2137282107196","2823.2137282107196","2823.2137282107196"
"9826","1840.1565164425108","1840.1565164425108","1840.1565164425108"
"9828","2151.5788607505124","2151.5788607505124","2151.5788607505124"
"9830","2519.2291610948396","2519.2291610948396","2519.2291610948396"
"9832","2219.7858682506294","2219.7858682506294","2219.7858682506294"
"9834","1237.5879964464298","1237.5879964464298","1237.5879964464298"
"9836","1692.8334678955503","1692.8334678955503","1692.8334678955503"
"9838","2613.905086668714","2613.905086668714","2613.905086668714"
"9840","2308.3744622662302","2308.3744622662302","2308.3744622662302"
"9842","2067.5890481365905","2067.5890481365905","2067.5890481365905"
"9844","1477.921536618363","1477.921536618363","1477.921536618363"
"9846","2432.8650030940007","2432.8650030940007","2432.8650030940007"
"9848","1399.2537535096874","1399.2537535096874","1399.2537535096874"
"9850","1577.5926159355772","1577.5926159355772","1577.5926159355772"
"9852","2651.6376448746855","2651.6376448746855","2651.6376448746855"
"9854","1883.2943169243276","1883.2943169243276","1883.2943169243276"
"9856","2010.0431037546546","2010.0431037546546","2010.0431037546546"
"9858","2147.281769359925","2147.281769359925","2147.281769359925"
"9860","1884.149045350038","1884.149045350038","1884.149045350038"
"9864","3095.129062121648","3095.129062121648","3095.129062121648"
"9866","2265.250816357908","2265.250816357908","2265.250816357908"
"9868","2815.7321583533917","2815.7321583533917","2815.7321583533917"
"9872","2032.9898938618808","2032.9898938618808","2032.9898938618808"
"9874","4560.6460397137525","4560.6460397137525","4560.6460397137525"
"9876","1797.9536757927522","1797.9536757927522","1797.9536757927522"
"9880","2684.113553496879","2684.113553496879","2684.113553496879"
"9882","1249.027991864429","1249.027991864429","1249.027991864429"
"9886","894.5861970275691","894.5861970275691","894.5861970275691"
"9890","1944.6103464226615","1944.6103464226615","1944.6103464226615"
"9892","2211.087727244994","2211.087727244994","2211.087727244994"
"9894","1904.99131671924","1904.99131671924","1904.99131671924"
"9896","1507.7314404455544","1507.7314404455544","1507.7314404455544"
"9900","1860.643699316256","1860.643699316256","1860.643699316256"
"9902","1037.3182930446433","1037.3182930446433","1037.3182930446433"
"9904","973.9057642303435","973.9057642303435","973.9057642303435"
"9906","1523.967797342753","1523.967797342753","1523.967797342753"
"9908","667.8964578536934","667.8964578536934","667.8964578536934"
"9910","2222.81877429666","2222.81877429666","2222.81877429666"
"9913","1072.6067846274357","1072.6067846274357","1072.6067846274357"
"9915","1081.0494427092842","1081.0494427092842","1081.0494427092842"
"9917","2226.7189305550132","2226.7189305550132","2226.7189305550132"
"9921","2109.2269986824504","2109.2269986824504","2109.2269986824504"
"9923","1542.1317643139912","1542.1317643139912","1542.1317643139912"
"9925","832.8563814161115","832.8563814161115","832.8563814161115"
"9927","2339.034104413768","2339.034104413768","2339.034104413768"
"9931","1084.5610656838712","1084.5610656838712","1084.5610656838712"
"9935","2162.2152707460787","2162.2152707460787","2162.2152707460787"
"9937","1325.718578909697","1325.718578909697","1325.718578909697"
"9939","1711.1709775087652","1711.1709775087652","1711.1709775087652"
"9941","1576.9568642871245","1576.9568642871245","1576.9568642871245"
"9943","1227.112916890419","1227.112916890419","1227.112916890419"
"9945","3466.220216743515","3466.220216743515","3466.220216743515"
"9947","1642.5060660106524","1642.5060660106524","1642.5060660106524"
"9949","2025.3863431173475","2025.3863431173475","2025.3863431173475"
"9951","1853.2403313384439","1853.2403313384439","1853.2403313384439"
"9953","1093.7833780917726","1093.7833780917726","1093.7833780917726"
"9957","1543.2915168892657","1543.2915168892657","1543.2915168892657"
"9959","2609.4584423132183","2609.4584423132183","2609.4584423132183"
"9961","1636.6624663150806","1636.6624663150806","1636.6624663150806"
"9963","1750.944708530689","1750.944708530689","1750.944708530689"
"9965","2516.456028405383","2516.456028405383","2516.456028405383"
"9967","2510.6619930034753","2510.6619930034753","2510.6619930034753"
"9969","1707.1769966390332","1707.1769966390332","1707.1769966390332"
"9971","1160.3371947881756","1160.3371947881756","1160.3371947881756"
"9973","2281.888516437513","2281.888516437513","2281.888516437513"
"9975","814.9215405547325","814.9215405547325","814.9215405547325"
"9977","1229.7409039356012","1229.7409039356012","1229.7409039356012"
"9979","2742.740912170904","2742.740912170904","2742.740912170904"
"9981","1938.0337379912366","1938.0337379912366","1938.0337379912366"
"9983","1419.91965019545","1419.91965019545","1419.91965019545"
"9985","2056.235643962847","2056.235643962847","2056.235643962847"
"9989","2862.988663903783","2862.988663903783","2862.988663903783"
"9993","2184.7695100812166","2184.7695100812166","2184.7695100812166"
"9995","951.26663848246","951.26663848246","951.26663848246"
"9999","1854.7157968356623","1854.7157968356623","1854.7157968356623"
"10001","2550.358221660658","2550.358221660658","2550.358221660658"
"10003","1556.0231078831234","1556.0231078831234","1556.0231078831234"
"10005","1818.135781477469","1818.135781477469","1818.135781477469"
"10007","1984.6594448926724","1984.6594448926724","1984.6594448926724"
"10009","1926.5233441942614","1926.5233441942614","1926.5233441942614"
"10011","2993.3707833274934","2993.3707833274934","2993.3707833274934"
"10013","1976.5986337487573","1976.5986337487573","1976.5986337487573"
"10017","2482.109428329638","2482.109428329638","2482.109428329638"
"10019","3133.2793232814797","3133.2793232814797","3133.2793232814797"
"10021","1861.8706135795787","1861.8706135795787","1861.8706135795787"
"10023","1628.0981776431486","1628.0981776431486","1628.0981776431486"
"10029","1830.0390860221612","1830.0390860221612","1830.0390860221612"
"10031","2673.3162935517353","2673.3162935517353","2673.3162935517353"
"10033","2909.514593264465","2909.514593264465","2909.514593264465"
"10037","1427.304094762801","1427.304094762801","1427.304094762801"
"10039","1122.0634134875654","1122.0634134875654","1122.0634134875654"
"10041","1662.7616073277532","1662.7616073277532","1662.7616073277532"
"10043","1722.7651557319368","1722.7651557319368","1722.7651557319368"
"10045","2798.440548348271","2798.440548348271","2798.440548348271"
"10047","2623.8395362413908","2623.8395362413908","2623.8395362413908"
"10049","1698.5400806742284","1698.5400806742284","1698.5400806742284"
"10051","1975.0173998017954","1975.0173998017954","1975.0173998017954"
"10053","2379.1384121714154","2379.1384121714154","2379.1384121714154"
"10055","3324.6353282863415","3324.6353282863415","3324.6353282863415"
"10057","1520.6253555131238","1520.6253555131238","1520.6253555131238"
"10059","2598.635840172278","2598.635840172278","2598.635840172278"
"10061","3535.444132005644","3535.444132005644","3535.444132005644"
"10063","2763.1178121898242","2763.1178121898242","2763.1178121898242"
"10065","1429.2895904630618","1429.2895904630618","1429.2895904630618"
"10069","698.4877654683838","698.4877654683838","698.4877654683838"
"10071","1548.2166232831387","1548.2166232831387","1548.2166232831387"
"10073","1428.0731905464797","1428.0731905464797","1428.0731905464797"
"10079","1205.891354887189","1205.891354887189","1205.891354887189"
"10081","3487.6758310641535","3487.6758310641535","3487.6758310641535"
"10083","1506.6592297679927","1506.6592297679927","1506.6592297679927"
"10085","1960.9815888938742","1960.9815888938742","1960.9815888938742"
"10087","2256.5805842867935","2256.5805842867935","2256.5805842867935"
"10089","1362.496912804002","1362.496912804002","1362.496912804002"
"10091","2157.9245132885026","2157.9245132885026","2157.9245132885026"
"10093","1177.7888328146","1177.7888328146","1177.7888328146"
"10095","2182.250280071262","2182.250280071262","2182.250280071262"
"10097","1245.6327380788407","1245.6327380788407","1245.6327380788407"
"10099","3088.7458191291057","3088.7458191291057","3088.7458191291057"
"10101","1149.9492773371098","1149.9492773371098","1149.9492773371098"
"10103","3585.4509144014955","3585.4509144014955","3585.4509144014955"
"10105","2459.4936979604327","2459.4936979604327","2459.4936979604327"
"10107","1601.1225863797474","1601.1225863797474","1601.1225863797474"
"10109","3883.250620510941","3883.250620510941","3883.250620510941"
"10111","1632.5107368624397","1632.5107368624397","1632.5107368624397"
"10113","1293.7772389783247","1293.7772389783247","1293.7772389783247"
"10115","1715.5617707488009","1715.5617707488009","1715.5617707488009"
"10117","1588.7454689075316","1588.7454689075316","1588.7454689075316"
"10119","1458.6033457607434","1458.6033457607434","1458.6033457607434"
"10123","2575.3844751891847","2575.3844751891847","2575.3844751891847"
"10125","2657.88098358606","2657.88098358606","2657.88098358606"
"10127","1588.0053949111298","1588.0053949111298","1588.0053949111298"
"10129","1769.9959588947609","1769.9959588947609","1769.9959588947609"
"10131","2315.81957433328","2315.81957433328","2315.81957433328"
"10133","2951.210309528792","2951.210309528792","2951.210309528792"
"10135","2262.48276609106","2262.48276609106","2262.48276609106"
"10137","1338.3374546984392","1338.3374546984392","1338.3374546984392"
"10139","2879.4243034594783","2879.4243034594783","2879.4243034594783"
"10141","2340.091790886038","2340.091790886038","2340.091790886038"
"10143","1634.5353870213683","1634.5353870213683","1634.5353870213683"
"10145","1566.619746720088","1566.619746720088","1566.619746720088"
"10147","2638.6546339803103","2638.6546339803103","2638.6546339803103"
"10149","1811.8001104512418","1811.8001104512418","1811.8001104512418"
"10151","3070.963734679398","3070.963734679398","3070.963734679398"
"10153","2660.007343801959","2660.007343801959","2660.007343801959"
"10155","2259.044545358622","2259.044545358622","2259.044545358622"
"10157","2296.417560569005","2296.417560569005","2296.417560569005"
"10159","1693.6756023557941","1693.6756023557941","1693.6756023557941"
"10161","2805.492758375974","2805.492758375974","2805.492758375974"
"10165","1395.0059307264573","1395.0059307264573","1395.0059307264573"
"10167","1455.4569852049426","1455.4569852049426","1455.4569852049426"
"10169","1850.27127371244","1850.27127371244","1850.27127371244"
"10171","1381.8432164084734","1381.8432164084734","1381.8432164084734"
"10173","1699.2777233194167","1699.2777233194167","1699.2777233194167"
"10175","2217.8618775861937","2217.8618775861937","2217.8618775861937"
"10177","3673.4399098624076","3673.4399098624076","3673.4399098624076"
"10179","3467.872989893898","3467.872989893898","3467.872989893898"
"10181","1155.4159413509224","1155.4159413509224","1155.4159413509224"
"10183","1703.7551440331322","1703.7551440331322","1703.7551440331322"
"10189","1911.7344107724946","1911.7344107724946","1911.7344107724946"
"10191","2055.9725677159777","2055.9725677159777","2055.9725677159777"
"10193","791.7396152081487","791.7396152081487","791.7396152081487"
"10195","2947.894677034101","2947.894677034101","2947.894677034101"
"10197","2274.4431385296293","2274.4431385296293","2274.4431385296293"
"10199","1945.7602885590725","1945.7602885590725","1945.7602885590725"
"10201","940.2790206370051","940.2790206370051","940.2790206370051"
"10203","1387.1711342291546","1387.1711342291546","1387.1711342291546"
"10205","2172.77338123042","2172.77338123042","2172.77338123042"
"10207","3973.034633444715","3973.034633444715","3973.034633444715"
"10209","4026.9806454915465","4026.9806454915465","4026.9806454915465"
"10211","2187.9288559556353","2187.9288559556353","2187.9288559556353"
"10213","2141.03002614713","2141.03002614713","2141.03002614713"
"10217","3389.97653614071","3389.97653614071","3389.97653614071"
"10219","1410.7755849033524","1410.7755849033524","1410.7755849033524"
"10221","1760.9443315781336","1760.9443315781336","1760.9443315781336"
"10223","1582.5679245528868","1582.5679245528868","1582.5679245528868"
"10225","2431.79512299116","2431.79512299116","2431.79512299116"
"10227","1064.012112383741","1064.012112383741","1064.012112383741"
"10231","1107.5409332405973","1107.5409332405973","1107.5409332405973"
"10233","1642.9935116065124","1642.9935116065124","1642.9935116065124"
"10235","3093.4769240188093","3093.4769240188093","3093.4769240188093"
"10239","2145.9268291869694","2145.9268291869694","2145.9268291869694"
"10241","1400.7942676737146","1400.7942676737146","1400.7942676737146"
"10243","1986.3212457798427","1986.3212457798427","1986.3212457798427"
"10245","1818.4444313356441","1818.4444313356441","1818.4444313356441"
"10247","1059.2992497399318","1059.2992497399318","1059.2992497399318"
"10249","2205.5065323407093","2205.5065323407093","2205.5065323407093"
"10251","1734.2788179894924","1734.2788179894924","1734.2788179894924"
"10255","1488.0331037810115","1488.0331037810115","1488.0331037810115"
"10257","1394.8176514619774","1394.8176514619774","1394.8176514619774"
"10261","2047.0334275646608","2047.0334275646608","2047.0334275646608"
"10263","1912.9450124464154","1912.9450124464154","1912.9450124464154"
"10265","2574.131357796349","2574.131357796349","2574.131357796349"
"10267","3603.2695737950376","3603.2695737950376","3603.2695737950376"
"10269","2703.897101324256","2703.897101324256","2703.897101324256"
"10271","2420.333325473149","2420.333325473149","2420.333325473149"
"10273","3207.7579023543185","3207.7579023543185","3207.7579023543185"
"10275","2743.282523335527","2743.282523335527","2743.282523335527"
"10279","1955.7784176317057","1955.7784176317057","1955.7784176317057"
"10281","2909.5308540712304","2909.5308540712304","2909.5308540712304"
"10283","1969.3843220823348","1969.3843220823348","1969.3843220823348"
"10285","2104.876631385837","2104.876631385837","2104.876631385837"
"10287","2029.6254447336962","2029.6254447336962","2029.6254447336962"
"10289","2401.779542743859","2401.779542743859","2401.779542743859"
"10291","2911.6213394054903","2911.6213394054903","2911.6213394054903"
"10295","1220.4259557770424","1220.4259557770424","1220.4259557770424"
"10301","890.4102112450987","890.4102112450987","890.4102112450987"
"10303","1271.2850194653704","1271.2850194653704","1271.2850194653704"
"10305","2824.959838421357","2824.959838421357","2824.959838421357"
"10307","1473.8601397998734","1473.8601397998734","1473.8601397998734"
"10309","1888.5937292901103","1888.5937292901103","1888.5937292901103"
"10311","1349.2496027508544","1349.2496027508544","1349.2496027508544"
"10313","1483.9865778630299","1483.9865778630299","1483.9865778630299"
"10315","2805.373647167252","2805.373647167252","2805.373647167252"
"10317","2256.3245219448254","2256.3245219448254","2256.3245219448254"
"10319","1267.192961331792","1267.192961331792","1267.192961331792"
"10321","1645.2491398464053","1645.2491398464053","1645.2491398464053"
"10323","1967.8684713355547","1967.8684713355547","1967.8684713355547"
"10325","2325.4144622180766","2325.4144622180766","2325.4144622180766"
"10327","1582.449516294155","1582.449516294155","1582.449516294155"
"10329","1471.723296412278","1471.723296412278","1471.723296412278"
"10331","1303.4631729432847","1303.4631729432847","1303.4631729432847"
"10333","1775.1169402930273","1775.1169402930273","1775.1169402930273"
"10335","2359.2403638711044","2359.2403638711044","2359.2403638711044"
"10337","2323.4503140894635","2323.4503140894635","2323.4503140894635"
"10339","2511.3334656891643","2511.3334656891643","2511.3334656891643"
"10341","2734.2503383012286","2734.2503383012286","2734.2503383012286"
"10345","1800.8959396481011","1800.8959396481011","1800.8959396481011"
"10347","2554.095295852216","2554.095295852216","2554.095295852216"
"10349","2489.853923383025","2489.853923383025","2489.853923383025"
"10351","1358.7424489182597","1358.7424489182597","1358.7424489182597"
"10353","1908.5093148128867","1908.5093148128867","1908.5093148128867"
"10357","1375.2716023787762","1375.2716023787762","1375.2716023787762"
"10359","897.3798019876098","897.3798019876098","897.3798019876098"
"10363","2564.672427304537","2564.672427304537","2564.672427304537"
"10367","1673.5070765302657","1673.5070765302657","1673.5070765302657"
"10369","2200.2971505386986","2200.2971505386986","2200.2971505386986"
"10371","1776.9462015080412","1776.9462015080412","1776.9462015080412"
"10376","1752.6676864128472","1752.6676864128472","1752.6676864128472"
"10378","1626.910436924294","1626.910436924294","1626.910436924294"
"10380","1109.422051412502","1109.422051412502","1109.422051412502"
"10382","1827.492364007728","1827.492364007728","1827.492364007728"
"10384","3202.0055163691586","3202.0055163691586","3202.0055163691586"
"10386","1857.9927644147306","1857.9927644147306","1857.9927644147306"
"10388","1715.9082480288725","1715.9082480288725","1715.9082480288725"
"10390","1159.76758830186","1159.76758830186","1159.76758830186"
"10394","1856.1797536537222","1856.1797536537222","1856.1797536537222"
"10396","3344.103121605697","3344.103121605697","3344.103121605697"
"10400","1124.1578122046653","1124.1578122046653","1124.1578122046653"
"10402","2452.242036322155","2452.242036322155","2452.242036322155"
"10404","1036.3898933600265","1036.3898933600265","1036.3898933600265"
"10406","2891.3758565670473","2891.3758565670473","2891.3758565670473"
"10408","1930.7221175762202","1930.7221175762202","1930.7221175762202"
"10410","4153.155673611979","4153.155673611979","4153.155673611979"
"10412","971.1648065713167","971.1648065713167","971.1648065713167"
"10414","1533.064441118571","1533.064441118571","1533.064441118571"
"10416","2259.2461334242707","2259.2461334242707","2259.2461334242707"
"10418","1349.7924459700178","1349.7924459700178","1349.7924459700178"
"10420","3303.9612659736636","3303.9612659736636","3303.9612659736636"
"10422","1827.2890152058624","1827.2890152058624","1827.2890152058624"
"10424","1437.013162708756","1437.013162708756","1437.013162708756"
"10426","1286.2378296957538","1286.2378296957538","1286.2378296957538"
"10428","1814.378508972759","1814.378508972759","1814.378508972759"
"10430","1884.4459934684035","1884.4459934684035","1884.4459934684035"
"10432","1629.7584518246233","1629.7584518246233","1629.7584518246233"
"10434","1223.1650131855868","1223.1650131855868","1223.1650131855868"
"10436","3261.1466094428447","3261.1466094428447","3261.1466094428447"
"10438","2085.5820063582732","2085.5820063582732","2085.5820063582732"
"10440","2424.928831747202","2424.928831747202","2424.928831747202"
"10442","1321.0895666849146","1321.0895666849146","1321.0895666849146"
"10444","2104.9344157979544","2104.9344157979544","2104.9344157979544"
"10446","1948.8643905131148","1948.8643905131148","1948.8643905131148"
"10448","2223.130475558449","2223.130475558449","2223.130475558449"
"10450","1713.7733390305405","1713.7733390305405","1713.7733390305405"
"10452","1823.1291079483071","1823.1291079483071","1823.1291079483071"
"10454","2057.0861536704265","2057.0861536704265","2057.0861536704265"
"10456","2628.468498298452","2628.468498298452","2628.468498298452"
"10458","2622.4670962386863","2622.4670962386863","2622.4670962386863"
"10460","1690.4474099925462","1690.4474099925462","1690.4474099925462"
"10462","2706.324569036004","2706.324569036004","2706.324569036004"
"10464","1855.3198704469537","1855.3198704469537","1855.3198704469537"
"10468","2322.981448973686","2322.981448973686","2322.981448973686"
"10472","1196.8821398370196","1196.8821398370196","1196.8821398370196"
"10474","1803.3167186739674","1803.3167186739674","1803.3167186739674"
"10476","630.036305791602","630.036305791602","630.036305791602"
"10478","1246.7815270917306","1246.7815270917306","1246.7815270917306"
"10480","1575.9916167013555","1575.9916167013555","1575.9916167013555"
"10482","1204.5763198223262","1204.5763198223262","1204.5763198223262"
"10484","1235.6467516291339","1235.6467516291339","1235.6467516291339"
"10486","1556.4168292941108","1556.4168292941108","1556.4168292941108"
"10490","1865.7813343763353","1865.7813343763353","1865.7813343763353"
"10492","1435.8675851498442","1435.8675851498442","1435.8675851498442"
"10494","1192.7926486279532","1192.7926486279532","1192.7926486279532"
"10496","2476.5455203271495","2476.5455203271495","2476.5455203271495"
"10498","2760.9344512629013","2760.9344512629013","2760.9344512629013"
"10500","2001.6000017558451","2001.6000017558451","2001.6000017558451"
"10502","1680.1083946738515","1680.1083946738515","1680.1083946738515"
"10504","2591.6256132942513","2591.6256132942513","2591.6256132942513"
"10506","1710.2142812956392","1710.2142812956392","1710.2142812956392"
"10508","2574.7080035527038","2574.7080035527038","2574.7080035527038"
"10510","1647.9310211307177","1647.9310211307177","1647.9310211307177"
"10512","1288.987070824479","1288.987070824479","1288.987070824479"
"10514","770.1283621696832","770.1283621696832","770.1283621696832"
"10516","1277.1328976623965","1277.1328976623965","1277.1328976623965"
"10518","1625.5474956403282","1625.5474956403282","1625.5474956403282"
"10520","2216.6220138080953","2216.6220138080953","2216.6220138080953"
"10522","1600.8709368102773","1600.8709368102773","1600.8709368102773"
"10524","2049.2286254319088","2049.2286254319088","2049.2286254319088"
"10526","1205.3866215663556","1205.3866215663556","1205.3866215663556"
"10528","1552.0149339628415","1552.0149339628415","1552.0149339628415"
"10530","995.883171411916","995.883171411916","995.883171411916"
"10532","1579.0585268439838","1579.0585268439838","1579.0585268439838"
"10534","2213.1271067600946","2213.1271067600946","2213.1271067600946"
"10536","1126.2251206565038","1126.2251206565038","1126.2251206565038"
"10538","3038.3548452027662","3038.3548452027662","3038.3548452027662"
"10540","1644.4245120314877","1644.4245120314877","1644.4245120314877"
"10542","2102.6601583758174","2102.6601583758174","2102.6601583758174"
"10544","2646.526885307075","2646.526885307075","2646.526885307075"
"10546","2596.22821419455","2596.22821419455","2596.22821419455"
"10548","2720.494598481464","2720.494598481464","2720.494598481464"
"10550","1526.716200939936","1526.716200939936","1526.716200939936"
"10552","2522.5909085522676","2522.5909085522676","2522.5909085522676"
"10554","1971.1286465356316","1971.1286465356316","1971.1286465356316"
"10556","870.851483034215","870.851483034215","870.851483034215"
"10558","958.572042665565","958.572042665565","958.572042665565"
"10560","3354.1956608073947","3354.1956608073947","3354.1956608073947"
"10564","2266.291898375878","2266.291898375878","2266.291898375878"
"10568","1516.8553991666354","1516.8553991666354","1516.8553991666354"
"10570","3456.6717445816907","3456.6717445816907","3456.6717445816907"
"10572","2084.7324898345023","2084.7324898345023","2084.7324898345023"
"10576","1800.003438191309","1800.003438191309","1800.003438191309"
"10578","1671.1237413836916","1671.1237413836916","1671.1237413836916"
"10580","1656.4635552975014","1656.4635552975014","1656.4635552975014"
"10582","2095.497718549928","2095.497718549928","2095.497718549928"
"10584","1324.477586796526","1324.477586796526","1324.477586796526"
"10586","1389.239062597431","1389.239062597431","1389.239062597431"
"10588","3179.363412297892","3179.363412297892","3179.363412297892"
"10590","1576.9047740812123","1576.9047740812123","1576.9047740812123"
"10592","1719.5757594537592","1719.5757594537592","1719.5757594537592"
"10594","1500.3026170252128","1500.3026170252128","1500.3026170252128"
"10596","3204.332914781029","3204.332914781029","3204.332914781029"
"10598","3991.6618882046464","3991.6618882046464","3991.6618882046464"
"10600","1742.25492304187","1742.25492304187","1742.25492304187"
"10602","1175.0592441917502","1175.0592441917502","1175.0592441917502"
"10604","2033.8507655103497","2033.8507655103497","2033.8507655103497"
"10606","1903.9883485921416","1903.9883485921416","1903.9883485921416"
"10608","1180.8418301014947","1180.8418301014947","1180.8418301014947"
"10610","2140.6547725305577","2140.6547725305577","2140.6547725305577"
"10612","1762.853916461393","1762.853916461393","1762.853916461393"
"10616","2063.879057755408","2063.879057755408","2063.879057755408"
"10618","2587.5714663066897","2587.5714663066897","2587.5714663066897"
"10620","585.2078822470185","585.2078822470185","585.2078822470185"
"10622","948.6180904974731","948.6180904974731","948.6180904974731"
"10624","1613.6011217572634","1613.6011217572634","1613.6011217572634"
"10626","2005.1836140252572","2005.1836140252572","2005.1836140252572"
"10628","3493.2692002451504","3493.2692002451504","3493.2692002451504"
"10630","2496.3948959146824","2496.3948959146824","2496.3948959146824"
"10632","913.55102852157","913.55102852157","913.55102852157"
"10634","3917.363569808922","3917.363569808922","3917.363569808922"
"10636","1385.4320359154342","1385.4320359154342","1385.4320359154342"
"10638","1583.8344328969256","1583.8344328969256","1583.8344328969256"
"10642","833.2525868585268","833.2525868585268","833.2525868585268"
"10644","1628.9638307854877","1628.9638307854877","1628.9638307854877"
"10646","2883.194058193023","2883.194058193023","2883.194058193023"
"10650","1752.467984571667","1752.467984571667","1752.467984571667"
"10652","2749.99205089634","2749.99205089634","2749.99205089634"
"10654","1919.9460941001773","1919.9460941001773","1919.9460941001773"
"10656","2078.4331251037283","2078.4331251037283","2078.4331251037283"
"10658","2451.6636328567142","2451.6636328567142","2451.6636328567142"
"10660","1683.9705242559849","1683.9705242559849","1683.9705242559849"
"10662","2625.4126133655654","2625.4126133655654","2625.4126133655654"
"10664","1731.2335074668592","1731.2335074668592","1731.2335074668592"
"10666","1703.1761651709207","1703.1761651709207","1703.1761651709207"
"10668","2467.8002142047876","2467.8002142047876","2467.8002142047876"
"10670","2376.499646827267","2376.499646827267","2376.499646827267"
"10674","2257.0609323484896","2257.0609323484896","2257.0609323484896"
"10676","2048.621993700494","2048.621993700494","2048.621993700494"
"10678","1842.6104272853975","1842.6104272853975","1842.6104272853975"
"10680","1494.7957117466794","1494.7957117466794","1494.7957117466794"
"10682","2588.000169270921","2588.000169270921","2588.000169270921"
"10684","1477.9623072127172","1477.9623072127172","1477.9623072127172"
"10686","2000.2203164345794","2000.2203164345794","2000.2203164345794"
"10688","1873.9454959884163","1873.9454959884163","1873.9454959884163"
"10690","2031.0497185196664","2031.0497185196664","2031.0497185196664"
"10692","1881.9061883820689","1881.9061883820689","1881.9061883820689"
"10694","2380.958914925204","2380.958914925204","2380.958914925204"
"10696","2465.5873405761868","2465.5873405761868","2465.5873405761868"
"10698","2011.6638435352124","2011.6638435352124","2011.6638435352124"
"10700","1624.8410358070635","1624.8410358070635","1624.8410358070635"
"10702","1695.396025749117","1695.396025749117","1695.396025749117"
"10704","2347.42916932158","2347.42916932158","2347.42916932158"
"10706","2208.0312843205597","2208.0312843205597","2208.0312843205597"
"10708","1275.347809708199","1275.347809708199","1275.347809708199"
"10710","2099.7294901711275","2099.7294901711275","2099.7294901711275"
"10714","1763.2784103553226","1763.2784103553226","1763.2784103553226"
"10716","1791.7873047164967","1791.7873047164967","1791.7873047164967"
"10720","2218.921248449283","2218.921248449283","2218.921248449283"
"10722","1803.0015534599474","1803.0015534599474","1803.0015534599474"
"10724","2502.1449960219393","2502.1449960219393","2502.1449960219393"
"10728","862.0587621436473","862.0587621436473","862.0587621436473"
"10730","1694.5393025271558","1694.5393025271558","1694.5393025271558"
"10732","1363.0345484760599","1363.0345484760599","1363.0345484760599"
"10734","1774.5448700930576","1774.5448700930576","1774.5448700930576"
"10736","1539.9408206313242","1539.9408206313242","1539.9408206313242"
"10738","836.1506212704207","836.1506212704207","836.1506212704207"
"10740","1454.5620252619706","1454.5620252619706","1454.5620252619706"
"10742","1367.6805288442833","1367.6805288442833","1367.6805288442833"
"10744","2106.4441240543415","2106.4441240543415","2106.4441240543415"
"10746","1976.9616873600387","1976.9616873600387","1976.9616873600387"
"10748","2459.0069903847957","2459.0069903847957","2459.0069903847957"
"10750","2047.290737942105","2047.290737942105","2047.290737942105"
"10752","1264.446640115866","1264.446640115866","1264.446640115866"
"10754","2509.370319984414","2509.370319984414","2509.370319984414"
"10756","2452.9191738692775","2452.9191738692775","2452.9191738692775"
"10758","1187.0031603650184","1187.0031603650184","1187.0031603650184"
"10762","1609.0787735318172","1609.0787735318172","1609.0787735318172"
"10764","2156.458101734774","2156.458101734774","2156.458101734774"
"10766","2268.4278087301223","2268.4278087301223","2268.4278087301223"
"10768","1565.1553955410916","1565.1553955410916","1565.1553955410916"
"10770","1473.252259318265","1473.252259318265","1473.252259318265"
"10772","1682.6740040543411","1682.6740040543411","1682.6740040543411"
"10774","2314.89088851821","2314.89088851821","2314.89088851821"
"10776","1973.8571364163531","1973.8571364163531","1973.8571364163531"
"10778","956.5554623374529","956.5554623374529","956.5554623374529"
"10780","2085.412398691856","2085.412398691856","2085.412398691856"
"10782","2048.15487486837","2048.15487486837","2048.15487486837"
"10786","3391.7005125242495","3391.7005125242495","3391.7005125242495"
"10788","1984.6284734483284","1984.6284734483284","1984.6284734483284"
"10790","2189.7105559916417","2189.7105559916417","2189.7105559916417"
"10792","2069.3009082373082","2069.3009082373082","2069.3009082373082"
"10794","2918.2993485817365","2918.2993485817365","2918.2993485817365"
"10798","1656.6050077035218","1656.6050077035218","1656.6050077035218"
"10800","635.8962626759513","635.8962626759513","635.8962626759513"
"10802","2022.1953132406534","2022.1953132406534","2022.1953132406534"
"10804","1205.1716556452184","1205.1716556452184","1205.1716556452184"
"10806","2664.666445785275","2664.666445785275","2664.666445785275"
"10808","1041.4864761746837","1041.4864761746837","1041.4864761746837"
"10810","1743.7744140625","1743.7744140625","1743.7744140625"
"10812","2140.828443173676","2140.828443173676","2140.828443173676"
"10814","1217.2579404601715","1217.2579404601715","1217.2579404601715"
"10816","1530.3223875356164","1530.3223875356164","1530.3223875356164"
"10818","2630.7112461633465","2630.7112461633465","2630.7112461633465"
"10820","2045.084898534116","2045.084898534116","2045.084898534116"
"10822","1821.2598128437342","1821.2598128437342","1821.2598128437342"
"10824","1634.1726259863412","1634.1726259863412","1634.1726259863412"
"10826","1664.2164060672667","1664.2164060672667","1664.2164060672667"
"10828","2790.502513064149","2790.502513064149","2790.502513064149"
"10830","2007.6873346939117","2007.6873346939117","2007.6873346939117"
"10832","1974.7445412094444","1974.7445412094444","1974.7445412094444"
"10835","1706.3815322942642","1706.3815322942642","1706.3815322942642"
"10837","811.9858756572227","811.9858756572227","811.9858756572227"
"10839","1260.6733585542454","1260.6733585542454","1260.6733585542454"
"10841","1584.2637451882479","1584.2637451882479","1584.2637451882479"
"10845","1299.1140524128468","1299.1140524128468","1299.1140524128468"
"10847","1199.5717377194421","1199.5717377194421","1199.5717377194421"
"10849","783.6900990317782","783.6900990317782","783.6900990317782"
"10851","1163.1419298865678","1163.1419298865678","1163.1419298865678"
"10853","2630.2191132932016","2630.2191132932016","2630.2191132932016"
"10855","1958.942142841448","1958.942142841448","1958.942142841448"
"10857","878.8659828286629","878.8659828286629","878.8659828286629"
"10861","1872.6537846886008","1872.6537846886008","1872.6537846886008"
"10863","2235.4269085839373","2235.4269085839373","2235.4269085839373"
"10867","2192.418750222009","2192.418750222009","2192.418750222009"
"10869","1513.5872109639013","1513.5872109639013","1513.5872109639013"
"10871","963.1876090943701","963.1876090943701","963.1876090943701"
"10873","3257.743331577413","3257.743331577413","3257.743331577413"
"10875","1225.38405347624","1225.38405347624","1225.38405347624"
"10877","907.8391176283953","907.8391176283953","907.8391176283953"
"10879","2741.46699813628","2741.46699813628","2741.46699813628"
"10881","885.8671047695335","885.8671047695335","885.8671047695335"
"10883","1135.9279641350663","1135.9279641350663","1135.9279641350663"
"10885","688.8593461812841","688.8593461812841","688.8593461812841"
"10887","2901.5408428330898","2901.5408428330898","2901.5408428330898"
"10889","1854.3420683659442","1854.3420683659442","1854.3420683659442"
"10891","1649.1846045822383","1649.1846045822383","1649.1846045822383"
"10893","1246.6382104786087","1246.6382104786087","1246.6382104786087"
"10895","1923.5734722626323","1923.5734722626323","1923.5734722626323"
"10897","1272.9725778863265","1272.9725778863265","1272.9725778863265"
"10899","2757.4435303336627","2757.4435303336627","2757.4435303336627"
"10901","2069.757045151679","2069.757045151679","2069.757045151679"
"10903","2103.6642973063485","2103.6642973063485","2103.6642973063485"
"10905","1445.5845937553327","1445.5845937553327","1445.5845937553327"
"10907","1651.4967986529728","1651.4967986529728","1651.4967986529728"
"10909","1225.8677519551625","1225.8677519551625","1225.8677519551625"
"10911","851.8913469649284","851.8913469649284","851.8913469649284"
"10913","1087.505703944013","1087.505703944013","1087.505703944013"
"10915","3708.068943599781","3708.068943599781","3708.068943599781"
"10917","1645.3169533722717","1645.3169533722717","1645.3169533722717"
"10919","1113.5651828687305","1113.5651828687305","1113.5651828687305"
"10921","1658.6386532124898","1658.6386532124898","1658.6386532124898"
"10923","1113.965510176443","1113.965510176443","1113.965510176443"
"10925","1803.8440401197215","1803.8440401197215","1803.8440401197215"
"10929","1132.9535692445027","1132.9535692445027","1132.9535692445027"
"10931","1337.8081331090443","1337.8081331090443","1337.8081331090443"
"10933","1602.8610059531418","1602.8610059531418","1602.8610059531418"
"10935","2299.388272759634","2299.388272759634","2299.388272759634"
"10937","1798.7719142883163","1798.7719142883163","1798.7719142883163"
"10939","2146.9056997644557","2146.9056997644557","2146.9056997644557"
"10941","1366.0621098459653","1366.0621098459653","1366.0621098459653"
"10943","2446.495093161213","2446.495093161213","2446.495093161213"
"10945","2216.2751915753784","2216.2751915753784","2216.2751915753784"
"10947","1374.5124640725317","1374.5124640725317","1374.5124640725317"
"10949","3367.7994643291195","3367.7994643291195","3367.7994643291195"
"10951","2218.0924011945676","2218.0924011945676","2218.0924011945676"
"10953","3259.9470614891666","3259.9470614891666","3259.9470614891666"
"10955","2520.69150838358","2520.69150838358","2520.69150838358"
"10957","1397.9774442935113","1397.9774442935113","1397.9774442935113"
"10959","1096.1813809418547","1096.1813809418547","1096.1813809418547"
"10961","2201.1865177022914","2201.1865177022914","2201.1865177022914"
"10963","2429.656632647435","2429.656632647435","2429.656632647435"
"10965","2427.774903134837","2427.774903134837","2427.774903134837"
"10967","1939.5307465815922","1939.5307465815922","1939.5307465815922"
"10969","1538.3714077956326","1538.3714077956326","1538.3714077956326"
"10971","2038.5181168014788","2038.5181168014788","2038.5181168014788"
"10975","1238.6225942903432","1238.6225942903432","1238.6225942903432"
"10977","1237.5337001879063","1237.5337001879063","1237.5337001879063"
"10979","1603.690338838728","1603.690338838728","1603.690338838728"
"10981","1885.2272851858158","1885.2272851858158","1885.2272851858158"
"10983","2282.0822099208476","2282.0822099208476","2282.0822099208476"
"10985","1792.043118701573","1792.043118701573","1792.043118701573"
"10987","1178.4451207865684","1178.4451207865684","1178.4451207865684"
"10991","2595.374173345068","2595.374173345068","2595.374173345068"
"10993","2189.637400131711","2189.637400131711","2189.637400131711"
"10995","1264.465348235013","1264.465348235013","1264.465348235013"
"10997","1646.9964558080328","1646.9964558080328","1646.9964558080328"
"11001","2650.1242743448356","2650.1242743448356","2650.1242743448356"
"11003","3172.763352416881","3172.763352416881","3172.763352416881"
"11005","1486.2876415378735","1486.2876415378735","1486.2876415378735"
"11007","1192.213472905846","1192.213472905846","1192.213472905846"
"11009","2172.0797421669436","2172.0797421669436","2172.0797421669436"
"11011","1540.3810966705064","1540.3810966705064","1540.3810966705064"
"11013","1049.3214404312444","1049.3214404312444","1049.3214404312444"
"11015","2370.6146617204367","2370.6146617204367","2370.6146617204367"
"11017","1504.8624689607234","1504.8624689607234","1504.8624689607234"
"11019","1770.4964883045554","1770.4964883045554","1770.4964883045554"
"11021","1769.7000149380845","1769.7000149380845","1769.7000149380845"
"11023","2074.187808335841","2074.187808335841","2074.187808335841"
"11025","1322.9328230249253","1322.9328230249253","1322.9328230249253"
"11027","2851.6625687272285","2851.6625687272285","2851.6625687272285"
"11029","3146.164037782754","3146.164037782754","3146.164037782754"
"11031","1245.1362608402405","1245.1362608402405","1245.1362608402405"
"11033","3658.8901866438546","3658.8901866438546","3658.8901866438546"
"11035","1068.5269679366745","1068.5269679366745","1068.5269679366745"
"11037","1384.6122834350986","1384.6122834350986","1384.6122834350986"
"11039","1696.4168028315714","1696.4168028315714","1696.4168028315714"
"11041","2732.3845021634847","2732.3845021634847","2732.3845021634847"
"11043","1725.7262746569047","1725.7262746569047","1725.7262746569047"
"11045","2570.3190626622977","2570.3190626622977","2570.3190626622977"
"11047","3495.8019880739275","3495.8019880739275","3495.8019880739275"
"11049","1355.5709651916802","1355.5709651916802","1355.5709651916802"
"11051","3103.3542319813773","3103.3542319813773","3103.3542319813773"
"11053","1464.3962176467248","1464.3962176467248","1464.3962176467248"
"11057","2176.3373713781857","2176.3373713781857","2176.3373713781857"
"11059","1846.1032211764611","1846.1032211764611","1846.1032211764611"
"11061","1556.895994923859","1556.895994923859","1556.895994923859"
"11065","1353.6909686151164","1353.6909686151164","1353.6909686151164"
"11071","1160.981287906993","1160.981287906993","1160.981287906993"
"11073","2315.0466608572733","2315.0466608572733","2315.0466608572733"
"11075","947.7408681893453","947.7408681893453","947.7408681893453"
"11077","2317.338103109438","2317.338103109438","2317.338103109438"
"11081","884.5207705009205","884.5207705009205","884.5207705009205"
"11083","1490.333668811824","1490.333668811824","1490.333668811824"
"11085","1459.0202286284048","1459.0202286284048","1459.0202286284048"
"11087","1345.9530724217345","1345.9530724217345","1345.9530724217345"
"11091","1101.7475480019257","1101.7475480019257","1101.7475480019257"
"11095","2031.6237325906716","2031.6237325906716","2031.6237325906716"
"11097","2225.6813480803894","2225.6813480803894","2225.6813480803894"
"11101","1414.5473892334526","1414.5473892334526","1414.5473892334526"
"11105","2826.429549085395","2826.429549085395","2826.429549085395"
"11107","1379.3590169740282","1379.3590169740282","1379.3590169740282"
"11109","2391.7202871378377","2391.7202871378377","2391.7202871378377"
"11111","1617.8358040881774","1617.8358040881774","1617.8358040881774"
"11113","1169.8368149851544","1169.8368149851544","1169.8368149851544"
"11115","1245.7802446907453","1245.7802446907453","1245.7802446907453"
"11117","1938.0245114046984","1938.0245114046984","1938.0245114046984"
"11119","1449.323706926267","1449.323706926267","1449.323706926267"
"11121","1823.3236244619927","1823.3236244619927","1823.3236244619927"
"11123","1604.8447192061665","1604.8447192061665","1604.8447192061665"
"11125","1835.3091848932274","1835.3091848932274","1835.3091848932274"
"11127","1551.4616278466594","1551.4616278466594","1551.4616278466594"
"11129","2362.6208367805257","2362.6208367805257","2362.6208367805257"
"11131","1628.6858334055023","1628.6858334055023","1628.6858334055023"
"11133","2197.6271437891673","2197.6271437891673","2197.6271437891673"
"11135","2695.7779634460426","2695.7779634460426","2695.7779634460426"
"11137","1303.497039735591","1303.497039735591","1303.497039735591"
"11139","1525.758357054525","1525.758357054525","1525.758357054525"
"11141","827.4920514357422","827.4920514357422","827.4920514357422"
"11143","2432.2160553190224","2432.2160553190224","2432.2160553190224"
"11145","2743.7230128392653","2743.7230128392653","2743.7230128392653"
"11147","1720.6565079885506","1720.6565079885506","1720.6565079885506"
"11149","1423.7079177160012","1423.7079177160012","1423.7079177160012"
"11151","1290.8237880314257","1290.8237880314257","1290.8237880314257"
"11153","2982.945883932378","2982.945883932378","2982.945883932378"
"11155","1006.3828337701715","1006.3828337701715","1006.3828337701715"
"11157","959.2857858324618","959.2857858324618","959.2857858324618"
"11159","1689.683424406955","1689.683424406955","1689.683424406955"
"11161","2143.589705961066","2143.589705961066","2143.589705961066"
"11163","1554.114490132619","1554.114490132619","1554.114490132619"
"11165","880.5257658196194","880.5257658196194","880.5257658196194"
"11167","1370.7126402939114","1370.7126402939114","1370.7126402939114"
"11171","1767.9568143231845","1767.9568143231845","1767.9568143231845"
"11173","1452.2152457553175","1452.2152457553175","1452.2152457553175"
"11175","3234.6638168162285","3234.6638168162285","3234.6638168162285"
"11179","3044.609915148007","3044.609915148007","3044.609915148007"
"11185","2473.124196156296","2473.124196156296","2473.124196156296"
"11187","1629.8214242024303","1629.8214242024303","1629.8214242024303"
"11189","2758.8571185604583","2758.8571185604583","2758.8571185604583"
"11191","2743.454436716911","2743.454436716911","2743.454436716911"
"11193","1465.720994851691","1465.720994851691","1465.720994851691"
"11195","1916.1813063542418","1916.1813063542418","1916.1813063542418"
"11197","2080.4758542348172","2080.4758542348172","2080.4758542348172"
"11199","3493.149439285465","3493.149439285465","3493.149439285465"
"11201","1808.2160266902983","1808.2160266902983","1808.2160266902983"
"11203","1570.800726703504","1570.800726703504","1570.800726703504"
"11205","2836.7227302676733","2836.7227302676733","2836.7227302676733"
"11207","895.5616118433144","895.5616118433144","895.5616118433144"
"11209","1417.4982398979253","1417.4982398979253","1417.4982398979253"
"11211","2167.643273468101","2167.643273468101","2167.643273468101"
"11213","2523.926442493626","2523.926442493626","2523.926442493626"
"11215","2300.7072410921032","2300.7072410921032","2300.7072410921032"
"11217","1654.585298618535","1654.585298618535","1654.585298618535"
"11219","2101.3536526736675","2101.3536526736675","2101.3536526736675"
"11221","1495.3587123303014","1495.3587123303014","1495.3587123303014"
"11223","1705.2332445964857","1705.2332445964857","1705.2332445964857"
"11225","2421.549652150199","2421.549652150199","2421.549652150199"
"11227","1899.4232805121558","1899.4232805121558","1899.4232805121558"
"11229","2747.655362109273","2747.655362109273","2747.655362109273"
"11231","1811.4232860755505","1811.4232860755505","1811.4232860755505"
"11233","1854.8882228792093","1854.8882228792093","1854.8882228792093"
"11237","1847.213248439812","1847.213248439812","1847.213248439812"
"11239","1257.8129975691102","1257.8129975691102","1257.8129975691102"
"11241","1228.4018171203707","1228.4018171203707","1228.4018171203707"
"11243","3175.8409426476287","3175.8409426476287","3175.8409426476287"
"11245","1999.9315242667926","1999.9315242667926","1999.9315242667926"
"11249","2059.1409234717808","2059.1409234717808","2059.1409234717808"
"11251","969.2163729173437","969.2163729173437","969.2163729173437"
"11253","1205.4065167252686","1205.4065167252686","1205.4065167252686"
"11255","1862.3934576104489","1862.3934576104489","1862.3934576104489"
"11257","1193.8500355577846","1193.8500355577846","1193.8500355577846"
"11259","2118.0917631678108","2118.0917631678108","2118.0917631678108"
"11261","885.4388545098591","885.4388545098591","885.4388545098591"
"11263","1773.2556455697909","1773.2556455697909","1773.2556455697909"
"11265","1138.0184516910915","1138.0184516910915","1138.0184516910915"
"11267","2691.300488347002","2691.300488347002","2691.300488347002"
"11269","1686.2430284177856","1686.2430284177856","1686.2430284177856"
"11271","3339.3773651186066","3339.3773651186066","3339.3773651186066"
"11273","2287.878062060844","2287.878062060844","2287.878062060844"
"11275","2527.7055425389303","2527.7055425389303","2527.7055425389303"
"11277","1268.059170496306","1268.059170496306","1268.059170496306"
"11279","1538.1082805645578","1538.1082805645578","1538.1082805645578"
"11281","1530.6941843421532","1530.6941843421532","1530.6941843421532"
"11283","1337.306250037418","1337.306250037418","1337.306250037418"
"11285","2837.183770442948","2837.183770442948","2837.183770442948"
"11287","1363.0316104057142","1363.0316104057142","1363.0316104057142"
"11289","2226.5650096678396","2226.5650096678396","2226.5650096678396"
"11291","3210.5441351374247","3210.5441351374247","3210.5441351374247"
"11293","2074.3700069299584","2074.3700069299584","2074.3700069299584"
"11296","2248.493571109161","2248.493571109161","2248.493571109161"
"11298","1435.9153222829782","1435.9153222829782","1435.9153222829782"
"11300","1469.5458285203308","1469.5458285203308","1469.5458285203308"
"11304","912.3701462060606","912.3701462060606","912.3701462060606"
"11306","1632.5912873301197","1632.5912873301197","1632.5912873301197"
"11308","3143.390187856373","3143.390187856373","3143.390187856373"
"11310","2046.6000758152522","2046.6000758152522","2046.6000758152522"
"11312","868.3490631153621","868.3490631153621","868.3490631153621"
"11314","1308.0526770589677","1308.0526770589677","1308.0526770589677"
"11316","2237.8621399701774","2237.8621399701774","2237.8621399701774"
"11320","2111.4688653468397","2111.4688653468397","2111.4688653468397"
"11322","1127.322103500067","1127.322103500067","1127.322103500067"
"11324","1533.405873687909","1533.405873687909","1533.405873687909"
"11326","2083.573426875925","2083.573426875925","2083.573426875925"
"11328","1329.54143277733","1329.54143277733","1329.54143277733"
"11330","1775.1189339779028","1775.1189339779028","1775.1189339779028"
"11332","2394.028749371197","2394.028749371197","2394.028749371197"
"11334","999.9003323418242","999.9003323418242","999.9003323418242"
"11336","1725.020349942294","1725.020349942294","1725.020349942294"
"11340","1431.9717888107741","1431.9717888107741","1431.9717888107741"
"11342","904.6236893611563","904.6236893611563","904.6236893611563"
"11344","2288.5722523935774","2288.5722523935774","2288.5722523935774"
"11346","1604.7808247648616","1604.7808247648616","1604.7808247648616"
"11348","705.5743259922624","705.5743259922624","705.5743259922624"
"11350","1009.3094165949075","1009.3094165949075","1009.3094165949075"
"11352","2038.6650385013816","2038.6650385013816","2038.6650385013816"
"11354","1766.440515468442","1766.440515468442","1766.440515468442"
"11358","2885.255207727061","2885.255207727061","2885.255207727061"
"11360","1400.8388786141866","1400.8388786141866","1400.8388786141866"
"11362","1379.7366637891587","1379.7366637891587","1379.7366637891587"
"11364","1607.699614733492","1607.699614733492","1607.699614733492"
"11366","2157.5924281183425","2157.5924281183425","2157.5924281183425"
"11372","2426.0615495549737","2426.0615495549737","2426.0615495549737"
"11374","2225.857087540801","2225.857087540801","2225.857087540801"
"11376","1069.5975345109173","1069.5975345109173","1069.5975345109173"
"11378","2438.6132094686623","2438.6132094686623","2438.6132094686623"
"11380","1612.5701394647358","1612.5701394647358","1612.5701394647358"
"11382","1079.2548299490925","1079.2548299490925","1079.2548299490925"
"11384","1675.457118327591","1675.457118327591","1675.457118327591"
"11386","1704.8300249080248","1704.8300249080248","1704.8300249080248"
"11388","2498.7350184137954","2498.7350184137954","2498.7350184137954"
"11390","1351.6698033950634","1351.6698033950634","1351.6698033950634"
"11392","1872.381726681798","1872.381726681798","1872.381726681798"
"11394","2028.2031095654713","2028.2031095654713","2028.2031095654713"
"11396","1739.844251717408","1739.844251717408","1739.844251717408"
"11398","2560.3746811663054","2560.3746811663054","2560.3746811663054"
"11400","1144.1276509183306","1144.1276509183306","1144.1276509183306"
"11402","1864.2858520125667","1864.2858520125667","1864.2858520125667"
"11404","1038.1364657574402","1038.1364657574402","1038.1364657574402"
"11406","1265.657824808829","1265.657824808829","1265.657824808829"
"11408","2291.275130044092","2291.275130044092","2291.275130044092"
"11410","1668.0500627124281","1668.0500627124281","1668.0500627124281"
"11412","1112.3105049818462","1112.3105049818462","1112.3105049818462"
"11414","1646.8799654326601","1646.8799654326601","1646.8799654326601"
"11416","1572.9242331489143","1572.9242331489143","1572.9242331489143"
"11418","2886.8059756840726","2886.8059756840726","2886.8059756840726"
"11420","1294.9506345060968","1294.9506345060968","1294.9506345060968"
"11422","2503.923972508976","2503.923972508976","2503.923972508976"
"11426","3079.2557532276946","3079.2557532276946","3079.2557532276946"
"11428","1778.462340932675","1778.462340932675","1778.462340932675"
"11430","1567.2337826619814","1567.2337826619814","1567.2337826619814"
"11432","559.1345849802927","559.1345849802927","559.1345849802927"
"11434","1346.96057926202","1346.96057926202","1346.96057926202"
"11436","2082.9040065103886","2082.9040065103886","2082.9040065103886"
"11438","1156.0294643356651","1156.0294643356651","1156.0294643356651"
"11440","1300.540240187159","1300.540240187159","1300.540240187159"
"11442","2385.7225564843075","2385.7225564843075","2385.7225564843075"
"11446","1539.9101580733893","1539.9101580733893","1539.9101580733893"
"11448","1747.4278893825401","1747.4278893825401","1747.4278893825401"
"11450","797.3605457826635","797.3605457826635","797.3605457826635"
"11452","2684.0130674105194","2684.0130674105194","2684.0130674105194"
"11454","2046.7689865264206","2046.7689865264206","2046.7689865264206"
"11456","1953.7886445756433","1953.7886445756433","1953.7886445756433"
"11458","691.8974696644135","691.8974696644135","691.8974696644135"
"11460","686.9147218012853","686.9147218012853","686.9147218012853"
"11462","2538.706534448879","2538.706534448879","2538.706534448879"
"11466","4375.086170437836","4375.086170437836","4375.086170437836"
"11468","2135.8985861056817","2135.8985861056817","2135.8985861056817"
"11470","3040.9640661240933","3040.9640661240933","3040.9640661240933"
"11472","1710.150130353759","1710.150130353759","1710.150130353759"
"11474","2036.6583861670706","2036.6583861670706","2036.6583861670706"
"11476","999.5217334448727","999.5217334448727","999.5217334448727"
"11478","1781.426341546878","1781.426341546878","1781.426341546878"
"11480","1259.0233146097187","1259.0233146097187","1259.0233146097187"
"11482","3600.4631946522354","3600.4631946522354","3600.4631946522354"
"11484","2105.2288881311706","2105.2288881311706","2105.2288881311706"
"11486","3138.2010106110447","3138.2010106110447","3138.2010106110447"
"11490","1538.2276802751564","1538.2276802751564","1538.2276802751564"
"11492","1251.630464772964","1251.630464772964","1251.630464772964"
"11494","1078.3232389167497","1078.3232389167497","1078.3232389167497"
"11496","1949.8905102239898","1949.8905102239898","1949.8905102239898"
"11498","1440.5383052929965","1440.5383052929965","1440.5383052929965"
"11502","1886.8870235614738","1886.8870235614738","1886.8870235614738"
"11504","2364.8540528107337","2364.8540528107337","2364.8540528107337"
"11506","957.6071738478713","957.6071738478713","957.6071738478713"
"11508","1593.3990021884392","1593.3990021884392","1593.3990021884392"
"11510","2332.9414846860604","2332.9414846860604","2332.9414846860604"
"11512","2786.00852520618","2786.00852520618","2786.00852520618"
"11514","4150.886775261627","4150.886775261627","4150.886775261627"
"11516","2505.2749594528177","2505.2749594528177","2505.2749594528177"
"11518","1412.6469893268522","1412.6469893268522","1412.6469893268522"
"11520","1309.685749652615","1309.685749652615","1309.685749652615"
"11522","2332.1912573229915","2332.1912573229915","2332.1912573229915"
"11524","1449.3456833766747","1449.3456833766747","1449.3456833766747"
"11526","1823.135135819929","1823.135135819929","1823.135135819929"
"11528","2518.9496633275135","2518.9496633275135","2518.9496633275135"
"11530","1412.3864198905494","1412.3864198905494","1412.3864198905494"
"11532","1665.9491951724601","1665.9491951724601","1665.9491951724601"
"11534","1314.440022894984","1314.440022894984","1314.440022894984"
"11536","997.8482744928449","997.8482744928449","997.8482744928449"
"11538","2213.264036532439","2213.264036532439","2213.264036532439"
"11540","2582.538468350432","2582.538468350432","2582.538468350432"
"11542","3272.971654988928","3272.971654988928","3272.971654988928"
"11546","1352.4684818732683","1352.4684818732683","1352.4684818732683"
"11548","2924.589171453825","2924.589171453825","2924.589171453825"
"11550","2640.917084695912","2640.917084695912","2640.917084695912"
"11552","1919.1747630146347","1919.1747630146347","1919.1747630146347"
"11554","1859.9815701589384","1859.9815701589384","1859.9815701589384"
"11556","1096.4725023529925","1096.4725023529925","1096.4725023529925"
"11558","1282.9960056411485","1282.9960056411485","1282.9960056411485"
"11562","1448.3647722258622","1448.3647722258622","1448.3647722258622"
"11564","2721.38069298089","2721.38069298089","2721.38069298089"
"11566","2147.912915081913","2147.912915081913","2147.912915081913"
"11568","2010.8254310306668","2010.8254310306668","2010.8254310306668"
"11570","1511.677689696999","1511.677689696999","1511.677689696999"
"11572","1956.784729649744","1956.784729649744","1956.784729649744"
"11574","2238.3797076341884","2238.3797076341884","2238.3797076341884"
"11576","3310.170335089198","3310.170335089198","3310.170335089198"
"11578","2825.0488496455973","2825.0488496455973","2825.0488496455973"
"11580","1921.160150181692","1921.160150181692","1921.160150181692"
"11582","819.7290752700492","819.7290752700492","819.7290752700492"
"11584","2483.1135234236294","2483.1135234236294","2483.1135234236294"
"11586","1490.0888094421227","1490.0888094421227","1490.0888094421227"
"11588","1008.4729821157504","1008.4729821157504","1008.4729821157504"
"11590","2304.468306123412","2304.468306123412","2304.468306123412"
"11592","1059.522583761075","1059.522583761075","1059.522583761075"
"11594","2105.524026997928","2105.524026997928","2105.524026997928"
"11596","1483.6067169008475","1483.6067169008475","1483.6067169008475"
"11598","1304.8138757135562","1304.8138757135562","1304.8138757135562"
"11600","1089.9431531960656","1089.9431531960656","1089.9431531960656"
"11602","1149.1660577349655","1149.1660577349655","1149.1660577349655"
"11604","1477.5000905546815","1477.5000905546815","1477.5000905546815"
"11606","1421.7044733305197","1421.7044733305197","1421.7044733305197"
"11608","1028.2228048670297","1028.2228048670297","1028.2228048670297"
"11610","1899.6731304410262","1899.6731304410262","1899.6731304410262"
"11612","1640.7574872609391","1640.7574872609391","1640.7574872609391"
"11614","2482.3720643383303","2482.3720643383303","2482.3720643383303"
"11616","2238.7773519897305","2238.7773519897305","2238.7773519897305"
"11618","1649.1703736525565","1649.1703736525565","1649.1703736525565"
"11620","2480.7597162396073","2480.7597162396073","2480.7597162396073"
"11626","2012.9731350701227","2012.9731350701227","2012.9731350701227"
"11628","2864.716772381623","2864.716772381623","2864.716772381623"
"11630","2403.4489826230156","2403.4489826230156","2403.4489826230156"
"11632","1811.9204926610555","1811.9204926610555","1811.9204926610555"
"11634","2664.700417758521","2664.700417758521","2664.700417758521"
"11636","2472.8578663085727","2472.8578663085727","2472.8578663085727"
"11638","1618.1756377741401","1618.1756377741401","1618.1756377741401"
"11640","1569.5747307754405","1569.5747307754405","1569.5747307754405"
"11642","1125.9265137506206","1125.9265137506206","1125.9265137506206"
"11644","2098.2149506048986","2098.2149506048986","2098.2149506048986"
"11646","1522.0662817307511","1522.0662817307511","1522.0662817307511"
"11648","3404.3758950005554","3404.3758950005554","3404.3758950005554"
"11650","1829.2707781464665","1829.2707781464665","1829.2707781464665"
"11654","1605.7563162220183","1605.7563162220183","1605.7563162220183"
"11656","1543.6749713248278","1543.6749713248278","1543.6749713248278"
"11660","2081.1375530326477","2081.1375530326477","2081.1375530326477"
"11662","2665.634267730523","2665.634267730523","2665.634267730523"
"11664","1984.3477374929957","1984.3477374929957","1984.3477374929957"
"11666","2617.91418434773","2617.91418434773","2617.91418434773"
"11668","3481.4672482777232","3481.4672482777232","3481.4672482777232"
"11670","1306.3697990439514","1306.3697990439514","1306.3697990439514"
"11672","2414.615502950941","2414.615502950941","2414.615502950941"
"11674","1367.016100357528","1367.016100357528","1367.016100357528"
"11676","1086.2675669476569","1086.2675669476569","1086.2675669476569"
"11678","2622.3778855064124","2622.3778855064124","2622.3778855064124"
"11680","1305.728023448921","1305.728023448921","1305.728023448921"
"11686","1863.9629084801443","1863.9629084801443","1863.9629084801443"
"11688","1724.4912298220897","1724.4912298220897","1724.4912298220897"
"11690","1889.285464258458","1889.285464258458","1889.285464258458"
"11692","1998.5964476998352","1998.5964476998352","1998.5964476998352"
"11694","1464.155289672344","1464.155289672344","1464.155289672344"
"11696","2458.109744795953","2458.109744795953","2458.109744795953"
"11698","995.7220281495449","995.7220281495449","995.7220281495449"
"11700","2301.3923817815717","2301.3923817815717","2301.3923817815717"
"11704","1538.928694160978","1538.928694160978","1538.928694160978"
"11706","1489.8244061386958","1489.8244061386958","1489.8244061386958"
"11708","1495.2152102957466","1495.2152102957466","1495.2152102957466"
"11710","2705.029648990285","2705.029648990285","2705.029648990285"
"11712","2830.59208575161","2830.59208575161","2830.59208575161"
"11714","1839.6170247651512","1839.6170247651512","1839.6170247651512"
"11716","521.1648730220948","521.1648730220948","521.1648730220948"
"11718","2507.8706229536333","2507.8706229536333","2507.8706229536333"
"11720","1674.5511522042073","1674.5511522042073","1674.5511522042073"
"11722","3536.720983370983","3536.720983370983","3536.720983370983"
"11726","2351.3815927464275","2351.3815927464275","2351.3815927464275"
"11728","2871.0984210540764","2871.0984210540764","2871.0984210540764"
"11730","2096.6193621787124","2096.6193621787124","2096.6193621787124"
"11732","1755.0049188978323","1755.0049188978323","1755.0049188978323"
"11734","1570.2158437939577","1570.2158437939577","1570.2158437939577"
"11736","2273.9043723178384","2273.9043723178384","2273.9043723178384"
"11738","2311.719172981432","2311.719172981432","2311.719172981432"
"11740","1499.4391445831277","1499.4391445831277","1499.4391445831277"
"11742","809.0993583541253","809.0993583541253","809.0993583541253"
"11744","2507.0586987898046","2507.0586987898046","2507.0586987898046"
"11746","1455.2216811058336","1455.2216811058336","1455.2216811058336"
"11748","1906.8049029679357","1906.8049029679357","1906.8049029679357"
"11750","2600.1591205048107","2600.1591205048107","2600.1591205048107"
"11752","2082.8813817624077","2082.8813817624077","2082.8813817624077"
"11754","2294.5900535127194","2294.5900535127194","2294.5900535127194"
"11759","3238.9908853978554","3238.9908853978554","3238.9908853978554"
"11761","2663.5419107605353","2663.5419107605353","2663.5419107605353"
"11763","1492.1177777883086","1492.1177777883086","1492.1177777883086"
"11765","2284.621233134977","2284.621233134977","2284.621233134977"
"11767","1646.939455721788","1646.939455721788","1646.939455721788"
"11769","1684.8474357548394","1684.8474357548394","1684.8474357548394"
"11771","1047.7912135312783","1047.7912135312783","1047.7912135312783"
"11775","1378.8129542617044","1378.8129542617044","1378.8129542617044"
"11777","782.663259156885","782.663259156885","782.663259156885"
"11779","1660.682370462227","1660.682370462227","1660.682370462227"
"11781","2035.8127003886502","2035.8127003886502","2035.8127003886502"
"11783","945.4761395018274","945.4761395018274","945.4761395018274"
"11785","2055.856691156136","2055.856691156136","2055.856691156136"
"11787","1137.8321749508686","1137.8321749508686","1137.8321749508686"
"11789","3305.6557231217507","3305.6557231217507","3305.6557231217507"
"11791","1906.0899166991426","1906.0899166991426","1906.0899166991426"
"11793","1362.7085890252374","1362.7085890252374","1362.7085890252374"
"11795","2092.03320191378","2092.03320191378","2092.03320191378"
"11797","2105.8298271991853","2105.8298271991853","2105.8298271991853"
"11799","1844.8514840522944","1844.8514840522944","1844.8514840522944"
"11803","1760.9179933173289","1760.9179933173289","1760.9179933173289"
"11805","3059.3840258955174","3059.3840258955174","3059.3840258955174"
"11807","1421.748755687902","1421.748755687902","1421.748755687902"
"11811","2364.4354657784065","2364.4354657784065","2364.4354657784065"
"11813","2492.2590066104376","2492.2590066104376","2492.2590066104376"
"11815","1860.102038532783","1860.102038532783","1860.102038532783"
"11817","1271.7898891005673","1271.7898891005673","1271.7898891005673"
"11819","991.8576277898328","991.8576277898328","991.8576277898328"
"11825","2406.157590899925","2406.157590899925","2406.157590899925"
"11827","2190.291632945972","2190.291632945972","2190.291632945972"
"11829","1506.559953614231","1506.559953614231","1506.559953614231"
"11831","1105.4977406451078","1105.4977406451078","1105.4977406451078"
"11833","1856.5554197388606","1856.5554197388606","1856.5554197388606"
"11835","1933.8665394105115","1933.8665394105115","1933.8665394105115"
"11837","1615.629696700834","1615.629696700834","1615.629696700834"
"11839","1596.3435037846948","1596.3435037846948","1596.3435037846948"
"11841","1251.7911773534831","1251.7911773534831","1251.7911773534831"
"11843","1357.2443015772417","1357.2443015772417","1357.2443015772417"
"11845","2032.6502265345362","2032.6502265345362","2032.6502265345362"
"11847","1342.8049257227729","1342.8049257227729","1342.8049257227729"
"11849","1640.34738916701","1640.34738916701","1640.34738916701"
"11851","1681.164158966001","1681.164158966001","1681.164158966001"
"11853","3316.6272524467786","3316.6272524467786","3316.6272524467786"
"11855","1986.6231738587192","1986.6231738587192","1986.6231738587192"
"11857","866.7120865417318","866.7120865417318","866.7120865417318"
"11859","2468.807865623555","2468.807865623555","2468.807865623555"
"11863","1725.5787225905976","1725.5787225905976","1725.5787225905976"
"11865","1357.8171463284377","1357.8171463284377","1357.8171463284377"
"11867","1224.572534022208","1224.572534022208","1224.572534022208"
"11869","988.4782526936051","988.4782526936051","988.4782526936051"
"11871","908.9319319733842","908.9319319733842","908.9319319733842"
"11875","1361.6296333045752","1361.6296333045752","1361.6296333045752"
"11877","1877.995026196169","1877.995026196169","1877.995026196169"
"11879","1358.6118682653487","1358.6118682653487","1358.6118682653487"
"11881","1521.2954843424511","1521.2954843424511","1521.2954843424511"
"11883","2385.445843786072","2385.445843786072","2385.445843786072"
"11887","1992.3229732451757","1992.3229732451757","1992.3229732451757"
"11889","910.2582751544655","910.2582751544655","910.2582751544655"
"11891","886.8905963830158","886.8905963830158","886.8905963830158"
"11893","1735.1910630142734","1735.1910630142734","1735.1910630142734"
"11895","2069.4856071983186","2069.4856071983186","2069.4856071983186"
"11897","1622.9902227730677","1622.9902227730677","1622.9902227730677"
"11899","1725.864100852762","1725.864100852762","1725.864100852762"
"11901","1140.895974618971","1140.895974618971","1140.895974618971"
"11905","1610.8395384816843","1610.8395384816843","1610.8395384816843"
"11907","1465.2747473853635","1465.2747473853635","1465.2747473853635"
"11909","754.4825172347724","754.4825172347724","754.4825172347724"
"11911","1900.9344297149412","1900.9344297149412","1900.9344297149412"
"11915","1150.5865989039496","1150.5865989039496","1150.5865989039496"
"11917","1627.540924115148","1627.540924115148","1627.540924115148"
"11919","1165.9320501027862","1165.9320501027862","1165.9320501027862"
"11921","655.2685454593886","655.2685454593886","655.2685454593886"
"11923","1831.1291488766076","1831.1291488766076","1831.1291488766076"
"11927","1491.9869477876277","1491.9869477876277","1491.9869477876277"
"11931","1233.4480245473183","1233.4480245473183","1233.4480245473183"
"11933","3627.4217786577574","3627.4217786577574","3627.4217786577574"
"11935","3295.560692330302","3295.560692330302","3295.560692330302"
"11937","1581.1466758126483","1581.1466758126483","1581.1466758126483"
"11939","2465.01282415865","2465.01282415865","2465.01282415865"
"11941","1599.7629988497386","1599.7629988497386","1599.7629988497386"
"11945","1850.718994188532","1850.718994188532","1850.718994188532"
"11947","1779.2235902670334","1779.2235902670334","1779.2235902670334"
"11949","1455.556483652409","1455.556483652409","1455.556483652409"
"11951","928.9275577594188","928.9275577594188","928.9275577594188"
"11953","2095.563850147773","2095.563850147773","2095.563850147773"
"11955","1597.8017708089692","1597.8017708089692","1597.8017708089692"
"11957","1908.9956755876394","1908.9956755876394","1908.9956755876394"
"11959","2169.7660676932855","2169.7660676932855","2169.7660676932855"
"11963","2121.4030972825626","2121.4030972825626","2121.4030972825626"
"11965","4431.1573879749185","4431.1573879749185","4431.1573879749185"
"11967","1597.8952616120414","1597.8952616120414","1597.8952616120414"
"11969","2102.342024950945","2102.342024950945","2102.342024950945"
"11971","2096.9517766253844","2096.9517766253844","2096.9517766253844"
"11973","1600.092236274245","1600.092236274245","1600.092236274245"
"11977","1138.0417750575511","1138.0417750575511","1138.0417750575511"
"11979","1941.4045575631515","1941.4045575631515","1941.4045575631515"
"11981","3393.203168268308","3393.203168268308","3393.203168268308"
"11983","1415.9906319352785","1415.9906319352785","1415.9906319352785"
"11985","1482.666626177442","1482.666626177442","1482.666626177442"
"11987","2065.7436772475603","2065.7436772475603","2065.7436772475603"
"11989","2221.0451833948023","2221.0451833948023","2221.0451833948023"
"11993","1811.0065802497265","1811.0065802497265","1811.0065802497265"
"11995","2030.9783680565374","2030.9783680565374","2030.9783680565374"
"11997","1518.845239054963","1518.845239054963","1518.845239054963"
"11999","1456.237561455188","1456.237561455188","1456.237561455188"
"12001","1415.9718868472344","1415.9718868472344","1415.9718868472344"
"12003","1438.9050707199694","1438.9050707199694","1438.9050707199694"
"12005","1188.3411690817893","1188.3411690817893","1188.3411690817893"
"12007","985.1558725385072","985.1558725385072","985.1558725385072"
"12011","1338.600889026373","1338.600889026373","1338.600889026373"
"12015","2279.0963771995475","2279.0963771995475","2279.0963771995475"
"12017","1254.1774890148627","1254.1774890148627","1254.1774890148627"
"12019","2707.139479550204","2707.139479550204","2707.139479550204"
"12021","1695.1922141089299","1695.1922141089299","1695.1922141089299"
"12023","1760.261366321771","1760.261366321771","1760.261366321771"
"12025","1606.6625848183417","1606.6625848183417","1606.6625848183417"
"12027","1692.6110251896155","1692.6110251896155","1692.6110251896155"
"12029","991.0447117525677","991.0447117525677","991.0447117525677"
"12031","1352.9774062248396","1352.9774062248396","1352.9774062248396"
"12033","707.0388411541176","707.0388411541176","707.0388411541176"
"12035","1064.6696920307998","1064.6696920307998","1064.6696920307998"
"12037","2149.4914850748255","2149.4914850748255","2149.4914850748255"
"12041","897.9398447929998","897.9398447929998","897.9398447929998"
"12043","792.9355962051962","792.9355962051962","792.9355962051962"
"12045","1679.1786487647214","1679.1786487647214","1679.1786487647214"
"12049","3280.681606290556","3280.681606290556","3280.681606290556"
"12051","1196.1155201122363","1196.1155201122363","1196.1155201122363"
"12053","2215.749518388715","2215.749518388715","2215.749518388715"
"12055","1344.8898282804757","1344.8898282804757","1344.8898282804757"
"12057","2430.1753550953154","2430.1753550953154","2430.1753550953154"
"12061","2359.024817645457","2359.024817645457","2359.024817645457"
"12063","919.2797754499392","919.2797754499392","919.2797754499392"
"12065","1735.7648895004982","1735.7648895004982","1735.7648895004982"
"12067","2089.239728395912","2089.239728395912","2089.239728395912"
"12069","1701.585338376208","1701.585338376208","1701.585338376208"
"12071","1969.104061381283","1969.104061381283","1969.104061381283"
"12073","2234.891238297132","2234.891238297132","2234.891238297132"
"12075","3302.20513415003","3302.20513415003","3302.20513415003"
"12079","1358.74279163312","1358.74279163312","1358.74279163312"
"12081","949.9796106007616","949.9796106007616","949.9796106007616"
"12083","2054.6439895084222","2054.6439895084222","2054.6439895084222"
"12087","992.0996642093708","992.0996642093708","992.0996642093708"
"12089","1428.2314593704064","1428.2314593704064","1428.2314593704064"
"12091","1448.562807796347","1448.562807796347","1448.562807796347"
"12093","1534.3782453055935","1534.3782453055935","1534.3782453055935"
"12097","1344.1818480418708","1344.1818480418708","1344.1818480418708"
"12099","1711.9786325954265","1711.9786325954265","1711.9786325954265"
"12101","2541.4552418266567","2541.4552418266567","2541.4552418266567"
"12103","1619.0576980761111","1619.0576980761111","1619.0576980761111"
"12105","1759.1969018777686","1759.1969018777686","1759.1969018777686"
"12107","2765.1248522744177","2765.1248522744177","2765.1248522744177"
"12109","2178.911652118911","2178.911652118911","2178.911652118911"
"12111","2266.1656523860515","2266.1656523860515","2266.1656523860515"
"12113","995.9507820900313","995.9507820900313","995.9507820900313"
"12115","2020.9360530807392","2020.9360530807392","2020.9360530807392"
"12117","2458.07844931188","2458.07844931188","2458.07844931188"
"12121","2017.3902100962837","2017.3902100962837","2017.3902100962837"
"12123","1115.9773020561781","1115.9773020561781","1115.9773020561781"
"12125","1694.5040176968123","1694.5040176968123","1694.5040176968123"
"12131","1089.9974960661484","1089.9974960661484","1089.9974960661484"
"12133","837.334777508481","837.334777508481","837.334777508481"
"12135","2235.6016319990304","2235.6016319990304","2235.6016319990304"
"12137","1492.4127897984397","1492.4127897984397","1492.4127897984397"
"12139","2085.0488434245963","2085.0488434245963","2085.0488434245963"
"12141","1933.0971976130004","1933.0971976130004","1933.0971976130004"
"12143","1451.9204048531983","1451.9204048531983","1451.9204048531983"
"12145","3126.7603446058533","3126.7603446058533","3126.7603446058533"
"12147","2148.5101514149897","2148.5101514149897","2148.5101514149897"
"12151","1357.8567905906455","1357.8567905906455","1357.8567905906455"
"12153","2146.33821748249","2146.33821748249","2146.33821748249"
"12155","1601.0238741922456","1601.0238741922456","1601.0238741922456"
"12157","1617.811511074248","1617.811511074248","1617.811511074248"
"12159","1314.2612481607357","1314.2612481607357","1314.2612481607357"
"12161","2147.4139636471996","2147.4139636471996","2147.4139636471996"
"12163","1692.6125108055135","1692.6125108055135","1692.6125108055135"
"12165","2405.5444128780805","2405.5444128780805","2405.5444128780805"
"12167","1295.244248712255","1295.244248712255","1295.244248712255"
"12169","1986.7973711100851","1986.7973711100851","1986.7973711100851"
"12171","2219.320532824113","2219.320532824113","2219.320532824113"
"12173","2439.712241882759","2439.712241882759","2439.712241882759"
"12175","4197.017003750934","4197.017003750934","4197.017003750934"
"12177","1374.8344733567646","1374.8344733567646","1374.8344733567646"
"12179","1323.678131363412","1323.678131363412","1323.678131363412"
"12181","2236.4902021153807","2236.4902021153807","2236.4902021153807"
"12183","1881.766527337973","1881.766527337973","1881.766527337973"
"12185","2022.8630008873188","2022.8630008873188","2022.8630008873188"
"12187","1962.9164357172742","1962.9164357172742","1962.9164357172742"
"12189","2279.738091763061","2279.738091763061","2279.738091763061"
"12191","1105.3219923593795","1105.3219923593795","1105.3219923593795"
"12195","1532.2944961571864","1532.2944961571864","1532.2944961571864"
"12197","3352.5840740699105","3352.5840740699105","3352.5840740699105"
"12199","1475.6977410061486","1475.6977410061486","1475.6977410061486"
"12201","2047.377168047422","2047.377168047422","2047.377168047422"
"12203","1138.4485886259158","1138.4485886259158","1138.4485886259158"
"12205","1375.6316181068726","1375.6316181068726","1375.6316181068726"
"12207","1651.0976597369722","1651.0976597369722","1651.0976597369722"
"12209","1669.57109793778","1669.57109793778","1669.57109793778"
"12211","818.6411008503084","818.6411008503084","818.6411008503084"
"12213","1704.9223445242649","1704.9223445242649","1704.9223445242649"
"12215","1443.5948010831098","1443.5948010831098","1443.5948010831098"
"12218","1275.586140997232","1275.586140997232","1275.586140997232"
"12220","2320.620853472765","2320.620853472765","2320.620853472765"
"12222","2130.259949650275","2130.259949650275","2130.259949650275"
"12224","2067.001502217825","2067.001502217825","2067.001502217825"
"12228","1850.5279612455367","1850.5279612455367","1850.5279612455367"
"12230","1441.2162055878125","1441.2162055878125","1441.2162055878125"
"12234","1199.2828122153728","1199.2828122153728","1199.2828122153728"
"12236","914.0902620973907","914.0902620973907","914.0902620973907"
"12238","1915.527289295998","1915.527289295998","1915.527289295998"
"12240","1237.412569179739","1237.412569179739","1237.412569179739"
"12242","2573.9898174639497","2573.9898174639497","2573.9898174639497"
"12244","1195.869333242322","1195.869333242322","1195.869333242322"
"12248","1952.270034582944","1952.270034582944","1952.270034582944"
"12252","1014.2178140264814","1014.2178140264814","1014.2178140264814"
"12254","1784.3583826069603","1784.3583826069603","1784.3583826069603"
"12256","1067.8816185647556","1067.8816185647556","1067.8816185647556"
"12258","1937.8849539263376","1937.8849539263376","1937.8849539263376"
"12260","1705.6834903939828","1705.6834903939828","1705.6834903939828"
"12262","1681.479451855063","1681.479451855063","1681.479451855063"
"12264","984.7194470144681","984.7194470144681","984.7194470144681"
"12266","756.7744076235945","756.7744076235945","756.7744076235945"
"12268","1743.607771791711","1743.607771791711","1743.607771791711"
"12270","1105.2951979799618","1105.2951979799618","1105.2951979799618"
"12272","2165.774360339195","2165.774360339195","2165.774360339195"
"12276","1401.1858779637162","1401.1858779637162","1401.1858779637162"
"12278","2035.0602982173116","2035.0602982173116","2035.0602982173116"
"12284","1946.9482025418567","1946.9482025418567","1946.9482025418567"
"12286","1937.1935540547902","1937.1935540547902","1937.1935540547902"
"12288","1500.4549429330839","1500.4549429330839","1500.4549429330839"
"12290","1740.7622473281922","1740.7622473281922","1740.7622473281922"
"12294","2671.742698115468","2671.742698115468","2671.742698115468"
"12296","1262.383218122997","1262.383218122997","1262.383218122997"
"12300","1706.5444968111676","1706.5444968111676","1706.5444968111676"
"12302","2239.3753080822976","2239.3753080822976","2239.3753080822976"
"12306","1820.2089681366292","1820.2089681366292","1820.2089681366292"
"12312","1137.9235165651855","1137.9235165651855","1137.9235165651855"
"12314","1237.6932709701","1237.6932709701","1237.6932709701"
"12316","820.7069027853238","820.7069027853238","820.7069027853238"
"12320","2074.6340721986066","2074.6340721986066","2074.6340721986066"
"12322","2171.326176850403","2171.326176850403","2171.326176850403"
"12324","1563.1932270522734","1563.1932270522734","1563.1932270522734"
"12326","2743.909832897924","2743.909832897924","2743.909832897924"
"12328","1292.3559828566586","1292.3559828566586","1292.3559828566586"
"12330","2218.699793852019","2218.699793852019","2218.699793852019"
"12332","1789.7059645248953","1789.7059645248953","1789.7059645248953"
"12334","1889.3365331501316","1889.3365331501316","1889.3365331501316"
"12336","1856.6828319423978","1856.6828319423978","1856.6828319423978"
"12338","1007.0895107867912","1007.0895107867912","1007.0895107867912"
"12340","1761.6023429085417","1761.6023429085417","1761.6023429085417"
"12342","2687.61059622198","2687.61059622198","2687.61059622198"
"12344","1336.5952283639654","1336.5952283639654","1336.5952283639654"
"12346","2239.2541159172174","2239.2541159172174","2239.2541159172174"
"12348","2370.02018815307","2370.02018815307","2370.02018815307"
"12350","1398.4905850867876","1398.4905850867876","1398.4905850867876"
"12352","1287.9266936898034","1287.9266936898034","1287.9266936898034"
"12356","4144.812931192552","4144.812931192552","4144.812931192552"
"12360","1765.6718560137092","1765.6718560137092","1765.6718560137092"
"12362","1443.8455457159155","1443.8455457159155","1443.8455457159155"
"12366","3326.387121792516","3326.387121792516","3326.387121792516"
"12368","2053.2619368235096","2053.2619368235096","2053.2619368235096"
"12374","1267.2557244473512","1267.2557244473512","1267.2557244473512"
"12376","2966.418354531146","2966.418354531146","2966.418354531146"
"12378","2617.6164759468033","2617.6164759468033","2617.6164759468033"
"12382","1884.2386091985538","1884.2386091985538","1884.2386091985538"
"12384","2007.5755369124665","2007.5755369124665","2007.5755369124665"
"12386","1572.548503188348","1572.548503188348","1572.548503188348"
"12388","1382.5076596951542","1382.5076596951542","1382.5076596951542"
"12390","1631.313820299351","1631.313820299351","1631.313820299351"
"12392","2549.2928618385213","2549.2928618385213","2549.2928618385213"
"12394","1606.8015819515301","1606.8015819515301","1606.8015819515301"
"12396","1755.9734366840585","1755.9734366840585","1755.9734366840585"
"12398","1183.884161707486","1183.884161707486","1183.884161707486"
"12400","2133.5299616091743","2133.5299616091743","2133.5299616091743"
"12402","2022.8520433794206","2022.8520433794206","2022.8520433794206"
"12406","1659.0701645778097","1659.0701645778097","1659.0701645778097"
"12408","1177.390549735144","1177.390549735144","1177.390549735144"
"12410","2009.8294024640052","2009.8294024640052","2009.8294024640052"
"12412","2305.5224603377105","2305.5224603377105","2305.5224603377105"
"12414","1657.0449172071872","1657.0449172071872","1657.0449172071872"
"12418","1521.2242237045011","1521.2242237045011","1521.2242237045011"
"12420","1898.142430643406","1898.142430643406","1898.142430643406"
"12422","861.9369714278362","861.9369714278362","861.9369714278362"
"12424","1815.3782468405707","1815.3782468405707","1815.3782468405707"
"12426","2082.9274358322828","2082.9274358322828","2082.9274358322828"
"12428","1420.505836492785","1420.505836492785","1420.505836492785"
"12430","1216.9651019296846","1216.9651019296846","1216.9651019296846"
"12432","1993.996976485203","1993.996976485203","1993.996976485203"
"12434","1948.285974761009","1948.285974761009","1948.285974761009"
"12438","4075.7637642150253","4075.7637642150253","4075.7637642150253"
"12440","1116.3959099602414","1116.3959099602414","1116.3959099602414"
"12442","1968.709661433812","1968.709661433812","1968.709661433812"
"12444","670.62515067697","670.62515067697","670.62515067697"
"12446","3166.6714308518826","3166.6714308518826","3166.6714308518826"
"12448","1799.9154779669973","1799.9154779669973","1799.9154779669973"
"12450","1996.5160318849187","1996.5160318849187","1996.5160318849187"
"12452","1736.6549030979877","1736.6549030979877","1736.6549030979877"
"12454","1317.3397501134932","1317.3397501134932","1317.3397501134932"
"12456","2093.314648673801","2093.314648673801","2093.314648673801"
"12458","2820.0980709909345","2820.0980709909345","2820.0980709909345"
"12460","1180.3044496407658","1180.3044496407658","1180.3044496407658"
"12462","2523.63506523996","2523.63506523996","2523.63506523996"
"12464","1738.765734759725","1738.765734759725","1738.765734759725"
"12466","2123.861372453993","2123.861372453993","2123.861372453993"
"12468","1606.9213254698473","1606.9213254698473","1606.9213254698473"
"12470","2591.7979558785783","2591.7979558785783","2591.7979558785783"
"12472","1065.527784689895","1065.527784689895","1065.527784689895"
"12474","1635.4427348223796","1635.4427348223796","1635.4427348223796"
"12476","1028.4642067243512","1028.4642067243512","1028.4642067243512"
"12478","1403.1381083940275","1403.1381083940275","1403.1381083940275"
"12484","1212.0465614253626","1212.0465614253626","1212.0465614253626"
"12486","1959.5603780647675","1959.5603780647675","1959.5603780647675"
"12490","545.9549521466447","545.9549521466447","545.9549521466447"
"12492","1249.4306459767936","1249.4306459767936","1249.4306459767936"
"12494","1975.1594260309196","1975.1594260309196","1975.1594260309196"
"12496","1452.619344142581","1452.619344142581","1452.619344142581"
"12498","787.0886305354273","787.0886305354273","787.0886305354273"
"12500","2468.5203952491493","2468.5203952491493","2468.5203952491493"
"12504","1843.9551053485654","1843.9551053485654","1843.9551053485654"
"12506","900.0913283912121","900.0913283912121","900.0913283912121"
"12508","2424.24272346506","2424.24272346506","2424.24272346506"
"12510","2500.796787126702","2500.796787126702","2500.796787126702"
"12512","1396.127535171591","1396.127535171591","1396.127535171591"
"12514","2974.9097415712","2974.9097415712","2974.9097415712"
"12516","975.7818916874555","975.7818916874555","975.7818916874555"
"12518","2373.3087873936383","2373.3087873936383","2373.3087873936383"
"12522","812.5008447807762","812.5008447807762","812.5008447807762"
"12524","1627.86013815633","1627.86013815633","1627.86013815633"
"12526","1992.0900732414561","1992.0900732414561","1992.0900732414561"
"12528","2566.469461716406","2566.469461716406","2566.469461716406"
"12530","1446.7777093841164","1446.7777093841164","1446.7777093841164"
"12532","1722.0303810649784","1722.0303810649784","1722.0303810649784"
"12534","2092.9370696890724","2092.9370696890724","2092.9370696890724"
"12536","1211.7846279202959","1211.7846279202959","1211.7846279202959"
"12538","1433.391964818923","1433.391964818923","1433.391964818923"
"12540","1978.784710434466","1978.784710434466","1978.784710434466"
"12542","974.1058922061931","974.1058922061931","974.1058922061931"
"12544","1500.4020589180786","1500.4020589180786","1500.4020589180786"
"12546","1005.5328505801149","1005.5328505801149","1005.5328505801149"
"12548","2060.878600406099","2060.878600406099","2060.878600406099"
"12550","2532.287949988649","2532.287949988649","2532.287949988649"
"12556","2156.840623599883","2156.840623599883","2156.840623599883"
"12558","1581.630950487376","1581.630950487376","1581.630950487376"
"12560","2129.7460177156304","2129.7460177156304","2129.7460177156304"
"12562","1225.994391598094","1225.994391598094","1225.994391598094"
"12564","1758.122363859818","1758.122363859818","1758.122363859818"
"12566","2004.1050394071005","2004.1050394071005","2004.1050394071005"
"12568","2159.9653652900165","2159.9653652900165","2159.9653652900165"
"12572","1148.2609334143178","1148.2609334143178","1148.2609334143178"
"12574","1374.533265183795","1374.533265183795","1374.533265183795"
"12576","1570.0301277062633","1570.0301277062633","1570.0301277062633"
"12578","926.9904115092509","926.9904115092509","926.9904115092509"
"12580","1583.0514702962976","1583.0514702962976","1583.0514702962976"
"12582","3000.603868385854","3000.603868385854","3000.603868385854"
"12586","3302.6167602170613","3302.6167602170613","3302.6167602170613"
"12588","830.6025923841653","830.6025923841653","830.6025923841653"
"12590","720.3789863395044","720.3789863395044","720.3789863395044"
"12592","1450.5961856297697","1450.5961856297697","1450.5961856297697"
"12594","1334.7608615878441","1334.7608615878441","1334.7608615878441"
"12596","977.5808746511402","977.5808746511402","977.5808746511402"
"12598","2402.088337788548","2402.088337788548","2402.088337788548"
"12600","2145.697580521686","2145.697580521686","2145.697580521686"
"12604","1581.3198373849807","1581.3198373849807","1581.3198373849807"
"12606","1512.9752863552008","1512.9752863552008","1512.9752863552008"
"12608","1329.743296957576","1329.743296957576","1329.743296957576"
"12610","1367.3791751014946","1367.3791751014946","1367.3791751014946"
"12612","2238.1293859441503","2238.1293859441503","2238.1293859441503"
"12614","1854.8168241731503","1854.8168241731503","1854.8168241731503"
"12616","3283.594520018744","3283.594520018744","3283.594520018744"
"12618","1531.7938335196088","1531.7938335196088","1531.7938335196088"
"12620","977.9355410276305","977.9355410276305","977.9355410276305"
"12622","1697.887030344808","1697.887030344808","1697.887030344808"
"12626","1676.4575376121984","1676.4575376121984","1676.4575376121984"
"12628","1359.3988635719975","1359.3988635719975","1359.3988635719975"
"12630","1518.1703479773653","1518.1703479773653","1518.1703479773653"
"12632","1022.7863300435912","1022.7863300435912","1022.7863300435912"
"12634","1941.9523158119507","1941.9523158119507","1941.9523158119507"
"12636","2065.041507830264","2065.041507830264","2065.041507830264"
"12638","1142.5901069990975","1142.5901069990975","1142.5901069990975"
"12640","2071.071341734039","2071.071341734039","2071.071341734039"
"12642","1717.5987028997877","1717.5987028997877","1717.5987028997877"
"12644","1748.0920540709292","1748.0920540709292","1748.0920540709292"
"12646","1124.2445074607422","1124.2445074607422","1124.2445074607422"
"12648","1436.7039228029982","1436.7039228029982","1436.7039228029982"
"12650","3734.734577759701","3734.734577759701","3734.734577759701"
"12652","1315.3873428291995","1315.3873428291995","1315.3873428291995"
"12656","2269.2149593545137","2269.2149593545137","2269.2149593545137"
"12658","1394.0849899131688","1394.0849899131688","1394.0849899131688"
"12660","2764.737493279245","2764.737493279245","2764.737493279245"
"12662","2183.5252720394747","2183.5252720394747","2183.5252720394747"
"12664","718.4133466864303","718.4133466864303","718.4133466864303"
"12668","2808.0436051011143","2808.0436051011143","2808.0436051011143"
"12672","1614.612007399224","1614.612007399224","1614.612007399224"
"12674","1659.4682277561315","1659.4682277561315","1659.4682277561315"
"12676","940.9469081385513","940.9469081385513","940.9469081385513"
"12679","2161.9257172664898","2161.9257172664898","2161.9257172664898"
"12681","2254.7560631841475","2254.7560631841475","2254.7560631841475"
"12683","1703.1325287608756","1703.1325287608756","1703.1325287608756"
"12685","1878.5879456354976","1878.5879456354976","1878.5879456354976"
"12687","1111.4461732191435","1111.4461732191435","1111.4461732191435"
"12689","1563.866494594176","1563.866494594176","1563.866494594176"
"12693","2375.493534784104","2375.493534784104","2375.493534784104"
"12695","1569.1230002779264","1569.1230002779264","1569.1230002779264"
"12697","1606.1805228596097","1606.1805228596097","1606.1805228596097"
"12699","2947.505680771159","2947.505680771159","2947.505680771159"
"12701","2105.4989913438867","2105.4989913438867","2105.4989913438867"
"12703","896.2673951067648","896.2673951067648","896.2673951067648"
"12707","1381.3882783355662","1381.3882783355662","1381.3882783355662"
"12709","2080.213425941582","2080.213425941582","2080.213425941582"
"12711","2168.1927230201127","2168.1927230201127","2168.1927230201127"
"12713","1309.6144239945834","1309.6144239945834","1309.6144239945834"
"12715","2265.6448955320034","2265.6448955320034","2265.6448955320034"
"12717","1900.1660660273023","1900.1660660273023","1900.1660660273023"
"12721","2270.787867840462","2270.787867840462","2270.787867840462"
"12725","2287.4236473254605","2287.4236473254605","2287.4236473254605"
"12727","1896.1955163819493","1896.1955163819493","1896.1955163819493"
"12731","1602.1233251273757","1602.1233251273757","1602.1233251273757"
"12735","1170.9269026222526","1170.9269026222526","1170.9269026222526"
"12737","940.9902096519272","940.9902096519272","940.9902096519272"
"12739","1690.792258621362","1690.792258621362","1690.792258621362"
"12743","1662.4587865073522","1662.4587865073522","1662.4587865073522"
"12745","2409.762348773255","2409.762348773255","2409.762348773255"
"12747","1421.6590759317683","1421.6590759317683","1421.6590759317683"
"12751","2135.414883372485","2135.414883372485","2135.414883372485"
"12753","1109.5507341540094","1109.5507341540094","1109.5507341540094"
"12755","1265.2831528374759","1265.2831528374759","1265.2831528374759"
"12757","779.8439127953035","779.8439127953035","779.8439127953035"
"12761","1276.7618119444287","1276.7618119444287","1276.7618119444287"
"12763","2478.138813086132","2478.138813086132","2478.138813086132"
"12765","2374.082661074","2374.082661074","2374.082661074"
"12769","1566.7061221408105","1566.7061221408105","1566.7061221408105"
"12771","2448.002106954332","2448.002106954332","2448.002106954332"
"12773","2939.4830341021448","2939.4830341021448","2939.4830341021448"
"12775","746.0645999506596","746.0645999506596","746.0645999506596"
"12777","1345.212212921727","1345.212212921727","1345.212212921727"
"12779","1616.4112831247548","1616.4112831247548","1616.4112831247548"
"12781","3075.9168246666395","3075.9168246666395","3075.9168246666395"
"12783","702.6040942456203","702.6040942456203","702.6040942456203"
"12785","2065.056480796795","2065.056480796795","2065.056480796795"
"12789","3693.3683801760094","3693.3683801760094","3693.3683801760094"
"12791","823.4574567052177","823.4574567052177","823.4574567052177"
"12793","1656.2831803363113","1656.2831803363113","1656.2831803363113"
"12795","1754.7492781554868","1754.7492781554868","1754.7492781554868"
"12797","1183.5239707722521","1183.5239707722521","1183.5239707722521"
"12799","1255.8023074934474","1255.8023074934474","1255.8023074934474"
"12801","1557.5509371166247","1557.5509371166247","1557.5509371166247"
"12803","1192.9255710049745","1192.9255710049745","1192.9255710049745"
"12805","1133.2995091356784","1133.2995091356784","1133.2995091356784"
"12807","1035.5501505117513","1035.5501505117513","1035.5501505117513"
"12813","2530.02185814918","2530.02185814918","2530.02185814918"
"12815","1902.2574630374831","1902.2574630374831","1902.2574630374831"
"12819","2085.965917157974","2085.965917157974","2085.965917157974"
"12821","3381.50013053112","3381.50013053112","3381.50013053112"
"12823","1529.9887279721709","1529.9887279721709","1529.9887279721709"
"12825","1216.5650227978877","1216.5650227978877","1216.5650227978877"
"12827","2191.8570178980017","2191.8570178980017","2191.8570178980017"
"12831","1471.987407992307","1471.987407992307","1471.987407992307"
"12833","2905.6515487685547","2905.6515487685547","2905.6515487685547"
"12835","687.0753659370425","687.0753659370425","687.0753659370425"
"12837","2715.460892383935","2715.460892383935","2715.460892383935"
"12839","1525.9727754329851","1525.9727754329851","1525.9727754329851"
"12845","4608.229963679264","4608.229963679264","4608.229963679264"
"12847","2687.0927003015095","2687.0927003015095","2687.0927003015095"
"12851","1760.9135506802925","1760.9135506802925","1760.9135506802925"
"12853","2109.4806962552952","2109.4806962552952","2109.4806962552952"
"12855","2376.429654533555","2376.429654533555","2376.429654533555"
"12857","1661.288156035331","1661.288156035331","1661.288156035331"
"12859","1754.1534699882177","1754.1534699882177","1754.1534699882177"
"12861","1335.201903043157","1335.201903043157","1335.201903043157"
"12863","1950.0074300868969","1950.0074300868969","1950.0074300868969"
"12869","1123.3220385268144","1123.3220385268144","1123.3220385268144"
"12871","1838.5061597412266","1838.5061597412266","1838.5061597412266"
"12873","934.1939608827173","934.1939608827173","934.1939608827173"
"12875","1163.3892384523963","1163.3892384523963","1163.3892384523963"
"12877","1378.7990398712263","1378.7990398712263","1378.7990398712263"
"12879","1359.4776476547893","1359.4776476547893","1359.4776476547893"
"12881","2227.4613657457694","2227.4613657457694","2227.4613657457694"
"12883","1854.6680931483586","1854.6680931483586","1854.6680931483586"
"12885","1670.8466830061175","1670.8466830061175","1670.8466830061175"
"12889","1537.2308443150525","1537.2308443150525","1537.2308443150525"
"12891","1174.7192199516123","1174.7192199516123","1174.7192199516123"
"12893","2626.8996619701256","2626.8996619701256","2626.8996619701256"
"12897","3248.8529216759853","3248.8529216759853","3248.8529216759853"
"12899","2522.874432742375","2522.874432742375","2522.874432742375"
"12901","2066.3482571344116","2066.3482571344116","2066.3482571344116"
"12903","683.600323509218","683.600323509218","683.600323509218"
"12905","1480.2334757040237","1480.2334757040237","1480.2334757040237"
"12907","961.5669979849399","961.5669979849399","961.5669979849399"
"12909","1394.4810890344459","1394.4810890344459","1394.4810890344459"
"12911","2484.3800112835706","2484.3800112835706","2484.3800112835706"
"12913","2050.2345855169715","2050.2345855169715","2050.2345855169715"
"12915","1483.9919122964905","1483.9919122964905","1483.9919122964905"
"12919","2217.2989465771475","2217.2989465771475","2217.2989465771475"
"12921","1399.365101481531","1399.365101481531","1399.365101481531"
"12923","1326.447366968514","1326.447366968514","1326.447366968514"
"12925","1018.8304769142068","1018.8304769142068","1018.8304769142068"
"12927","2542.532383854123","2542.532383854123","2542.532383854123"
"12929","1544.7512121256","1544.7512121256","1544.7512121256"
"12931","1340.4724520031775","1340.4724520031775","1340.4724520031775"
"12933","2555.764504989021","2555.764504989021","2555.764504989021"
"12935","1298.063095914388","1298.063095914388","1298.063095914388"
"12937","1434.8169663962058","1434.8169663962058","1434.8169663962058"
"12939","948.9009937559769","948.9009937559769","948.9009937559769"
"12943","1403.1568258112768","1403.1568258112768","1403.1568258112768"
"12945","1606.650643719748","1606.650643719748","1606.650643719748"
"12947","1503.984585492963","1503.984585492963","1503.984585492963"
"12949","1534.472565646992","1534.472565646992","1534.472565646992"
"12953","960.9357826093508","960.9357826093508","960.9357826093508"
"12955","2324.9937416320577","2324.9937416320577","2324.9937416320577"
"12957","2567.5667239455006","2567.5667239455006","2567.5667239455006"
"12959","1808.6882663359913","1808.6882663359913","1808.6882663359913"
"12963","980.202709062611","980.202709062611","980.202709062611"
"12965","1728.893605085588","1728.893605085588","1728.893605085588"
"12967","1413.1493992451624","1413.1493992451624","1413.1493992451624"
"12969","2324.982525647033","2324.982525647033","2324.982525647033"
"12971","1526.6048078033232","1526.6048078033232","1526.6048078033232"
"12973","2589.9205433779184","2589.9205433779184","2589.9205433779184"
"12975","1450.4300836177977","1450.4300836177977","1450.4300836177977"
"12977","1613.9321526612875","1613.9321526612875","1613.9321526612875"
"12979","1084.0980796632937","1084.0980796632937","1084.0980796632937"
"12981","2661.4343314883304","2661.4343314883304","2661.4343314883304"
"12983","1329.5425535513464","1329.5425535513464","1329.5425535513464"
"12985","1946.2876805569977","1946.2876805569977","1946.2876805569977"
"12987","1403.2192817693606","1403.2192817693606","1403.2192817693606"
"12989","1823.0431830689831","1823.0431830689831","1823.0431830689831"
"12991","1338.0906728165994","1338.0906728165994","1338.0906728165994"
"12993","1273.9166662987427","1273.9166662987427","1273.9166662987427"
"12997","2002.2773480130768","2002.2773480130768","2002.2773480130768"
"12999","1608.7887145136172","1608.7887145136172","1608.7887145136172"
"13001","1357.9613142037115","1357.9613142037115","1357.9613142037115"
"13005","2728.053824598521","2728.053824598521","2728.053824598521"
"13007","4445.235642236365","4445.235642236365","4445.235642236365"
"13009","1628.2093194664612","1628.2093194664612","1628.2093194664612"
"13011","2403.2299609137","2403.2299609137","2403.2299609137"
"13013","1200.1354506783268","1200.1354506783268","1200.1354506783268"
"13015","1684.6379252700265","1684.6379252700265","1684.6379252700265"
"13017","1729.5975181862066","1729.5975181862066","1729.5975181862066"
"13019","1765.9922593395063","1765.9922593395063","1765.9922593395063"
"13021","1916.6717455803573","1916.6717455803573","1916.6717455803573"
"13023","1695.8656331586217","1695.8656331586217","1695.8656331586217"
"13025","1289.2240365280263","1289.2240365280263","1289.2240365280263"
"13027","923.7415321527218","923.7415321527218","923.7415321527218"
"13029","2420.40951289972","2420.40951289972","2420.40951289972"
"13031","2061.485420284902","2061.485420284902","2061.485420284902"
"13033","2238.488964941463","2238.488964941463","2238.488964941463"
"13035","3056.1556446589684","3056.1556446589684","3056.1556446589684"
"13037","1561.1182301991744","1561.1182301991744","1561.1182301991744"
"13039","2581.802692772119","2581.802692772119","2581.802692772119"
"13041","2229.9646853528848","2229.9646853528848","2229.9646853528848"
"13043","1056.3760944582418","1056.3760944582418","1056.3760944582418"
"13045","2190.48687830027","2190.48687830027","2190.48687830027"
"13047","3412.932254676645","3412.932254676645","3412.932254676645"
"13049","1274.3801536287472","1274.3801536287472","1274.3801536287472"
"13051","1651.857051910625","1651.857051910625","1651.857051910625"
"13053","1505.083886340213","1505.083886340213","1505.083886340213"
"13055","3871.682762195194","3871.682762195194","3871.682762195194"
"13057","2326.7994505743736","2326.7994505743736","2326.7994505743736"
"13059","2657.656157176969","2657.656157176969","2657.656157176969"
"13061","1995.3884326881996","1995.3884326881996","1995.3884326881996"
"13063","2358.0548527807005","2358.0548527807005","2358.0548527807005"
"13065","1289.6253339658504","1289.6253339658504","1289.6253339658504"
"13067","1141.6939224069415","1141.6939224069415","1141.6939224069415"
"13069","1773.4248585187413","1773.4248585187413","1773.4248585187413"
"13073","1567.6550465353619","1567.6550465353619","1567.6550465353619"
"13075","1104.3128788007336","1104.3128788007336","1104.3128788007336"
"13079","1659.3716955421435","1659.3716955421435","1659.3716955421435"
"13081","1643.8031068352714","1643.8031068352714","1643.8031068352714"
"13083","2290.470432411251","2290.470432411251","2290.470432411251"
"13085","1602.3625724724793","1602.3625724724793","1602.3625724724793"
"13089","1584.61624458854","1584.61624458854","1584.61624458854"
"13093","2659.869392825812","2659.869392825812","2659.869392825812"
"13095","2707.617631516086","2707.617631516086","2707.617631516086"
"13097","1481.5831280591647","1481.5831280591647","1481.5831280591647"
"13099","2555.114914489716","2555.114914489716","2555.114914489716"
"13101","1010.2417762142437","1010.2417762142437","1010.2417762142437"
"13103","2276.203436016494","2276.203436016494","2276.203436016494"
"13105","1969.0112629362952","1969.0112629362952","1969.0112629362952"
"13107","2179.9604730347373","2179.9604730347373","2179.9604730347373"
"13109","2840.7718343522574","2840.7718343522574","2840.7718343522574"
"13111","1167.550013507824","1167.550013507824","1167.550013507824"
"13113","1092.133050592773","1092.133050592773","1092.133050592773"
"13115","1763.3082520864368","1763.3082520864368","1763.3082520864368"
"13117","2863.5470799052305","2863.5470799052305","2863.5470799052305"
"13119","1523.7553582789628","1523.7553582789628","1523.7553582789628"
"13121","2499.260718591579","2499.260718591579","2499.260718591579"
"13123","1727.8265791974998","1727.8265791974998","1727.8265791974998"
"13125","2613.0689412134584","2613.0689412134584","2613.0689412134584"
"13127","1485.5392808943263","1485.5392808943263","1485.5392808943263"
"13129","1427.345593455961","1427.345593455961","1427.345593455961"
"13131","3155.71153882099","3155.71153882099","3155.71153882099"
"13133","2072.3012153524637","2072.3012153524637","2072.3012153524637"
"13140","931.6185402801696","931.6185402801696","931.6185402801696"
"13142","1174.3492391520901","1174.3492391520901","1174.3492391520901"
"13144","2539.6798190365325","2539.6798190365325","2539.6798190365325"
"13146","1878.8006132253681","1878.8006132253681","1878.8006132253681"
"13148","1074.8199167893517","1074.8199167893517","1074.8199167893517"
"13150","2087.8669266386214","2087.8669266386214","2087.8669266386214"
"13152","1496.1967781388255","1496.1967781388255","1496.1967781388255"
"13154","1701.463882313774","1701.463882313774","1701.463882313774"
"13158","2077.1988116972575","2077.1988116972575","2077.1988116972575"
"13160","2144.9952726601036","2144.9952726601036","2144.9952726601036"
"13164","2202.422638799931","2202.422638799931","2202.422638799931"
"13166","1523.947141449361","1523.947141449361","1523.947141449361"
"13168","1936.6298305815883","1936.6298305815883","1936.6298305815883"
"13170","2348.9184612321405","2348.9184612321405","2348.9184612321405"
"13172","1330.1138852055403","1330.1138852055403","1330.1138852055403"
"13176","2350.1830823578985","2350.1830823578985","2350.1830823578985"
"13178","1286.669590884717","1286.669590884717","1286.669590884717"
"13180","1455.1732333034067","1455.1732333034067","1455.1732333034067"
"13182","1949.0107117598786","1949.0107117598786","1949.0107117598786"
"13184","1675.1378564898448","1675.1378564898448","1675.1378564898448"
"13186","2205.2581382506587","2205.2581382506587","2205.2581382506587"
"13188","1575.6939892681573","1575.6939892681573","1575.6939892681573"
"13190","845.5460492831197","845.5460492831197","845.5460492831197"
"13194","2091.3672019268647","2091.3672019268647","2091.3672019268647"
"13196","2438.9095510147263","2438.9095510147263","2438.9095510147263"
"13198","1180.5089938652434","1180.5089938652434","1180.5089938652434"
"13200","1226.1780604084647","1226.1780604084647","1226.1780604084647"
"13202","1674.5870799170398","1674.5870799170398","1674.5870799170398"
"13204","1950.6483588062206","1950.6483588062206","1950.6483588062206"
"13206","1742.7330659668262","1742.7330659668262","1742.7330659668262"
"13208","1718.6282938435181","1718.6282938435181","1718.6282938435181"
"13210","2259.4276709636533","2259.4276709636533","2259.4276709636533"
"13212","2067.3672401155272","2067.3672401155272","2067.3672401155272"
"13216","2113.9245949007754","2113.9245949007754","2113.9245949007754"
"13218","876.1161386803973","876.1161386803973","876.1161386803973"
"13220","1103.7948137071326","1103.7948137071326","1103.7948137071326"
"13222","1907.4762652609131","1907.4762652609131","1907.4762652609131"
"13224","1496.2464496184814","1496.2464496184814","1496.2464496184814"
"13230","3232.6788670469005","3232.6788670469005","3232.6788670469005"
"13234","1251.430735753974","1251.430735753974","1251.430735753974"
"13236","3504.959245912825","3504.959245912825","3504.959245912825"
"13238","1539.1311121910412","1539.1311121910412","1539.1311121910412"
"13240","2421.1459446882004","2421.1459446882004","2421.1459446882004"
"13242","2149.6643551549446","2149.6643551549446","2149.6643551549446"
"13246","2661.472403880411","2661.472403880411","2661.472403880411"
"13248","3299.9366040714913","3299.9366040714913","3299.9366040714913"
"13250","1340.7142802834085","1340.7142802834085","1340.7142802834085"
"13252","2688.8771908717317","2688.8771908717317","2688.8771908717317"
"13258","2007.2134734838044","2007.2134734838044","2007.2134734838044"
"13260","1564.6729856533677","1564.6729856533677","1564.6729856533677"
"13262","1250.5197934399653","1250.5197934399653","1250.5197934399653"
"13264","1655.8544860789268","1655.8544860789268","1655.8544860789268"
"13266","2155.7722599035355","2155.7722599035355","2155.7722599035355"
"13268","1543.8681407657493","1543.8681407657493","1543.8681407657493"
"13270","2633.1413867312867","2633.1413867312867","2633.1413867312867"
"13272","1449.2208886966193","1449.2208886966193","1449.2208886966193"
"13274","1557.2799867704455","1557.2799867704455","1557.2799867704455"
"13276","2680.4647736393413","2680.4647736393413","2680.4647736393413"
"13278","868.533892432988","868.533892432988","868.533892432988"
"13280","1458.300663945436","1458.300663945436","1458.300663945436"
"13282","2064.1774017787384","2064.1774017787384","2064.1774017787384"
"13284","2233.8742115108375","2233.8742115108375","2233.8742115108375"
"13288","4193.649502273492","4193.649502273492","4193.649502273492"
"13290","2936.999034774928","2936.999034774928","2936.999034774928"
"13294","2401.803739067831","2401.803739067831","2401.803739067831"
"13296","1225.6035670498093","1225.6035670498093","1225.6035670498093"
"13300","1496.7869405189297","1496.7869405189297","1496.7869405189297"
"13302","1477.09838538264","1477.09838538264","1477.09838538264"
"13304","2809.239192646174","2809.239192646174","2809.239192646174"
"13306","1320.5539663142813","1320.5539663142813","1320.5539663142813"
"13308","1702.0847004410643","1702.0847004410643","1702.0847004410643"
"13310","919.7217355059939","919.7217355059939","919.7217355059939"
"13312","1865.3803663390681","1865.3803663390681","1865.3803663390681"
"13314","1003.7329798837351","1003.7329798837351","1003.7329798837351"
"13316","2547.856288099896","2547.856288099896","2547.856288099896"
"13318","1025.412831747189","1025.412831747189","1025.412831747189"
"13320","1136.0720076019638","1136.0720076019638","1136.0720076019638"
"13322","1430.9802047820178","1430.9802047820178","1430.9802047820178"
"13324","1495.8651569717126","1495.8651569717126","1495.8651569717126"
"13326","1500.8762105182498","1500.8762105182498","1500.8762105182498"
"13328","1698.7654201840667","1698.7654201840667","1698.7654201840667"
"13330","1860.4296570253525","1860.4296570253525","1860.4296570253525"
"13332","610.1294685645413","610.1294685645413","610.1294685645413"
"13334","1977.1168575988643","1977.1168575988643","1977.1168575988643"
"13340","1683.1183326523974","1683.1183326523974","1683.1183326523974"
"13342","3332.5444594348673","3332.5444594348673","3332.5444594348673"
"13344","1726.263594321795","1726.263594321795","1726.263594321795"
"13348","1646.3342170528397","1646.3342170528397","1646.3342170528397"
"13352","1870.8322816185944","1870.8322816185944","1870.8322816185944"
"13354","1082.0689332507825","1082.0689332507825","1082.0689332507825"
"13356","1041.9444866041142","1041.9444866041142","1041.9444866041142"
"13358","2280.9158825166783","2280.9158825166783","2280.9158825166783"
"13360","2784.897405679712","2784.897405679712","2784.897405679712"
"13362","1357.455630534515","1357.455630534515","1357.455630534515"
"13364","1665.513203252498","1665.513203252498","1665.513203252498"
"13366","3259.859297442454","3259.859297442454","3259.859297442454"
"13368","2384.6690184124855","2384.6690184124855","2384.6690184124855"
"13370","996.5827620418099","996.5827620418099","996.5827620418099"
"13374","1962.385159977503","1962.385159977503","1962.385159977503"
"13376","1918.4212782031511","1918.4212782031511","1918.4212782031511"
"13378","1363.7771305756178","1363.7771305756178","1363.7771305756178"
"13382","1197.557905281402","1197.557905281402","1197.557905281402"
"13384","2053.4684876591577","2053.4684876591577","2053.4684876591577"
"13386","2870.620117565399","2870.620117565399","2870.620117565399"
"13388","1775.761413463426","1775.761413463426","1775.761413463426"
"13390","1637.3583652307461","1637.3583652307461","1637.3583652307461"
"13392","1405.5088527316507","1405.5088527316507","1405.5088527316507"
"13396","1247.0383875262255","1247.0383875262255","1247.0383875262255"
"13398","2484.1965425322774","2484.1965425322774","2484.1965425322774"
"13400","938.6549233355676","938.6549233355676","938.6549233355676"
"13402","2720.2804248020943","2720.2804248020943","2720.2804248020943"
"13404","1500.5569194037066","1500.5569194037066","1500.5569194037066"
"13406","1200.9620870976282","1200.9620870976282","1200.9620870976282"
"13410","2949.43827639422","2949.43827639422","2949.43827639422"
"13412","1684.859983445077","1684.859983445077","1684.859983445077"
"13414","1232.90320668292","1232.90320668292","1232.90320668292"
"13416","1757.0258605657266","1757.0258605657266","1757.0258605657266"
"13418","2358.718755542402","2358.718755542402","2358.718755542402"
"13420","1276.327209897299","1276.327209897299","1276.327209897299"
"13422","1846.2746355999734","1846.2746355999734","1846.2746355999734"
"13424","830.7332651142838","830.7332651142838","830.7332651142838"
"13426","1228.492906417985","1228.492906417985","1228.492906417985"
"13428","2024.5028272528018","2024.5028272528018","2024.5028272528018"
"13430","2096.6087013029132","2096.6087013029132","2096.6087013029132"
"13432","1875.9645524203986","1875.9645524203986","1875.9645524203986"
"13434","3949.4075862061163","3949.4075862061163","3949.4075862061163"
"13436","1869.0492653517692","1869.0492653517692","1869.0492653517692"
"13438","1009.0393889519316","1009.0393889519316","1009.0393889519316"
"13440","905.2258060273952","905.2258060273952","905.2258060273952"
"13442","1615.1629966084931","1615.1629966084931","1615.1629966084931"
"13444","1669.212212825159","1669.212212825159","1669.212212825159"
"13446","1855.3645456064912","1855.3645456064912","1855.3645456064912"
"13448","1459.5413242903505","1459.5413242903505","1459.5413242903505"
"13450","2495.752391845373","2495.752391845373","2495.752391845373"
"13452","3068.299286252156","3068.299286252156","3068.299286252156"
"13456","1227.1805378517495","1227.1805378517495","1227.1805378517495"
"13458","1396.8180544551303","1396.8180544551303","1396.8180544551303"
"13460","1565.3423444401162","1565.3423444401162","1565.3423444401162"
"13462","1325.7904431187883","1325.7904431187883","1325.7904431187883"
"13464","4369.810637052852","4369.810637052852","4369.810637052852"
"13466","3125.8325659809343","3125.8325659809343","3125.8325659809343"
"13468","2394.138528004788","2394.138528004788","2394.138528004788"
"13472","1886.6291617216984","1886.6291617216984","1886.6291617216984"
"13474","1613.4405450018241","1613.4405450018241","1613.4405450018241"
"13476","1283.149668771821","1283.149668771821","1283.149668771821"
"13482","1159.1583336756983","1159.1583336756983","1159.1583336756983"
"13484","1865.3390265860303","1865.3390265860303","1865.3390265860303"
"13486","1217.9632719576161","1217.9632719576161","1217.9632719576161"
"13488","1890.9551355891501","1890.9551355891501","1890.9551355891501"
"13490","1925.898759208714","1925.898759208714","1925.898759208714"
"13492","1692.4723619651327","1692.4723619651327","1692.4723619651327"
"13494","954.0639340839423","954.0639340839423","954.0639340839423"
"13496","2131.026638190087","2131.026638190087","2131.026638190087"
"13498","1815.6271463404457","1815.6271463404457","1815.6271463404457"
"13500","2241.6420648659478","2241.6420648659478","2241.6420648659478"
"13502","1762.0938402935917","1762.0938402935917","1762.0938402935917"
"13504","1941.8955326437438","1941.8955326437438","1941.8955326437438"
"13506","2288.4355962501327","2288.4355962501327","2288.4355962501327"
"13510","1465.260954890119","1465.260954890119","1465.260954890119"
"13512","2102.393411498464","2102.393411498464","2102.393411498464"
"13514","2059.5824891079083","2059.5824891079083","2059.5824891079083"
"13516","1461.9455276803117","1461.9455276803117","1461.9455276803117"
"13518","2063.1469123841543","2063.1469123841543","2063.1469123841543"
"13520","1654.172210319736","1654.172210319736","1654.172210319736"
"13522","1623.4175560600913","1623.4175560600913","1623.4175560600913"
"13524","1779.073355712148","1779.073355712148","1779.073355712148"
"13526","1384.570512894013","1384.570512894013","1384.570512894013"
"13528","1781.139826295318","1781.139826295318","1781.139826295318"
"13532","1357.4206400255032","1357.4206400255032","1357.4206400255032"
"13534","1000.679623359643","1000.679623359643","1000.679623359643"
"13536","1607.304549078039","1607.304549078039","1607.304549078039"
"13538","809.273984213211","809.273984213211","809.273984213211"
"13542","2560.703485211117","2560.703485211117","2560.703485211117"
"13544","890.5880046154398","890.5880046154398","890.5880046154398"
"13546","1108.3662977894462","1108.3662977894462","1108.3662977894462"
"13548","1621.9937457456201","1621.9937457456201","1621.9937457456201"
"13550","1637.4807086383341","1637.4807086383341","1637.4807086383341"
"13554","2761.921007878558","2761.921007878558","2761.921007878558"
"13556","2413.2869332624196","2413.2869332624196","2413.2869332624196"
"13560","1358.6255781098946","1358.6255781098946","1358.6255781098946"
"13562","1257.5473031954887","1257.5473031954887","1257.5473031954887"
"13564","1044.937606051385","1044.937606051385","1044.937606051385"
"13568","1571.413603044102","1571.413603044102","1571.413603044102"
"13570","1862.2163252528815","1862.2163252528815","1862.2163252528815"
"13572","2453.7066541526724","2453.7066541526724","2453.7066541526724"
"13574","1256.173876097631","1256.173876097631","1256.173876097631"
"13576","1198.5446529529704","1198.5446529529704","1198.5446529529704"
"13578","1030.125358751362","1030.125358751362","1030.125358751362"
"13580","1218.1075157165333","1218.1075157165333","1218.1075157165333"
"13582","1141.922673079508","1141.922673079508","1141.922673079508"
"13584","1366.909475667957","1366.909475667957","1366.909475667957"
"13586","1913.0162863638834","1913.0162863638834","1913.0162863638834"
"13588","2085.239918824951","2085.239918824951","2085.239918824951"
"13590","2336.405053440416","2336.405053440416","2336.405053440416"
"13592","1571.4645714475653","1571.4645714475653","1571.4645714475653"
"13594","2166.442677645225","2166.442677645225","2166.442677645225"
"13596","1460.7126476016006","1460.7126476016006","1460.7126476016006"
"13598","1147.3279023663722","1147.3279023663722","1147.3279023663722"
"13601","1013.7209099465791","1013.7209099465791","1013.7209099465791"
"13603","1229.745940185448","1229.745940185448","1229.745940185448"
"13607","972.58080339243","972.58080339243","972.58080339243"
"13609","2360.1877442133446","2360.1877442133446","2360.1877442133446"
"13613","930.9713710879776","930.9713710879776","930.9713710879776"
"13615","1177.375995141263","1177.375995141263","1177.375995141263"
"13619","2164.736047307478","2164.736047307478","2164.736047307478"
"13621","1669.940502219016","1669.940502219016","1669.940502219016"
"13623","822.8240280379691","822.8240280379691","822.8240280379691"
"13625","2035.9326454040313","2035.9326454040313","2035.9326454040313"
"13627","2524.40771696079","2524.40771696079","2524.40771696079"
"13631","2382.5504596646438","2382.5504596646438","2382.5504596646438"
"13633","1097.1631710828692","1097.1631710828692","1097.1631710828692"
"13635","1866.3869162987653","1866.3869162987653","1866.3869162987653"
"13637","2168.444675753087","2168.444675753087","2168.444675753087"
"13639","1114.6507289228587","1114.6507289228587","1114.6507289228587"
"13641","2002.4454395371704","2002.4454395371704","2002.4454395371704"
"13643","1562.8555012641177","1562.8555012641177","1562.8555012641177"
"13645","2060.421040385367","2060.421040385367","2060.421040385367"
"13647","1923.2740427282422","1923.2740427282422","1923.2740427282422"
"13649","709.099355679593","709.099355679593","709.099355679593"
"13651","1332.4897234396951","1332.4897234396951","1332.4897234396951"
"13653","1551.113001893301","1551.113001893301","1551.113001893301"
"13655","2641.7246735207955","2641.7246735207955","2641.7246735207955"
"13657","1709.971660447499","1709.971660447499","1709.971660447499"
"13661","1638.109344755464","1638.109344755464","1638.109344755464"
"13663","1838.0973164582456","1838.0973164582456","1838.0973164582456"
"13665","1815.6112448783535","1815.6112448783535","1815.6112448783535"
"13667","2288.1253019716655","2288.1253019716655","2288.1253019716655"
"13669","1278.138546300607","1278.138546300607","1278.138546300607"
"13671","1741.799961488585","1741.799961488585","1741.799961488585"
"13673","1409.3217150306416","1409.3217150306416","1409.3217150306416"
"13675","1613.5011527719626","1613.5011527719626","1613.5011527719626"
"13677","1869.221764281235","1869.221764281235","1869.221764281235"
"13679","2540.973531035702","2540.973531035702","2540.973531035702"
"13681","1754.935983946623","1754.935983946623","1754.935983946623"
"13683","1414.6941365507034","1414.6941365507034","1414.6941365507034"
"13685","927.5131463747604","927.5131463747604","927.5131463747604"
"13687","1460.7480329163752","1460.7480329163752","1460.7480329163752"
"13689","1144.9068742001689","1144.9068742001689","1144.9068742001689"
"13691","1692.4894753823364","1692.4894753823364","1692.4894753823364"
"13693","1058.5134482806545","1058.5134482806545","1058.5134482806545"
"13695","2112.6746049084622","2112.6746049084622","2112.6746049084622"
"13699","761.4179163868234","761.4179163868234","761.4179163868234"
"13703","1840.907127700962","1840.907127700962","1840.907127700962"
"13705","2717.179590249902","2717.179590249902","2717.179590249902"
"13709","1155.840369426367","1155.840369426367","1155.840369426367"
"13711","2071.2848395304995","2071.2848395304995","2071.2848395304995"
"13713","556.385207553624","556.385207553624","556.385207553624"
"13717","1385.930199802788","1385.930199802788","1385.930199802788"
"13719","1795.5525341541447","1795.5525341541447","1795.5525341541447"
"13721","1389.5512249976919","1389.5512249976919","1389.5512249976919"
"13723","1314.2055488044043","1314.2055488044043","1314.2055488044043"
"13725","1677.1826808441565","1677.1826808441565","1677.1826808441565"
"13727","1023.050362405153","1023.050362405153","1023.050362405153"
"13729","929.380662755896","929.380662755896","929.380662755896"
"13731","2342.3139623254733","2342.3139623254733","2342.3139623254733"
"13735","1195.9506354122714","1195.9506354122714","1195.9506354122714"
"13737","1543.0227101222147","1543.0227101222147","1543.0227101222147"
"13739","2119.674439590353","2119.674439590353","2119.674439590353"
"13741","2388.1396170844946","2388.1396170844946","2388.1396170844946"
"13745","1063.3694968786874","1063.3694968786874","1063.3694968786874"
"13747","1111.658402558888","1111.658402558888","1111.658402558888"
"13751","1640.391787347674","1640.391787347674","1640.391787347674"
"13753","1753.3884537288716","1753.3884537288716","1753.3884537288716"
"13759","1150.8049631621427","1150.8049631621427","1150.8049631621427"
"13761","1620.1470379784112","1620.1470379784112","1620.1470379784112"
"13763","1054.226633327664","1054.226633327664","1054.226633327664"
"13765","3190.1280797983345","3190.1280797983345","3190.1280797983345"
"13767","2741.463465078605","2741.463465078605","2741.463465078605"
"13769","2552.3009337216336","2552.3009337216336","2552.3009337216336"
"13771","686.4224219853944","686.4224219853944","686.4224219853944"
"13775","2584.9762827119084","2584.9762827119084","2584.9762827119084"
"13777","1486.280748812812","1486.280748812812","1486.280748812812"
"13779","1288.616507856447","1288.616507856447","1288.616507856447"
"13781","1736.3562265188195","1736.3562265188195","1736.3562265188195"
"13783","1876.3881750075648","1876.3881750075648","1876.3881750075648"
"13785","1785.8778248559859","1785.8778248559859","1785.8778248559859"
"13787","2869.78581538126","2869.78581538126","2869.78581538126"
"13789","1395.979703398023","1395.979703398023","1395.979703398023"
"13791","1766.2103113208973","1766.2103113208973","1766.2103113208973"
"13793","1590.5751179291285","1590.5751179291285","1590.5751179291285"
"13795","2089.4438815594385","2089.4438815594385","2089.4438815594385"
"13797","1979.2765766711811","1979.2765766711811","1979.2765766711811"
"13801","1446.542860554194","1446.542860554194","1446.542860554194"
"13803","1653.3349087786794","1653.3349087786794","1653.3349087786794"
"13805","883.8149325130474","883.8149325130474","883.8149325130474"
"13807","2847.827398654055","2847.827398654055","2847.827398654055"
"13813","1054.4667189479915","1054.4667189479915","1054.4667189479915"
"13815","1815.5415845739967","1815.5415845739967","1815.5415845739967"
"13817","2251.986031072684","2251.986031072684","2251.986031072684"
"13819","1599.4827793316138","1599.4827793316138","1599.4827793316138"
"13821","1633.9036088498788","1633.9036088498788","1633.9036088498788"
"13823","3218.535707803106","3218.535707803106","3218.535707803106"
"13825","2053.7417704706977","2053.7417704706977","2053.7417704706977"
"13827","1722.4565550262519","1722.4565550262519","1722.4565550262519"
"13829","1697.8284475503324","1697.8284475503324","1697.8284475503324"
"13831","2555.727044314481","2555.727044314481","2555.727044314481"
"13833","3398.1531396921196","3398.1531396921196","3398.1531396921196"
"13835","2106.356668884105","2106.356668884105","2106.356668884105"
"13837","1967.4690901001752","1967.4690901001752","1967.4690901001752"
"13839","1053.5298281098703","1053.5298281098703","1053.5298281098703"
"13841","1839.988783771081","1839.988783771081","1839.988783771081"
"13843","1526.9010248515417","1526.9010248515417","1526.9010248515417"
"13845","1036.544714336058","1036.544714336058","1036.544714336058"
"13847","1625.2620375709253","1625.2620375709253","1625.2620375709253"
"13851","2136.4407681084526","2136.4407681084526","2136.4407681084526"
"13853","2304.065992315707","2304.065992315707","2304.065992315707"
"13855","1645.6726738724522","1645.6726738724522","1645.6726738724522"
"13859","837.9224491077938","837.9224491077938","837.9224491077938"
"13861","1399.9604930582673","1399.9604930582673","1399.9604930582673"
"13863","1329.077631435728","1329.077631435728","1329.077631435728"
"13865","2781.043837975081","2781.043837975081","2781.043837975081"
"13867","1788.165713103087","1788.165713103087","1788.165713103087"
"13869","1479.5698642798015","1479.5698642798015","1479.5698642798015"
"13871","2690.572717537478","2690.572717537478","2690.572717537478"
"13873","1047.1105826471303","1047.1105826471303","1047.1105826471303"
"13875","1866.8920331075112","1866.8920331075112","1866.8920331075112"
"13877","2454.626453036349","2454.626453036349","2454.626453036349"
"13879","1733.2261765541732","1733.2261765541732","1733.2261765541732"
"13881","1691.6943166047706","1691.6943166047706","1691.6943166047706"
"13883","1216.6858947009653","1216.6858947009653","1216.6858947009653"
"13885","2924.2107062059713","2924.2107062059713","2924.2107062059713"
"13887","2951.214727548831","2951.214727548831","2951.214727548831"
"13889","2319.8284228621415","2319.8284228621415","2319.8284228621415"
"13891","1521.9162412534677","1521.9162412534677","1521.9162412534677"
"13893","2166.8049549635025","2166.8049549635025","2166.8049549635025"
"13895","2775.3878169948216","2775.3878169948216","2775.3878169948216"
"13897","1344.1323080251768","1344.1323080251768","1344.1323080251768"
"13899","1186.987703646125","1186.987703646125","1186.987703646125"
"13901","1465.0225848069856","1465.0225848069856","1465.0225848069856"
"13903","2006.9898189011794","2006.9898189011794","2006.9898189011794"
"13905","850.7051745644118","850.7051745644118","850.7051745644118"
"13909","2427.0398687937677","2427.0398687937677","2427.0398687937677"
"13911","2778.41416989834","2778.41416989834","2778.41416989834"
"13913","1864.8524667306817","1864.8524667306817","1864.8524667306817"
"13915","1938.8867191742354","1938.8867191742354","1938.8867191742354"
"13917","2106.934124182925","2106.934124182925","2106.934124182925"
"13919","2270.7521040559263","2270.7521040559263","2270.7521040559263"
"13921","1691.6533569362782","1691.6533569362782","1691.6533569362782"
"13923","1809.7136883824364","1809.7136883824364","1809.7136883824364"
"13925","1657.605230783395","1657.605230783395","1657.605230783395"
"13931","1678.779656122707","1678.779656122707","1678.779656122707"
"13933","1533.9642961750485","1533.9642961750485","1533.9642961750485"
"13937","1876.1088152391994","1876.1088152391994","1876.1088152391994"
"13939","1213.5984425572506","1213.5984425572506","1213.5984425572506"
"13941","2309.2693915113045","2309.2693915113045","2309.2693915113045"
"13943","1733.5328600703765","1733.5328600703765","1733.5328600703765"
"13945","1277.4023923332481","1277.4023923332481","1277.4023923332481"
"13947","1220.389135032698","1220.389135032698","1220.389135032698"
"13951","1412.1958414621947","1412.1958414621947","1412.1958414621947"
"13953","1805.4639747718245","1805.4639747718245","1805.4639747718245"
"13955","957.2194362048986","957.2194362048986","957.2194362048986"
"13957","1714.223949545142","1714.223949545142","1714.223949545142"
"13959","1461.0799118233572","1461.0799118233572","1461.0799118233572"
"13961","1461.1252954720806","1461.1252954720806","1461.1252954720806"
"13963","1836.5309141778284","1836.5309141778284","1836.5309141778284"
"13965","1192.551867211285","1192.551867211285","1192.551867211285"
"13967","1796.9897482348192","1796.9897482348192","1796.9897482348192"
"13971","3174.9478052384643","3174.9478052384643","3174.9478052384643"
"13973","1916.9429592004958","1916.9429592004958","1916.9429592004958"
"13975","1914.007808916013","1914.007808916013","1914.007808916013"
"13977","1625.3100567069353","1625.3100567069353","1625.3100567069353"
"13979","1562.2338425923529","1562.2338425923529","1562.2338425923529"
"13981","1608.017612901409","1608.017612901409","1608.017612901409"
"13983","2937.424044945995","2937.424044945995","2937.424044945995"
"13987","1332.7425738256381","1332.7425738256381","1332.7425738256381"
"13989","1598.6351847412554","1598.6351847412554","1598.6351847412554"
"13991","1986.1732655101591","1986.1732655101591","1986.1732655101591"
"13993","1784.622045674971","1784.622045674971","1784.622045674971"
"13995","1679.376972681441","1679.376972681441","1679.376972681441"
"13997","2966.2096297470384","2966.2096297470384","2966.2096297470384"
"13999","2830.367553317027","2830.367553317027","2830.367553317027"
"14001","2706.473641262105","2706.473641262105","2706.473641262105"
"14003","2128.20802840322","2128.20802840322","2128.20802840322"
"14005","1761.065440197023","1761.065440197023","1761.065440197023"
"14007","1831.993981086014","1831.993981086014","1831.993981086014"
"14009","1161.5783215313227","1161.5783215313227","1161.5783215313227"
"14011","1483.831180538634","1483.831180538634","1483.831180538634"
"14015","2378.3366581568994","2378.3366581568994","2378.3366581568994"
"14017","1827.1290723548193","1827.1290723548193","1827.1290723548193"
"14019","1747.2152223402177","1747.2152223402177","1747.2152223402177"
"14021","1917.0219547333356","1917.0219547333356","1917.0219547333356"
"14023","1670.9888128367584","1670.9888128367584","1670.9888128367584"
"14025","1975.281451035121","1975.281451035121","1975.281451035121"
"14029","1600.6625950199107","1600.6625950199107","1600.6625950199107"
"14031","1060.2071491945585","1060.2071491945585","1060.2071491945585"
"14033","2662.103318496498","2662.103318496498","2662.103318496498"
"14035","1423.1720657004237","1423.1720657004237","1423.1720657004237"
"14037","1108.272141978906","1108.272141978906","1108.272141978906"
"14039","2775.4047294113343","2775.4047294113343","2775.4047294113343"
"14041","2465.980297979449","2465.980297979449","2465.980297979449"
"14043","1484.871705924172","1484.871705924172","1484.871705924172"
"14045","802.6311603840554","802.6311603840554","802.6311603840554"
"14047","882.1110048212284","882.1110048212284","882.1110048212284"
"14049","558.1565551538596","558.1565551538596","558.1565551538596"
"14051","2920.1603157390314","2920.1603157390314","2920.1603157390314"
"14053","2654.4912911259844","2654.4912911259844","2654.4912911259844"
"14055","2240.192788759948","2240.192788759948","2240.192788759948"
"14057","2664.8950142963467","2664.8950142963467","2664.8950142963467"
"14059","1127.9394719083405","1127.9394719083405","1127.9394719083405"
"14062","3499.132891941134","3499.132891941134","3499.132891941134"
"14064","2431.995488512606","2431.995488512606","2431.995488512606"
"14066","646.415866725407","646.415866725407","646.415866725407"
"14068","1281.8309932057134","1281.8309932057134","1281.8309932057134"
"14070","1568.6811732205588","1568.6811732205588","1568.6811732205588"
"14072","1613.8987987182693","1613.8987987182693","1613.8987987182693"
"14074","1786.9722073970856","1786.9722073970856","1786.9722073970856"
"14076","2441.2354218799214","2441.2354218799214","2441.2354218799214"
"14078","1199.57561960928","1199.57561960928","1199.57561960928"
"14080","1371.519718133072","1371.519718133072","1371.519718133072"
"14082","1157.9753368686033","1157.9753368686033","1157.9753368686033"
"14084","4646.758730061639","4646.758730061639","4646.758730061639"
"14088","1785.7564171861757","1785.7564171861757","1785.7564171861757"
"14090","1437.3382757269044","1437.3382757269044","1437.3382757269044"
"14092","776.2977880973107","776.2977880973107","776.2977880973107"
"14094","2221.9432632540224","2221.9432632540224","2221.9432632540224"
"14096","1085.8188176651709","1085.8188176651709","1085.8188176651709"
"14098","1070.1024778733317","1070.1024778733317","1070.1024778733317"
"14100","774.5132563153317","774.5132563153317","774.5132563153317"
"14104","2286.1708320542557","2286.1708320542557","2286.1708320542557"
"14106","1191.7841421451772","1191.7841421451772","1191.7841421451772"
"14108","1789.6485139354909","1789.6485139354909","1789.6485139354909"
"14110","1315.949887258385","1315.949887258385","1315.949887258385"
"14112","1363.3507298250147","1363.3507298250147","1363.3507298250147"
"14114","1864.8500695698817","1864.8500695698817","1864.8500695698817"
"14116","1929.965034017412","1929.965034017412","1929.965034017412"
"14118","2040.823512184803","2040.823512184803","2040.823512184803"
"14122","1290.8193869060028","1290.8193869060028","1290.8193869060028"
"14124","3042.365184467647","3042.365184467647","3042.365184467647"
"14126","1729.3877206588884","1729.3877206588884","1729.3877206588884"
"14128","2634.9146286871587","2634.9146286871587","2634.9146286871587"
"14130","1461.4824512836285","1461.4824512836285","1461.4824512836285"
"14132","2687.806167462024","2687.806167462024","2687.806167462024"
"14134","2352.083015498187","2352.083015498187","2352.083015498187"
"14136","1549.1517439609647","1549.1517439609647","1549.1517439609647"
"14138","1542.2784492473893","1542.2784492473893","1542.2784492473893"
"14140","1872.256775645484","1872.256775645484","1872.256775645484"
"14142","1936.7694785001668","1936.7694785001668","1936.7694785001668"
"14144","1672.835234714332","1672.835234714332","1672.835234714332"
"14146","1320.813614365148","1320.813614365148","1320.813614365148"
"14148","786.8732199883572","786.8732199883572","786.8732199883572"
"14150","1062.6003344228359","1062.6003344228359","1062.6003344228359"
"14152","1846.7026481633288","1846.7026481633288","1846.7026481633288"
"14154","1721.9320556928674","1721.9320556928674","1721.9320556928674"
"14156","1587.786859967121","1587.786859967121","1587.786859967121"
"14158","1183.85580202329","1183.85580202329","1183.85580202329"
"14160","1611.6747049922974","1611.6747049922974","1611.6747049922974"
"14162","2039.0056222166497","2039.0056222166497","2039.0056222166497"
"14164","2909.371699117228","2909.371699117228","2909.371699117228"
"14166","653.9959713809219","653.9959713809219","653.9959713809219"
"14170","1417.5830584493037","1417.5830584493037","1417.5830584493037"
"14172","1161.0000990090093","1161.0000990090093","1161.0000990090093"
"14174","1102.2973720654263","1102.2973720654263","1102.2973720654263"
"14176","1432.4651454135453","1432.4651454135453","1432.4651454135453"
"14178","1873.8510664823175","1873.8510664823175","1873.8510664823175"
"14180","1081.1319280527669","1081.1319280527669","1081.1319280527669"
"14182","1382.6268901287817","1382.6268901287817","1382.6268901287817"
"14184","1616.7875914988012","1616.7875914988012","1616.7875914988012"
"14186","1621.9880038971976","1621.9880038971976","1621.9880038971976"
"14188","1868.5880938534556","1868.5880938534556","1868.5880938534556"
"14190","2544.654849748388","2544.654849748388","2544.654849748388"
"14194","1434.779318794272","1434.779318794272","1434.779318794272"
"14196","1575.9212928126183","1575.9212928126183","1575.9212928126183"
"14198","1773.022334199388","1773.022334199388","1773.022334199388"
"14202","1583.617674764941","1583.617674764941","1583.617674764941"
"14206","548.853403574947","548.853403574947","548.853403574947"
"14208","1697.4849186130414","1697.4849186130414","1697.4849186130414"
"14210","2081.690955488659","2081.690955488659","2081.690955488659"
"14212","1672.2975669257123","1672.2975669257123","1672.2975669257123"
"14214","1422.3552065881033","1422.3552065881033","1422.3552065881033"
"14216","1931.8582471986892","1931.8582471986892","1931.8582471986892"
"14220","941.275059197355","941.275059197355","941.275059197355"
"14222","1144.9289997807114","1144.9289997807114","1144.9289997807114"
"14224","971.7737085295307","971.7737085295307","971.7737085295307"
"14226","1648.121521030757","1648.121521030757","1648.121521030757"
"14228","1723.9705908378946","1723.9705908378946","1723.9705908378946"
"14230","979.1908656420566","979.1908656420566","979.1908656420566"
"14232","1006.6674514233507","1006.6674514233507","1006.6674514233507"
"14234","953.9906213737228","953.9906213737228","953.9906213737228"
"14236","2094.5813499927203","2094.5813499927203","2094.5813499927203"
"14240","1522.3216591991861","1522.3216591991861","1522.3216591991861"
"14242","1212.1494826879996","1212.1494826879996","1212.1494826879996"
"14244","1897.2782001860091","1897.2782001860091","1897.2782001860091"
"14248","2748.556148186625","2748.556148186625","2748.556148186625"
"14252","3712.416906101215","3712.416906101215","3712.416906101215"
"14254","1118.7103969074901","1118.7103969074901","1118.7103969074901"
"14256","1256.436970067981","1256.436970067981","1256.436970067981"
"14258","3160.605013261587","3160.605013261587","3160.605013261587"
"14260","1419.4317093644102","1419.4317093644102","1419.4317093644102"
"14262","1121.19866754144","1121.19866754144","1121.19866754144"
"14266","1592.0545802352387","1592.0545802352387","1592.0545802352387"
"14268","2493.0419802333","2493.0419802333","2493.0419802333"
"14270","1594.7171203371126","1594.7171203371126","1594.7171203371126"
"14272","1511.3062061565106","1511.3062061565106","1511.3062061565106"
"14274","886.8375648181494","886.8375648181494","886.8375648181494"
"14276","1498.016118376716","1498.016118376716","1498.016118376716"
"14278","1901.6716296525174","1901.6716296525174","1901.6716296525174"
"14280","1312.5388616530686","1312.5388616530686","1312.5388616530686"
"14282","2015.592308666463","2015.592308666463","2015.592308666463"
"14284","1479.3519938806996","1479.3519938806996","1479.3519938806996"
"14286","1634.0605218969831","1634.0605218969831","1634.0605218969831"
"14288","2331.162666341733","2331.162666341733","2331.162666341733"
"14290","1528.6071800617565","1528.6071800617565","1528.6071800617565"
"14294","1118.8338909582615","1118.8338909582615","1118.8338909582615"
"14296","1777.5383517866744","1777.5383517866744","1777.5383517866744"
"14298","1276.6591025025473","1276.6591025025473","1276.6591025025473"
"14302","1733.2921599998435","1733.2921599998435","1733.2921599998435"
"14304","2372.377324721282","2372.377324721282","2372.377324721282"
"14306","2584.2423544519042","2584.2423544519042","2584.2423544519042"
"14310","1158.601531519002","1158.601531519002","1158.601531519002"
"14312","1712.6407745548918","1712.6407745548918","1712.6407745548918"
"14316","1021.8453198097742","1021.8453198097742","1021.8453198097742"
"14318","2283.616973988551","2283.616973988551","2283.616973988551"
"14320","1914.7813186833512","1914.7813186833512","1914.7813186833512"
"14322","845.6915376675502","845.6915376675502","845.6915376675502"
"14324","1459.3737515438056","1459.3737515438056","1459.3737515438056"
"14326","1393.4475884988817","1393.4475884988817","1393.4475884988817"
"14328","2055.4931642074885","2055.4931642074885","2055.4931642074885"
"14330","1389.471599079613","1389.471599079613","1389.471599079613"
"14332","2286.8457482628605","2286.8457482628605","2286.8457482628605"
"14334","1872.3244253309092","1872.3244253309092","1872.3244253309092"
"14336","1010.0068536522344","1010.0068536522344","1010.0068536522344"
"14338","1759.3877939263853","1759.3877939263853","1759.3877939263853"
"14340","1297.8683596888186","1297.8683596888186","1297.8683596888186"
"14342","1638.730181087529","1638.730181087529","1638.730181087529"
"14344","1768.19132079428","1768.19132079428","1768.19132079428"
"14346","1516.3372322818072","1516.3372322818072","1516.3372322818072"
"14348","1525.5426875674439","1525.5426875674439","1525.5426875674439"
"14350","2242.8357918348283","2242.8357918348283","2242.8357918348283"
"14352","1590.9318972631113","1590.9318972631113","1590.9318972631113"
"14354","3122.614904019731","3122.614904019731","3122.614904019731"
"14356","1167.4293991910415","1167.4293991910415","1167.4293991910415"
"14358","2165.4516505760794","2165.4516505760794","2165.4516505760794"
"14360","825.1460472614583","825.1460472614583","825.1460472614583"
"14362","2516.0112854449762","2516.0112854449762","2516.0112854449762"
"14364","1119.3290621709932","1119.3290621709932","1119.3290621709932"
"14368","1382.5842512734043","1382.5842512734043","1382.5842512734043"
"14370","1071.580508151163","1071.580508151163","1071.580508151163"
"14372","1446.7732033234186","1446.7732033234186","1446.7732033234186"
"14374","1760.838447262634","1760.838447262634","1760.838447262634"
"14376","1935.9354808879973","1935.9354808879973","1935.9354808879973"
"14378","976.9873648541967","976.9873648541967","976.9873648541967"
"14380","1528.2813728417493","1528.2813728417493","1528.2813728417493"
"14384","2420.331555433723","2420.331555433723","2420.331555433723"
"14388","1118.3130173397087","1118.3130173397087","1118.3130173397087"
"14390","1769.865989602581","1769.865989602581","1769.865989602581"
"14392","1339.9597512568457","1339.9597512568457","1339.9597512568457"
"14394","1731.5723310204237","1731.5723310204237","1731.5723310204237"
"14398","1957.9417914392454","1957.9417914392454","1957.9417914392454"
"14400","1279.5269009489105","1279.5269009489105","1279.5269009489105"
"14402","2356.897354242514","2356.897354242514","2356.897354242514"
"14404","1359.6036241919712","1359.6036241919712","1359.6036241919712"
"14406","1744.4710413190303","1744.4710413190303","1744.4710413190303"
"14408","3581.4909615930515","3581.4909615930515","3581.4909615930515"
"14412","1362.1639876361294","1362.1639876361294","1362.1639876361294"
"14414","872.9357851426336","872.9357851426336","872.9357851426336"
"14416","2400.2226327661606","2400.2226327661606","2400.2226327661606"
"14418","2425.7177200229685","2425.7177200229685","2425.7177200229685"
"14420","1384.1354458858364","1384.1354458858364","1384.1354458858364"
"14422","1713.0161683063616","1713.0161683063616","1713.0161683063616"
"14424","1194.409041456081","1194.409041456081","1194.409041456081"
"14428","1497.741921829536","1497.741921829536","1497.741921829536"
"14430","2488.0197438511905","2488.0197438511905","2488.0197438511905"
"14432","1801.6499846326024","1801.6499846326024","1801.6499846326024"
"14434","1445.0569829091792","1445.0569829091792","1445.0569829091792"
"14436","1964.5351903268017","1964.5351903268017","1964.5351903268017"
"14438","2853.200912092433","2853.200912092433","2853.200912092433"
"14440","941.617338566266","941.617338566266","941.617338566266"
"14442","1900.2913383431019","1900.2913383431019","1900.2913383431019"
"14444","3486.181304148136","3486.181304148136","3486.181304148136"
"14446","1918.310103951767","1918.310103951767","1918.310103951767"
"14448","2590.846263239332","2590.846263239332","2590.846263239332"
"14450","792.3307200951292","792.3307200951292","792.3307200951292"
"14452","1029.1486177312902","1029.1486177312902","1029.1486177312902"
"14454","1874.753916009531","1874.753916009531","1874.753916009531"
"14456","767.2910566031477","767.2910566031477","767.2910566031477"
"14458","1089.0675262077957","1089.0675262077957","1089.0675262077957"
"14460","1681.8319537481407","1681.8319537481407","1681.8319537481407"
"14462","1995.64577514176","1995.64577514176","1995.64577514176"
"14464","1608.6799361348535","1608.6799361348535","1608.6799361348535"
"14468","885.7904608209419","885.7904608209419","885.7904608209419"
"14470","1103.6313257918607","1103.6313257918607","1103.6313257918607"
"14472","2001.7888071498844","2001.7888071498844","2001.7888071498844"
"14474","1225.5000658081951","1225.5000658081951","1225.5000658081951"
"14476","760.6579044648927","760.6579044648927","760.6579044648927"
"14478","1781.8532056221568","1781.8532056221568","1781.8532056221568"
"14480","1522.0608971734214","1522.0608971734214","1522.0608971734214"
"14482","3083.052675043428","3083.052675043428","3083.052675043428"
"14484","1716.133749074652","1716.133749074652","1716.133749074652"
"14486","1737.226798598977","1737.226798598977","1737.226798598977"
"14488","1739.4821433562254","1739.4821433562254","1739.4821433562254"
"14490","2071.3417625647344","2071.3417625647344","2071.3417625647344"
"14494","1144.2932070143786","1144.2932070143786","1144.2932070143786"
"14496","1244.9900992365585","1244.9900992365585","1244.9900992365585"
"14498","2192.2742311228462","2192.2742311228462","2192.2742311228462"
"14500","2261.8658844784427","2261.8658844784427","2261.8658844784427"
"14502","3436.2733342879555","3436.2733342879555","3436.2733342879555"
"14504","1730.1236770879211","1730.1236770879211","1730.1236770879211"
"14506","1640.4809207321264","1640.4809207321264","1640.4809207321264"
"14508","2978.3896747912336","2978.3896747912336","2978.3896747912336"
"14510","1084.3384654132","1084.3384654132","1084.3384654132"
"14512","2527.026479343069","2527.026479343069","2527.026479343069"
"14514","1543.3535518550866","1543.3535518550866","1543.3535518550866"
"14516","2327.196713810058","2327.196713810058","2327.196713810058"
"14518","886.9804277689211","886.9804277689211","886.9804277689211"
"14520","887.6719455979833","887.6719455979833","887.6719455979833"
"14523","1265.1172343453816","1265.1172343453816","1265.1172343453816"
"14525","1514.254796165238","1514.254796165238","1514.254796165238"
"14527","1040.8339798213035","1040.8339798213035","1040.8339798213035"
"14529","1209.5215040252106","1209.5215040252106","1209.5215040252106"
"14531","1416.3536457576001","1416.3536457576001","1416.3536457576001"
"14533","1806.0421338969818","1806.0421338969818","1806.0421338969818"
"14535","2531.595106499976","2531.595106499976","2531.595106499976"
"14537","2987.4513757810773","2987.4513757810773","2987.4513757810773"
"14539","1271.5187654078045","1271.5187654078045","1271.5187654078045"
"14541","1208.7604349197786","1208.7604349197786","1208.7604349197786"
"14543","460.01015337073426","460.01015337073426","460.01015337073426"
"14545","3567.7065698475435","3567.7065698475435","3567.7065698475435"
"14547","2040.7007512962725","2040.7007512962725","2040.7007512962725"
"14551","888.9091091207254","888.9091091207254","888.9091091207254"
"14553","1658.256116543788","1658.256116543788","1658.256116543788"
"14555","1962.9207058399866","1962.9207058399866","1962.9207058399866"
"14557","1235.609253856354","1235.609253856354","1235.609253856354"
"14559","1415.5579188960462","1415.5579188960462","1415.5579188960462"
"14561","1789.2802451611417","1789.2802451611417","1789.2802451611417"
"14563","929.7429977810039","929.7429977810039","929.7429977810039"
"14567","1358.5072575962517","1358.5072575962517","1358.5072575962517"
"14569","1451.056253748314","1451.056253748314","1451.056253748314"
"14571","1331.4031367360117","1331.4031367360117","1331.4031367360117"
"14573","1238.1718599275096","1238.1718599275096","1238.1718599275096"
"14575","1735.9333039996152","1735.9333039996152","1735.9333039996152"
"14577","2452.8536403509243","2452.8536403509243","2452.8536403509243"
"14579","1269.0843382400421","1269.0843382400421","1269.0843382400421"
"14581","1439.611816975545","1439.611816975545","1439.611816975545"
"14583","853.3303945831565","853.3303945831565","853.3303945831565"
"14587","1755.4179942692463","1755.4179942692463","1755.4179942692463"
"14589","1423.3146521300303","1423.3146521300303","1423.3146521300303"
"14591","1029.8591160340482","1029.8591160340482","1029.8591160340482"
"14593","2199.6218445738946","2199.6218445738946","2199.6218445738946"
"14595","705.8871177220419","705.8871177220419","705.8871177220419"
"14597","1253.9406590479216","1253.9406590479216","1253.9406590479216"
"14599","2038.9821449611657","2038.9821449611657","2038.9821449611657"
"14601","1733.3809220409623","1733.3809220409623","1733.3809220409623"
"14603","2215.3258799685495","2215.3258799685495","2215.3258799685495"
"14605","1240.0656307496827","1240.0656307496827","1240.0656307496827"
"14607","2036.9380392436894","2036.9380392436894","2036.9380392436894"
"14609","1841.348020970581","1841.348020970581","1841.348020970581"
"14611","1247.4693072294924","1247.4693072294924","1247.4693072294924"
"14613","1610.0413068106054","1610.0413068106054","1610.0413068106054"
"14615","1643.358292521489","1643.358292521489","1643.358292521489"
"14617","2769.18649612599","2769.18649612599","2769.18649612599"
"14619","830.1539947393691","830.1539947393691","830.1539947393691"
"14621","1429.1685835484402","1429.1685835484402","1429.1685835484402"
"14623","979.6648339261108","979.6648339261108","979.6648339261108"
"14625","1720.8263470005281","1720.8263470005281","1720.8263470005281"
"14627","720.2358242793698","720.2358242793698","720.2358242793698"
"14629","2016.0588418563323","2016.0588418563323","2016.0588418563323"
"14631","1870.6286654705686","1870.6286654705686","1870.6286654705686"
"14633","1882.5719845954186","1882.5719845954186","1882.5719845954186"
"14635","1292.1816484394913","1292.1816484394913","1292.1816484394913"
"14637","1577.2227810087513","1577.2227810087513","1577.2227810087513"
"14639","1699.060235357889","1699.060235357889","1699.060235357889"
"14641","1366.5251489843436","1366.5251489843436","1366.5251489843436"
"14645","1217.1876258507248","1217.1876258507248","1217.1876258507248"
"14647","447.98367656558725","447.98367656558725","447.98367656558725"
"14649","1800.286330523046","1800.286330523046","1800.286330523046"
"14651","2086.546873171537","2086.546873171537","2086.546873171537"
"14653","1186.5850126513371","1186.5850126513371","1186.5850126513371"
"14655","1667.2973755700577","1667.2973755700577","1667.2973755700577"
"14657","1767.315713361424","1767.315713361424","1767.315713361424"
"14659","305.1716041279068","305.1716041279068","305.1716041279068"
"14663","1922.0528907943778","1922.0528907943778","1922.0528907943778"
"14665","991.5271498939704","991.5271498939704","991.5271498939704"
"14667","2523.628865358413","2523.628865358413","2523.628865358413"
"14673","1466.1387123784198","1466.1387123784198","1466.1387123784198"
"14675","1543.5333064154036","1543.5333064154036","1543.5333064154036"
"14677","2301.457938663323","2301.457938663323","2301.457938663323"
"14679","1008.3376806125377","1008.3376806125377","1008.3376806125377"
"14681","1199.908522568798","1199.908522568798","1199.908522568798"
"14683","770.1221946729607","770.1221946729607","770.1221946729607"
"14685","1466.7555095869195","1466.7555095869195","1466.7555095869195"
"14687","1286.473419574615","1286.473419574615","1286.473419574615"
"14689","1370.8374484873902","1370.8374484873902","1370.8374484873902"
"14691","2179.6480674321524","2179.6480674321524","2179.6480674321524"
"14693","1224.77964650298","1224.77964650298","1224.77964650298"
"14695","2036.4859844161454","2036.4859844161454","2036.4859844161454"
"14697","2222.388018360497","2222.388018360497","2222.388018360497"
"14699","880.1399420468898","880.1399420468898","880.1399420468898"
"14701","1762.3450863847756","1762.3450863847756","1762.3450863847756"
"14705","1951.3562776873196","1951.3562776873196","1951.3562776873196"
"14707","1660.6430574145306","1660.6430574145306","1660.6430574145306"
"14709","1490.5342510278033","1490.5342510278033","1490.5342510278033"
"14711","1919.6705503303851","1919.6705503303851","1919.6705503303851"
"14713","2817.7316010102663","2817.7316010102663","2817.7316010102663"
"14715","1718.8404883059745","1718.8404883059745","1718.8404883059745"
"14717","3558.1546684246414","3558.1546684246414","3558.1546684246414"
"14721","2010.2365829836954","2010.2365829836954","2010.2365829836954"
"14723","1404.887241105697","1404.887241105697","1404.887241105697"
"14725","980.4655280193263","980.4655280193263","980.4655280193263"
"14727","440.3354740663895","440.3354740663895","440.3354740663895"
"14729","764.7631706500811","764.7631706500811","764.7631706500811"
"14731","1406.600431648225","1406.600431648225","1406.600431648225"
"14733","1720.5411616122562","1720.5411616122562","1720.5411616122562"
"14735","618.3978899529892","618.3978899529892","618.3978899529892"
"14737","1697.6207585493507","1697.6207585493507","1697.6207585493507"
"14743","2170.773916581519","2170.773916581519","2170.773916581519"
"14747","2168.6341579071723","2168.6341579071723","2168.6341579071723"
"14749","1474.9719161455464","1474.9719161455464","1474.9719161455464"
"14751","2401.086121407576","2401.086121407576","2401.086121407576"
"14753","1315.6455329461605","1315.6455329461605","1315.6455329461605"
"14755","2384.462488826665","2384.462488826665","2384.462488826665"
"14757","1701.4965049829384","1701.4965049829384","1701.4965049829384"
"14759","1721.0383245692512","1721.0383245692512","1721.0383245692512"
"14761","1941.782057250355","1941.782057250355","1941.782057250355"
"14763","1840.078877450623","1840.078877450623","1840.078877450623"
"14765","2093.7666216233215","2093.7666216233215","2093.7666216233215"
"14767","1765.6009111195897","1765.6009111195897","1765.6009111195897"
"14769","2574.4877791886097","2574.4877791886097","2574.4877791886097"
"14771","1255.455925240379","1255.455925240379","1255.455925240379"
"14773","999.9489510440422","999.9489510440422","999.9489510440422"
"14779","1439.0466807238367","1439.0466807238367","1439.0466807238367"
"14781","1462.6217201516608","1462.6217201516608","1462.6217201516608"
"14783","1505.630173909825","1505.630173909825","1505.630173909825"
"14785","2179.2073250734543","2179.2073250734543","2179.2073250734543"
"14787","1343.5691556554966","1343.5691556554966","1343.5691556554966"
"14789","1022.3639186238062","1022.3639186238062","1022.3639186238062"
"14791","1098.196324424206","1098.196324424206","1098.196324424206"
"14793","1868.8110690839394","1868.8110690839394","1868.8110690839394"
"14795","2398.199989164443","2398.199989164443","2398.199989164443"
"14799","3270.6344411397704","3270.6344411397704","3270.6344411397704"
"14801","1692.9918504132675","1692.9918504132675","1692.9918504132675"
"14805","511.4424702236068","511.4424702236068","511.4424702236068"
"14807","1821.9556432382476","1821.9556432382476","1821.9556432382476"
"14809","1539.618924051746","1539.618924051746","1539.618924051746"
"14811","1847.6974974659447","1847.6974974659447","1847.6974974659447"
"14813","2046.333121141926","2046.333121141926","2046.333121141926"
"14815","1117.8292685294243","1117.8292685294243","1117.8292685294243"
"14817","1500.7051856698884","1500.7051856698884","1500.7051856698884"
"14823","1573.3783646412187","1573.3783646412187","1573.3783646412187"
"14825","1201.9808301438372","1201.9808301438372","1201.9808301438372"
"14827","1659.901094463219","1659.901094463219","1659.901094463219"
"14829","1630.6043756737129","1630.6043756737129","1630.6043756737129"
"14831","1834.6795378434094","1834.6795378434094","1834.6795378434094"
"14833","1881.1138135466015","1881.1138135466015","1881.1138135466015"
"14835","2177.343975021958","2177.343975021958","2177.343975021958"
"14839","1885.042516104947","1885.042516104947","1885.042516104947"
"14841","1405.6935799009134","1405.6935799009134","1405.6935799009134"
"14843","2623.274542613472","2623.274542613472","2623.274542613472"
"14845","1714.839442167324","1714.839442167324","1714.839442167324"
"14847","1851.579203308993","1851.579203308993","1851.579203308993"
"14849","1690.0508572929416","1690.0508572929416","1690.0508572929416"
"14851","3746.8952996067574","3746.8952996067574","3746.8952996067574"
"14853","1763.8304798546258","1763.8304798546258","1763.8304798546258"
"14855","1107.9022477440576","1107.9022477440576","1107.9022477440576"
"14857","2179.2926259742144","2179.2926259742144","2179.2926259742144"
"14859","774.6227928361478","774.6227928361478","774.6227928361478"
"14863","2254.0189823935416","2254.0189823935416","2254.0189823935416"
"14865","1670.9836294906397","1670.9836294906397","1670.9836294906397"
"14867","1672.3840531221688","1672.3840531221688","1672.3840531221688"
"14869","2701.6057612770574","2701.6057612770574","2701.6057612770574"
"14871","2239.741589625046","2239.741589625046","2239.741589625046"
"14875","1526.731756289813","1526.731756289813","1526.731756289813"
"14877","2032.2706335990974","2032.2706335990974","2032.2706335990974"
"14879","1299.3480960919412","1299.3480960919412","1299.3480960919412"
"14881","2228.850143159661","2228.850143159661","2228.850143159661"
"14883","1613.251607313143","1613.251607313143","1613.251607313143"
"14885","1614.0278827282245","1614.0278827282245","1614.0278827282245"
"14889","1149.645572187114","1149.645572187114","1149.645572187114"
"14891","1248.821843262434","1248.821843262434","1248.821843262434"
"14893","1370.1685014225498","1370.1685014225498","1370.1685014225498"
"14895","1489.554328791686","1489.554328791686","1489.554328791686"
"14897","1409.7790675950637","1409.7790675950637","1409.7790675950637"
"14899","846.1528930000126","846.1528930000126","846.1528930000126"
"14901","1186.0697471502574","1186.0697471502574","1186.0697471502574"
"14903","3745.8935744788414","3745.8935744788414","3745.8935744788414"
"14905","1424.4147506413012","1424.4147506413012","1424.4147506413012"
"14907","1817.2062373486813","1817.2062373486813","1817.2062373486813"
"14911","2056.3414447533182","2056.3414447533182","2056.3414447533182"
"14913","1623.5455390770267","1623.5455390770267","1623.5455390770267"
"14915","839.7596339307418","839.7596339307418","839.7596339307418"
"14919","2539.4245769854183","2539.4245769854183","2539.4245769854183"
"14921","1532.7844230265766","1532.7844230265766","1532.7844230265766"
"14923","1588.6863788498881","1588.6863788498881","1588.6863788498881"
"14927","755.4827868312431","755.4827868312431","755.4827868312431"
"14929","1095.7680120311727","1095.7680120311727","1095.7680120311727"
"14931","700.6933962571579","700.6933962571579","700.6933962571579"
"14933","1623.4505997056747","1623.4505997056747","1623.4505997056747"
"14935","1400.5778412324903","1400.5778412324903","1400.5778412324903"
"14939","1992.459559096019","1992.459559096019","1992.459559096019"
"14941","918.6566595748849","918.6566595748849","918.6566595748849"
"14943","1066.9668945632889","1066.9668945632889","1066.9668945632889"
"14945","2135.191048744383","2135.191048744383","2135.191048744383"
"14947","1018.5908606479917","1018.5908606479917","1018.5908606479917"
"14949","1933.650006333228","1933.650006333228","1933.650006333228"
"14951","2276.944542602134","2276.944542602134","2276.944542602134"
"14955","2542.5461565927453","2542.5461565927453","2542.5461565927453"
"14957","860.8762135128088","860.8762135128088","860.8762135128088"
"14959","1600.4553899307014","1600.4553899307014","1600.4553899307014"
"14961","1910.2778288797772","1910.2778288797772","1910.2778288797772"
"14963","1656.3766876388","1656.3766876388","1656.3766876388"
"14965","1877.8006181485432","1877.8006181485432","1877.8006181485432"
"14969","2021.685604086433","2021.685604086433","2021.685604086433"
"14971","1842.5059000513445","1842.5059000513445","1842.5059000513445"
"14973","1191.9864430008638","1191.9864430008638","1191.9864430008638"
"14975","1098.4880140038724","1098.4880140038724","1098.4880140038724"
"14977","2869.917700066002","2869.917700066002","2869.917700066002"
"14981","1313.0779441443808","1313.0779441443808","1313.0779441443808"
"14986","774.2014854153724","774.2014854153724","774.2014854153724"
"14988","1607.2875137073547","1607.2875137073547","1607.2875137073547"
"14990","1206.645396202487","1206.645396202487","1206.645396202487"
"14992","1239.0675650465435","1239.0675650465435","1239.0675650465435"
"14994","623.8997729390613","623.8997729390613","623.8997729390613"
"14996","2790.1572635381976","2790.1572635381976","2790.1572635381976"
"14998","1195.3557324538542","1195.3557324538542","1195.3557324538542"
"15000","2012.9275162564409","2012.9275162564409","2012.9275162564409"
"15002","2007.2625627933448","2007.2625627933448","2007.2625627933448"
"15004","496.50981212885154","496.50981212885154","496.50981212885154"
"15008","2962.5539368334908","2962.5539368334908","2962.5539368334908"
"15010","780.41246342957","780.41246342957","780.41246342957"
"15012","1237.1310132503884","1237.1310132503884","1237.1310132503884"
"15014","2024.0943755643168","2024.0943755643168","2024.0943755643168"
"15016","2245.815342773281","2245.815342773281","2245.815342773281"
"15018","2168.4682116083895","2168.4682116083895","2168.4682116083895"
"15020","3360.6684213039184","3360.6684213039184","3360.6684213039184"
"15022","2324.562287787211","2324.562287787211","2324.562287787211"
"15026","1571.8628977694568","1571.8628977694568","1571.8628977694568"
"15028","1675.841008078979","1675.841008078979","1675.841008078979"
"15030","1581.7448274331298","1581.7448274331298","1581.7448274331298"
"15032","2568.210553981341","2568.210553981341","2568.210553981341"
"15034","1464.997219947221","1464.997219947221","1464.997219947221"
"15036","1953.4220469609147","1953.4220469609147","1953.4220469609147"
"15038","1695.4218438040468","1695.4218438040468","1695.4218438040468"
"15044","1353.645285468916","1353.645285468916","1353.645285468916"
"15046","1551.82817994559","1551.82817994559","1551.82817994559"
"15048","1765.5826601505128","1765.5826601505128","1765.5826601505128"
"15050","1406.6656478567224","1406.6656478567224","1406.6656478567224"
"15052","1355.5019165730478","1355.5019165730478","1355.5019165730478"
"15054","1653.5423026128335","1653.5423026128335","1653.5423026128335"
"15058","1354.808212190778","1354.808212190778","1354.808212190778"
"15062","1702.7768339152242","1702.7768339152242","1702.7768339152242"
"15064","555.0181434297996","555.0181434297996","555.0181434297996"
"15066","1730.284728433121","1730.284728433121","1730.284728433121"
"15068","1188.65320402256","1188.65320402256","1188.65320402256"
"15070","2911.6318309227067","2911.6318309227067","2911.6318309227067"
"15072","1392.8700070302373","1392.8700070302373","1392.8700070302373"
"15074","1593.0504338760363","1593.0504338760363","1593.0504338760363"
"15078","2006.7588067372974","2006.7588067372974","2006.7588067372974"
"15080","1334.3808156139137","1334.3808156139137","1334.3808156139137"
"15082","1580.4288543251685","1580.4288543251685","1580.4288543251685"
"15086","1094.1614501071692","1094.1614501071692","1094.1614501071692"
"15088","1570.0010019195906","1570.0010019195906","1570.0010019195906"
"15090","1303.0394064056088","1303.0394064056088","1303.0394064056088"
"15092","1240.935127654218","1240.935127654218","1240.935127654218"
"15094","2681.741272217698","2681.741272217698","2681.741272217698"
"15096","1281.3989099172097","1281.3989099172097","1281.3989099172097"
"15098","1564.8605873318113","1564.8605873318113","1564.8605873318113"
"15100","1071.3245243403403","1071.3245243403403","1071.3245243403403"
"15102","918.6821052869874","918.6821052869874","918.6821052869874"
"15104","1468.9748368747091","1468.9748368747091","1468.9748368747091"
"15106","2290.9567647333924","2290.9567647333924","2290.9567647333924"
"15108","2321.812000677854","2321.812000677854","2321.812000677854"
"15110","1345.5422724689565","1345.5422724689565","1345.5422724689565"
"15112","1778.1024403473436","1778.1024403473436","1778.1024403473436"
"15114","623.315911518646","623.315911518646","623.315911518646"
"15116","1948.569134117868","1948.569134117868","1948.569134117868"
"15120","949.4990143067746","949.4990143067746","949.4990143067746"
"15124","1296.369764429065","1296.369764429065","1296.369764429065"
"15126","1118.9048928251373","1118.9048928251373","1118.9048928251373"
"15128","1356.8798876796916","1356.8798876796916","1356.8798876796916"
"15134","1280.027719482521","1280.027719482521","1280.027719482521"
"15138","978.439244317809","978.439244317809","978.439244317809"
"15140","928.5771406929418","928.5771406929418","928.5771406929418"
"15142","2189.8276853431466","2189.8276853431466","2189.8276853431466"
"15144","1104.6930799923352","1104.6930799923352","1104.6930799923352"
"15146","1118.80513100669","1118.80513100669","1118.80513100669"
"15148","1181.8289409676847","1181.8289409676847","1181.8289409676847"
"15150","1371.0097289900111","1371.0097289900111","1371.0097289900111"
"15152","1325.8114466827758","1325.8114466827758","1325.8114466827758"
"15154","2365.6225035640387","2365.6225035640387","2365.6225035640387"
"15156","747.4568557528131","747.4568557528131","747.4568557528131"
"15158","1659.933636269489","1659.933636269489","1659.933636269489"
"15160","1698.6472166164976","1698.6472166164976","1698.6472166164976"
"15162","1305.1615727454346","1305.1615727454346","1305.1615727454346"
"15164","2490.547459686439","2490.547459686439","2490.547459686439"
"15166","2886.5452922073973","2886.5452922073973","2886.5452922073973"
"15168","887.728599201224","887.728599201224","887.728599201224"
"15172","1994.911743431141","1994.911743431141","1994.911743431141"
"15174","1044.7830036611745","1044.7830036611745","1044.7830036611745"
"15176","1531.0716695484857","1531.0716695484857","1531.0716695484857"
"15178","2019.3884299152523","2019.3884299152523","2019.3884299152523"
"15180","1767.218748199198","1767.218748199198","1767.218748199198"
"15182","1132.3801399427598","1132.3801399427598","1132.3801399427598"
"15184","1396.679897892461","1396.679897892461","1396.679897892461"
"15186","795.720612956907","795.720612956907","795.720612956907"
"15188","904.0193688078929","904.0193688078929","904.0193688078929"
"15190","2292.40116717539","2292.40116717539","2292.40116717539"
"15192","1371.3166688727301","1371.3166688727301","1371.3166688727301"
"15194","1294.4940087412576","1294.4940087412576","1294.4940087412576"
"15198","1330.4945200128464","1330.4945200128464","1330.4945200128464"
"15200","1899.603513080668","1899.603513080668","1899.603513080668"
"15202","1960.0746490534057","1960.0746490534057","1960.0746490534057"
"15204","1044.3376530065477","1044.3376530065477","1044.3376530065477"
"15206","1527.4465823861697","1527.4465823861697","1527.4465823861697"
"15208","1070.374067651921","1070.374067651921","1070.374067651921"
"15212","2398.9285640440303","2398.9285640440303","2398.9285640440303"
"15214","1897.56209986798","1897.56209986798","1897.56209986798"
"15216","955.5470382294817","955.5470382294817","955.5470382294817"
"15218","1230.9883549482838","1230.9883549482838","1230.9883549482838"
"15220","2371.0584747857865","2371.0584747857865","2371.0584747857865"
"15222","1821.3215842935645","1821.3215842935645","1821.3215842935645"
"15224","1608.9726195029818","1608.9726195029818","1608.9726195029818"
"15230","894.4018574380183","894.4018574380183","894.4018574380183"
"15232","1409.1001872836748","1409.1001872836748","1409.1001872836748"
"15234","499.5533654535045","499.5533654535045","499.5533654535045"
"15238","2183.143671700184","2183.143671700184","2183.143671700184"
"15240","1080.634034424055","1080.634034424055","1080.634034424055"
"15242","2623.464827994442","2623.464827994442","2623.464827994442"
"15244","1372.3719933795942","1372.3719933795942","1372.3719933795942"
"15246","1966.8744591844636","1966.8744591844636","1966.8744591844636"
"15248","1143.1402877533067","1143.1402877533067","1143.1402877533067"
"15250","2358.1678068439683","2358.1678068439683","2358.1678068439683"
"15252","2302.203456123808","2302.203456123808","2302.203456123808"
"15254","1603.576510315434","1603.576510315434","1603.576510315434"
"15256","1419.907319257973","1419.907319257973","1419.907319257973"
"15258","3008.3422999279214","3008.3422999279214","3008.3422999279214"
"15260","1234.8202177105725","1234.8202177105725","1234.8202177105725"
"15262","1630.7940441454643","1630.7940441454643","1630.7940441454643"
"15264","1382.7639587417134","1382.7639587417134","1382.7639587417134"
"15268","682.2161758619445","682.2161758619445","682.2161758619445"
"15270","1277.9938271418964","1277.9938271418964","1277.9938271418964"
"15272","1995.47543065849","1995.47543065849","1995.47543065849"
"15274","1041.9943611958934","1041.9943611958934","1041.9943611958934"
"15276","1989.0763729537623","1989.0763729537623","1989.0763729537623"
"15280","1193.04368577543","1193.04368577543","1193.04368577543"
"15282","1370.1213284658988","1370.1213284658988","1370.1213284658988"
"15286","1597.7697705181386","1597.7697705181386","1597.7697705181386"
"15288","2411.3042159434685","2411.3042159434685","2411.3042159434685"
"15290","1784.7058543973249","1784.7058543973249","1784.7058543973249"
"15292","1868.7040203714982","1868.7040203714982","1868.7040203714982"
"15294","2295.63040651432","2295.63040651432","2295.63040651432"
"15296","2169.820664703921","2169.820664703921","2169.820664703921"
"15298","1932.7596348816073","1932.7596348816073","1932.7596348816073"
"15300","1385.2705579690705","1385.2705579690705","1385.2705579690705"
"15302","705.5252221571416","705.5252221571416","705.5252221571416"
"15304","1658.0863839651988","1658.0863839651988","1658.0863839651988"
"15306","2841.323341164845","2841.323341164845","2841.323341164845"
"15308","1314.4806211409955","1314.4806211409955","1314.4806211409955"
"15310","911.6025594861221","911.6025594861221","911.6025594861221"
"15312","1765.1188323195008","1765.1188323195008","1765.1188323195008"
"15314","1212.8944120486196","1212.8944120486196","1212.8944120486196"
"15316","2067.797861074809","2067.797861074809","2067.797861074809"
"15320","1145.7598637377487","1145.7598637377487","1145.7598637377487"
"15322","1023.2761925691613","1023.2761925691613","1023.2761925691613"
"15326","1228.7453283549046","1228.7453283549046","1228.7453283549046"
"15328","2576.465506084192","2576.465506084192","2576.465506084192"
"15330","1160.087188437647","1160.087188437647","1160.087188437647"
"15332","1291.5603683042436","1291.5603683042436","1291.5603683042436"
"15334","1145.9921506432734","1145.9921506432734","1145.9921506432734"
"15336","1149.611102111639","1149.611102111639","1149.611102111639"
"15338","1765.7395806732254","1765.7395806732254","1765.7395806732254"
"15342","2071.363973814151","2071.363973814151","2071.363973814151"
"15344","1135.974655238965","1135.974655238965","1135.974655238965"
"15346","1378.4959955458232","1378.4959955458232","1378.4959955458232"
"15348","2453.323802667636","2453.323802667636","2453.323802667636"
"15350","2072.804408811745","2072.804408811745","2072.804408811745"
"15352","1430.512898762312","1430.512898762312","1430.512898762312"
"15354","2087.5573351689854","2087.5573351689854","2087.5573351689854"
"15356","1629.8672519350177","1629.8672519350177","1629.8672519350177"
"15358","1553.6920125541217","1553.6920125541217","1553.6920125541217"
"15360","1856.7026954193693","1856.7026954193693","1856.7026954193693"
"15362","2095.5890044953003","2095.5890044953003","2095.5890044953003"
"15364","1151.3359706228505","1151.3359706228505","1151.3359706228505"
"15366","1219.0688064723035","1219.0688064723035","1219.0688064723035"
"15368","1214.4664135460812","1214.4664135460812","1214.4664135460812"
"15370","1868.446141357141","1868.446141357141","1868.446141357141"
"15372","1142.8746629294321","1142.8746629294321","1142.8746629294321"
"15374","2496.1720903547007","2496.1720903547007","2496.1720903547007"
"15376","1066.9795510920967","1066.9795510920967","1066.9795510920967"
"15378","936.9351254835735","936.9351254835735","936.9351254835735"
"15382","1125.679910031107","1125.679910031107","1125.679910031107"
"15384","1095.7979715404929","1095.7979715404929","1095.7979715404929"
"15386","1387.9564966985508","1387.9564966985508","1387.9564966985508"
"15388","1157.41048228553","1157.41048228553","1157.41048228553"
"15392","2983.3784586585543","2983.3784586585543","2983.3784586585543"
"15394","2845.9936136393894","2845.9936136393894","2845.9936136393894"
"15396","1275.6011812452527","1275.6011812452527","1275.6011812452527"
"15402","2061.2010550138702","2061.2010550138702","2061.2010550138702"
"15406","1119.2376176302755","1119.2376176302755","1119.2376176302755"
"15410","2226.551541083956","2226.551541083956","2226.551541083956"
"15412","2219.2669857170545","2219.2669857170545","2219.2669857170545"
"15414","2088.890125492913","2088.890125492913","2088.890125492913"
"15416","2189.2322765790364","2189.2322765790364","2189.2322765790364"
"15418","708.8908575189147","708.8908575189147","708.8908575189147"
"15420","1558.9100605173562","1558.9100605173562","1558.9100605173562"
"15424","2724.7210790781246","2724.7210790781246","2724.7210790781246"
"15426","1965.70787330916","1965.70787330916","1965.70787330916"
"15428","2899.5349533765375","2899.5349533765375","2899.5349533765375"
"15430","1358.737445271455","1358.737445271455","1358.737445271455"
"15434","1475.4506420869272","1475.4506420869272","1475.4506420869272"
"15436","1998.5929993833902","1998.5929993833902","1998.5929993833902"
"15438","1908.3931710164018","1908.3931710164018","1908.3931710164018"
"15440","2097.3040322339357","2097.3040322339357","2097.3040322339357"
"15442","2989.935323659995","2989.935323659995","2989.935323659995"
"15445","2824.1886860156133","2824.1886860156133","2824.1886860156133"
"15447","3054.835850071932","3054.835850071932","3054.835850071932"
"15449","1328.2502339727453","1328.2502339727453","1328.2502339727453"
"15451","1891.1348947894887","1891.1348947894887","1891.1348947894887"
"15453","2734.237939941758","2734.237939941758","2734.237939941758"
"15455","1657.7948437181053","1657.7948437181053","1657.7948437181053"
"15457","1953.7089428581162","1953.7089428581162","1953.7089428581162"
"15461","1671.760227595511","1671.760227595511","1671.760227595511"
"15463","1374.5384823512486","1374.5384823512486","1374.5384823512486"
"15465","1806.6321707862792","1806.6321707862792","1806.6321707862792"
"15467","2183.3927901437505","2183.3927901437505","2183.3927901437505"
"15469","1423.4121444947925","1423.4121444947925","1423.4121444947925"
"15473","1523.6326239411799","1523.6326239411799","1523.6326239411799"
"15475","1971.0977459782732","1971.0977459782732","1971.0977459782732"
"15477","1803.3326252579254","1803.3326252579254","1803.3326252579254"
"15479","1805.9520955906078","1805.9520955906078","1805.9520955906078"
"15481","1631.125011625048","1631.125011625048","1631.125011625048"
"15483","1952.9395969130687","1952.9395969130687","1952.9395969130687"
"15485","2316.6017176479554","2316.6017176479554","2316.6017176479554"
"15487","1018.9198271957256","1018.9198271957256","1018.9198271957256"
"15489","2528.2602137277545","2528.2602137277545","2528.2602137277545"
"15491","662.0274946058089","662.0274946058089","662.0274946058089"
"15493","2234.7347130026947","2234.7347130026947","2234.7347130026947"
"15495","3177.873351675231","3177.873351675231","3177.873351675231"
"15497","1191.9680037116473","1191.9680037116473","1191.9680037116473"
"15499","2886.550325428091","2886.550325428091","2886.550325428091"
"15501","766.6781563368689","766.6781563368689","766.6781563368689"
"15503","1831.8874245739291","1831.8874245739291","1831.8874245739291"
"15505","998.6728582591478","998.6728582591478","998.6728582591478"
"15507","1867.2252435739997","1867.2252435739997","1867.2252435739997"
"15509","1427.172021708825","1427.172021708825","1427.172021708825"
"15511","1522.965296898619","1522.965296898619","1522.965296898619"
"15513","1233.6480227194925","1233.6480227194925","1233.6480227194925"
"15515","1977.71829805389","1977.71829805389","1977.71829805389"
"15517","2043.6566436513806","2043.6566436513806","2043.6566436513806"
"15519","1652.9580185175207","1652.9580185175207","1652.9580185175207"
"15525","1608.7443125193731","1608.7443125193731","1608.7443125193731"
"15527","1393.2620398187564","1393.2620398187564","1393.2620398187564"
"15529","1340.0555935312486","1340.0555935312486","1340.0555935312486"
"15531","833.1299107589997","833.1299107589997","833.1299107589997"
"15533","1278.7123793580313","1278.7123793580313","1278.7123793580313"
"15535","2181.152432563187","2181.152432563187","2181.152432563187"
"15537","1243.7756360828905","1243.7756360828905","1243.7756360828905"
"15539","965.6665918812351","965.6665918812351","965.6665918812351"
"15541","1473.971475221348","1473.971475221348","1473.971475221348"
"15545","1426.8625418093675","1426.8625418093675","1426.8625418093675"
"15547","2033.798929328104","2033.798929328104","2033.798929328104"
"15549","1137.9477421430634","1137.9477421430634","1137.9477421430634"
"15551","1806.7997011825753","1806.7997011825753","1806.7997011825753"
"15553","1194.682814037344","1194.682814037344","1194.682814037344"
"15555","1454.4550950766009","1454.4550950766009","1454.4550950766009"
"15557","1552.1413042349304","1552.1413042349304","1552.1413042349304"
"15559","1194.2153395669332","1194.2153395669332","1194.2153395669332"
"15561","1642.1798309343096","1642.1798309343096","1642.1798309343096"
"15563","1723.3343649480041","1723.3343649480041","1723.3343649480041"
"15565","1317.131601054787","1317.131601054787","1317.131601054787"
"15569","1779.2709089074106","1779.2709089074106","1779.2709089074106"
"15573","1555.2042864188777","1555.2042864188777","1555.2042864188777"
"15577","1738.4469564085698","1738.4469564085698","1738.4469564085698"
"15579","2894.3588009840005","2894.3588009840005","2894.3588009840005"
"15581","1172.798190462844","1172.798190462844","1172.798190462844"
"15583","1944.4262389246596","1944.4262389246596","1944.4262389246596"
"15585","1534.7200531090741","1534.7200531090741","1534.7200531090741"
"15587","1390.9815025911412","1390.9815025911412","1390.9815025911412"
"15589","1778.457627920718","1778.457627920718","1778.457627920718"
"15591","1540.6125826460955","1540.6125826460955","1540.6125826460955"
"15593","1655.0378997574642","1655.0378997574642","1655.0378997574642"
"15597","2188.1933475858727","2188.1933475858727","2188.1933475858727"
"15601","894.5503316118426","894.5503316118426","894.5503316118426"
"15603","865.7021764838355","865.7021764838355","865.7021764838355"
"15605","1047.278981050713","1047.278981050713","1047.278981050713"
"15607","3443.099359917848","3443.099359917848","3443.099359917848"
"15609","2330.8144274981278","2330.8144274981278","2330.8144274981278"
"15611","1166.1524923945728","1166.1524923945728","1166.1524923945728"
"15613","1168.341873685765","1168.341873685765","1168.341873685765"
"15617","3094.4412499572436","3094.4412499572436","3094.4412499572436"
"15619","948.2482847102185","948.2482847102185","948.2482847102185"
"15621","1830.9853095580445","1830.9853095580445","1830.9853095580445"
"15623","2064.9849523326257","2064.9849523326257","2064.9849523326257"
"15625","1367.0696480228917","1367.0696480228917","1367.0696480228917"
"15629","2789.398258632795","2789.398258632795","2789.398258632795"
"15631","3549.7135953483853","3549.7135953483853","3549.7135953483853"
"15633","1254.0410703153673","1254.0410703153673","1254.0410703153673"
"15635","1141.7588940521039","1141.7588940521039","1141.7588940521039"
"15637","1328.051368691863","1328.051368691863","1328.051368691863"
"15639","1424.9379786580064","1424.9379786580064","1424.9379786580064"
"15641","1063.4180601087971","1063.4180601087971","1063.4180601087971"
"15645","1747.21959320161","1747.21959320161","1747.21959320161"
"15647","1260.9920150761538","1260.9920150761538","1260.9920150761538"
"15649","1152.698656160232","1152.698656160232","1152.698656160232"
"15651","1094.0092069154095","1094.0092069154095","1094.0092069154095"
"15653","1253.244614659573","1253.244614659573","1253.244614659573"
"15655","1065.6810380095317","1065.6810380095317","1065.6810380095317"
"15657","1179.3914385520752","1179.3914385520752","1179.3914385520752"
"15659","1180.5922215820217","1180.5922215820217","1180.5922215820217"
"15661","1224.0845956675532","1224.0845956675532","1224.0845956675532"
"15663","1241.5168169211931","1241.5168169211931","1241.5168169211931"
"15667","1378.6881250001074","1378.6881250001074","1378.6881250001074"
"15669","2071.700800251078","2071.700800251078","2071.700800251078"
"15671","1772.758521958336","1772.758521958336","1772.758521958336"
"15673","862.8668880263011","862.8668880263011","862.8668880263011"
"15675","1186.5569137434711","1186.5569137434711","1186.5569137434711"
"15677","1625.60295417823","1625.60295417823","1625.60295417823"
"15681","1069.2511921227788","1069.2511921227788","1069.2511921227788"
"15683","1157.450030676706","1157.450030676706","1157.450030676706"
"15689","2780.3072671068167","2780.3072671068167","2780.3072671068167"
"15691","2183.1070693694246","2183.1070693694246","2183.1070693694246"
"15693","1143.253811314993","1143.253811314993","1143.253811314993"
"15695","2184.109359082427","2184.109359082427","2184.109359082427"
"15697","961.6210897985517","961.6210897985517","961.6210897985517"
"15699","1334.368182774624","1334.368182774624","1334.368182774624"
"15701","1239.7005028471867","1239.7005028471867","1239.7005028471867"
"15703","1237.3790387438296","1237.3790387438296","1237.3790387438296"
"15705","2363.6801044180265","2363.6801044180265","2363.6801044180265"
"15709","1562.6884585214632","1562.6884585214632","1562.6884585214632"
"15711","2290.543945876866","2290.543945876866","2290.543945876866"
"15713","2404.9163627654284","2404.9163627654284","2404.9163627654284"
"15715","1831.2823344816381","1831.2823344816381","1831.2823344816381"
"15717","1004.5506472397718","1004.5506472397718","1004.5506472397718"
"15719","1238.0766684550329","1238.0766684550329","1238.0766684550329"
"15721","1516.8313922633713","1516.8313922633713","1516.8313922633713"
"15723","1280.1977436376765","1280.1977436376765","1280.1977436376765"
"15725","2376.411391927441","2376.411391927441","2376.411391927441"
"15729","2275.7783649451176","2275.7783649451176","2275.7783649451176"
"15731","1115.9952026971428","1115.9952026971428","1115.9952026971428"
"15733","2757.6565738936943","2757.6565738936943","2757.6565738936943"
"15735","887.435692569529","887.435692569529","887.435692569529"
"15737","1720.3475290278334","1720.3475290278334","1720.3475290278334"
"15739","1333.497904018876","1333.497904018876","1333.497904018876"
"15741","2030.0270030088418","2030.0270030088418","2030.0270030088418"
"15743","851.1993449725351","851.1993449725351","851.1993449725351"
"15745","1630.9159663084051","1630.9159663084051","1630.9159663084051"
"15749","2488.1949956247827","2488.1949956247827","2488.1949956247827"
"15751","2154.6100032665363","2154.6100032665363","2154.6100032665363"
"15753","1166.121744793325","1166.121744793325","1166.121744793325"
"15755","1596.7042436957072","1596.7042436957072","1596.7042436957072"
"15757","1903.8592104604882","1903.8592104604882","1903.8592104604882"
"15759","1178.6793022682818","1178.6793022682818","1178.6793022682818"
"15761","984.6098256444956","984.6098256444956","984.6098256444956"
"15763","979.7846565712973","979.7846565712973","979.7846565712973"
"15765","1226.2606188550565","1226.2606188550565","1226.2606188550565"
"15769","2119.7333144295944","2119.7333144295944","2119.7333144295944"
"15771","1830.7572186755","1830.7572186755","1830.7572186755"
"15773","2908.283629625749","2908.283629625749","2908.283629625749"
"15775","2760.4324712240877","2760.4324712240877","2760.4324712240877"
"15777","2027.7996285685952","2027.7996285685952","2027.7996285685952"
"15779","1506.209034778178","1506.209034778178","1506.209034778178"
"15781","1418.1658762794268","1418.1658762794268","1418.1658762794268"
"15783","1018.9982478917083","1018.9982478917083","1018.9982478917083"
"15785","1794.7771431203737","1794.7771431203737","1794.7771431203737"
"15789","1424.9081747267646","1424.9081747267646","1424.9081747267646"
"15791","2155.0574183614476","2155.0574183614476","2155.0574183614476"
"15793","1597.090268788886","1597.090268788886","1597.090268788886"
"15797","1121.5701137867816","1121.5701137867816","1121.5701137867816"
"15799","1048.5693738494585","1048.5693738494585","1048.5693738494585"
"15801","1860.275867754465","1860.275867754465","1860.275867754465"
"15803","1574.041240613704","1574.041240613704","1574.041240613704"
"15805","946.3136352875905","946.3136352875905","946.3136352875905"
"15807","981.6302414696726","981.6302414696726","981.6302414696726"
"15809","1136.3487296860665","1136.3487296860665","1136.3487296860665"
"15811","912.629895893482","912.629895893482","912.629895893482"
"15813","2377.9766853591636","2377.9766853591636","2377.9766853591636"
"15815","1241.141385606594","1241.141385606594","1241.141385606594"
"15817","1133.8578531061937","1133.8578531061937","1133.8578531061937"
"15819","2100.9432082273847","2100.9432082273847","2100.9432082273847"
"15823","1156.8695837612304","1156.8695837612304","1156.8695837612304"
"15827","1187.4399452332875","1187.4399452332875","1187.4399452332875"
"15829","1604.5244089467942","1604.5244089467942","1604.5244089467942"
"15831","2322.551546068866","2322.551546068866","2322.551546068866"
"15833","2270.3757298926275","2270.3757298926275","2270.3757298926275"
"15835","1211.4133976430628","1211.4133976430628","1211.4133976430628"
"15837","889.9396195818103","889.9396195818103","889.9396195818103"
"15839","1990.0481574003925","1990.0481574003925","1990.0481574003925"
"15843","2610.1371828380143","2610.1371828380143","2610.1371828380143"
"15845","2220.4417038759448","2220.4417038759448","2220.4417038759448"
"15847","1162.1950823169063","1162.1950823169063","1162.1950823169063"
"15849","2096.8620601203625","2096.8620601203625","2096.8620601203625"
"15851","1614.5519027932185","1614.5519027932185","1614.5519027932185"
"15853","998.2748088607973","998.2748088607973","998.2748088607973"
"15855","990.2257204147836","990.2257204147836","990.2257204147836"
"15857","3098.900644849991","3098.900644849991","3098.900644849991"
"15859","1898.0191754951718","1898.0191754951718","1898.0191754951718"
"15861","3060.1274389177233","3060.1274389177233","3060.1274389177233"
"15863","2353.2720099396233","2353.2720099396233","2353.2720099396233"
"15865","1784.145837221543","1784.145837221543","1784.145837221543"
"15867","1037.5101837985499","1037.5101837985499","1037.5101837985499"
"15869","1816.637168070244","1816.637168070244","1816.637168070244"
"15871","1436.028821322241","1436.028821322241","1436.028821322241"
"15873","898.1572107878194","898.1572107878194","898.1572107878194"
"15875","1407.452373931192","1407.452373931192","1407.452373931192"
"15877","2534.3581414279365","2534.3581414279365","2534.3581414279365"
"15879","3155.8384390938186","3155.8384390938186","3155.8384390938186"
"15881","1620.8191719535664","1620.8191719535664","1620.8191719535664"
"15883","1410.9154636144997","1410.9154636144997","1410.9154636144997"
"15885","1951.2172918981257","1951.2172918981257","1951.2172918981257"
"15887","1491.624920831843","1491.624920831843","1491.624920831843"
"15889","472.4083636625768","472.4083636625768","472.4083636625768"
"15891","1309.1210114403643","1309.1210114403643","1309.1210114403643"
"15895","944.9153432348288","944.9153432348288","944.9153432348288"
"15897","1752.1546757159338","1752.1546757159338","1752.1546757159338"
"15899","1924.2330793001306","1924.2330793001306","1924.2330793001306"
"15901","793.6540799117834","793.6540799117834","793.6540799117834"
"15903","1809.6315524860152","1809.6315524860152","1809.6315524860152"
"15906","922.3008909676853","922.3008909676853","922.3008909676853"
"15908","2686.598554508826","2686.598554508826","2686.598554508826"
"15910","1857.2597894234714","1857.2597894234714","1857.2597894234714"
"15914","1982.1348123405571","1982.1348123405571","1982.1348123405571"
"15918","915.905632703057","915.905632703057","915.905632703057"
"15920","1596.0029894603908","1596.0029894603908","1596.0029894603908"
"15922","1749.494155936171","1749.494155936171","1749.494155936171"
"15924","855.625763074954","855.625763074954","855.625763074954"
"15926","951.1187928288376","951.1187928288376","951.1187928288376"
"15928","1662.894739168762","1662.894739168762","1662.894739168762"
"15930","1310.284362288883","1310.284362288883","1310.284362288883"
"15932","1960.9785493604431","1960.9785493604431","1960.9785493604431"
"15936","1343.0029239489565","1343.0029239489565","1343.0029239489565"
"15938","879.4336061411791","879.4336061411791","879.4336061411791"
"15940","1608.6168308834676","1608.6168308834676","1608.6168308834676"
"15942","1284.9795095316615","1284.9795095316615","1284.9795095316615"
"15944","2324.5583614699913","2324.5583614699913","2324.5583614699913"
"15946","1068.4912319513082","1068.4912319513082","1068.4912319513082"
"15948","1735.2203143477882","1735.2203143477882","1735.2203143477882"
"15950","1833.5999155936422","1833.5999155936422","1833.5999155936422"
"15952","2247.1442046733923","2247.1442046733923","2247.1442046733923"
"15954","2052.5434279987544","2052.5434279987544","2052.5434279987544"
"15956","2170.7660224538067","2170.7660224538067","2170.7660224538067"
"15958","925.8644935750326","925.8644935750326","925.8644935750326"
"15960","536.1789099881964","536.1789099881964","536.1789099881964"
"15962","1584.7287904117743","1584.7287904117743","1584.7287904117743"
"15964","1392.803609925353","1392.803609925353","1392.803609925353"
"15966","2085.9468081263053","2085.9468081263053","2085.9468081263053"
"15968","1612.6220016568416","1612.6220016568416","1612.6220016568416"
"15970","855.6666885506344","855.6666885506344","855.6666885506344"
"15972","1646.7709320238528","1646.7709320238528","1646.7709320238528"
"15974","1027.7266459680052","1027.7266459680052","1027.7266459680052"
"15976","1075.9969645317992","1075.9969645317992","1075.9969645317992"
"15978","1361.8758425593996","1361.8758425593996","1361.8758425593996"
"15980","1731.4045143376932","1731.4045143376932","1731.4045143376932"
"15982","2296.4388115287375","2296.4388115287375","2296.4388115287375"
"15986","2009.1868643244527","2009.1868643244527","2009.1868643244527"
"15988","1773.151651947906","1773.151651947906","1773.151651947906"
"15990","1829.2038782508553","1829.2038782508553","1829.2038782508553"
"15994","2117.7918673013055","2117.7918673013055","2117.7918673013055"
"15996","897.3949022042876","897.3949022042876","897.3949022042876"
"15998","1423.7718924261803","1423.7718924261803","1423.7718924261803"
"16002","3275.445845518902","3275.445845518902","3275.445845518902"
"16004","2172.987515771784","2172.987515771784","2172.987515771784"
"16006","1119.513384669164","1119.513384669164","1119.513384669164"
"16008","1755.3871164665013","1755.3871164665013","1755.3871164665013"
"16010","1043.2852646969125","1043.2852646969125","1043.2852646969125"
"16012","1441.338785655108","1441.338785655108","1441.338785655108"
"16014","2367.4054061255893","2367.4054061255893","2367.4054061255893"
"16016","1816.0922281507824","1816.0922281507824","1816.0922281507824"
"16018","1953.6514526390783","1953.6514526390783","1953.6514526390783"
"16020","915.827536640893","915.827536640893","915.827536640893"
"16024","798.7900144258049","798.7900144258049","798.7900144258049"
"16028","1519.533314249946","1519.533314249946","1519.533314249946"
"16030","1188.260286787063","1188.260286787063","1188.260286787063"
"16032","1474.7305687623175","1474.7305687623175","1474.7305687623175"
"16034","1337.981255795955","1337.981255795955","1337.981255795955"
"16036","1192.0132419677518","1192.0132419677518","1192.0132419677518"
"16038","1997.6691954621817","1997.6691954621817","1997.6691954621817"
"16040","1731.2818687824695","1731.2818687824695","1731.2818687824695"
"16042","1924.960195451869","1924.960195451869","1924.960195451869"
"16044","999.790279555122","999.790279555122","999.790279555122"
"16048","1459.677040284758","1459.677040284758","1459.677040284758"
"16050","1067.9944215296891","1067.9944215296891","1067.9944215296891"
"16052","1298.0558494374727","1298.0558494374727","1298.0558494374727"
"16054","1333.6377175161222","1333.6377175161222","1333.6377175161222"
"16056","1705.5374260992282","1705.5374260992282","1705.5374260992282"
"16058","2167.249508708388","2167.249508708388","2167.249508708388"
"16060","1772.5390162229307","1772.5390162229307","1772.5390162229307"
"16062","2632.0502312491835","2632.0502312491835","2632.0502312491835"
"16064","1270.1110982829591","1270.1110982829591","1270.1110982829591"
"16066","1468.0318471677265","1468.0318471677265","1468.0318471677265"
"16068","1047.4417508125148","1047.4417508125148","1047.4417508125148"
"16070","3173.9388079783935","3173.9388079783935","3173.9388079783935"
"16072","1779.4943991940306","1779.4943991940306","1779.4943991940306"
"16076","2419.9773675869105","2419.9773675869105","2419.9773675869105"
"16078","945.1226445746261","945.1226445746261","945.1226445746261"
"16080","1893.8179246284628","1893.8179246284628","1893.8179246284628"
"16082","1658.9183118765595","1658.9183118765595","1658.9183118765595"
"16086","3423.1011140542673","3423.1011140542673","3423.1011140542673"
"16090","1287.0972275341617","1287.0972275341617","1287.0972275341617"
"16092","1533.2209227677001","1533.2209227677001","1533.2209227677001"
"16094","3184.5965298085544","3184.5965298085544","3184.5965298085544"
"16096","2096.7670097343375","2096.7670097343375","2096.7670097343375"
"16098","833.8616758848736","833.8616758848736","833.8616758848736"
"16100","857.388329555734","857.388329555734","857.388329555734"
"16102","1917.8772883157606","1917.8772883157606","1917.8772883157606"
"16106","1531.8718980534438","1531.8718980534438","1531.8718980534438"
"16108","1600.9328348708736","1600.9328348708736","1600.9328348708736"
"16112","1482.4639114631902","1482.4639114631902","1482.4639114631902"
"16114","1554.378562692318","1554.378562692318","1554.378562692318"
"16116","1441.5923130310798","1441.5923130310798","1441.5923130310798"
"16118","830.6865145557113","830.6865145557113","830.6865145557113"
"16120","1877.8927661045448","1877.8927661045448","1877.8927661045448"
"16122","1129.739803406634","1129.739803406634","1129.739803406634"
"16124","1005.3233690685167","1005.3233690685167","1005.3233690685167"
"16126","1246.052409475849","1246.052409475849","1246.052409475849"
"16128","2855.7819346041856","2855.7819346041856","2855.7819346041856"
"16130","1522.8598673330948","1522.8598673330948","1522.8598673330948"
"16132","1237.2673393339282","1237.2673393339282","1237.2673393339282"
"16134","1311.8100850772198","1311.8100850772198","1311.8100850772198"
"16136","1563.897818928438","1563.897818928438","1563.897818928438"
"16138","871.5608471344916","871.5608471344916","871.5608471344916"
"16140","2337.558993701769","2337.558993701769","2337.558993701769"
"16146","1982.0703467278502","1982.0703467278502","1982.0703467278502"
"16150","1076.671228330257","1076.671228330257","1076.671228330257"
"16152","1843.7576132148415","1843.7576132148415","1843.7576132148415"
"16154","1984.0451814992464","1984.0451814992464","1984.0451814992464"
"16156","900.694148442205","900.694148442205","900.694148442205"
"16164","969.4848119417585","969.4848119417585","969.4848119417585"
"16166","1271.8739535353195","1271.8739535353195","1271.8739535353195"
"16168","1253.426222259489","1253.426222259489","1253.426222259489"
"16170","1753.8030249926053","1753.8030249926053","1753.8030249926053"
"16172","781.1970096736909","781.1970096736909","781.1970096736909"
"16174","1636.6081223166436","1636.6081223166436","1636.6081223166436"
"16176","2216.2054340014843","2216.2054340014843","2216.2054340014843"
"16178","1121.8201945314777","1121.8201945314777","1121.8201945314777"
"16180","1626.854049761686","1626.854049761686","1626.854049761686"
"16182","912.7799964832706","912.7799964832706","912.7799964832706"
"16184","2745.1721641873487","2745.1721641873487","2745.1721641873487"
"16186","1245.60458797482","1245.60458797482","1245.60458797482"
"16190","1539.8151426014315","1539.8151426014315","1539.8151426014315"
"16192","1467.7127716461212","1467.7127716461212","1467.7127716461212"
"16194","769.1254041782441","769.1254041782441","769.1254041782441"
"16196","909.8345961741624","909.8345961741624","909.8345961741624"
"16198","1436.6398108754554","1436.6398108754554","1436.6398108754554"
"16200","1659.7127321990379","1659.7127321990379","1659.7127321990379"
"16202","1340.29603781255","1340.29603781255","1340.29603781255"
"16204","1566.9352644121977","1566.9352644121977","1566.9352644121977"
"16206","2431.028817665072","2431.028817665072","2431.028817665072"
"16208","1839.2755720438265","1839.2755720438265","1839.2755720438265"
"16210","1818.4013075044927","1818.4013075044927","1818.4013075044927"
"16212","1970.0657482055692","1970.0657482055692","1970.0657482055692"
"16214","1170.626412259445","1170.626412259445","1170.626412259445"
"16216","913.7501060522308","913.7501060522308","913.7501060522308"
"16218","2261.9908058844367","2261.9908058844367","2261.9908058844367"
"16220","1349.5398916197714","1349.5398916197714","1349.5398916197714"
"16222","1214.8323794504363","1214.8323794504363","1214.8323794504363"
"16226","1079.9471532593436","1079.9471532593436","1079.9471532593436"
"16228","2833.7047499420623","2833.7047499420623","2833.7047499420623"
"16230","1808.5242066494297","1808.5242066494297","1808.5242066494297"
"16234","1832.9014937835173","1832.9014937835173","1832.9014937835173"
"16238","1894.9461020653102","1894.9461020653102","1894.9461020653102"
"16240","1620.5415589551078","1620.5415589551078","1620.5415589551078"
"16242","1552.9240786230803","1552.9240786230803","1552.9240786230803"
"16244","1131.7742045355683","1131.7742045355683","1131.7742045355683"
"16246","2009.3202644297087","2009.3202644297087","2009.3202644297087"
"16248","1941.645647789261","1941.645647789261","1941.645647789261"
"16250","1708.374077952644","1708.374077952644","1708.374077952644"
"16252","1001.5648764464562","1001.5648764464562","1001.5648764464562"
"16254","1338.662669604052","1338.662669604052","1338.662669604052"
"16256","2004.050946728043","2004.050946728043","2004.050946728043"
"16258","2084.2087615034234","2084.2087615034234","2084.2087615034234"
"16260","1708.0951011866068","1708.0951011866068","1708.0951011866068"
"16262","1487.1884962496592","1487.1884962496592","1487.1884962496592"
"16264","1748.785949549522","1748.785949549522","1748.785949549522"
"16266","1411.4552429794132","1411.4552429794132","1411.4552429794132"
"16268","2225.4593107214423","2225.4593107214423","2225.4593107214423"
"16270","2123.7668287992415","2123.7668287992415","2123.7668287992415"
"16272","1283.1787008344563","1283.1787008344563","1283.1787008344563"
"16274","2346.288736569296","2346.288736569296","2346.288736569296"
"16278","3401.2259082438645","3401.2259082438645","3401.2259082438645"
"16280","1343.5882870265514","1343.5882870265514","1343.5882870265514"
"16282","1736.892509777132","1736.892509777132","1736.892509777132"
"16288","643.574517542221","643.574517542221","643.574517542221"
"16290","1267.9345286717114","1267.9345286717114","1267.9345286717114"
"16292","1866.0935824637781","1866.0935824637781","1866.0935824637781"
"16294","2567.9717841158017","2567.9717841158017","2567.9717841158017"
"16296","1708.0047524513675","1708.0047524513675","1708.0047524513675"
"16298","1440.9572475745542","1440.9572475745542","1440.9572475745542"
"16302","1251.8620777796336","1251.8620777796336","1251.8620777796336"
"16304","1125.477358419577","1125.477358419577","1125.477358419577"
"16306","1698.0036962375411","1698.0036962375411","1698.0036962375411"
"16308","1738.4115448885673","1738.4115448885673","1738.4115448885673"
"16310","2421.860310294609","2421.860310294609","2421.860310294609"
"16312","994.8324183493768","994.8324183493768","994.8324183493768"
"16314","1928.0345068582449","1928.0345068582449","1928.0345068582449"
"16316","939.7704724532397","939.7704724532397","939.7704724532397"
"16318","1727.2089744725085","1727.2089744725085","1727.2089744725085"
"16320","931.485573043891","931.485573043891","931.485573043891"
"16322","2495.658054443392","2495.658054443392","2495.658054443392"
"16324","1224.9133175474906","1224.9133175474906","1224.9133175474906"
"16326","1849.7056301573446","1849.7056301573446","1849.7056301573446"
"16330","1422.7378056175694","1422.7378056175694","1422.7378056175694"
"16332","2124.8424310327364","2124.8424310327364","2124.8424310327364"
"16334","2425.95513499193","2425.95513499193","2425.95513499193"
"16336","1678.9443567778776","1678.9443567778776","1678.9443567778776"
"16338","1087.104156953143","1087.104156953143","1087.104156953143"
"16340","1248.7762018577428","1248.7762018577428","1248.7762018577428"
"16342","2657.0267102708312","2657.0267102708312","2657.0267102708312"
"16344","1095.7594702337728","1095.7594702337728","1095.7594702337728"
"16346","1262.2963082414506","1262.2963082414506","1262.2963082414506"
"16348","724.2662949165905","724.2662949165905","724.2662949165905"
"16350","1854.684463183545","1854.684463183545","1854.684463183545"
"16352","1432.7391590080347","1432.7391590080347","1432.7391590080347"
"16356","1339.3725242182447","1339.3725242182447","1339.3725242182447"
"16358","1177.67333984375","1177.67333984375","1177.67333984375"
"16360","2487.2956232715283","2487.2956232715283","2487.2956232715283"
"16362","2176.2381746747574","2176.2381746747574","2176.2381746747574"
"16364","1307.3750414864278","1307.3750414864278","1307.3750414864278"
"16367","1132.7520305016117","1132.7520305016117","1132.7520305016117"
"16369","1183.7068336903358","1183.7068336903358","1183.7068336903358"
"16371","1372.6391410738415","1372.6391410738415","1372.6391410738415"
"16373","1979.223405292421","1979.223405292421","1979.223405292421"
"16375","1704.1009066779943","1704.1009066779943","1704.1009066779943"
"16377","1584.4723623595823","1584.4723623595823","1584.4723623595823"
"16379","1658.8523456517578","1658.8523456517578","1658.8523456517578"
"16383","1272.8558071850648","1272.8558071850648","1272.8558071850648"
"16385","2086.2054795565527","2086.2054795565527","2086.2054795565527"
"16387","1141.1307614725615","1141.1307614725615","1141.1307614725615"
"16391","1129.5312599971558","1129.5312599971558","1129.5312599971558"
"16393","1397.8441993740119","1397.8441993740119","1397.8441993740119"
"16395","1694.673729899865","1694.673729899865","1694.673729899865"
"16397","557.6739006797679","557.6739006797679","557.6739006797679"
"16399","1295.4737435215768","1295.4737435215768","1295.4737435215768"
"16401","1172.9425892060144","1172.9425892060144","1172.9425892060144"
"16403","1582.2589969359628","1582.2589969359628","1582.2589969359628"
"16409","1041.2188004264979","1041.2188004264979","1041.2188004264979"
"16411","1358.7149629049889","1358.7149629049889","1358.7149629049889"
"16413","1325.6153068026222","1325.6153068026222","1325.6153068026222"
"16415","1649.3125644891843","1649.3125644891843","1649.3125644891843"
"16417","3149.8811360669592","3149.8811360669592","3149.8811360669592"
"16419","1461.9090883505476","1461.9090883505476","1461.9090883505476"
"16421","1340.9595375543781","1340.9595375543781","1340.9595375543781"
"16425","1866.0710240909245","1866.0710240909245","1866.0710240909245"
"16427","957.2163227734608","957.2163227734608","957.2163227734608"
"16429","961.7771496615798","961.7771496615798","961.7771496615798"
"16431","1445.0432552394068","1445.0432552394068","1445.0432552394068"
"16433","1644.222935115973","1644.222935115973","1644.222935115973"
"16435","923.3970140240996","923.3970140240996","923.3970140240996"
"16437","1404.1954502623144","1404.1954502623144","1404.1954502623144"
"16439","989.2820748821193","989.2820748821193","989.2820748821193"
"16441","1071.0813482667022","1071.0813482667022","1071.0813482667022"
"16443","1630.4960245831483","1630.4960245831483","1630.4960245831483"
"16445","1244.9195181324878","1244.9195181324878","1244.9195181324878"
"16447","1720.6756684865497","1720.6756684865497","1720.6756684865497"
"16449","2382.3400717002787","2382.3400717002787","2382.3400717002787"
"16451","1374.8691561606195","1374.8691561606195","1374.8691561606195"
"16453","1384.9937428624007","1384.9937428624007","1384.9937428624007"
"16455","895.9011890343344","895.9011890343344","895.9011890343344"
"16459","2860.499838244763","2860.499838244763","2860.499838244763"
"16461","1540.4333941411555","1540.4333941411555","1540.4333941411555"
"16463","953.8628719848806","953.8628719848806","953.8628719848806"
"16465","1368.5939911111445","1368.5939911111445","1368.5939911111445"
"16467","1243.636578631067","1243.636578631067","1243.636578631067"
"16469","1249.536897883376","1249.536897883376","1249.536897883376"
"16471","1335.348094061375","1335.348094061375","1335.348094061375"
"16475","2444.5953902025317","2444.5953902025317","2444.5953902025317"
"16477","1317.4254323570526","1317.4254323570526","1317.4254323570526"
"16479","731.0241077253404","731.0241077253404","731.0241077253404"
"16481","2313.0814394834256","2313.0814394834256","2313.0814394834256"
"16483","1062.5739527658914","1062.5739527658914","1062.5739527658914"
"16485","1793.1678096331964","1793.1678096331964","1793.1678096331964"
"16487","1163.0243818391523","1163.0243818391523","1163.0243818391523"
"16489","1957.1152933619107","1957.1152933619107","1957.1152933619107"
"16491","1191.4135979597786","1191.4135979597786","1191.4135979597786"
"16493","1135.0593810418031","1135.0593810418031","1135.0593810418031"
"16495","2551.4774511567994","2551.4774511567994","2551.4774511567994"
"16497","714.6881252005861","714.6881252005861","714.6881252005861"
"16499","1043.2670538134819","1043.2670538134819","1043.2670538134819"
"16501","1022.03624288765","1022.03624288765","1022.03624288765"
"16503","1338.1485794765824","1338.1485794765824","1338.1485794765824"
"16505","698.9019118280347","698.9019118280347","698.9019118280347"
"16507","2031.5013326529738","2031.5013326529738","2031.5013326529738"
"16513","1677.5590696217691","1677.5590696217691","1677.5590696217691"
"16515","1878.0937103356282","1878.0937103356282","1878.0937103356282"
"16517","1863.5387602588498","1863.5387602588498","1863.5387602588498"
"16519","1395.5359806450688","1395.5359806450688","1395.5359806450688"
"16521","2134.2254820880244","2134.2254820880244","2134.2254820880244"
"16525","1789.9679033502553","1789.9679033502553","1789.9679033502553"
"16527","1895.845095280083","1895.845095280083","1895.845095280083"
"16529","1000.3908350987866","1000.3908350987866","1000.3908350987866"
"16531","1280.8954283260814","1280.8954283260814","1280.8954283260814"
"16533","1624.2396611587303","1624.2396611587303","1624.2396611587303"
"16535","2460.778322067326","2460.778322067326","2460.778322067326"
"16537","1677.564010585612","1677.564010585612","1677.564010585612"
"16539","2229.0488632364736","2229.0488632364736","2229.0488632364736"
"16541","3881.023777866529","3881.023777866529","3881.023777866529"
"16543","2089.5971170511502","2089.5971170511502","2089.5971170511502"
"16547","2629.4602693151887","2629.4602693151887","2629.4602693151887"
"16549","1607.8793001153754","1607.8793001153754","1607.8793001153754"
"16553","1191.1052182844096","1191.1052182844096","1191.1052182844096"
"16555","1866.6305110259686","1866.6305110259686","1866.6305110259686"
"16557","1467.1109138910128","1467.1109138910128","1467.1109138910128"
"16559","1256.8156871335057","1256.8156871335057","1256.8156871335057"
"16561","1599.7234695043628","1599.7234695043628","1599.7234695043628"
"16563","856.3843893568047","856.3843893568047","856.3843893568047"
"16565","1867.550714830623","1867.550714830623","1867.550714830623"
"16569","2035.6798468601078","2035.6798468601078","2035.6798468601078"
"16571","1688.269216890891","1688.269216890891","1688.269216890891"
"16573","1802.3048128800885","1802.3048128800885","1802.3048128800885"
"16575","1836.7379046779556","1836.7379046779556","1836.7379046779556"
"16577","2067.4565247597034","2067.4565247597034","2067.4565247597034"
"16579","2733.7850206675967","2733.7850206675967","2733.7850206675967"
"16581","1210.248889788036","1210.248889788036","1210.248889788036"
"16583","1220.2565329926238","1220.2565329926238","1220.2565329926238"
"16585","2235.3909123641542","2235.3909123641542","2235.3909123641542"
"16587","2119.977407886128","2119.977407886128","2119.977407886128"
"16589","1548.4560799855299","1548.4560799855299","1548.4560799855299"
"16593","1988.13025270288","1988.13025270288","1988.13025270288"
"16595","2632.24752459834","2632.24752459834","2632.24752459834"
"16597","761.6338927123752","761.6338927123752","761.6338927123752"
"16601","1471.998543424054","1471.998543424054","1471.998543424054"
"16605","805.7017462038101","805.7017462038101","805.7017462038101"
"16607","2396.0542145095824","2396.0542145095824","2396.0542145095824"
"16609","1819.6111523129555","1819.6111523129555","1819.6111523129555"
"16611","1738.2211889113346","1738.2211889113346","1738.2211889113346"
"16615","3275.9769394893174","3275.9769394893174","3275.9769394893174"
"16617","1594.0256254429016","1594.0256254429016","1594.0256254429016"
"16621","2324.0374646692017","2324.0374646692017","2324.0374646692017"
"16623","1278.4694587537904","1278.4694587537904","1278.4694587537904"
"16625","1097.8171393564924","1097.8171393564924","1097.8171393564924"
"16627","981.7769074020222","981.7769074020222","981.7769074020222"
"16635","1157.3644950205378","1157.3644950205378","1157.3644950205378"
"16637","1122.6674558495718","1122.6674558495718","1122.6674558495718"
"16639","1553.9671244907258","1553.9671244907258","1553.9671244907258"
"16641","2171.2316410933445","2171.2316410933445","2171.2316410933445"
"16645","1217.6976398289996","1217.6976398289996","1217.6976398289996"
"16647","1589.1843548380273","1589.1843548380273","1589.1843548380273"
"16649","1267.7175330572945","1267.7175330572945","1267.7175330572945"
"16651","1613.0649569442928","1613.0649569442928","1613.0649569442928"
"16657","1242.8659394769475","1242.8659394769475","1242.8659394769475"
"16659","894.6650542422582","894.6650542422582","894.6650542422582"
"16663","2201.198872195036","2201.198872195036","2201.198872195036"
"16665","2236.814570931025","2236.814570931025","2236.814570931025"
"16667","1540.1226666869916","1540.1226666869916","1540.1226666869916"
"16669","1138.8540711070366","1138.8540711070366","1138.8540711070366"
"16671","1935.6454695178777","1935.6454695178777","1935.6454695178777"
"16673","1217.5591990836033","1217.5591990836033","1217.5591990836033"
"16677","1347.9778348387315","1347.9778348387315","1347.9778348387315"
"16679","690.5531172648807","690.5531172648807","690.5531172648807"
"16681","644.0117216013455","644.0117216013455","644.0117216013455"
"16683","1412.9599783331","1412.9599783331","1412.9599783331"
"16685","1629.0152282303097","1629.0152282303097","1629.0152282303097"
"16687","1084.06371608115","1084.06371608115","1084.06371608115"
"16691","1129.9248591111104","1129.9248591111104","1129.9248591111104"
"16693","1508.2977630792504","1508.2977630792504","1508.2977630792504"
"16695","2350.8081652037667","2350.8081652037667","2350.8081652037667"
"16697","1324.5377058002573","1324.5377058002573","1324.5377058002573"
"16699","1282.4336754090104","1282.4336754090104","1282.4336754090104"
"16701","1246.7683428008204","1246.7683428008204","1246.7683428008204"
"16705","2552.574006744174","2552.574006744174","2552.574006744174"
"16707","1209.4686813812793","1209.4686813812793","1209.4686813812793"
"16709","1249.727129955316","1249.727129955316","1249.727129955316"
"16713","1968.5157909045788","1968.5157909045788","1968.5157909045788"
"16715","1588.2760878599597","1588.2760878599597","1588.2760878599597"
"16717","1846.934518323015","1846.934518323015","1846.934518323015"
"16723","666.2913392197971","666.2913392197971","666.2913392197971"
"16725","1092.9696245305868","1092.9696245305868","1092.9696245305868"
"16727","3578.5773545225106","3578.5773545225106","3578.5773545225106"
"16729","1654.057632945785","1654.057632945785","1654.057632945785"
"16731","2062.729678225761","2062.729678225761","2062.729678225761"
"16733","1137.209735439651","1137.209735439651","1137.209735439651"
"16735","1789.204874995121","1789.204874995121","1789.204874995121"
"16737","1595.5129204223622","1595.5129204223622","1595.5129204223622"
"16739","1123.3107215431316","1123.3107215431316","1123.3107215431316"
"16741","1771.2238292604773","1771.2238292604773","1771.2238292604773"
"16743","1253.7729424177408","1253.7729424177408","1253.7729424177408"
"16745","2226.421033815657","2226.421033815657","2226.421033815657"
"16749","973.4599420094454","973.4599420094454","973.4599420094454"
"16751","1309.1353107154898","1309.1353107154898","1309.1353107154898"
"16753","1028.8789541321232","1028.8789541321232","1028.8789541321232"
"16755","903.2450464183038","903.2450464183038","903.2450464183038"
"16757","925.5933651421848","925.5933651421848","925.5933651421848"
"16759","1234.7395515525027","1234.7395515525027","1234.7395515525027"
"16761","1952.0103134746105","1952.0103134746105","1952.0103134746105"
"16765","2696.1735718284517","2696.1735718284517","2696.1735718284517"
"16767","1315.5310633506745","1315.5310633506745","1315.5310633506745"
"16769","1332.7256627208676","1332.7256627208676","1332.7256627208676"
"16771","1485.9655291363624","1485.9655291363624","1485.9655291363624"
"16775","822.2829619820296","822.2829619820296","822.2829619820296"
"16777","1490.5574943243773","1490.5574943243773","1490.5574943243773"
"16779","2444.10563964094","2444.10563964094","2444.10563964094"
"16781","1481.1238019840039","1481.1238019840039","1481.1238019840039"
"16783","1491.6742450727606","1491.6742450727606","1491.6742450727606"
"16785","1143.7002605686548","1143.7002605686548","1143.7002605686548"
"16787","1113.6894565212713","1113.6894565212713","1113.6894565212713"
"16789","1380.634931698707","1380.634931698707","1380.634931698707"
"16791","987.8071940930326","987.8071940930326","987.8071940930326"
"16793","1701.649210168121","1701.649210168121","1701.649210168121"
"16799","2141.0706536498315","2141.0706536498315","2141.0706536498315"
"16801","1106.9198021957163","1106.9198021957163","1106.9198021957163"
"16803","1703.7005895501313","1703.7005895501313","1703.7005895501313"
"16805","1625.2086303737399","1625.2086303737399","1625.2086303737399"
"16807","2065.1775233230915","2065.1775233230915","2065.1775233230915"
"16809","1869.6640501507588","1869.6640501507588","1869.6640501507588"
"16811","1242.397479537603","1242.397479537603","1242.397479537603"
"16813","1336.0979084284315","1336.0979084284315","1336.0979084284315"
"16815","1244.7389888457406","1244.7389888457406","1244.7389888457406"
"16817","2558.1448284921303","2558.1448284921303","2558.1448284921303"
"16819","871.9523628839232","871.9523628839232","871.9523628839232"
"16821","1855.516834639842","1855.516834639842","1855.516834639842"
"16823","1794.1073166446129","1794.1073166446129","1794.1073166446129"
"16828","1891.4547746587523","1891.4547746587523","1891.4547746587523"
"16830","1359.2216854675498","1359.2216854675498","1359.2216854675498"
"16832","2776.795355929456","2776.795355929456","2776.795355929456"
"16834","1811.9080538792446","1811.9080538792446","1811.9080538792446"
"16836","1433.1805259896232","1433.1805259896232","1433.1805259896232"
"16840","1486.595776353682","1486.595776353682","1486.595776353682"
"16842","806.8142396977715","806.8142396977715","806.8142396977715"
"16844","3691.2960459895216","3691.2960459895216","3691.2960459895216"
"16846","1777.0949388671409","1777.0949388671409","1777.0949388671409"
"16848","1475.856645090988","1475.856645090988","1475.856645090988"
"16850","1670.6233754098387","1670.6233754098387","1670.6233754098387"
"16852","1340.3349495944578","1340.3349495944578","1340.3349495944578"
"16854","1357.9868952011052","1357.9868952011052","1357.9868952011052"
"16856","1885.1988299509649","1885.1988299509649","1885.1988299509649"
"16858","2714.3841635759945","2714.3841635759945","2714.3841635759945"
"16862","1750.264226601583","1750.264226601583","1750.264226601583"
"16864","1678.0872262578453","1678.0872262578453","1678.0872262578453"
"16868","1048.1494007443532","1048.1494007443532","1048.1494007443532"
"16870","2756.7078158274135","2756.7078158274135","2756.7078158274135"
"16872","950.7474618235143","950.7474618235143","950.7474618235143"
"16874","881.2554276836933","881.2554276836933","881.2554276836933"
"16876","1679.138104834414","1679.138104834414","1679.138104834414"
"16878","2666.413413752655","2666.413413752655","2666.413413752655"
"16880","1181.6911450139821","1181.6911450139821","1181.6911450139821"
"16882","757.7314923435438","757.7314923435438","757.7314923435438"
"16884","638.3068634039445","638.3068634039445","638.3068634039445"
"16886","2076.487598833621","2076.487598833621","2076.487598833621"
"16888","2037.938184367829","2037.938184367829","2037.938184367829"
"16892","1395.7459157880212","1395.7459157880212","1395.7459157880212"
"16894","1388.9381620157226","1388.9381620157226","1388.9381620157226"
"16896","2109.8682921724644","2109.8682921724644","2109.8682921724644"
"16898","697.9964564152864","697.9964564152864","697.9964564152864"
"16900","644.0441501771446","644.0441501771446","644.0441501771446"
"16902","1562.49761581239","1562.49761581239","1562.49761581239"
"16904","1402.3716745810639","1402.3716745810639","1402.3716745810639"
"16906","1835.6085543468926","1835.6085543468926","1835.6085543468926"
"16908","1100.7860487514533","1100.7860487514533","1100.7860487514533"
"16910","2197.130156685522","2197.130156685522","2197.130156685522"
"16912","2101.7766900088177","2101.7766900088177","2101.7766900088177"
"16914","1609.5530818817272","1609.5530818817272","1609.5530818817272"
"16916","1296.7437137655843","1296.7437137655843","1296.7437137655843"
"16918","1450.294080254389","1450.294080254389","1450.294080254389"
"16920","1335.388684339145","1335.388684339145","1335.388684339145"
"16922","2075.598823361625","2075.598823361625","2075.598823361625"
"16924","1117.9493194000486","1117.9493194000486","1117.9493194000486"
"16926","1643.6437808191063","1643.6437808191063","1643.6437808191063"
"16928","1112.7871537904011","1112.7871537904011","1112.7871537904011"
"16930","1597.93512759762","1597.93512759762","1597.93512759762"
"16932","1460.924691638796","1460.924691638796","1460.924691638796"
"16934","1317.4233822694337","1317.4233822694337","1317.4233822694337"
"16936","2419.140410149933","2419.140410149933","2419.140410149933"
"16938","2153.1324239749565","2153.1324239749565","2153.1324239749565"
"16940","1524.6196586189742","1524.6196586189742","1524.6196586189742"
"16942","1478.110760646406","1478.110760646406","1478.110760646406"
"16946","1779.4680214736659","1779.4680214736659","1779.4680214736659"
"16948","1753.043487170188","1753.043487170188","1753.043487170188"
"16950","1518.518257317428","1518.518257317428","1518.518257317428"
"16952","1155.0252233420113","1155.0252233420113","1155.0252233420113"
"16954","1831.0960892129256","1831.0960892129256","1831.0960892129256"
"16956","1250.976836467299","1250.976836467299","1250.976836467299"
"16958","1605.0825745146537","1605.0825745146537","1605.0825745146537"
"16960","1598.5001967505764","1598.5001967505764","1598.5001967505764"
"16962","3150.3904736418904","3150.3904736418904","3150.3904736418904"
"16964","1327.2518204708695","1327.2518204708695","1327.2518204708695"
"16966","1408.8975963726562","1408.8975963726562","1408.8975963726562"
"16970","1247.1665365425808","1247.1665365425808","1247.1665365425808"
"16972","947.6208266660855","947.6208266660855","947.6208266660855"
"16974","1528.9260346424423","1528.9260346424423","1528.9260346424423"
"16976","1595.5676718176805","1595.5676718176805","1595.5676718176805"
"16978","2511.1958032003313","2511.1958032003313","2511.1958032003313"
"16980","1836.425838049533","1836.425838049533","1836.425838049533"
"16982","2267.4802878972964","2267.4802878972964","2267.4802878972964"
"16984","1516.6734038542181","1516.6734038542181","1516.6734038542181"
"16986","1771.7448277568178","1771.7448277568178","1771.7448277568178"
"16988","1208.0898950886742","1208.0898950886742","1208.0898950886742"
"16992","944.4193995457069","944.4193995457069","944.4193995457069"
"16994","902.225191411175","902.225191411175","902.225191411175"
"16996","1921.6183979578839","1921.6183979578839","1921.6183979578839"
"17000","1866.4003891850869","1866.4003891850869","1866.4003891850869"
"17002","1315.1861785269666","1315.1861785269666","1315.1861785269666"
"17004","1833.9984881068272","1833.9984881068272","1833.9984881068272"
"17006","1269.4164370925357","1269.4164370925357","1269.4164370925357"
"17008","1527.4282905225741","1527.4282905225741","1527.4282905225741"
"17010","2184.8429994405196","2184.8429994405196","2184.8429994405196"
"17012","1223.7138241850644","1223.7138241850644","1223.7138241850644"
"17014","1907.584848654159","1907.584848654159","1907.584848654159"
"17018","2446.8888329885885","2446.8888329885885","2446.8888329885885"
"17020","3104.2095246439294","3104.2095246439294","3104.2095246439294"
"17022","1789.0459001595602","1789.0459001595602","1789.0459001595602"
"17024","3585.403951208223","3585.403951208223","3585.403951208223"
"17026","2250.715972976006","2250.715972976006","2250.715972976006"
"17028","3849.116401713056","3849.116401713056","3849.116401713056"
"17032","2055.628905369455","2055.628905369455","2055.628905369455"
"17034","1934.0125506988918","1934.0125506988918","1934.0125506988918"
"17036","1252.055415409808","1252.055415409808","1252.055415409808"
"17038","1217.9544401521052","1217.9544401521052","1217.9544401521052"
"17040","1113.0616322782353","1113.0616322782353","1113.0616322782353"
"17042","1981.2055906198318","1981.2055906198318","1981.2055906198318"
"17044","749.2644681893968","749.2644681893968","749.2644681893968"
"17046","2961.6328306220585","2961.6328306220585","2961.6328306220585"
"17048","1808.2036654359674","1808.2036654359674","1808.2036654359674"
"17050","715.8107913061912","715.8107913061912","715.8107913061912"
"17052","1289.4976488323452","1289.4976488323452","1289.4976488323452"
"17056","1536.8500239897446","1536.8500239897446","1536.8500239897446"
"17058","1918.506232349462","1918.506232349462","1918.506232349462"
"17060","2631.8106004277397","2631.8106004277397","2631.8106004277397"
"17062","2862.9366158575176","2862.9366158575176","2862.9366158575176"
"17064","1211.3088376829478","1211.3088376829478","1211.3088376829478"
"17066","641.8014647516482","641.8014647516482","641.8014647516482"
"17068","1310.7818841926985","1310.7818841926985","1310.7818841926985"
"17070","1294.721550499455","1294.721550499455","1294.721550499455"
"17072","1669.4098797542313","1669.4098797542313","1669.4098797542313"
"17074","1489.344047175925","1489.344047175925","1489.344047175925"
"17076","1462.5409781795793","1462.5409781795793","1462.5409781795793"
"17082","1392.6820408596373","1392.6820408596373","1392.6820408596373"
"17086","1440.0749416271638","1440.0749416271638","1440.0749416271638"
"17088","848.3518414084275","848.3518414084275","848.3518414084275"
"17090","1187.8978947295025","1187.8978947295025","1187.8978947295025"
"17092","1533.4589556445983","1533.4589556445983","1533.4589556445983"
"17094","1526.9093200536556","1526.9093200536556","1526.9093200536556"
"17098","1201.5725064698086","1201.5725064698086","1201.5725064698086"
"17100","1643.9046322862018","1643.9046322862018","1643.9046322862018"
"17102","1605.9077444658428","1605.9077444658428","1605.9077444658428"
"17104","1545.014353322049","1545.014353322049","1545.014353322049"
"17106","1320.1707476075971","1320.1707476075971","1320.1707476075971"
"17108","1064.734421755022","1064.734421755022","1064.734421755022"
"17110","1843.5533305519914","1843.5533305519914","1843.5533305519914"
"17112","1988.3082524772474","1988.3082524772474","1988.3082524772474"
"17116","1139.4120226937944","1139.4120226937944","1139.4120226937944"
"17118","855.5745490507101","855.5745490507101","855.5745490507101"
"17120","1673.5376286225446","1673.5376286225446","1673.5376286225446"
"17122","1803.5676958161484","1803.5676958161484","1803.5676958161484"
"17124","1369.2494238970123","1369.2494238970123","1369.2494238970123"
"17126","1519.3825332709055","1519.3825332709055","1519.3825332709055"
"17128","1930.654005720065","1930.654005720065","1930.654005720065"
"17130","1751.7308888411605","1751.7308888411605","1751.7308888411605"
"17132","1433.0074010304825","1433.0074010304825","1433.0074010304825"
"17134","2005.185100288716","2005.185100288716","2005.185100288716"
"17138","3153.3586506242245","3153.3586506242245","3153.3586506242245"
"17140","1489.0721940228395","1489.0721940228395","1489.0721940228395"
"17142","1158.0808520304336","1158.0808520304336","1158.0808520304336"
"17144","2256.294059983656","2256.294059983656","2256.294059983656"
"17148","1292.5475146028734","1292.5475146028734","1292.5475146028734"
"17150","1466.81995602263","1466.81995602263","1466.81995602263"
"17154","2447.3972817921554","2447.3972817921554","2447.3972817921554"
"17156","1524.733578946751","1524.733578946751","1524.733578946751"
"17158","1871.6770768010542","1871.6770768010542","1871.6770768010542"
"17160","1111.2170574553284","1111.2170574553284","1111.2170574553284"
"17166","1217.68872961407","1217.68872961407","1217.68872961407"
"17170","1488.1588367370707","1488.1588367370707","1488.1588367370707"
"17172","2102.6669794231125","2102.6669794231125","2102.6669794231125"
"17174","1618.6005597008602","1618.6005597008602","1618.6005597008602"
"17176","2441.0010192258314","2441.0010192258314","2441.0010192258314"
"17178","1344.622777675116","1344.622777675116","1344.622777675116"
"17180","1011.2924966617896","1011.2924966617896","1011.2924966617896"
"17184","1152.6995045071424","1152.6995045071424","1152.6995045071424"
"17186","2530.6671436971446","2530.6671436971446","2530.6671436971446"
"17190","2579.5089012904864","2579.5089012904864","2579.5089012904864"
"17192","1175.2647805409383","1175.2647805409383","1175.2647805409383"
"17196","1138.1887421886338","1138.1887421886338","1138.1887421886338"
"17198","1369.2959467443509","1369.2959467443509","1369.2959467443509"
"17200","988.2895635172259","988.2895635172259","988.2895635172259"
"17202","906.7842207914952","906.7842207914952","906.7842207914952"
"17204","1656.9839911441502","1656.9839911441502","1656.9839911441502"
"17206","1990.2928075177067","1990.2928075177067","1990.2928075177067"
"17208","1970.7918326731055","1970.7918326731055","1970.7918326731055"
"17210","1716.6283907797456","1716.6283907797456","1716.6283907797456"
"17214","1081.7082883667001","1081.7082883667001","1081.7082883667001"
"17216","1607.5121459086795","1607.5121459086795","1607.5121459086795"
"17218","1488.148635803124","1488.148635803124","1488.148635803124"
"17220","1889.9327934075586","1889.9327934075586","1889.9327934075586"
"17222","1483.1716277440362","1483.1716277440362","1483.1716277440362"
"17224","1599.7779021490855","1599.7779021490855","1599.7779021490855"
"17226","940.7309646738511","940.7309646738511","940.7309646738511"
"17228","1673.8698813928684","1673.8698813928684","1673.8698813928684"
"17230","940.6455733973733","940.6455733973733","940.6455733973733"
"17232","1418.444818913583","1418.444818913583","1418.444818913583"
"17234","1047.82236703834","1047.82236703834","1047.82236703834"
"17236","1514.1984577372139","1514.1984577372139","1514.1984577372139"
"17238","2547.843859987324","2547.843859987324","2547.843859987324"
"17240","1173.6619358826456","1173.6619358826456","1173.6619358826456"
"17242","2523.2516772465797","2523.2516772465797","2523.2516772465797"
"17244","562.2642440270101","562.2642440270101","562.2642440270101"
"17246","1509.3001947366938","1509.3001947366938","1509.3001947366938"
"17248","1033.9167209248947","1033.9167209248947","1033.9167209248947"
"17250","1002.2956716196725","1002.2956716196725","1002.2956716196725"
"17252","1398.0436622942973","1398.0436622942973","1398.0436622942973"
"17254","1290.176228371688","1290.176228371688","1290.176228371688"
"17256","1037.547345905178","1037.547345905178","1037.547345905178"
"17258","893.4832372396489","893.4832372396489","893.4832372396489"
"17260","2105.710413834594","2105.710413834594","2105.710413834594"
"17262","1816.6149183618413","1816.6149183618413","1816.6149183618413"
"17264","971.0034936129748","971.0034936129748","971.0034936129748"
"17266","1541.9895348456616","1541.9895348456616","1541.9895348456616"
"17268","1654.8871402600598","1654.8871402600598","1654.8871402600598"
"17270","1732.568354042616","1732.568354042616","1732.568354042616"
"17272","1176.3218907238374","1176.3218907238374","1176.3218907238374"
"17274","900.535569760792","900.535569760792","900.535569760792"
"17276","1799.9899857295468","1799.9899857295468","1799.9899857295468"
"17278","1990.4351474768303","1990.4351474768303","1990.4351474768303"
"17280","935.2697726590023","935.2697726590023","935.2697726590023"
"17282","1818.1841363268943","1818.1841363268943","1818.1841363268943"
"17286","2218.8973243587047","2218.8973243587047","2218.8973243587047"
"17289","1245.112774411029","1245.112774411029","1245.112774411029"
"17293","1217.7585181796082","1217.7585181796082","1217.7585181796082"
"17295","1441.1959145762405","1441.1959145762405","1441.1959145762405"
"17297","1884.2839826361633","1884.2839826361633","1884.2839826361633"
"17301","1667.5464287553868","1667.5464287553868","1667.5464287553868"
"17303","1726.0263050556823","1726.0263050556823","1726.0263050556823"
"17305","1462.3915173570845","1462.3915173570845","1462.3915173570845"
"17307","989.6632735271678","989.6632735271678","989.6632735271678"
"17311","879.442210496128","879.442210496128","879.442210496128"
"17313","1229.7050437257437","1229.7050437257437","1229.7050437257437"
"17315","1661.9536262991671","1661.9536262991671","1661.9536262991671"
"17319","1631.782978323961","1631.782978323961","1631.782978323961"
"17321","853.4725645363544","853.4725645363544","853.4725645363544"
"17323","1730.0191902394504","1730.0191902394504","1730.0191902394504"
"17325","1850.955795327765","1850.955795327765","1850.955795327765"
"17329","2150.063419654219","2150.063419654219","2150.063419654219"
"17331","1465.1478769576315","1465.1478769576315","1465.1478769576315"
"17333","1045.5088882825573","1045.5088882825573","1045.5088882825573"
"17335","1062.7891501200625","1062.7891501200625","1062.7891501200625"
"17337","1313.5895804525871","1313.5895804525871","1313.5895804525871"
"17339","1774.2316278740286","1774.2316278740286","1774.2316278740286"
"17341","1505.7130586661349","1505.7130586661349","1505.7130586661349"
"17343","2608.6947016848167","2608.6947016848167","2608.6947016848167"
"17345","2017.6795498224851","2017.6795498224851","2017.6795498224851"
"17347","1577.6012939707396","1577.6012939707396","1577.6012939707396"
"17349","1024.5903616190744","1024.5903616190744","1024.5903616190744"
"17353","1168.6609220217817","1168.6609220217817","1168.6609220217817"
"17355","1742.109145125941","1742.109145125941","1742.109145125941"
"17357","2474.3735149077497","2474.3735149077497","2474.3735149077497"
"17359","1838.8064268570786","1838.8064268570786","1838.8064268570786"
"17361","649.8872854091816","649.8872854091816","649.8872854091816"
"17363","1360.1725310567808","1360.1725310567808","1360.1725310567808"
"17365","1706.952931246401","1706.952931246401","1706.952931246401"
"17367","1793.595098658976","1793.595098658976","1793.595098658976"
"17369","2788.052533646081","2788.052533646081","2788.052533646081"
"17371","1912.8660432974418","1912.8660432974418","1912.8660432974418"
"17373","1011.1596908371677","1011.1596908371677","1011.1596908371677"
"17375","1156.3182839644373","1156.3182839644373","1156.3182839644373"
"17377","1524.5954685422387","1524.5954685422387","1524.5954685422387"
"17379","1988.5719439055108","1988.5719439055108","1988.5719439055108"
"17381","1915.7058123147383","1915.7058123147383","1915.7058123147383"
"17383","2602.019982881364","2602.019982881364","2602.019982881364"
"17387","2002.5103654128845","2002.5103654128845","2002.5103654128845"
"17389","1467.4185693802417","1467.4185693802417","1467.4185693802417"
"17391","1082.8365228308346","1082.8365228308346","1082.8365228308346"
"17393","825.4764010428439","825.4764010428439","825.4764010428439"
"17395","826.3939272747442","826.3939272747442","826.3939272747442"
"17399","939.711505467825","939.711505467825","939.711505467825"
"17403","1529.5131281984218","1529.5131281984218","1529.5131281984218"
"17405","1564.0335306119994","1564.0335306119994","1564.0335306119994"
"17407","1609.3813377551867","1609.3813377551867","1609.3813377551867"
"17409","1821.9369344505956","1821.9369344505956","1821.9369344505956"
"17411","1339.927987656422","1339.927987656422","1339.927987656422"
"17413","764.6703083618038","764.6703083618038","764.6703083618038"
"17415","1553.9369784347653","1553.9369784347653","1553.9369784347653"
"17417","1216.3525301219445","1216.3525301219445","1216.3525301219445"
"17419","1660.4516383651912","1660.4516383651912","1660.4516383651912"
"17421","2142.3969313891557","2142.3969313891557","2142.3969313891557"
"17423","1447.0398735833207","1447.0398735833207","1447.0398735833207"
"17425","2391.514444380551","2391.514444380551","2391.514444380551"
"17427","1772.2913172244587","1772.2913172244587","1772.2913172244587"
"17429","1278.124993238006","1278.124993238006","1278.124993238006"
"17431","2104.897249895619","2104.897249895619","2104.897249895619"
"17435","1540.442523344183","1540.442523344183","1540.442523344183"
"17437","1125.3104410732665","1125.3104410732665","1125.3104410732665"
"17439","1288.5335357129877","1288.5335357129877","1288.5335357129877"
"17441","1859.477280760815","1859.477280760815","1859.477280760815"
"17443","1388.3374397614753","1388.3374397614753","1388.3374397614753"
"17445","880.4195409764119","880.4195409764119","880.4195409764119"
"17447","1311.5294819207559","1311.5294819207559","1311.5294819207559"
"17449","1586.986950887684","1586.986950887684","1586.986950887684"
"17451","1341.5933451870837","1341.5933451870837","1341.5933451870837"
"17453","1444.2055561470431","1444.2055561470431","1444.2055561470431"
"17455","1358.6413442600951","1358.6413442600951","1358.6413442600951"
"17457","2027.3773249379922","2027.3773249379922","2027.3773249379922"
"17459","2637.420137154476","2637.420137154476","2637.420137154476"
"17461","1221.0605098180763","1221.0605098180763","1221.0605098180763"
"17463","3310.1575054196032","3310.1575054196032","3310.1575054196032"
"17465","1496.6478068846557","1496.6478068846557","1496.6478068846557"
"17467","1578.3033482645728","1578.3033482645728","1578.3033482645728"
"17469","1338.1354950177467","1338.1354950177467","1338.1354950177467"
"17471","1617.7163503288127","1617.7163503288127","1617.7163503288127"
"17473","518.8827446780244","518.8827446780244","518.8827446780244"
"17475","1396.317505370037","1396.317505370037","1396.317505370037"
"17477","1532.162234023908","1532.162234023908","1532.162234023908"
"17479","1686.3824247552068","1686.3824247552068","1686.3824247552068"
"17481","1971.8921238961266","1971.8921238961266","1971.8921238961266"
"17483","1617.105530306192","1617.105530306192","1617.105530306192"
"17485","849.9188791161386","849.9188791161386","849.9188791161386"
"17487","1894.259482485984","1894.259482485984","1894.259482485984"
"17489","1138.9213308392266","1138.9213308392266","1138.9213308392266"
"17491","1717.4032743916762","1717.4032743916762","1717.4032743916762"
"17493","1313.4408258164108","1313.4408258164108","1313.4408258164108"
"17495","1842.0287802399207","1842.0287802399207","1842.0287802399207"
"17497","1913.7702446295955","1913.7702446295955","1913.7702446295955"
"17501","1545.9793031113363","1545.9793031113363","1545.9793031113363"
"17505","2200.5179177590344","2200.5179177590344","2200.5179177590344"
"17507","1298.185921131636","1298.185921131636","1298.185921131636"
"17509","1145.725642547797","1145.725642547797","1145.725642547797"
"17511","1050.8395129221126","1050.8395129221126","1050.8395129221126"
"17513","1024.7014318131605","1024.7014318131605","1024.7014318131605"
"17517","827.774525875204","827.774525875204","827.774525875204"
"17521","2824.0194448211596","2824.0194448211596","2824.0194448211596"
"17523","1574.0928339236355","1574.0928339236355","1574.0928339236355"
"17525","2422.6107556482466","2422.6107556482466","2422.6107556482466"
"17527","3115.5285352582605","3115.5285352582605","3115.5285352582605"
"17529","2186.178421257722","2186.178421257722","2186.178421257722"
"17531","966.5903680060277","966.5903680060277","966.5903680060277"
"17533","2383.571644533293","2383.571644533293","2383.571644533293"
"17535","3989.2574389678143","3989.2574389678143","3989.2574389678143"
"17537","670.2234073376959","670.2234073376959","670.2234073376959"
"17539","1977.1894923055859","1977.1894923055859","1977.1894923055859"
"17541","1541.3308806247064","1541.3308806247064","1541.3308806247064"
"17543","962.7713580288417","962.7713580288417","962.7713580288417"
"17545","621.3512681521471","621.3512681521471","621.3512681521471"
"17547","2215.7851611897026","2215.7851611897026","2215.7851611897026"
"17549","1119.9166584858053","1119.9166584858053","1119.9166584858053"
"17555","1512.379925568405","1512.379925568405","1512.379925568405"
"17557","1462.0206968548955","1462.0206968548955","1462.0206968548955"
"17563","1645.5006245532513","1645.5006245532513","1645.5006245532513"
"17565","2108.1304410767534","2108.1304410767534","2108.1304410767534"
"17567","1279.536945443539","1279.536945443539","1279.536945443539"
"17569","1624.0805950188033","1624.0805950188033","1624.0805950188033"
"17571","1038.7578872669276","1038.7578872669276","1038.7578872669276"
"17575","1535.6379207110986","1535.6379207110986","1535.6379207110986"
"17577","2601.4108699565327","2601.4108699565327","2601.4108699565327"
"17581","867.5914523781247","867.5914523781247","867.5914523781247"
"17583","1476.1983129673108","1476.1983129673108","1476.1983129673108"
"17585","3597.7962769005344","3597.7962769005344","3597.7962769005344"
"17587","1316.4620345206959","1316.4620345206959","1316.4620345206959"
"17589","1560.0640262515142","1560.0640262515142","1560.0640262515142"
"17593","1667.5268811850144","1667.5268811850144","1667.5268811850144"
"17595","2088.7120471499165","2088.7120471499165","2088.7120471499165"
"17599","1465.993557120239","1465.993557120239","1465.993557120239"
"17601","1145.0926507243357","1145.0926507243357","1145.0926507243357"
"17603","1726.1364829826302","1726.1364829826302","1726.1364829826302"
"17605","1898.434540860103","1898.434540860103","1898.434540860103"
"17607","1384.418688896321","1384.418688896321","1384.418688896321"
"17609","1818.102383097541","1818.102383097541","1818.102383097541"
"17611","2375.846592695428","2375.846592695428","2375.846592695428"
"17613","1233.9299582727338","1233.9299582727338","1233.9299582727338"
"17615","1187.5944445095859","1187.5944445095859","1187.5944445095859"
"17619","2145.6606866461743","2145.6606866461743","2145.6606866461743"
"17621","1337.589174265878","1337.589174265878","1337.589174265878"
"17623","1890.135315461206","1890.135315461206","1890.135315461206"
"17625","1266.6883181564","1266.6883181564","1266.6883181564"
"17629","1280.3082435933804","1280.3082435933804","1280.3082435933804"
"17631","1672.1152239973771","1672.1152239973771","1672.1152239973771"
"17633","1801.1798293418524","1801.1798293418524","1801.1798293418524"
"17635","535.0983642332282","535.0983642332282","535.0983642332282"
"17639","874.0735439237701","874.0735439237701","874.0735439237701"
"17641","768.9938908009224","768.9938908009224","768.9938908009224"
"17643","1130.8554071149244","1130.8554071149244","1130.8554071149244"
"17645","1499.5606295509933","1499.5606295509933","1499.5606295509933"
"17647","1741.718526336965","1741.718526336965","1741.718526336965"
"17649","3158.8020865520307","3158.8020865520307","3158.8020865520307"
"17651","1222.0826555469782","1222.0826555469782","1222.0826555469782"
"17653","1132.3585093817944","1132.3585093817944","1132.3585093817944"
"17655","964.7430413695315","964.7430413695315","964.7430413695315"
"17659","2029.1227425698","2029.1227425698","2029.1227425698"
"17663","1371.5308544135157","1371.5308544135157","1371.5308544135157"
"17665","1665.0803971963057","1665.0803971963057","1665.0803971963057"
"17667","1084.931106225945","1084.931106225945","1084.931106225945"
"17669","919.3329110226435","919.3329110226435","919.3329110226435"
"17671","3473.950916017376","3473.950916017376","3473.950916017376"
"17673","2253.6600629673044","2253.6600629673044","2253.6600629673044"
"17675","1398.6978128769726","1398.6978128769726","1398.6978128769726"
"17677","1072.9784307325065","1072.9784307325065","1072.9784307325065"
"17679","1305.4880609916065","1305.4880609916065","1305.4880609916065"
"17681","910.7971063589287","910.7971063589287","910.7971063589287"
"17683","1535.6560541396852","1535.6560541396852","1535.6560541396852"
"17685","1167.8450751769594","1167.8450751769594","1167.8450751769594"
"17687","438.778796990693","438.778796990693","438.778796990693"
"17689","795.7769663972759","795.7769663972759","795.7769663972759"
"17693","2188.8735409853166","2188.8735409853166","2188.8735409853166"
"17695","1962.202435458043","1962.202435458043","1962.202435458043"
"17697","1196.389408184837","1196.389408184837","1196.389408184837"
"17699","1537.4204618923472","1537.4204618923472","1537.4204618923472"
"17701","1275.205110899945","1275.205110899945","1275.205110899945"
"17703","1553.3883139260051","1553.3883139260051","1553.3883139260051"
"17707","1702.1653507725223","1702.1653507725223","1702.1653507725223"
"17709","1274.4079238919148","1274.4079238919148","1274.4079238919148"
"17711","1356.1379926988973","1356.1379926988973","1356.1379926988973"
"17713","1584.8211131584883","1584.8211131584883","1584.8211131584883"
"17717","1786.816890941862","1786.816890941862","1786.816890941862"
"17719","2129.636779175573","2129.636779175573","2129.636779175573"
"17721","3011.1434377134065","3011.1434377134065","3011.1434377134065"
"17723","1696.6567511208682","1696.6567511208682","1696.6567511208682"
"17725","1791.6501833652799","1791.6501833652799","1791.6501833652799"
"17727","2209.0516927565113","2209.0516927565113","2209.0516927565113"
"17729","629.0152955737939","629.0152955737939","629.0152955737939"
"17731","1328.4789343065745","1328.4789343065745","1328.4789343065745"
"17733","1314.7400518767447","1314.7400518767447","1314.7400518767447"
"17737","982.9394984709795","982.9394984709795","982.9394984709795"
"17739","2354.7929645251147","2354.7929645251147","2354.7929645251147"
"17741","1357.2482814524983","1357.2482814524983","1357.2482814524983"
"17743","1726.0976355446696","1726.0976355446696","1726.0976355446696"
"17745","2385.155979360146","2385.155979360146","2385.155979360146"
"17747","993.9153074929183","993.9153074929183","993.9153074929183"
"17750","631.791704330522","631.791704330522","631.791704330522"
"17752","1125.240919357261","1125.240919357261","1125.240919357261"
"17754","2127.877608104435","2127.877608104435","2127.877608104435"
"17756","1101.7202440229257","1101.7202440229257","1101.7202440229257"
"17760","552.3755404996721","552.3755404996721","552.3755404996721"
"17762","686.5454028591793","686.5454028591793","686.5454028591793"
"17764","1508.9028201380738","1508.9028201380738","1508.9028201380738"
"17766","1698.4989571002457","1698.4989571002457","1698.4989571002457"
"17768","1292.499526243289","1292.499526243289","1292.499526243289"
"17770","1394.978892182045","1394.978892182045","1394.978892182045"
"17772","1800.703862114088","1800.703862114088","1800.703862114088"
"17774","1094.656551548679","1094.656551548679","1094.656551548679"
"17778","1680.1068425689864","1680.1068425689864","1680.1068425689864"
"17780","1967.208061686492","1967.208061686492","1967.208061686492"
"17782","1460.2794746258007","1460.2794746258007","1460.2794746258007"
"17784","897.5190153206177","897.5190153206177","897.5190153206177"
"17786","1736.784515645752","1736.784515645752","1736.784515645752"
"17788","1995.6017203187284","1995.6017203187284","1995.6017203187284"
"17790","1232.868760424329","1232.868760424329","1232.868760424329"
"17792","1783.861847092924","1783.861847092924","1783.861847092924"
"17794","1766.6112246863306","1766.6112246863306","1766.6112246863306"
"17796","3333.9423750749897","3333.9423750749897","3333.9423750749897"
"17798","1205.4715310421286","1205.4715310421286","1205.4715310421286"
"17802","776.1351220558635","776.1351220558635","776.1351220558635"
"17804","1888.712668545409","1888.712668545409","1888.712668545409"
"17806","1435.855650618578","1435.855650618578","1435.855650618578"
"17808","2030.5227848567347","2030.5227848567347","2030.5227848567347"
"17810","1455.4766934762154","1455.4766934762154","1455.4766934762154"
"17812","1068.806234004094","1068.806234004094","1068.806234004094"
"17816","2325.1033349812787","2325.1033349812787","2325.1033349812787"
"17818","1474.9852389873986","1474.9852389873986","1474.9852389873986"
"17820","2057.2969380242785","2057.2969380242785","2057.2969380242785"
"17822","1201.6333879684812","1201.6333879684812","1201.6333879684812"
"17824","1842.229895391054","1842.229895391054","1842.229895391054"
"17828","1155.1350392164495","1155.1350392164495","1155.1350392164495"
"17830","2371.2264248526144","2371.2264248526144","2371.2264248526144"
"17832","2111.610887703301","2111.610887703301","2111.610887703301"
"17834","1594.067691479687","1594.067691479687","1594.067691479687"
"17836","860.9676504221223","860.9676504221223","860.9676504221223"
"17838","975.1480826842825","975.1480826842825","975.1480826842825"
"17840","1968.9320828235807","1968.9320828235807","1968.9320828235807"
"17844","937.4623986491946","937.4623986491946","937.4623986491946"
"17848","2081.034803004614","2081.034803004614","2081.034803004614"
"17850","1569.6546543078823","1569.6546543078823","1569.6546543078823"
"17852","1691.506466528569","1691.506466528569","1691.506466528569"
"17854","1581.9978121767697","1581.9978121767697","1581.9978121767697"
"17858","1689.2517388770839","1689.2517388770839","1689.2517388770839"
"17860","1058.5505768815676","1058.5505768815676","1058.5505768815676"
"17862","1512.4632409255391","1512.4632409255391","1512.4632409255391"
"17864","844.5701013216076","844.5701013216076","844.5701013216076"
"17866","744.9854013033524","744.9854013033524","744.9854013033524"
"17868","1096.016884825549","1096.016884825549","1096.016884825549"
"17870","1022.3141795351744","1022.3141795351744","1022.3141795351744"
"17872","1319.6743658858873","1319.6743658858873","1319.6743658858873"
"17874","1186.3037973571784","1186.3037973571784","1186.3037973571784"
"17876","1374.1102699545895","1374.1102699545895","1374.1102699545895"
"17878","3654.4571336259023","3654.4571336259023","3654.4571336259023"
"17880","887.0164942694213","887.0164942694213","887.0164942694213"
"17882","2702.701502353492","2702.701502353492","2702.701502353492"
"17886","1455.2504162265986","1455.2504162265986","1455.2504162265986"
"17888","708.82845049371","708.82845049371","708.82845049371"
"17890","1296.6869746487664","1296.6869746487664","1296.6869746487664"
"17892","1457.6301979977866","1457.6301979977866","1457.6301979977866"
"17894","751.6963941579656","751.6963941579656","751.6963941579656"
"17896","1339.9636434624424","1339.9636434624424","1339.9636434624424"
"17898","1824.0968879986017","1824.0968879986017","1824.0968879986017"
"17900","1818.3233542311266","1818.3233542311266","1818.3233542311266"
"17902","715.4361141373365","715.4361141373365","715.4361141373365"
"17904","708.0001172930074","708.0001172930074","708.0001172930074"
"17906","1106.9945969365751","1106.9945969365751","1106.9945969365751"
"17908","1174.7459371563084","1174.7459371563084","1174.7459371563084"
"17910","1422.6161759465444","1422.6161759465444","1422.6161759465444"
"17912","690.9303697746966","690.9303697746966","690.9303697746966"
"17914","1978.4535306956832","1978.4535306956832","1978.4535306956832"
"17916","1079.4126485113277","1079.4126485113277","1079.4126485113277"
"17918","582.8583795805737","582.8583795805737","582.8583795805737"
"17920","2372.2664605523482","2372.2664605523482","2372.2664605523482"
"17922","2413.798061566006","2413.798061566006","2413.798061566006"
"17924","2244.838031871175","2244.838031871175","2244.838031871175"
"17926","1336.7522749941209","1336.7522749941209","1336.7522749941209"
"17928","1485.5390301240734","1485.5390301240734","1485.5390301240734"
"17930","1782.0823297534205","1782.0823297534205","1782.0823297534205"
"17932","2644.3391107491843","2644.3391107491843","2644.3391107491843"
"17934","1525.7267990592247","1525.7267990592247","1525.7267990592247"
"17938","1775.8109221557659","1775.8109221557659","1775.8109221557659"
"17940","974.934078549492","974.934078549492","974.934078549492"
"17942","1028.6821487712175","1028.6821487712175","1028.6821487712175"
"17944","1812.1128203122244","1812.1128203122244","1812.1128203122244"
"17946","1205.0201442254524","1205.0201442254524","1205.0201442254524"
"17948","1480.981184513735","1480.981184513735","1480.981184513735"
"17950","1607.1120504707765","1607.1120504707765","1607.1120504707765"
"17952","2660.2647397945316","2660.2647397945316","2660.2647397945316"
"17958","1055.2232758981952","1055.2232758981952","1055.2232758981952"
"17960","1245.2988585535034","1245.2988585535034","1245.2988585535034"
"17962","611.1681625295392","611.1681625295392","611.1681625295392"
"17964","2171.0804782721225","2171.0804782721225","2171.0804782721225"
"17966","1837.3083515846438","1837.3083515846438","1837.3083515846438"
"17968","2956.4056238581334","2956.4056238581334","2956.4056238581334"
"17970","1312.2388971696248","1312.2388971696248","1312.2388971696248"
"17972","1139.5892149926292","1139.5892149926292","1139.5892149926292"
"17974","1485.0231060805704","1485.0231060805704","1485.0231060805704"
"17976","1721.983220200993","1721.983220200993","1721.983220200993"
"17978","1692.8449661179532","1692.8449661179532","1692.8449661179532"
"17980","1281.4607592272237","1281.4607592272237","1281.4607592272237"
"17982","2023.532217158106","2023.532217158106","2023.532217158106"
"17986","1536.8456608235595","1536.8456608235595","1536.8456608235595"
"17988","1445.7683231068977","1445.7683231068977","1445.7683231068977"
"17990","2180.0913692933973","2180.0913692933973","2180.0913692933973"
"17992","1127.7216764923676","1127.7216764923676","1127.7216764923676"
"17994","1618.5000939205663","1618.5000939205663","1618.5000939205663"
"17996","1742.891081905224","1742.891081905224","1742.891081905224"
"17998","645.2898777213093","645.2898777213093","645.2898777213093"
"18002","975.0721048933822","975.0721048933822","975.0721048933822"
"18004","1242.0843624387244","1242.0843624387244","1242.0843624387244"
"18006","1236.410667050466","1236.410667050466","1236.410667050466"
"18008","2470.807763096553","2470.807763096553","2470.807763096553"
"18010","1125.8029704675632","1125.8029704675632","1125.8029704675632"
"18014","1265.1580902968171","1265.1580902968171","1265.1580902968171"
"18016","1963.4297328044304","1963.4297328044304","1963.4297328044304"
"18018","1619.2794321563356","1619.2794321563356","1619.2794321563356"
"18020","1390.2125202250056","1390.2125202250056","1390.2125202250056"
"18022","1443.0244480488814","1443.0244480488814","1443.0244480488814"
"18024","919.4174961133426","919.4174961133426","919.4174961133426"
"18026","869.5650403893818","869.5650403893818","869.5650403893818"
"18028","534.0851258958813","534.0851258958813","534.0851258958813"
"18030","2118.308171900816","2118.308171900816","2118.308171900816"
"18032","1854.0940462492722","1854.0940462492722","1854.0940462492722"
"18034","2360.746584986251","2360.746584986251","2360.746584986251"
"18036","2111.645377405447","2111.645377405447","2111.645377405447"
"18038","1173.8786258085008","1173.8786258085008","1173.8786258085008"
"18040","1134.4665340006527","1134.4665340006527","1134.4665340006527"
"18042","989.6378648523308","989.6378648523308","989.6378648523308"
"18044","1420.033181614606","1420.033181614606","1420.033181614606"
"18052","741.1841775941293","741.1841775941293","741.1841775941293"
"18054","972.7860865819677","972.7860865819677","972.7860865819677"
"18056","2612.254632488097","2612.254632488097","2612.254632488097"
"18058","1668.2387117888318","1668.2387117888318","1668.2387117888318"
"18062","1121.4435991841983","1121.4435991841983","1121.4435991841983"
"18064","2001.4778131202982","2001.4778131202982","2001.4778131202982"
"18066","951.6217168694727","951.6217168694727","951.6217168694727"
"18068","945.1559011938302","945.1559011938302","945.1559011938302"
"18070","3029.4200790998943","3029.4200790998943","3029.4200790998943"
"18072","1352.8310550087797","1352.8310550087797","1352.8310550087797"
"18074","1702.8587640675635","1702.8587640675635","1702.8587640675635"
"18076","1699.6156842748746","1699.6156842748746","1699.6156842748746"
"18078","1326.045132790066","1326.045132790066","1326.045132790066"
"18080","892.8743492750531","892.8743492750531","892.8743492750531"
"18082","1594.3659195329224","1594.3659195329224","1594.3659195329224"
"18084","1221.6850908801807","1221.6850908801807","1221.6850908801807"
"18086","1086.7859318450803","1086.7859318450803","1086.7859318450803"
"18088","1357.944785742695","1357.944785742695","1357.944785742695"
"18090","2221.142211288774","2221.142211288774","2221.142211288774"
"18092","1258.2031437122685","1258.2031437122685","1258.2031437122685"
"18094","1124.8205525279109","1124.8205525279109","1124.8205525279109"
"18096","1530.1993278470404","1530.1993278470404","1530.1993278470404"
"18098","997.3631045032159","997.3631045032159","997.3631045032159"
"18100","2281.1438718695863","2281.1438718695863","2281.1438718695863"
"18102","754.5976457949052","754.5976457949052","754.5976457949052"
"18104","3040.4571039906104","3040.4571039906104","3040.4571039906104"
"18106","1444.89707647052","1444.89707647052","1444.89707647052"
"18108","1470.3319734749261","1470.3319734749261","1470.3319734749261"
"18110","782.2055932900238","782.2055932900238","782.2055932900238"
"18112","1397.6281823740503","1397.6281823740503","1397.6281823740503"
"18114","1390.728191233195","1390.728191233195","1390.728191233195"
"18116","1704.1839754567127","1704.1839754567127","1704.1839754567127"
"18120","2432.358723818144","2432.358723818144","2432.358723818144"
"18122","481.2045356094876","481.2045356094876","481.2045356094876"
"18124","1093.4195700562975","1093.4195700562975","1093.4195700562975"
"18126","1010.8815433427926","1010.8815433427926","1010.8815433427926"
"18130","1408.2475885363476","1408.2475885363476","1408.2475885363476"
"18132","1322.6770411759564","1322.6770411759564","1322.6770411759564"
"18134","753.0465474460941","753.0465474460941","753.0465474460941"
"18136","1410.6707492925832","1410.6707492925832","1410.6707492925832"
"18142","1253.1737924527868","1253.1737924527868","1253.1737924527868"
"18144","1432.5385458904755","1432.5385458904755","1432.5385458904755"
"18146","1170.238663734112","1170.238663734112","1170.238663734112"
"18148","1815.187907008963","1815.187907008963","1815.187907008963"
"18150","2093.71689158211","2093.71689158211","2093.71689158211"
"18152","2268.8603320498537","2268.8603320498537","2268.8603320498537"
"18154","2363.2667478006097","2363.2667478006097","2363.2667478006097"
"18158","2384.586611815532","2384.586611815532","2384.586611815532"
"18162","2320.176464164619","2320.176464164619","2320.176464164619"
"18168","981.4948453787277","981.4948453787277","981.4948453787277"
"18170","2134.8193058059887","2134.8193058059887","2134.8193058059887"
"18174","1880.151308380204","1880.151308380204","1880.151308380204"
"18176","1605.4954735418276","1605.4954735418276","1605.4954735418276"
"18178","1233.8208149623558","1233.8208149623558","1233.8208149623558"
"18180","989.7445769032549","989.7445769032549","989.7445769032549"
"18182","1598.1667269696006","1598.1667269696006","1598.1667269696006"
"18184","1043.7971818276314","1043.7971818276314","1043.7971818276314"
"18186","1350.6305050064727","1350.6305050064727","1350.6305050064727"
"18188","953.3062277927489","953.3062277927489","953.3062277927489"
"18190","1343.4281573666192","1343.4281573666192","1343.4281573666192"
"18192","2484.9504997851536","2484.9504997851536","2484.9504997851536"
"18194","1620.0338483625385","1620.0338483625385","1620.0338483625385"
"18196","1635.0800042162339","1635.0800042162339","1635.0800042162339"
"18198","1249.5601148277776","1249.5601148277776","1249.5601148277776"
"18200","1174.3468599871358","1174.3468599871358","1174.3468599871358"
"18202","1101.5343814669957","1101.5343814669957","1101.5343814669957"
"18206","2095.9358903757275","2095.9358903757275","2095.9358903757275"
"18208","1633.099542146374","1633.099542146374","1633.099542146374"
"18211","588.9960174963262","588.9960174963262","588.9960174963262"
"18213","1024.7318331349834","1024.7318331349834","1024.7318331349834"
"18215","1290.562508342491","1290.562508342491","1290.562508342491"
"18217","1136.6521776506202","1136.6521776506202","1136.6521776506202"
"18221","766.2110336210301","766.2110336210301","766.2110336210301"
"18223","1152.1641542818033","1152.1641542818033","1152.1641542818033"
"18227","1538.7312731157233","1538.7312731157233","1538.7312731157233"
"18229","1468.343369015393","1468.343369015393","1468.343369015393"
"18231","723.1537292225202","723.1537292225202","723.1537292225202"
"18233","1448.9699173219037","1448.9699173219037","1448.9699173219037"
"18235","1033.4946233801468","1033.4946233801468","1033.4946233801468"
"18239","786.4333697750735","786.4333697750735","786.4333697750735"
"18241","1970.5111104767652","1970.5111104767652","1970.5111104767652"
"18245","1433.4656426881586","1433.4656426881586","1433.4656426881586"
"18247","1713.9905901441089","1713.9905901441089","1713.9905901441089"
"18249","2007.667202275035","2007.667202275035","2007.667202275035"
"18251","967.1105733238935","967.1105733238935","967.1105733238935"
"18253","2115.962110254316","2115.962110254316","2115.962110254316"
"18255","3133.0444982533127","3133.0444982533127","3133.0444982533127"
"18257","2267.9722071406773","2267.9722071406773","2267.9722071406773"
"18259","1152.90450337295","1152.90450337295","1152.90450337295"
"18261","2241.4073151632115","2241.4073151632115","2241.4073151632115"
"18263","2648.306356688372","2648.306356688372","2648.306356688372"
"18267","892.6074421782057","892.6074421782057","892.6074421782057"
"18269","1362.0348974268559","1362.0348974268559","1362.0348974268559"
"18271","1125.4784341575823","1125.4784341575823","1125.4784341575823"
"18273","763.7242057802407","763.7242057802407","763.7242057802407"
"18279","1814.5020050264804","1814.5020050264804","1814.5020050264804"
"18281","1219.1316025536676","1219.1316025536676","1219.1316025536676"
"18283","2028.671976165058","2028.671976165058","2028.671976165058"
"18285","2267.645970396615","2267.645970396615","2267.645970396615"
"18287","1642.5959918380595","1642.5959918380595","1642.5959918380595"
"18289","1417.3699183756057","1417.3699183756057","1417.3699183756057"
"18291","1394.771779578349","1394.771779578349","1394.771779578349"
"18297","1455.1169755088674","1455.1169755088674","1455.1169755088674"
"18299","843.5983234521068","843.5983234521068","843.5983234521068"
"18301","960.9647122848737","960.9647122848737","960.9647122848737"
"18303","1841.490949706636","1841.490949706636","1841.490949706636"
"18307","2009.078951157267","2009.078951157267","2009.078951157267"
"18309","3421.3679168737676","3421.3679168737676","3421.3679168737676"
"18311","840.8739735208765","840.8739735208765","840.8739735208765"
"18315","1018.8448740364406","1018.8448740364406","1018.8448740364406"
"18317","3096.0700121539194","3096.0700121539194","3096.0700121539194"
"18321","1218.1999481380906","1218.1999481380906","1218.1999481380906"
"18323","937.0156865038412","937.0156865038412","937.0156865038412"
"18325","1276.5293178891588","1276.5293178891588","1276.5293178891588"
"18327","2050.3932040796612","2050.3932040796612","2050.3932040796612"
"18329","1075.043448412933","1075.043448412933","1075.043448412933"
"18331","1060.0478331214304","1060.0478331214304","1060.0478331214304"
"18333","1117.4084471582744","1117.4084471582744","1117.4084471582744"
"18335","1111.5773865070519","1111.5773865070519","1111.5773865070519"
"18337","1043.2453163869363","1043.2453163869363","1043.2453163869363"
"18339","816.7149927334926","816.7149927334926","816.7149927334926"
"18341","1033.3879229843953","1033.3879229843953","1033.3879229843953"
"18343","1972.2129776973795","1972.2129776973795","1972.2129776973795"
"18345","1200.2020308800827","1200.2020308800827","1200.2020308800827"
"18347","710.1653210214845","710.1653210214845","710.1653210214845"
"18349","2116.33223681973","2116.33223681973","2116.33223681973"
"18351","1407.9828314880838","1407.9828314880838","1407.9828314880838"
"18353","1613.0405343424823","1613.0405343424823","1613.0405343424823"
"18355","2263.554004697591","2263.554004697591","2263.554004697591"
"18357","2754.054505165518","2754.054505165518","2754.054505165518"
"18361","1163.3712665195262","1163.3712665195262","1163.3712665195262"
"18365","2348.5300275553172","2348.5300275553172","2348.5300275553172"
"18367","1782.8166455112844","1782.8166455112844","1782.8166455112844"
"18371","1890.7528983748","1890.7528983748","1890.7528983748"
"18373","1712.8788307157963","1712.8788307157963","1712.8788307157963"
"18375","1622.4978008240664","1622.4978008240664","1622.4978008240664"
"18377","1372.7257815723756","1372.7257815723756","1372.7257815723756"
"18379","1367.6093676783894","1367.6093676783894","1367.6093676783894"
"18381","1316.3542157085328","1316.3542157085328","1316.3542157085328"
"18383","633.717662216198","633.717662216198","633.717662216198"
"18385","690.5257726065288","690.5257726065288","690.5257726065288"
"18387","1739.5284014916404","1739.5284014916404","1739.5284014916404"
"18389","1822.5644429839676","1822.5644429839676","1822.5644429839676"
"18393","1700.767928996945","1700.767928996945","1700.767928996945"
"18395","2151.954459901272","2151.954459901272","2151.954459901272"
"18397","1349.990799108693","1349.990799108693","1349.990799108693"
"18399","1447.330046132471","1447.330046132471","1447.330046132471"
"18401","938.8021029535398","938.8021029535398","938.8021029535398"
"18403","2453.8089807002775","2453.8089807002775","2453.8089807002775"
"18405","1125.4394586859278","1125.4394586859278","1125.4394586859278"
"18407","1338.2311199751312","1338.2311199751312","1338.2311199751312"
"18409","1506.157960493548","1506.157960493548","1506.157960493548"
"18411","1568.1227604107698","1568.1227604107698","1568.1227604107698"
"18413","2850.576517704412","2850.576517704412","2850.576517704412"
"18417","1286.4250598367687","1286.4250598367687","1286.4250598367687"
"18419","2018.3275055256483","2018.3275055256483","2018.3275055256483"
"18421","2060.131012954024","2060.131012954024","2060.131012954024"
"18423","2520.470998407248","2520.470998407248","2520.470998407248"
"18425","1420.386048312677","1420.386048312677","1420.386048312677"
"18427","922.5215018875674","922.5215018875674","922.5215018875674"
"18431","766.8574325310584","766.8574325310584","766.8574325310584"
"18433","778.5180126752668","778.5180126752668","778.5180126752668"
"18435","1019.8527154518181","1019.8527154518181","1019.8527154518181"
"18437","2417.535894101808","2417.535894101808","2417.535894101808"
"18439","1262.420031285753","1262.420031285753","1262.420031285753"
"18443","1605.030990933453","1605.030990933453","1605.030990933453"
"18445","2333.1255908999037","2333.1255908999037","2333.1255908999037"
"18447","947.3478143961257","947.3478143961257","947.3478143961257"
"18449","1534.3602181711244","1534.3602181711244","1534.3602181711244"
"18453","1557.2920074164826","1557.2920074164826","1557.2920074164826"
"18455","1676.7809915690102","1676.7809915690102","1676.7809915690102"
"18457","2132.8443447991444","2132.8443447991444","2132.8443447991444"
"18461","1594.8916114479014","1594.8916114479014","1594.8916114479014"
"18463","648.2083737346019","648.2083737346019","648.2083737346019"
"18465","1695.3849293578983","1695.3849293578983","1695.3849293578983"
"18467","1370.5301294661206","1370.5301294661206","1370.5301294661206"
"18469","1344.4379719856659","1344.4379719856659","1344.4379719856659"
"18471","1305.4902724997944","1305.4902724997944","1305.4902724997944"
"18473","2503.87889234145","2503.87889234145","2503.87889234145"
"18475","1484.1011698270017","1484.1011698270017","1484.1011698270017"
"18477","2067.2840784972786","2067.2840784972786","2067.2840784972786"
"18479","3154.837618085929","3154.837618085929","3154.837618085929"
"18481","1785.0085975803224","1785.0085975803224","1785.0085975803224"
"18483","1820.9699499467333","1820.9699499467333","1820.9699499467333"
"18485","1548.666934829266","1548.666934829266","1548.666934829266"
"18487","1360.8664437148802","1360.8664437148802","1360.8664437148802"
"18493","1908.56992150015","1908.56992150015","1908.56992150015"
"18495","2200.0454590446498","2200.0454590446498","2200.0454590446498"
"18497","1859.9410117188722","1859.9410117188722","1859.9410117188722"
"18499","1227.8324602023624","1227.8324602023624","1227.8324602023624"
"18503","897.9132408082637","897.9132408082637","897.9132408082637"
"18505","1719.559348889404","1719.559348889404","1719.559348889404"
"18507","1560.0107152812316","1560.0107152812316","1560.0107152812316"
"18509","1806.667430781922","1806.667430781922","1806.667430781922"
"18511","3142.619410706544","3142.619410706544","3142.619410706544"
"18513","805.0907869745329","805.0907869745329","805.0907869745329"
"18515","1107.8209570009067","1107.8209570009067","1107.8209570009067"
"18517","1746.2602467703914","1746.2602467703914","1746.2602467703914"
"18521","1129.5485335861576","1129.5485335861576","1129.5485335861576"
"18523","2888.4026000182216","2888.4026000182216","2888.4026000182216"
"18525","1376.3291047426173","1376.3291047426173","1376.3291047426173"
"18527","1123.255337150811","1123.255337150811","1123.255337150811"
"18529","674.9707361341597","674.9707361341597","674.9707361341597"
"18531","1371.163988623773","1371.163988623773","1371.163988623773"
"18535","1615.432828545702","1615.432828545702","1615.432828545702"
"18537","2243.23347662683","2243.23347662683","2243.23347662683"
"18539","855.2335248085508","855.2335248085508","855.2335248085508"
"18543","2079.8411704480086","2079.8411704480086","2079.8411704480086"
"18547","1224.8983392085074","1224.8983392085074","1224.8983392085074"
"18549","1600.5174204397592","1600.5174204397592","1600.5174204397592"
"18551","1061.1523626258388","1061.1523626258388","1061.1523626258388"
"18553","1668.6028854122897","1668.6028854122897","1668.6028854122897"
"18555","861.2843456949705","861.2843456949705","861.2843456949705"
"18557","1911.0802363988541","1911.0802363988541","1911.0802363988541"
"18559","770.9348206092747","770.9348206092747","770.9348206092747"
"18561","1209.364607862431","1209.364607862431","1209.364607862431"
"18563","1475.1207336620748","1475.1207336620748","1475.1207336620748"
"18565","1624.1527902697205","1624.1527902697205","1624.1527902697205"
"18567","1086.1197908660502","1086.1197908660502","1086.1197908660502"
"18573","1651.8262679597128","1651.8262679597128","1651.8262679597128"
"18575","811.0556384582927","811.0556384582927","811.0556384582927"
"18577","866.2120094421704","866.2120094421704","866.2120094421704"
"18579","1393.996403278865","1393.996403278865","1393.996403278865"
"18581","1084.4477960243871","1084.4477960243871","1084.4477960243871"
"18587","1946.1535010856912","1946.1535010856912","1946.1535010856912"
"18589","331.4645222147636","331.4645222147636","331.4645222147636"
"18591","1946.2947625260022","1946.2947625260022","1946.2947625260022"
"18593","670.0552482297963","670.0552482297963","670.0552482297963"
"18597","2306.5345442602033","2306.5345442602033","2306.5345442602033"
"18599","2392.64632147308","2392.64632147308","2392.64632147308"
"18603","2609.669577366072","2609.669577366072","2609.669577366072"
"18605","1376.3113081691183","1376.3113081691183","1376.3113081691183"
"18607","1771.1237127043767","1771.1237127043767","1771.1237127043767"
"18609","2212.543019183628","2212.543019183628","2212.543019183628"
"18611","1723.1388843213604","1723.1388843213604","1723.1388843213604"
"18615","1750.698795189832","1750.698795189832","1750.698795189832"
"18617","1429.2618321086973","1429.2618321086973","1429.2618321086973"
"18619","1317.1262272060383","1317.1262272060383","1317.1262272060383"
"18621","666.0123556509907","666.0123556509907","666.0123556509907"
"18623","1558.8020434100172","1558.8020434100172","1558.8020434100172"
"18625","2142.1708699700102","2142.1708699700102","2142.1708699700102"
"18627","1218.9853025360871","1218.9853025360871","1218.9853025360871"
"18629","1460.039780953356","1460.039780953356","1460.039780953356"
"18631","916.8008720528615","916.8008720528615","916.8008720528615"
"18633","2157.3437839777985","2157.3437839777985","2157.3437839777985"
"18635","1429.2553811463267","1429.2553811463267","1429.2553811463267"
"18637","1377.7303193229768","1377.7303193229768","1377.7303193229768"
"18639","724.709403647521","724.709403647521","724.709403647521"
"18641","1209.9847583411772","1209.9847583411772","1209.9847583411772"
"18645","998.9159005049638","998.9159005049638","998.9159005049638"
"18647","1915.0176876262215","1915.0176876262215","1915.0176876262215"
"18649","1201.4849185080413","1201.4849185080413","1201.4849185080413"
"18651","2213.967488039827","2213.967488039827","2213.967488039827"
"18653","1698.2290520798927","1698.2290520798927","1698.2290520798927"
"18655","1801.1423936266508","1801.1423936266508","1801.1423936266508"
"18657","1397.3470837419904","1397.3470837419904","1397.3470837419904"
"18659","1857.369703970114","1857.369703970114","1857.369703970114"
"18661","1485.547117443401","1485.547117443401","1485.547117443401"
"18663","1816.3718968906296","1816.3718968906296","1816.3718968906296"
"18667","760.2615049811772","760.2615049811772","760.2615049811772"
"18669","806.62485111876","806.62485111876","806.62485111876"
"18672","1012.0585526368365","1012.0585526368365","1012.0585526368365"
"18674","2235.6597034724514","2235.6597034724514","2235.6597034724514"
"18676","1659.289470361349","1659.289470361349","1659.289470361349"
"18680","2767.229250695788","2767.229250695788","2767.229250695788"
"18682","1787.1289695124137","1787.1289695124137","1787.1289695124137"
"18684","1373.9160090394555","1373.9160090394555","1373.9160090394555"
"18688","1626.8337270056827","1626.8337270056827","1626.8337270056827"
"18690","1490.0763716622625","1490.0763716622625","1490.0763716622625"
"18692","1906.9231947400772","1906.9231947400772","1906.9231947400772"
"18696","1101.9489679051917","1101.9489679051917","1101.9489679051917"
"18698","765.1722698314643","765.1722698314643","765.1722698314643"
"18700","1990.0715567612533","1990.0715567612533","1990.0715567612533"
"18702","1611.4162652155628","1611.4162652155628","1611.4162652155628"
"18704","1241.3110340014293","1241.3110340014293","1241.3110340014293"
"18706","1282.361850733951","1282.361850733951","1282.361850733951"
"18708","1419.9924530161188","1419.9924530161188","1419.9924530161188"
"18712","2488.946918454881","2488.946918454881","2488.946918454881"
"18714","844.9556888898577","844.9556888898577","844.9556888898577"
"18716","2003.2911713778985","2003.2911713778985","2003.2911713778985"
"18718","1377.4786953914197","1377.4786953914197","1377.4786953914197"
"18720","2993.6570077441984","2993.6570077441984","2993.6570077441984"
"18722","897.54376324996","897.54376324996","897.54376324996"
"18724","936.4991010859137","936.4991010859137","936.4991010859137"
"18726","953.660107316022","953.660107316022","953.660107316022"
"18728","1625.9038181471142","1625.9038181471142","1625.9038181471142"
"18730","1768.1163158183258","1768.1163158183258","1768.1163158183258"
"18732","941.8318427519247","941.8318427519247","941.8318427519247"
"18734","3189.819777391854","3189.819777391854","3189.819777391854"
"18736","1501.2475453506781","1501.2475453506781","1501.2475453506781"
"18738","2261.5606750168868","2261.5606750168868","2261.5606750168868"
"18740","1222.2477867407217","1222.2477867407217","1222.2477867407217"
"18742","1554.3743086454037","1554.3743086454037","1554.3743086454037"
"18746","1337.2315920696549","1337.2315920696549","1337.2315920696549"
"18748","1498.7438947737794","1498.7438947737794","1498.7438947737794"
"18750","1045.4809618316349","1045.4809618316349","1045.4809618316349"
"18752","1493.968953760851","1493.968953760851","1493.968953760851"
"18754","1410.3978628988068","1410.3978628988068","1410.3978628988068"
"18756","813.7413065785838","813.7413065785838","813.7413065785838"
"18760","909.5698501818372","909.5698501818372","909.5698501818372"
"18762","1646.7124536634433","1646.7124536634433","1646.7124536634433"
"18764","937.8184334053385","937.8184334053385","937.8184334053385"
"18766","1749.2528836258023","1749.2528836258023","1749.2528836258023"
"18768","616.0379830562207","616.0379830562207","616.0379830562207"
"18772","1805.5479508529177","1805.5479508529177","1805.5479508529177"
"18774","1329.0950093889096","1329.0950093889096","1329.0950093889096"
"18776","709.7171013158586","709.7171013158586","709.7171013158586"
"18778","872.7703221845188","872.7703221845188","872.7703221845188"
"18780","1605.1411770217167","1605.1411770217167","1605.1411770217167"
"18782","1646.0633401365621","1646.0633401365621","1646.0633401365621"
"18784","1983.932614763816","1983.932614763816","1983.932614763816"
"18790","686.9564454401783","686.9564454401783","686.9564454401783"
"18792","2418.5342974674695","2418.5342974674695","2418.5342974674695"
"18794","1103.4647330642888","1103.4647330642888","1103.4647330642888"
"18798","2219.97256243779","2219.97256243779","2219.97256243779"
"18800","1453.5540721496607","1453.5540721496607","1453.5540721496607"
"18802","1425.4066550016503","1425.4066550016503","1425.4066550016503"
"18804","1576.4735168396155","1576.4735168396155","1576.4735168396155"
"18806","2958.785701918263","2958.785701918263","2958.785701918263"
"18808","1137.9217569169716","1137.9217569169716","1137.9217569169716"
"18810","1875.7580178572573","1875.7580178572573","1875.7580178572573"
"18812","1356.2591979817992","1356.2591979817992","1356.2591979817992"
"18814","914.557795540978","914.557795540978","914.557795540978"
"18822","849.7911017736259","849.7911017736259","849.7911017736259"
"18824","1160.201943586222","1160.201943586222","1160.201943586222"
"18826","1212.5678777129608","1212.5678777129608","1212.5678777129608"
"18828","2019.3488593905174","2019.3488593905174","2019.3488593905174"
"18830","2228.6608495709347","2228.6608495709347","2228.6608495709347"
"18832","2099.9113353676357","2099.9113353676357","2099.9113353676357"
"18834","1838.2505293523327","1838.2505293523327","1838.2505293523327"
"18836","2607.4378766772566","2607.4378766772566","2607.4378766772566"
"18838","1065.4550614032203","1065.4550614032203","1065.4550614032203"
"18840","1396.3263095418538","1396.3263095418538","1396.3263095418538"
"18842","2065.342930624267","2065.342930624267","2065.342930624267"
"18844","874.5238400742245","874.5238400742245","874.5238400742245"
"18846","950.318852829577","950.318852829577","950.318852829577"
"18848","1089.6121243820792","1089.6121243820792","1089.6121243820792"
"18850","2171.5054574990518","2171.5054574990518","2171.5054574990518"
"18854","1651.0439036882651","1651.0439036882651","1651.0439036882651"
"18856","2133.1595882491865","2133.1595882491865","2133.1595882491865"
"18858","1007.0985272191512","1007.0985272191512","1007.0985272191512"
"18862","1028.8543781508686","1028.8543781508686","1028.8543781508686"
"18866","2125.71789031288","2125.71789031288","2125.71789031288"
"18868","1082.6935686299103","1082.6935686299103","1082.6935686299103"
"18870","1662.2838243679669","1662.2838243679669","1662.2838243679669"
"18872","2894.6001196530524","2894.6001196530524","2894.6001196530524"
"18874","171.27130057751822","171.27130057751822","171.27130057751822"
"18876","1774.2349873332678","1774.2349873332678","1774.2349873332678"
"18878","1619.8562011762722","1619.8562011762722","1619.8562011762722"
"18880","1160.5447767220105","1160.5447767220105","1160.5447767220105"
"18884","1020.9525202570736","1020.9525202570736","1020.9525202570736"
"18886","1333.9858606645794","1333.9858606645794","1333.9858606645794"
"18888","1743.4458144270527","1743.4458144270527","1743.4458144270527"
"18890","1443.554866286504","1443.554866286504","1443.554866286504"
"18892","1068.9351885535905","1068.9351885535905","1068.9351885535905"
"18894","1411.6261289830695","1411.6261289830695","1411.6261289830695"
"18896","1678.1102027098598","1678.1102027098598","1678.1102027098598"
"18898","892.3086744651168","892.3086744651168","892.3086744651168"
"18900","1896.7974764773744","1896.7974764773744","1896.7974764773744"
"18902","1796.918018489543","1796.918018489543","1796.918018489543"
"18904","1153.940734851619","1153.940734851619","1153.940734851619"
"18906","1898.028498417557","1898.028498417557","1898.028498417557"
"18908","1907.6535889023255","1907.6535889023255","1907.6535889023255"
"18910","1175.5026458727089","1175.5026458727089","1175.5026458727089"
"18912","1157.9265971985928","1157.9265971985928","1157.9265971985928"
"18914","1878.465192264166","1878.465192264166","1878.465192264166"
"18916","1581.3486958035455","1581.3486958035455","1581.3486958035455"
"18918","1013.8244440588512","1013.8244440588512","1013.8244440588512"
"18920","3310.8060167100907","3310.8060167100907","3310.8060167100907"
"18922","1503.3395739958523","1503.3395739958523","1503.3395739958523"
"18924","1825.1955002753507","1825.1955002753507","1825.1955002753507"
"18926","2482.7583139027024","2482.7583139027024","2482.7583139027024"
"18928","1251.943165684452","1251.943165684452","1251.943165684452"
"18930","1094.5489638976073","1094.5489638976073","1094.5489638976073"
"18932","1999.493087663123","1999.493087663123","1999.493087663123"
"18934","496.5777092204498","496.5777092204498","496.5777092204498"
"18936","764.9355297040651","764.9355297040651","764.9355297040651"
"18938","1294.4551579058088","1294.4551579058088","1294.4551579058088"
"18940","1456.30464768506","1456.30464768506","1456.30464768506"
"18942","898.054393688717","898.054393688717","898.054393688717"
"18944","819.3808044316021","819.3808044316021","819.3808044316021"
"18946","1337.8088292644265","1337.8088292644265","1337.8088292644265"
"18950","1705.5126348800247","1705.5126348800247","1705.5126348800247"
"18952","1556.555466853337","1556.555466853337","1556.555466853337"
"18954","1455.0044533941602","1455.0044533941602","1455.0044533941602"
"18956","1295.8898508093573","1295.8898508093573","1295.8898508093573"
"18958","1677.4508088960927","1677.4508088960927","1677.4508088960927"
"18960","2276.128068210751","2276.128068210751","2276.128068210751"
"18962","956.4090672036896","956.4090672036896","956.4090672036896"
"18964","1147.1308781349674","1147.1308781349674","1147.1308781349674"
"18966","1765.3408961309055","1765.3408961309055","1765.3408961309055"
"18970","1457.261617003958","1457.261617003958","1457.261617003958"
"18972","1063.670561919591","1063.670561919591","1063.670561919591"
"18974","1357.31634923645","1357.31634923645","1357.31634923645"
"18976","2098.8173654388042","2098.8173654388042","2098.8173654388042"
"18978","776.6735623993076","776.6735623993076","776.6735623993076"
"18982","795.8691538940819","795.8691538940819","795.8691538940819"
"18984","1019.2186709516097","1019.2186709516097","1019.2186709516097"
"18986","2658.232902455368","2658.232902455368","2658.232902455368"
"18988","1125.470738470759","1125.470738470759","1125.470738470759"
"18990","2105.8841359263038","2105.8841359263038","2105.8841359263038"
"18992","853.2562036196554","853.2562036196554","853.2562036196554"
"18994","1622.8138174473677","1622.8138174473677","1622.8138174473677"
"18996","2949.4373922585455","2949.4373922585455","2949.4373922585455"
"19000","1310.9112615312436","1310.9112615312436","1310.9112615312436"
"19006","1193.5666305451343","1193.5666305451343","1193.5666305451343"
"19010","1647.250331041468","1647.250331041468","1647.250331041468"
"19012","2574.174918234276","2574.174918234276","2574.174918234276"
"19014","1479.5492180133974","1479.5492180133974","1479.5492180133974"
"19016","1193.0956744266412","1193.0956744266412","1193.0956744266412"
"19020","922.3260846773549","922.3260846773549","922.3260846773549"
"19022","624.7837840044949","624.7837840044949","624.7837840044949"
"19024","1663.653952633476","1663.653952633476","1663.653952633476"
"19026","952.3262444781313","952.3262444781313","952.3262444781313"
"19028","1095.2788974978648","1095.2788974978648","1095.2788974978648"
"19032","1273.4105189220816","1273.4105189220816","1273.4105189220816"
"19036","3829.779753863693","3829.779753863693","3829.779753863693"
"19040","1509.2051651380075","1509.2051651380075","1509.2051651380075"
"19042","1415.735743256185","1415.735743256185","1415.735743256185"
"19044","1402.053332739975","1402.053332739975","1402.053332739975"
"19046","1611.1086493631808","1611.1086493631808","1611.1086493631808"
"19048","847.9648327249329","847.9648327249329","847.9648327249329"
"19050","1479.5239133549198","1479.5239133549198","1479.5239133549198"
"19052","2089.785548317715","2089.785548317715","2089.785548317715"
"19054","2435.7887490583057","2435.7887490583057","2435.7887490583057"
"19056","1164.2265268264966","1164.2265268264966","1164.2265268264966"
"19058","1596.0225377415582","1596.0225377415582","1596.0225377415582"
"19060","576.9116090043965","576.9116090043965","576.9116090043965"
"19062","1834.3425478168592","1834.3425478168592","1834.3425478168592"
"19064","2487.842832595302","2487.842832595302","2487.842832595302"
"19066","1160.8864255737008","1160.8864255737008","1160.8864255737008"
"19068","782.4578187450053","782.4578187450053","782.4578187450053"
"19070","1190.36339629231","1190.36339629231","1190.36339629231"
"19072","1401.9960062606785","1401.9960062606785","1401.9960062606785"
"19074","1813.5423540497131","1813.5423540497131","1813.5423540497131"
"19076","979.5738045489147","979.5738045489147","979.5738045489147"
"19078","654.2180497812842","654.2180497812842","654.2180497812842"
"19080","1558.8151874845616","1558.8151874845616","1558.8151874845616"
"19082","1230.3539631299936","1230.3539631299936","1230.3539631299936"
"19086","2222.4561571049185","2222.4561571049185","2222.4561571049185"
"19088","1433.399111868043","1433.399111868043","1433.399111868043"
"19090","693.9075210592288","693.9075210592288","693.9075210592288"
"19092","1322.2621089375796","1322.2621089375796","1322.2621089375796"
"19096","1777.3656529345053","1777.3656529345053","1777.3656529345053"
"19098","3253.0841636110076","3253.0841636110076","3253.0841636110076"
"19102","1084.7132182829607","1084.7132182829607","1084.7132182829607"
"19104","2018.4598401232029","2018.4598401232029","2018.4598401232029"
"19106","2013.6699658004634","2013.6699658004634","2013.6699658004634"
"19108","691.9912487371431","691.9912487371431","691.9912487371431"
"19110","995.7335325666094","995.7335325666094","995.7335325666094"
"19112","1203.5930082459276","1203.5930082459276","1203.5930082459276"
"19116","1044.257478636523","1044.257478636523","1044.257478636523"
"19118","1185.0836931548354","1185.0836931548354","1185.0836931548354"
"19124","1108.6277157430561","1108.6277157430561","1108.6277157430561"
"19126","2160.688324392876","2160.688324392876","2160.688324392876"
"19128","1275.8001192966904","1275.8001192966904","1275.8001192966904"
"19130","2679.1654194986654","2679.1654194986654","2679.1654194986654"
"19133","974.4073929886262","974.4073929886262","974.4073929886262"
"19135","645.4332138331816","645.4332138331816","645.4332138331816"
"19137","1357.5352820356766","1357.5352820356766","1357.5352820356766"
"19139","1314.4118938809638","1314.4118938809638","1314.4118938809638"
"19141","1268.201131204008","1268.201131204008","1268.201131204008"
"19143","2120.674826067291","2120.674826067291","2120.674826067291"
"19145","1045.16784054749","1045.16784054749","1045.16784054749"
"19149","1070.7599268545964","1070.7599268545964","1070.7599268545964"
"19151","849.3165355558145","849.3165355558145","849.3165355558145"
"19155","2735.836047432543","2735.836047432543","2735.836047432543"
"19157","1482.5288686225208","1482.5288686225208","1482.5288686225208"
"19159","978.0117248872546","978.0117248872546","978.0117248872546"
"19161","1003.8443631641549","1003.8443631641549","1003.8443631641549"
"19163","1585.205684434383","1585.205684434383","1585.205684434383"
"19165","1055.8181018644605","1055.8181018644605","1055.8181018644605"
"19167","1452.093712109655","1452.093712109655","1452.093712109655"
"19169","1596.1014286702396","1596.1014286702396","1596.1014286702396"
"19171","1726.6876986580776","1726.6876986580776","1726.6876986580776"
"19179","1790.766179675649","1790.766179675649","1790.766179675649"
"19181","834.2608645683795","834.2608645683795","834.2608645683795"
"19185","1521.3791072602903","1521.3791072602903","1521.3791072602903"
"19187","582.6623098936003","582.6623098936003","582.6623098936003"
"19189","1589.6206003243537","1589.6206003243537","1589.6206003243537"
"19191","2059.975585567137","2059.975585567137","2059.975585567137"
"19193","1515.396304917629","1515.396304917629","1515.396304917629"
"19195","687.2724595445011","687.2724595445011","687.2724595445011"
"19197","627.2779615497799","627.2779615497799","627.2779615497799"
"19199","2783.30939909834","2783.30939909834","2783.30939909834"
"19203","905.704547897744","905.704547897744","905.704547897744"
"19205","3233.553063265008","3233.553063265008","3233.553063265008"
"19207","1143.7784720352943","1143.7784720352943","1143.7784720352943"
"19209","690.4427879202135","690.4427879202135","690.4427879202135"
"19211","1368.0781460672958","1368.0781460672958","1368.0781460672958"
"19213","1108.9963182704469","1108.9963182704469","1108.9963182704469"
"19215","820.1819270528268","820.1819270528268","820.1819270528268"
"19217","2797.9074842047157","2797.9074842047157","2797.9074842047157"
"19219","1096.2951797948083","1096.2951797948083","1096.2951797948083"
"19221","1005.6178719675139","1005.6178719675139","1005.6178719675139"
"19223","1043.6720369968364","1043.6720369968364","1043.6720369968364"
"19225","1421.370542559345","1421.370542559345","1421.370542559345"
"19227","1492.544892836411","1492.544892836411","1492.544892836411"
"19229","1647.681320455506","1647.681320455506","1647.681320455506"
"19231","1698.189127500617","1698.189127500617","1698.189127500617"
"19233","2100.997997889865","2100.997997889865","2100.997997889865"
"19235","2888.908778877643","2888.908778877643","2888.908778877643"
"19239","1287.0815980313378","1287.0815980313378","1287.0815980313378"
"19241","1442.8485023033772","1442.8485023033772","1442.8485023033772"
"19243","4111.702147661772","4111.702147661772","4111.702147661772"
"19245","1672.331983732859","1672.331983732859","1672.331983732859"
"19247","874.8263395354898","874.8263395354898","874.8263395354898"
"19249","1135.2752355397188","1135.2752355397188","1135.2752355397188"
"19251","926.6719758265592","926.6719758265592","926.6719758265592"
"19253","1338.1273519654787","1338.1273519654787","1338.1273519654787"
"19255","1885.5867919426814","1885.5867919426814","1885.5867919426814"
"19257","1115.8145557844664","1115.8145557844664","1115.8145557844664"
"19259","1796.8232727898164","1796.8232727898164","1796.8232727898164"
"19261","2571.655015587347","2571.655015587347","2571.655015587347"
"19263","1485.2541904774","1485.2541904774","1485.2541904774"
"19265","1364.1575890483537","1364.1575890483537","1364.1575890483537"
"19267","2514.5351051050225","2514.5351051050225","2514.5351051050225"
"19269","1860.5673156743107","1860.5673156743107","1860.5673156743107"
"19271","1430.507690424682","1430.507690424682","1430.507690424682"
"19275","1717.7249279188372","1717.7249279188372","1717.7249279188372"
"19277","1203.1887536063412","1203.1887536063412","1203.1887536063412"
"19279","1553.6685148977654","1553.6685148977654","1553.6685148977654"
"19281","1496.9609015908675","1496.9609015908675","1496.9609015908675"
"19283","1186.4456496622706","1186.4456496622706","1186.4456496622706"
"19285","1260.0011383630517","1260.0011383630517","1260.0011383630517"
"19287","1724.104992216857","1724.104992216857","1724.104992216857"
"19289","1819.7559930383286","1819.7559930383286","1819.7559930383286"
"19291","2154.2468856310015","2154.2468856310015","2154.2468856310015"
"19293","1445.6480513077756","1445.6480513077756","1445.6480513077756"
"19295","1306.7537153310525","1306.7537153310525","1306.7537153310525"
"19299","1142.686895752148","1142.686895752148","1142.686895752148"
"19301","1999.0125319458762","1999.0125319458762","1999.0125319458762"
"19303","1046.7491928345287","1046.7491928345287","1046.7491928345287"
"19305","2043.886219378811","2043.886219378811","2043.886219378811"
"19307","1296.4638006423104","1296.4638006423104","1296.4638006423104"
"19309","817.4533631243686","817.4533631243686","817.4533631243686"
"19311","2212.458074167077","2212.458074167077","2212.458074167077"
"19313","815.6793748883362","815.6793748883362","815.6793748883362"
"19315","1559.2874641923827","1559.2874641923827","1559.2874641923827"
"19317","2309.87885492931","2309.87885492931","2309.87885492931"
"19319","1390.0274107137705","1390.0274107137705","1390.0274107137705"
"19321","1069.0220498425083","1069.0220498425083","1069.0220498425083"
"19323","810.501373116885","810.501373116885","810.501373116885"
"19325","2946.3146134009235","2946.3146134009235","2946.3146134009235"
"19327","2198.4259190962666","2198.4259190962666","2198.4259190962666"
"19329","1221.8211204205777","1221.8211204205777","1221.8211204205777"
"19331","1130.2971043275172","1130.2971043275172","1130.2971043275172"
"19333","950.3361008600853","950.3361008600853","950.3361008600853"
"19335","1256.1035897687736","1256.1035897687736","1256.1035897687736"
"19337","2145.6309106558138","2145.6309106558138","2145.6309106558138"
"19339","1097.8535325542175","1097.8535325542175","1097.8535325542175"
"19341","655.1244114291046","655.1244114291046","655.1244114291046"
"19343","1124.8647654896847","1124.8647654896847","1124.8647654896847"
"19345","1919.0328641142767","1919.0328641142767","1919.0328641142767"
"19347","2561.813541670029","2561.813541670029","2561.813541670029"
"19349","1148.7722817149731","1148.7722817149731","1148.7722817149731"
"19351","1596.4188202236785","1596.4188202236785","1596.4188202236785"
"19353","1601.4712005271342","1601.4712005271342","1601.4712005271342"
"19355","813.3650241875837","813.3650241875837","813.3650241875837"
"19357","1106.1742287214784","1106.1742287214784","1106.1742287214784"
"19359","1422.7021295312886","1422.7021295312886","1422.7021295312886"
"19361","1272.701779318639","1272.701779318639","1272.701779318639"
"19363","1553.2592270259488","1553.2592270259488","1553.2592270259488"
"19365","880.8830336292639","880.8830336292639","880.8830336292639"
"19367","1794.2305469465625","1794.2305469465625","1794.2305469465625"
"19369","1342.1368563848594","1342.1368563848594","1342.1368563848594"
"19373","2067.8163271230533","2067.8163271230533","2067.8163271230533"
"19377","525.4387443515722","525.4387443515722","525.4387443515722"
"19379","1653.0075994243043","1653.0075994243043","1653.0075994243043"
"19381","2674.042770430649","2674.042770430649","2674.042770430649"
"19383","1278.6139784015413","1278.6139784015413","1278.6139784015413"
"19385","1165.3017226017723","1165.3017226017723","1165.3017226017723"
"19387","2175.843140357085","2175.843140357085","2175.843140357085"
"19389","1977.8516545897567","1977.8516545897567","1977.8516545897567"
"19391","540.7580940190406","540.7580940190406","540.7580940190406"
"19393","2780.062191451083","2780.062191451083","2780.062191451083"
"19395","1075.2275238617092","1075.2275238617092","1075.2275238617092"
"19397","1525.714712845607","1525.714712845607","1525.714712845607"
"19401","1198.4524530723777","1198.4524530723777","1198.4524530723777"
"19403","2439.2402195622485","2439.2402195622485","2439.2402195622485"
"19405","1118.1126711833635","1118.1126711833635","1118.1126711833635"
"19407","997.1689050334002","997.1689050334002","997.1689050334002"
"19409","1133.5456054475108","1133.5456054475108","1133.5456054475108"
"19411","1283.2487379818865","1283.2487379818865","1283.2487379818865"
"19413","1146.4512217470528","1146.4512217470528","1146.4512217470528"
"19415","885.2543986046121","885.2543986046121","885.2543986046121"
"19417","1311.6220052325561","1311.6220052325561","1311.6220052325561"
"19419","1313.4545817184508","1313.4545817184508","1313.4545817184508"
"19423","2019.4405437589517","2019.4405437589517","2019.4405437589517"
"19425","1108.7133993593152","1108.7133993593152","1108.7133993593152"
"19427","1858.6055942845894","1858.6055942845894","1858.6055942845894"
"19429","1579.7752023984513","1579.7752023984513","1579.7752023984513"
"19431","3469.370356924131","3469.370356924131","3469.370356924131"
"19433","846.5862200579796","846.5862200579796","846.5862200579796"
"19435","1508.395566521431","1508.395566521431","1508.395566521431"
"19437","2155.931753362961","2155.931753362961","2155.931753362961"
"19439","852.5251909593487","852.5251909593487","852.5251909593487"
"19441","602.3278213873675","602.3278213873675","602.3278213873675"
"19443","1440.017253214408","1440.017253214408","1440.017253214408"
"19445","803.4663135175895","803.4663135175895","803.4663135175895"
"19447","1549.443650573252","1549.443650573252","1549.443650573252"
"19449","2033.647717651183","2033.647717651183","2033.647717651183"
"19451","1098.1731724852243","1098.1731724852243","1098.1731724852243"
"19453","1820.8062807891604","1820.8062807891604","1820.8062807891604"
"19455","1053.2021659799736","1053.2021659799736","1053.2021659799736"
"19457","1222.583619297418","1222.583619297418","1222.583619297418"
"19459","1301.0385533757017","1301.0385533757017","1301.0385533757017"
"19461","1478.8245277778194","1478.8245277778194","1478.8245277778194"
"19465","1711.1348382375932","1711.1348382375932","1711.1348382375932"
"19467","1295.7759359451563","1295.7759359451563","1295.7759359451563"
"19469","966.9618273187269","966.9618273187269","966.9618273187269"
"19473","758.7094038067105","758.7094038067105","758.7094038067105"
"19475","1035.3816434804137","1035.3816434804137","1035.3816434804137"
"19477","1625.662191890252","1625.662191890252","1625.662191890252"
"19479","2670.9741724633645","2670.9741724633645","2670.9741724633645"
"19481","1902.351755364276","1902.351755364276","1902.351755364276"
"19483","1613.9163413624663","1613.9163413624663","1613.9163413624663"
"19485","1362.7940840462002","1362.7940840462002","1362.7940840462002"
"19487","1345.2732745044523","1345.2732745044523","1345.2732745044523"
"19491","958.2142427641571","958.2142427641571","958.2142427641571"
"19493","1070.4284034400848","1070.4284034400848","1070.4284034400848"
"19495","896.8419959478719","896.8419959478719","896.8419959478719"
"19497","1742.631259134647","1742.631259134647","1742.631259134647"
"19499","1305.1478721526044","1305.1478721526044","1305.1478721526044"
"19503","2001.884831449941","2001.884831449941","2001.884831449941"
"19505","1754.8661971539534","1754.8661971539534","1754.8661971539534"
"19507","1241.9050333368384","1241.9050333368384","1241.9050333368384"
"19509","1863.188995220737","1863.188995220737","1863.188995220737"
"19511","665.1635368585153","665.1635368585153","665.1635368585153"
"19513","1393.551180219614","1393.551180219614","1393.551180219614"
"19515","1516.2195484801857","1516.2195484801857","1516.2195484801857"
"19517","1531.4300270714018","1531.4300270714018","1531.4300270714018"
"19519","1038.5247520499697","1038.5247520499697","1038.5247520499697"
"19521","2143.59370306913","2143.59370306913","2143.59370306913"
"19523","1169.559575504236","1169.559575504236","1169.559575504236"
"19525","2185.042823436238","2185.042823436238","2185.042823436238"
"19527","1552.2981426756007","1552.2981426756007","1552.2981426756007"
"19529","2107.0084718767907","2107.0084718767907","2107.0084718767907"
"19531","2427.339311466143","2427.339311466143","2427.339311466143"
"19533","2012.2067313320174","2012.2067313320174","2012.2067313320174"
"19535","1137.9900538241584","1137.9900538241584","1137.9900538241584"
"19537","2110.355467221215","2110.355467221215","2110.355467221215"
"19539","1687.1442618520089","1687.1442618520089","1687.1442618520089"
"19541","1222.676094186637","1222.676094186637","1222.676094186637"
"19543","766.6920043660307","766.6920043660307","766.6920043660307"
"19545","1736.015117825959","1736.015117825959","1736.015117825959"
"19547","2088.0202778597977","2088.0202778597977","2088.0202778597977"
"19549","1498.86338563055","1498.86338563055","1498.86338563055"
"19551","1050.3129837491285","1050.3129837491285","1050.3129837491285"
"19555","1072.4905591079028","1072.4905591079028","1072.4905591079028"
"19557","2656.8271907434428","2656.8271907434428","2656.8271907434428"
"19559","1520.4797054919634","1520.4797054919634","1520.4797054919634"
"19561","1363.6022971243713","1363.6022971243713","1363.6022971243713"
"19563","1719.2934000875703","1719.2934000875703","1719.2934000875703"
"19565","492.288501533655","492.288501533655","492.288501533655"
"19567","1508.1321496078676","1508.1321496078676","1508.1321496078676"
"19571","2135.820273117438","2135.820273117438","2135.820273117438"
"19573","687.3025420952994","687.3025420952994","687.3025420952994"
"19575","1001.0978346143391","1001.0978346143391","1001.0978346143391"
"19577","1038.6930181640312","1038.6930181640312","1038.6930181640312"
"19579","859.0316628471742","859.0316628471742","859.0316628471742"
"19581","1238.7931890638165","1238.7931890638165","1238.7931890638165"
"19583","599.8758056498692","599.8758056498692","599.8758056498692"
"19585","1416.5054000431087","1416.5054000431087","1416.5054000431087"
"19587","1181.1733898418306","1181.1733898418306","1181.1733898418306"
"19589","2178.4486155321442","2178.4486155321442","2178.4486155321442"
"19591","791.7981927349791","791.7981927349791","791.7981927349791"
"19596","1164.024482016615","1164.024482016615","1164.024482016615"
"19598","1614.1903627200165","1614.1903627200165","1614.1903627200165"
"19600","1370.611942984005","1370.611942984005","1370.611942984005"
"19602","1920.6704691449333","1920.6704691449333","1920.6704691449333"
"19604","2252.6583729361073","2252.6583729361073","2252.6583729361073"
"19606","591.3960591399434","591.3960591399434","591.3960591399434"
"19610","2008.872657709238","2008.872657709238","2008.872657709238"
"19612","1473.7908826500952","1473.7908826500952","1473.7908826500952"
"19616","1104.9386360856984","1104.9386360856984","1104.9386360856984"
"19618","1816.0196118424885","1816.0196118424885","1816.0196118424885"
"19620","1604.935188455498","1604.935188455498","1604.935188455498"
"19622","1140.5115103763744","1140.5115103763744","1140.5115103763744"
"19624","2160.201981044905","2160.201981044905","2160.201981044905"
"19626","1030.9772437801646","1030.9772437801646","1030.9772437801646"
"19628","1376.4225498940084","1376.4225498940084","1376.4225498940084"
"19630","1703.417621637226","1703.417621637226","1703.417621637226"
"19632","2310.415843043913","2310.415843043913","2310.415843043913"
"19634","1777.1278501735826","1777.1278501735826","1777.1278501735826"
"19636","1485.2498638542766","1485.2498638542766","1485.2498638542766"
"19638","1066.4235697027996","1066.4235697027996","1066.4235697027996"
"19640","2378.937196451983","2378.937196451983","2378.937196451983"
"19642","1904.44378408437","1904.44378408437","1904.44378408437"
"19644","1393.8544257777428","1393.8544257777428","1393.8544257777428"
"19646","2528.3537767066173","2528.3537767066173","2528.3537767066173"
"19650","694.1321593043687","694.1321593043687","694.1321593043687"
"19652","1094.1918366230168","1094.1918366230168","1094.1918366230168"
"19656","2440.5528293542966","2440.5528293542966","2440.5528293542966"
"19658","3437.586479833145","3437.586479833145","3437.586479833145"
"19666","1058.0210632260623","1058.0210632260623","1058.0210632260623"
"19668","1272.4099899245648","1272.4099899245648","1272.4099899245648"
"19670","681.9182024773974","681.9182024773974","681.9182024773974"
"19672","850.7860191463757","850.7860191463757","850.7860191463757"
"19674","1425.6538700005212","1425.6538700005212","1425.6538700005212"
"19676","1400.9446493992168","1400.9446493992168","1400.9446493992168"
"19678","1494.7122839097765","1494.7122839097765","1494.7122839097765"
"19680","1182.3272286610973","1182.3272286610973","1182.3272286610973"
"19684","1612.8997074461831","1612.8997074461831","1612.8997074461831"
"19686","1207.3205181516532","1207.3205181516532","1207.3205181516532"
"19688","764.2582900437956","764.2582900437956","764.2582900437956"
"19690","899.3471764826278","899.3471764826278","899.3471764826278"
"19692","1412.1626689557086","1412.1626689557086","1412.1626689557086"
"19694","1388.298330486372","1388.298330486372","1388.298330486372"
"19696","909.4193221627045","909.4193221627045","909.4193221627045"
"19698","1696.8320110488748","1696.8320110488748","1696.8320110488748"
"19700","1711.320479305614","1711.320479305614","1711.320479305614"
"19702","642.9402626651664","642.9402626651664","642.9402626651664"
"19704","2031.94056289863","2031.94056289863","2031.94056289863"
"19706","1286.3871236801988","1286.3871236801988","1286.3871236801988"
"19708","497.54865821749075","497.54865821749075","497.54865821749075"
"19712","1572.8345280057251","1572.8345280057251","1572.8345280057251"
"19714","1094.1776648655905","1094.1776648655905","1094.1776648655905"
"19716","977.5979751227583","977.5979751227583","977.5979751227583"
"19720","1111.582664878455","1111.582664878455","1111.582664878455"
"19722","1510.7466827700512","1510.7466827700512","1510.7466827700512"
"19724","1411.9435657537929","1411.9435657537929","1411.9435657537929"
"19726","1424.0890415615481","1424.0890415615481","1424.0890415615481"
"19728","797.7927080016196","797.7927080016196","797.7927080016196"
"19730","769.174140763718","769.174140763718","769.174140763718"
"19732","1341.410968707788","1341.410968707788","1341.410968707788"
"19734","2048.6927296836407","2048.6927296836407","2048.6927296836407"
"19736","1116.9556580580365","1116.9556580580365","1116.9556580580365"
"19738","1425.205793913328","1425.205793913328","1425.205793913328"
"19740","1601.9335758827483","1601.9335758827483","1601.9335758827483"
"19742","2291.008229743749","2291.008229743749","2291.008229743749"
"19744","1302.6578271615392","1302.6578271615392","1302.6578271615392"
"19746","1453.5228687035142","1453.5228687035142","1453.5228687035142"
"19748","1147.6244302705009","1147.6244302705009","1147.6244302705009"
"19750","3036.4736891413313","3036.4736891413313","3036.4736891413313"
"19752","1131.0856498889846","1131.0856498889846","1131.0856498889846"
"19754","1620.6786187177097","1620.6786187177097","1620.6786187177097"
"19756","955.3415602137682","955.3415602137682","955.3415602137682"
"19760","1012.5206306498497","1012.5206306498497","1012.5206306498497"
"19762","2208.162962816352","2208.162962816352","2208.162962816352"
"19764","716.2080289824812","716.2080289824812","716.2080289824812"
"19768","1465.6578344965776","1465.6578344965776","1465.6578344965776"
"19770","2586.5863896375463","2586.5863896375463","2586.5863896375463"
"19772","1169.9775593390648","1169.9775593390648","1169.9775593390648"
"19776","1083.638161709671","1083.638161709671","1083.638161709671"
"19778","932.2894853783065","932.2894853783065","932.2894853783065"
"19780","2339.731506686855","2339.731506686855","2339.731506686855"
"19782","869.673769016959","869.673769016959","869.673769016959"
"19784","863.4262880117863","863.4262880117863","863.4262880117863"
"19786","1630.7202582500279","1630.7202582500279","1630.7202582500279"
"19788","1917.3546136090247","1917.3546136090247","1917.3546136090247"
"19790","614.379694086141","614.379694086141","614.379694086141"
"19794","1494.6640568824253","1494.6640568824253","1494.6640568824253"
"19796","1582.6831463511105","1582.6831463511105","1582.6831463511105"
"19798","1319.1924818361188","1319.1924818361188","1319.1924818361188"
"19800","1305.1357412993234","1305.1357412993234","1305.1357412993234"
"19802","1736.2677238608828","1736.2677238608828","1736.2677238608828"
"19804","1605.3592059778218","1605.3592059778218","1605.3592059778218"
"19806","2490.6096830100473","2490.6096830100473","2490.6096830100473"
"19808","1335.723402479968","1335.723402479968","1335.723402479968"
"19810","1829.9945050884048","1829.9945050884048","1829.9945050884048"
"19812","2582.4859611188726","2582.4859611188726","2582.4859611188726"
"19814","1572.021323232321","1572.021323232321","1572.021323232321"
"19816","2208.243349479249","2208.243349479249","2208.243349479249"
"19818","1786.6515526855833","1786.6515526855833","1786.6515526855833"
"19820","911.4432220114571","911.4432220114571","911.4432220114571"
"19822","1423.7206736391945","1423.7206736391945","1423.7206736391945"
"19824","1356.5867757393669","1356.5867757393669","1356.5867757393669"
"19830","1681.5324010815461","1681.5324010815461","1681.5324010815461"
"19832","2161.3670046405127","2161.3670046405127","2161.3670046405127"
"19834","1151.3868901295536","1151.3868901295536","1151.3868901295536"
"19836","698.8848549646586","698.8848549646586","698.8848549646586"
"19840","1466.1972150951913","1466.1972150951913","1466.1972150951913"
"19844","1339.1417897184144","1339.1417897184144","1339.1417897184144"
"19846","1456.5691892825905","1456.5691892825905","1456.5691892825905"
"19848","2314.735186165337","2314.735186165337","2314.735186165337"
"19850","3893.710992228902","3893.710992228902","3893.710992228902"
"19852","1301.8270876195024","1301.8270876195024","1301.8270876195024"
"19854","1428.3277684844825","1428.3277684844825","1428.3277684844825"
"19856","1050.9034550166346","1050.9034550166346","1050.9034550166346"
"19858","1464.540577350764","1464.540577350764","1464.540577350764"
"19860","732.435734935593","732.435734935593","732.435734935593"
"19862","1553.7947506839682","1553.7947506839682","1553.7947506839682"
"19864","1330.916542390694","1330.916542390694","1330.916542390694"
"19868","1316.0479026724386","1316.0479026724386","1316.0479026724386"
"19870","1887.3104644500643","1887.3104644500643","1887.3104644500643"
"19874","2227.2768046026827","2227.2768046026827","2227.2768046026827"
"19876","1213.251947711094","1213.251947711094","1213.251947711094"
"19878","1830.0692131615301","1830.0692131615301","1830.0692131615301"
"19880","1664.5529812176937","1664.5529812176937","1664.5529812176937"
"19882","1157.4293514220092","1157.4293514220092","1157.4293514220092"
"19884","1409.5002600837759","1409.5002600837759","1409.5002600837759"
"19886","1361.008304151235","1361.008304151235","1361.008304151235"
"19888","1361.492147101171","1361.492147101171","1361.492147101171"
"19890","1216.6450950781966","1216.6450950781966","1216.6450950781966"
"19892","1353.98360690099","1353.98360690099","1353.98360690099"
"19894","1760.2365522018592","1760.2365522018592","1760.2365522018592"
"19896","1283.583992417734","1283.583992417734","1283.583992417734"
"19898","1633.2847012810264","1633.2847012810264","1633.2847012810264"
"19900","1838.488835142147","1838.488835142147","1838.488835142147"
"19902","1085.2818413651296","1085.2818413651296","1085.2818413651296"
"19904","1933.9149863304744","1933.9149863304744","1933.9149863304744"
"19906","1222.8682580992286","1222.8682580992286","1222.8682580992286"
"19908","2049.717127514178","2049.717127514178","2049.717127514178"
"19910","869.0957261393233","869.0957261393233","869.0957261393233"
"19912","1226.9901119463705","1226.9901119463705","1226.9901119463705"
"19914","1167.3688879103242","1167.3688879103242","1167.3688879103242"
"19916","1418.7725458160246","1418.7725458160246","1418.7725458160246"
"19922","1661.681708553881","1661.681708553881","1661.681708553881"
"19924","1563.8932930177784","1563.8932930177784","1563.8932930177784"
"19926","1649.716143503045","1649.716143503045","1649.716143503045"
"19930","1682.834006856562","1682.834006856562","1682.834006856562"
"19932","2526.516214346631","2526.516214346631","2526.516214346631"
"19934","783.9524496864517","783.9524496864517","783.9524496864517"
"19938","1638.9912463429212","1638.9912463429212","1638.9912463429212"
"19940","1478.8364304244778","1478.8364304244778","1478.8364304244778"
"19942","1614.6614968443248","1614.6614968443248","1614.6614968443248"
"19944","2574.9182264528486","2574.9182264528486","2574.9182264528486"
"19946","1781.2167925834524","1781.2167925834524","1781.2167925834524"
"19948","1635.3131770739985","1635.3131770739985","1635.3131770739985"
"19952","356.6427206748734","356.6427206748734","356.6427206748734"
"19954","1627.4796374683488","1627.4796374683488","1627.4796374683488"
"19956","1057.3349062607688","1057.3349062607688","1057.3349062607688"
"19958","1980.5457722811773","1980.5457722811773","1980.5457722811773"
"19960","2062.9660701120333","2062.9660701120333","2062.9660701120333"
"19962","1809.0823401323432","1809.0823401323432","1809.0823401323432"
"19966","1394.2065702464467","1394.2065702464467","1394.2065702464467"
"19968","1719.4773478814304","1719.4773478814304","1719.4773478814304"
"19970","1305.3473728353677","1305.3473728353677","1305.3473728353677"
"19972","1860.9609131577333","1860.9609131577333","1860.9609131577333"
"19974","1106.3401188216098","1106.3401188216098","1106.3401188216098"
"19976","1154.317620053875","1154.317620053875","1154.317620053875"
"19978","1165.7920555976025","1165.7920555976025","1165.7920555976025"
"19980","2221.0040060584306","2221.0040060584306","2221.0040060584306"
"19982","1401.5169761434558","1401.5169761434558","1401.5169761434558"
"19984","1413.0422352094429","1413.0422352094429","1413.0422352094429"
"19986","1171.8235004553073","1171.8235004553073","1171.8235004553073"
"19988","1206.7657567596452","1206.7657567596452","1206.7657567596452"
"19990","1389.4438495814356","1389.4438495814356","1389.4438495814356"
"19992","2187.111854177093","2187.111854177093","2187.111854177093"
"19994","1133.4302467511673","1133.4302467511673","1133.4302467511673"
"19996","1891.5981515234273","1891.5981515234273","1891.5981515234273"
"19998","1690.2385936426103","1690.2385936426103","1690.2385936426103"
"20000","1469.2706925077573","1469.2706925077573","1469.2706925077573"
"20002","1886.195594016873","1886.195594016873","1886.195594016873"
"20006","1638.6439647275508","1638.6439647275508","1638.6439647275508"
"20008","1592.792597409285","1592.792597409285","1592.792597409285"
"20010","2161.5721010042057","2161.5721010042057","2161.5721010042057"
"20012","1143.096985340715","1143.096985340715","1143.096985340715"
"20016","975.656661485776","975.656661485776","975.656661485776"
"20020","2025.3203112206306","2025.3203112206306","2025.3203112206306"
"20022","1452.5005372911467","1452.5005372911467","1452.5005372911467"
"20024","1041.9115930937803","1041.9115930937803","1041.9115930937803"
"20026","1271.5221346684743","1271.5221346684743","1271.5221346684743"
"20028","1089.0364408453893","1089.0364408453893","1089.0364408453893"
"20030","1533.8554331046178","1533.8554331046178","1533.8554331046178"
"20034","1662.0129692906296","1662.0129692906296","1662.0129692906296"
"20036","1530.4774456935763","1530.4774456935763","1530.4774456935763"
"20038","1741.577462875264","1741.577462875264","1741.577462875264"
"20042","1185.258261477812","1185.258261477812","1185.258261477812"
"20044","1623.8154692772641","1623.8154692772641","1623.8154692772641"
"20046","1156.4024473549666","1156.4024473549666","1156.4024473549666"
"20048","1581.8401503821813","1581.8401503821813","1581.8401503821813"
"20050","1190.4607992511312","1190.4607992511312","1190.4607992511312"
"20052","1893.233611894415","1893.233611894415","1893.233611894415"
"20055","971.1374274548854","971.1374274548854","971.1374274548854"
"20057","633.530956548046","633.530956548046","633.530956548046"
"20059","1490.47976532055","1490.47976532055","1490.47976532055"
"20061","1891.428678112522","1891.428678112522","1891.428678112522"
"20063","1849.1313522050282","1849.1313522050282","1849.1313522050282"
"20065","1596.0624505034918","1596.0624505034918","1596.0624505034918"
"20069","1088.4931375174851","1088.4931375174851","1088.4931375174851"
"20071","1972.9594195976","1972.9594195976","1972.9594195976"
"20073","606.6170309579155","606.6170309579155","606.6170309579155"
"20075","1085.1630684409752","1085.1630684409752","1085.1630684409752"
"20077","1643.4319643564636","1643.4319643564636","1643.4319643564636"
"20079","1128.1306430432471","1128.1306430432471","1128.1306430432471"
"20081","2340.183007382206","2340.183007382206","2340.183007382206"
"20083","1789.636336671509","1789.636336671509","1789.636336671509"
"20085","1222.6040344544806","1222.6040344544806","1222.6040344544806"
"20087","1549.3637664413843","1549.3637664413843","1549.3637664413843"
"20089","1481.0602294906726","1481.0602294906726","1481.0602294906726"
"20091","1265.713232402804","1265.713232402804","1265.713232402804"
"20093","1689.7486830594908","1689.7486830594908","1689.7486830594908"
"20095","1514.1929221890498","1514.1929221890498","1514.1929221890498"
"20097","1052.4978690510923","1052.4978690510923","1052.4978690510923"
"20099","1870.8425365156497","1870.8425365156497","1870.8425365156497"
"20103","1371.2495677255315","1371.2495677255315","1371.2495677255315"
"20105","2372.316868274288","2372.316868274288","2372.316868274288"
"20107","955.2592786364766","955.2592786364766","955.2592786364766"
"20109","1561.970144078101","1561.970144078101","1561.970144078101"
"20111","1684.450062316004","1684.450062316004","1684.450062316004"
"20113","930.2887635186929","930.2887635186929","930.2887635186929"
"20115","1082.3369609960728","1082.3369609960728","1082.3369609960728"
"20117","860.5015479993224","860.5015479993224","860.5015479993224"
"20119","1180.011437952142","1180.011437952142","1180.011437952142"
"20121","1386.9490902292516","1386.9490902292516","1386.9490902292516"
"20123","1648.299286006241","1648.299286006241","1648.299286006241"
"20125","2187.036737706442","2187.036737706442","2187.036737706442"
"20127","945.5438086567069","945.5438086567069","945.5438086567069"
"20129","1435.557449717077","1435.557449717077","1435.557449717077"
"20131","2063.6980088684195","2063.6980088684195","2063.6980088684195"
"20133","3254.2093142711833","3254.2093142711833","3254.2093142711833"
"20135","1724.231011001833","1724.231011001833","1724.231011001833"
"20137","1228.335173230829","1228.335173230829","1228.335173230829"
"20139","2798.6781578588702","2798.6781578588702","2798.6781578588702"
"20141","1421.1714046499094","1421.1714046499094","1421.1714046499094"
"20143","1499.4110699696187","1499.4110699696187","1499.4110699696187"
"20145","1282.134803109312","1282.134803109312","1282.134803109312"
"20147","1707.2590429351706","1707.2590429351706","1707.2590429351706"
"20149","2182.7302600493163","2182.7302600493163","2182.7302600493163"
"20151","1318.4126384006802","1318.4126384006802","1318.4126384006802"
"20153","1554.4692729780895","1554.4692729780895","1554.4692729780895"
"20155","1727.3301299587777","1727.3301299587777","1727.3301299587777"
"20157","981.8661674670441","981.8661674670441","981.8661674670441"
"20159","1877.1991151742782","1877.1991151742782","1877.1991151742782"
"20161","1185.9093556563862","1185.9093556563862","1185.9093556563862"
"20163","1366.1728908866403","1366.1728908866403","1366.1728908866403"
"20165","1026.2379551330519","1026.2379551330519","1026.2379551330519"
"20167","1257.5812956571021","1257.5812956571021","1257.5812956571021"
"20169","839.6351355568037","839.6351355568037","839.6351355568037"
"20171","1020.5337302097238","1020.5337302097238","1020.5337302097238"
"20173","1088.1996246720878","1088.1996246720878","1088.1996246720878"
"20175","1933.034083741072","1933.034083741072","1933.034083741072"
"20177","2289.042876358023","2289.042876358023","2289.042876358023"
"20179","1058.5326286209865","1058.5326286209865","1058.5326286209865"
"20183","2018.8890834409478","2018.8890834409478","2018.8890834409478"
"20185","1563.3724280423362","1563.3724280423362","1563.3724280423362"
"20187","1126.1546216655975","1126.1546216655975","1126.1546216655975"
"20189","1196.0779120494858","1196.0779120494858","1196.0779120494858"
"20191","3359.876306966206","3359.876306966206","3359.876306966206"
"20193","1914.5257544930932","1914.5257544930932","1914.5257544930932"
"20195","2703.9199718533873","2703.9199718533873","2703.9199718533873"
"20197","1341.7683394283795","1341.7683394283795","1341.7683394283795"
"20199","1459.907352140314","1459.907352140314","1459.907352140314"
"20201","1472.6275585425299","1472.6275585425299","1472.6275585425299"
"20205","2813.8765304345716","2813.8765304345716","2813.8765304345716"
"20207","2720.5265039868164","2720.5265039868164","2720.5265039868164"
"20209","1661.3432623637536","1661.3432623637536","1661.3432623637536"
"20211","1136.419702631497","1136.419702631497","1136.419702631497"
"20213","1182.2097369373264","1182.2097369373264","1182.2097369373264"
"20215","1890.5743836492195","1890.5743836492195","1890.5743836492195"
"20217","839.3632545576107","839.3632545576107","839.3632545576107"
"20219","1956.099343516213","1956.099343516213","1956.099343516213"
"20221","1067.1100355157862","1067.1100355157862","1067.1100355157862"
"20223","1099.6261344703044","1099.6261344703044","1099.6261344703044"
"20225","1165.3221822373753","1165.3221822373753","1165.3221822373753"
"20227","1256.2303692199603","1256.2303692199603","1256.2303692199603"
"20231","833.7671546443745","833.7671546443745","833.7671546443745"
"20233","2081.464923037113","2081.464923037113","2081.464923037113"
"20235","1139.5608562691325","1139.5608562691325","1139.5608562691325"
"20239","1779.6239793006482","1779.6239793006482","1779.6239793006482"
"20241","882.762238666817","882.762238666817","882.762238666817"
"20243","1355.553377021681","1355.553377021681","1355.553377021681"
"20245","1784.4785284483198","1784.4785284483198","1784.4785284483198"
"20251","1255.8211443882674","1255.8211443882674","1255.8211443882674"
"20253","2352.0719286898657","2352.0719286898657","2352.0719286898657"
"20255","2160.240006159615","2160.240006159615","2160.240006159615"
"20257","1127.6328947300244","1127.6328947300244","1127.6328947300244"
"20259","1904.2412187316982","1904.2412187316982","1904.2412187316982"
"20261","1380.1244644258668","1380.1244644258668","1380.1244644258668"
"20263","4073.0314197944","4073.0314197944","4073.0314197944"
"20265","922.2655479305095","922.2655479305095","922.2655479305095"
"20267","2483.4886325263446","2483.4886325263446","2483.4886325263446"
"20269","1669.651756971418","1669.651756971418","1669.651756971418"
"20273","638.0325757457716","638.0325757457716","638.0325757457716"
"20275","686.7237300822419","686.7237300822419","686.7237300822419"
"20277","1136.675529051563","1136.675529051563","1136.675529051563"
"20279","1247.3351788026225","1247.3351788026225","1247.3351788026225"
"20281","1659.816258341154","1659.816258341154","1659.816258341154"
"20283","1281.1964797262567","1281.1964797262567","1281.1964797262567"
"20285","1057.4965685592601","1057.4965685592601","1057.4965685592601"
"20287","1184.6581070357188","1184.6581070357188","1184.6581070357188"
"20289","1604.9503338674003","1604.9503338674003","1604.9503338674003"
"20291","663.7366280672504","663.7366280672504","663.7366280672504"
"20293","2121.6173245882196","2121.6173245882196","2121.6173245882196"
"20297","923.263821026616","923.263821026616","923.263821026616"
"20301","1524.6114120450243","1524.6114120450243","1524.6114120450243"
"20303","1872.48060718064","1872.48060718064","1872.48060718064"
"20305","669.2060602821094","669.2060602821094","669.2060602821094"
"20307","2320.1039699008065","2320.1039699008065","2320.1039699008065"
"20309","1421.4686924089474","1421.4686924089474","1421.4686924089474"
"20313","1396.0368766578201","1396.0368766578201","1396.0368766578201"
"20315","747.9968589615404","747.9968589615404","747.9968589615404"
"20317","1150.6114482236997","1150.6114482236997","1150.6114482236997"
"20321","1925.0279282116894","1925.0279282116894","1925.0279282116894"
"20323","1956.7052451635377","1956.7052451635377","1956.7052451635377"
"20325","1317.657990555692","1317.657990555692","1317.657990555692"
"20329","1710.400839036185","1710.400839036185","1710.400839036185"
"20331","1176.4489556043454","1176.4489556043454","1176.4489556043454"
"20333","1281.2530325644357","1281.2530325644357","1281.2530325644357"
"20335","1963.2793629914645","1963.2793629914645","1963.2793629914645"
"20339","2189.2371262542874","2189.2371262542874","2189.2371262542874"
"20341","1152.7210361506545","1152.7210361506545","1152.7210361506545"
"20343","839.6925623786921","839.6925623786921","839.6925623786921"
"20345","1063.2536192925888","1063.2536192925888","1063.2536192925888"
"20347","1337.558189913296","1337.558189913296","1337.558189913296"
"20349","1342.9908576419464","1342.9908576419464","1342.9908576419464"
"20351","1436.1612471472754","1436.1612471472754","1436.1612471472754"
"20353","1392.9244329106878","1392.9244329106878","1392.9244329106878"
"20355","2745.3386671353123","2745.3386671353123","2745.3386671353123"
"20357","1185.4799807936524","1185.4799807936524","1185.4799807936524"
"20359","1815.9463772009437","1815.9463772009437","1815.9463772009437"
"20361","1862.6805742786098","1862.6805742786098","1862.6805742786098"
"20363","936.4004442202709","936.4004442202709","936.4004442202709"
"20365","1279.291196621239","1279.291196621239","1279.291196621239"
"20367","1186.6224899076578","1186.6224899076578","1186.6224899076578"
"20369","1238.9208378331684","1238.9208378331684","1238.9208378331684"
"20371","1823.636707515424","1823.636707515424","1823.636707515424"
"20373","1408.0809224049706","1408.0809224049706","1408.0809224049706"
"20375","993.9429493188453","993.9429493188453","993.9429493188453"
"20377","1014.5271309528545","1014.5271309528545","1014.5271309528545"
"20379","1092.5176182980472","1092.5176182980472","1092.5176182980472"
"20381","697.1110672178316","697.1110672178316","697.1110672178316"
"20383","1139.8253740708024","1139.8253740708024","1139.8253740708024"
"20385","950.1513542522159","950.1513542522159","950.1513542522159"
"20387","1773.4016465247296","1773.4016465247296","1773.4016465247296"
"20389","1064.7352964540764","1064.7352964540764","1064.7352964540764"
"20393","1647.1456758584238","1647.1456758584238","1647.1456758584238"
"20395","959.3705858290575","959.3705858290575","959.3705858290575"
"20399","557.7571028628396","557.7571028628396","557.7571028628396"
"20401","1159.0030169168997","1159.0030169168997","1159.0030169168997"
"20403","1454.8137603854602","1454.8137603854602","1454.8137603854602"
"20405","2417.420089297425","2417.420089297425","2417.420089297425"
"20409","1426.8047761074329","1426.8047761074329","1426.8047761074329"
"20411","1483.495351251172","1483.495351251172","1483.495351251172"
"20413","1983.8312147386325","1983.8312147386325","1983.8312147386325"
"20415","1839.9972871832958","1839.9972871832958","1839.9972871832958"
"20417","2337.1390247584195","2337.1390247584195","2337.1390247584195"
"20419","1259.0566754626548","1259.0566754626548","1259.0566754626548"
"20421","1729.0690985311896","1729.0690985311896","1729.0690985311896"
"20423","1565.880397040195","1565.880397040195","1565.880397040195"
"20425","2077.158280005404","2077.158280005404","2077.158280005404"
"20427","2343.358007075487","2343.358007075487","2343.358007075487"
"20429","2662.2515085609925","2662.2515085609925","2662.2515085609925"
"20431","2210.4962754512644","2210.4962754512644","2210.4962754512644"
"20433","986.0077422612558","986.0077422612558","986.0077422612558"
"20435","1365.2912340889468","1365.2912340889468","1365.2912340889468"
"20437","1392.7056466844429","1392.7056466844429","1392.7056466844429"
"20439","1986.8923387433904","1986.8923387433904","1986.8923387433904"
"20441","2062.6665575515317","2062.6665575515317","2062.6665575515317"
"20443","1906.3936085622263","1906.3936085622263","1906.3936085622263"
"20445","1784.4808248148079","1784.4808248148079","1784.4808248148079"
"20449","1635.384363920454","1635.384363920454","1635.384363920454"
"20451","1052.8294656586231","1052.8294656586231","1052.8294656586231"
"20453","1407.3552318361703","1407.3552318361703","1407.3552318361703"
"20455","1056.8122301348938","1056.8122301348938","1056.8122301348938"
"20457","1252.3999867273496","1252.3999867273496","1252.3999867273496"
"20459","2132.2032351684074","2132.2032351684074","2132.2032351684074"
"20461","2897.0732807254035","2897.0732807254035","2897.0732807254035"
"20463","1152.517822824969","1152.517822824969","1152.517822824969"
"20465","1720.5445717756027","1720.5445717756027","1720.5445717756027"
"20467","1419.0927810857165","1419.0927810857165","1419.0927810857165"
"20469","1863.054329671697","1863.054329671697","1863.054329671697"
"20471","976.2554639707337","976.2554639707337","976.2554639707337"
"20473","1061.1155444824985","1061.1155444824985","1061.1155444824985"
"20475","1294.1019215367835","1294.1019215367835","1294.1019215367835"
"20477","1693.866455818333","1693.866455818333","1693.866455818333"
"20479","1124.4959397395332","1124.4959397395332","1124.4959397395332"
"20481","1769.5937071971384","1769.5937071971384","1769.5937071971384"
"20483","1792.0058039425946","1792.0058039425946","1792.0058039425946"
"20485","1760.9684481943352","1760.9684481943352","1760.9684481943352"
"20489","1039.858520311198","1039.858520311198","1039.858520311198"
"20491","2853.257446306754","2853.257446306754","2853.257446306754"
"20493","1198.756262352172","1198.756262352172","1198.756262352172"
"20495","1782.5342200205957","1782.5342200205957","1782.5342200205957"
"20497","759.7651861625915","759.7651861625915","759.7651861625915"
"20501","775.1870632813976","775.1870632813976","775.1870632813976"
"20503","960.129083787636","960.129083787636","960.129083787636"
"20505","1713.1628453069695","1713.1628453069695","1713.1628453069695"
"20507","1247.7799907799208","1247.7799907799208","1247.7799907799208"
"20509","1068.4050248625592","1068.4050248625592","1068.4050248625592"
"20513","1132.9598166603228","1132.9598166603228","1132.9598166603228"
"20516","1644.5394774025008","1644.5394774025008","1644.5394774025008"
"20518","889.6830852474047","889.6830852474047","889.6830852474047"
"20520","1143.9432645326415","1143.9432645326415","1143.9432645326415"
"20522","998.1387314452065","998.1387314452065","998.1387314452065"
"20524","1561.1200199202012","1561.1200199202012","1561.1200199202012"
"20526","788.3310090570751","788.3310090570751","788.3310090570751"
"20528","1701.3302104156082","1701.3302104156082","1701.3302104156082"
"20530","1964.820179124818","1964.820179124818","1964.820179124818"
"20532","1670.0508112515672","1670.0508112515672","1670.0508112515672"
"20534","2570.864539881842","2570.864539881842","2570.864539881842"
"20536","755.878673721096","755.878673721096","755.878673721096"
"20538","1748.3791909197946","1748.3791909197946","1748.3791909197946"
"20540","1349.9041482443797","1349.9041482443797","1349.9041482443797"
"20542","1580.1200979007522","1580.1200979007522","1580.1200979007522"
"20544","1545.8667074719676","1545.8667074719676","1545.8667074719676"
"20546","928.261055269991","928.261055269991","928.261055269991"
"20548","1139.5916667223241","1139.5916667223241","1139.5916667223241"
"20550","1614.5739375630658","1614.5739375630658","1614.5739375630658"
"20552","1233.5244338677624","1233.5244338677624","1233.5244338677624"
"20556","895.4649450094482","895.4649450094482","895.4649450094482"
"20558","2133.0756734213055","2133.0756734213055","2133.0756734213055"
"20562","745.162647505414","745.162647505414","745.162647505414"
"20564","2058.0673666760986","2058.0673666760986","2058.0673666760986"
"20566","1795.1123257985093","1795.1123257985093","1795.1123257985093"
"20568","1325.6892841701722","1325.6892841701722","1325.6892841701722"
"20572","1349.1066439362503","1349.1066439362503","1349.1066439362503"
"20574","2398.047443445129","2398.047443445129","2398.047443445129"
"20576","1745.9887103887913","1745.9887103887913","1745.9887103887913"
"20578","1116.0113088559708","1116.0113088559708","1116.0113088559708"
"20582","2203.252815705334","2203.252815705334","2203.252815705334"
"20584","1498.2684467686408","1498.2684467686408","1498.2684467686408"
"20586","2719.7080710859404","2719.7080710859404","2719.7080710859404"
"20590","922.0993165098863","922.0993165098863","922.0993165098863"
"20594","2030.1640798998612","2030.1640798998612","2030.1640798998612"
"20598","1131.712486308217","1131.712486308217","1131.712486308217"
"20600","1533.5100923594166","1533.5100923594166","1533.5100923594166"
"20604","3048.6664029617687","3048.6664029617687","3048.6664029617687"
"20606","1404.6865620254591","1404.6865620254591","1404.6865620254591"
"20608","1139.4263674680926","1139.4263674680926","1139.4263674680926"
"20610","2313.3746181456186","2313.3746181456186","2313.3746181456186"
"20614","464.57262106129167","464.57262106129167","464.57262106129167"
"20616","859.080068957425","859.080068957425","859.080068957425"
"20618","979.354396115242","979.354396115242","979.354396115242"
"20620","1121.7573474779854","1121.7573474779854","1121.7573474779854"
"20622","856.6027597703159","856.6027597703159","856.6027597703159"
"20624","1095.6148870233164","1095.6148870233164","1095.6148870233164"
"20626","1667.349993179554","1667.349993179554","1667.349993179554"
"20628","1307.3061543937242","1307.3061543937242","1307.3061543937242"
"20630","1209.6214834286118","1209.6214834286118","1209.6214834286118"
"20636","2485.7830579869687","2485.7830579869687","2485.7830579869687"
"20638","1867.6821640005314","1867.6821640005314","1867.6821640005314"
"20640","1624.8258465282106","1624.8258465282106","1624.8258465282106"
"20642","2670.20821588141","2670.20821588141","2670.20821588141"
"20644","1043.9160220655601","1043.9160220655601","1043.9160220655601"
"20646","2104.880878992353","2104.880878992353","2104.880878992353"
"20648","1832.8293402012796","1832.8293402012796","1832.8293402012796"
"20650","2944.595300185812","2944.595300185812","2944.595300185812"
"20652","955.308804415966","955.308804415966","955.308804415966"
"20654","2679.47311211058","2679.47311211058","2679.47311211058"
"20656","1454.3374627920339","1454.3374627920339","1454.3374627920339"
"20658","1055.9258431962212","1055.9258431962212","1055.9258431962212"
"20660","1038.8373654483796","1038.8373654483796","1038.8373654483796"
"20662","2047.977165332355","2047.977165332355","2047.977165332355"
"20664","1054.0964095007555","1054.0964095007555","1054.0964095007555"
"20668","1192.7399830665408","1192.7399830665408","1192.7399830665408"
"20670","847.0297708940003","847.0297708940003","847.0297708940003"
"20672","1408.324764146166","1408.324764146166","1408.324764146166"
"20674","1094.3219273337763","1094.3219273337763","1094.3219273337763"
"20676","1126.4666857826307","1126.4666857826307","1126.4666857826307"
"20680","2186.5965476171846","2186.5965476171846","2186.5965476171846"
"20682","1517.6563120060118","1517.6563120060118","1517.6563120060118"
"20684","1223.0560133649578","1223.0560133649578","1223.0560133649578"
"20686","1277.6958843464222","1277.6958843464222","1277.6958843464222"
"20688","1902.4581835596243","1902.4581835596243","1902.4581835596243"
"20690","1154.6651443154988","1154.6651443154988","1154.6651443154988"
"20694","955.9553774726726","955.9553774726726","955.9553774726726"
"20696","2064.6359336560286","2064.6359336560286","2064.6359336560286"
"20698","1845.337967854339","1845.337967854339","1845.337967854339"
"20700","1027.5887135624507","1027.5887135624507","1027.5887135624507"
"20702","1305.3876831114685","1305.3876831114685","1305.3876831114685"
"20704","782.3877097168014","782.3877097168014","782.3877097168014"
"20706","1157.7192698200622","1157.7192698200622","1157.7192698200622"
"20710","1576.2532649244638","1576.2532649244638","1576.2532649244638"
"20712","1196.523837971537","1196.523837971537","1196.523837971537"
"20714","2955.4546189480834","2955.4546189480834","2955.4546189480834"
"20716","1547.8493362555155","1547.8493362555155","1547.8493362555155"
"20718","1189.336581541804","1189.336581541804","1189.336581541804"
"20720","1791.1240556314965","1791.1240556314965","1791.1240556314965"
"20722","881.7219401759332","881.7219401759332","881.7219401759332"
"20724","965.232209141832","965.232209141832","965.232209141832"
"20728","1912.2413807893022","1912.2413807893022","1912.2413807893022"
"20730","1823.099172629576","1823.099172629576","1823.099172629576"
"20732","1256.005493728732","1256.005493728732","1256.005493728732"
"20734","1805.8325532624879","1805.8325532624879","1805.8325532624879"
"20740","979.9506539759276","979.9506539759276","979.9506539759276"
"20742","1871.2580614674418","1871.2580614674418","1871.2580614674418"
"20744","1092.6378931385245","1092.6378931385245","1092.6378931385245"
"20746","1232.2734283904456","1232.2734283904456","1232.2734283904456"
"20748","1610.5725800070254","1610.5725800070254","1610.5725800070254"
"20750","1945.8846357744994","1945.8846357744994","1945.8846357744994"
"20752","713.6795499229222","713.6795499229222","713.6795499229222"
"20754","2679.1658366386428","2679.1658366386428","2679.1658366386428"
"20756","907.5201707133925","907.5201707133925","907.5201707133925"
"20760","1509.023913527851","1509.023913527851","1509.023913527851"
"20762","2196.188938407999","2196.188938407999","2196.188938407999"
"20764","1883.840284348238","1883.840284348238","1883.840284348238"
"20766","1267.9228497586448","1267.9228497586448","1267.9228497586448"
"20768","2511.620040543887","2511.620040543887","2511.620040543887"
"20770","1693.03833361234","1693.03833361234","1693.03833361234"
"20772","2105.5699396676573","2105.5699396676573","2105.5699396676573"
"20774","694.8400858865474","694.8400858865474","694.8400858865474"
"20776","1094.6232000823827","1094.6232000823827","1094.6232000823827"
"20778","1833.463889498249","1833.463889498249","1833.463889498249"
"20780","1013.7492979026084","1013.7492979026084","1013.7492979026084"
"20782","810.206956711217","810.206956711217","810.206956711217"
"20784","2929.303207624615","2929.303207624615","2929.303207624615"
"20786","1031.878879281047","1031.878879281047","1031.878879281047"
"20788","1089.1340125534232","1089.1340125534232","1089.1340125534232"
"20790","1469.2713263748713","1469.2713263748713","1469.2713263748713"
"20792","1343.4190065238397","1343.4190065238397","1343.4190065238397"
"20794","1532.4820505463215","1532.4820505463215","1532.4820505463215"
"20796","934.5462580727267","934.5462580727267","934.5462580727267"
"20798","1418.7275141139846","1418.7275141139846","1418.7275141139846"
"20800","1603.9185523050485","1603.9185523050485","1603.9185523050485"
"20802","1471.7279792056431","1471.7279792056431","1471.7279792056431"
"20804","1167.1817098930987","1167.1817098930987","1167.1817098930987"
"20806","897.7545858658835","897.7545858658835","897.7545858658835"
"20810","1232.2023078247337","1232.2023078247337","1232.2023078247337"
"20812","889.7752514431555","889.7752514431555","889.7752514431555"
"20814","984.7010988175979","984.7010988175979","984.7010988175979"
"20818","1446.187360279926","1446.187360279926","1446.187360279926"
"20822","2225.8441167691844","2225.8441167691844","2225.8441167691844"
"20824","1741.8806977686993","1741.8806977686993","1741.8806977686993"
"20826","732.4374515148673","732.4374515148673","732.4374515148673"
"20828","1842.519547560634","1842.519547560634","1842.519547560634"
"20830","1187.242360776662","1187.242360776662","1187.242360776662"
"20832","1849.312255906287","1849.312255906287","1849.312255906287"
"20834","1042.838827891967","1042.838827891967","1042.838827891967"
"20836","896.7057413957956","896.7057413957956","896.7057413957956"
"20838","2770.963828281314","2770.963828281314","2770.963828281314"
"20840","1491.6515810987746","1491.6515810987746","1491.6515810987746"
"20842","1477.225049039747","1477.225049039747","1477.225049039747"
"20846","2545.05170021118","2545.05170021118","2545.05170021118"
"20848","1474.3990463925284","1474.3990463925284","1474.3990463925284"
"20850","1592.455593089589","1592.455593089589","1592.455593089589"
"20852","726.1095147446006","726.1095147446006","726.1095147446006"
"20854","810.467991954507","810.467991954507","810.467991954507"
"20858","888.6567837618","888.6567837618","888.6567837618"
"20860","1590.168184080244","1590.168184080244","1590.168184080244"
"20862","1860.7145741242566","1860.7145741242566","1860.7145741242566"
"20864","1345.236651733641","1345.236651733641","1345.236651733641"
"20866","1325.5820753592934","1325.5820753592934","1325.5820753592934"
"20868","1605.3770739886436","1605.3770739886436","1605.3770739886436"
"20870","2470.0620068216876","2470.0620068216876","2470.0620068216876"
"20872","1979.1096231538675","1979.1096231538675","1979.1096231538675"
"20876","1153.0398432371635","1153.0398432371635","1153.0398432371635"
"20878","787.4849490683968","787.4849490683968","787.4849490683968"
"20880","1964.1080089325299","1964.1080089325299","1964.1080089325299"
"20882","1781.8417068282672","1781.8417068282672","1781.8417068282672"
"20884","1522.9334975663708","1522.9334975663708","1522.9334975663708"
"20886","1651.308154512234","1651.308154512234","1651.308154512234"
"20888","1101.916217490143","1101.916217490143","1101.916217490143"
"20890","1115.6978228787425","1115.6978228787425","1115.6978228787425"
"20892","1430.4518298112503","1430.4518298112503","1430.4518298112503"
"20900","1383.490902499241","1383.490902499241","1383.490902499241"
"20902","679.949172939356","679.949172939356","679.949172939356"
"20904","2472.1438463041154","2472.1438463041154","2472.1438463041154"
"20906","1318.0060442999722","1318.0060442999722","1318.0060442999722"
"20908","1079.2194491934097","1079.2194491934097","1079.2194491934097"
"20910","1584.0088293255146","1584.0088293255146","1584.0088293255146"
"20912","1222.3228009030734","1222.3228009030734","1222.3228009030734"
"20914","1959.8277473906453","1959.8277473906453","1959.8277473906453"
"20916","1618.602803710663","1618.602803710663","1618.602803710663"
"20918","487.6555725668639","487.6555725668639","487.6555725668639"
"20920","845.6512307506231","845.6512307506231","845.6512307506231"
"20922","1501.5000129860716","1501.5000129860716","1501.5000129860716"
"20924","2024.503839308268","2024.503839308268","2024.503839308268"
"20926","799.3523712549312","799.3523712549312","799.3523712549312"
"20928","1848.029129275323","1848.029129275323","1848.029129275323"
"20930","1914.2034050595216","1914.2034050595216","1914.2034050595216"
"20932","2525.119793524114","2525.119793524114","2525.119793524114"
"20934","1336.4387207742836","1336.4387207742836","1336.4387207742836"
"20936","1218.5262725349228","1218.5262725349228","1218.5262725349228"
"20940","2714.390476726386","2714.390476726386","2714.390476726386"
"20944","2323.8055879747567","2323.8055879747567","2323.8055879747567"
"20946","1632.753859384123","1632.753859384123","1632.753859384123"
"20948","931.4737750340292","931.4737750340292","931.4737750340292"
"20952","1522.5294047602633","1522.5294047602633","1522.5294047602633"
"20956","845.5237447251379","845.5237447251379","845.5237447251379"
"20958","832.3638524348618","832.3638524348618","832.3638524348618"
"20960","927.3084867597161","927.3084867597161","927.3084867597161"
"20962","692.4403507014911","692.4403507014911","692.4403507014911"
"20964","714.1818802371178","714.1818802371178","714.1818802371178"
"20966","2081.074364156083","2081.074364156083","2081.074364156083"
"20970","1681.66903118461","1681.66903118461","1681.66903118461"
"20972","2120.8128066902614","2120.8128066902614","2120.8128066902614"
"20974","2368.810034673034","2368.810034673034","2368.810034673034"
"20977","1332.4144461051987","1332.4144461051987","1332.4144461051987"
"20979","1530.1703568669834","1530.1703568669834","1530.1703568669834"
"20981","2638.418991654688","2638.418991654688","2638.418991654688"
"20983","1353.012029808272","1353.012029808272","1353.012029808272"
"20985","494.04827487567104","494.04827487567104","494.04827487567104"
"20987","1191.5966569680427","1191.5966569680427","1191.5966569680427"
"20991","1444.8865701075372","1444.8865701075372","1444.8865701075372"
"20993","1489.382003858957","1489.382003858957","1489.382003858957"
"20995","2217.4844221752783","2217.4844221752783","2217.4844221752783"
"20997","2538.718273597567","2538.718273597567","2538.718273597567"
"20999","1801.7555381533111","1801.7555381533111","1801.7555381533111"
"21003","1738.310931520259","1738.310931520259","1738.310931520259"
"21005","1059.8773775048173","1059.8773775048173","1059.8773775048173"
"21007","939.495327610286","939.495327610286","939.495327610286"
"21009","2852.890149757439","2852.890149757439","2852.890149757439"
"21011","843.2655985996424","843.2655985996424","843.2655985996424"
"21013","2456.757765257995","2456.757765257995","2456.757765257995"
"21015","878.6653347438453","878.6653347438453","878.6653347438453"
"21017","1516.6360687830377","1516.6360687830377","1516.6360687830377"
"21021","1692.6725946223742","1692.6725946223742","1692.6725946223742"
"21023","754.9187773789314","754.9187773789314","754.9187773789314"
"21025","1059.39441750322","1059.39441750322","1059.39441750322"
"21027","2492.057581657256","2492.057581657256","2492.057581657256"
"21029","1442.2661663765437","1442.2661663765437","1442.2661663765437"
"21031","2381.087444794467","2381.087444794467","2381.087444794467"
"21033","1874.6360783265836","1874.6360783265836","1874.6360783265836"
"21043","1342.5506406961465","1342.5506406961465","1342.5506406961465"
"21045","1643.5567455766181","1643.5567455766181","1643.5567455766181"
"21047","1801.8358622034136","1801.8358622034136","1801.8358622034136"
"21049","1482.9633299407285","1482.9633299407285","1482.9633299407285"
"21051","1581.9382345853405","1581.9382345853405","1581.9382345853405"
"21053","1751.8361540565916","1751.8361540565916","1751.8361540565916"
"21055","1086.8276645702147","1086.8276645702147","1086.8276645702147"
"21057","864.0513469828174","864.0513469828174","864.0513469828174"
"21059","1553.9353602402725","1553.9353602402725","1553.9353602402725"
"21061","1310.378679264161","1310.378679264161","1310.378679264161"
"21063","823.5724138670776","823.5724138670776","823.5724138670776"
"21065","550.7619276106894","550.7619276106894","550.7619276106894"
"21067","1456.2699218336904","1456.2699218336904","1456.2699218336904"
"21069","1089.7804074355124","1089.7804074355124","1089.7804074355124"
"21071","1978.8265981807237","1978.8265981807237","1978.8265981807237"
"21073","1223.6566290094088","1223.6566290094088","1223.6566290094088"
"21075","1240.355493233376","1240.355493233376","1240.355493233376"
"21077","1083.5354107208148","1083.5354107208148","1083.5354107208148"
"21079","1610.1080002975293","1610.1080002975293","1610.1080002975293"
"21081","3099.0959852832384","3099.0959852832384","3099.0959852832384"
"21083","673.1575587052595","673.1575587052595","673.1575587052595"
"21085","846.2332095008182","846.2332095008182","846.2332095008182"
"21087","1414.3974660917265","1414.3974660917265","1414.3974660917265"
"21089","939.6395012655196","939.6395012655196","939.6395012655196"
"21091","662.6850455669586","662.6850455669586","662.6850455669586"
"21095","1562.6948950335118","1562.6948950335118","1562.6948950335118"
"21097","823.9844427581642","823.9844427581642","823.9844427581642"
"21099","1702.5326608684304","1702.5326608684304","1702.5326608684304"
"21101","1385.4774776057795","1385.4774776057795","1385.4774776057795"
"21103","1009.0793993158848","1009.0793993158848","1009.0793993158848"
"21105","1341.1439198106862","1341.1439198106862","1341.1439198106862"
"21107","1826.2167532399183","1826.2167532399183","1826.2167532399183"
"21109","1177.3266347439726","1177.3266347439726","1177.3266347439726"
"21111","1591.4399969786011","1591.4399969786011","1591.4399969786011"
"21113","1160.7214308809605","1160.7214308809605","1160.7214308809605"
"21115","1453.8920131767284","1453.8920131767284","1453.8920131767284"
"21117","926.3715773270742","926.3715773270742","926.3715773270742"
"21119","928.8999363176946","928.8999363176946","928.8999363176946"
"21121","921.3242178592857","921.3242178592857","921.3242178592857"
"21125","951.0332080879945","951.0332080879945","951.0332080879945"
"21127","1391.3129540703965","1391.3129540703965","1391.3129540703965"
"21129","1960.2937743625716","1960.2937743625716","1960.2937743625716"
"21131","1015.6468242354483","1015.6468242354483","1015.6468242354483"
"21133","1578.0471744798635","1578.0471744798635","1578.0471744798635"
"21135","1816.7122203761726","1816.7122203761726","1816.7122203761726"
"21137","1807.8240307676751","1807.8240307676751","1807.8240307676751"
"21141","1554.3006099283116","1554.3006099283116","1554.3006099283116"
"21143","1685.508466793523","1685.508466793523","1685.508466793523"
"21145","1499.8081650850734","1499.8081650850734","1499.8081650850734"
"21147","1615.4434364018794","1615.4434364018794","1615.4434364018794"
"21149","1537.7277986672411","1537.7277986672411","1537.7277986672411"
"21151","1354.472228262781","1354.472228262781","1354.472228262781"
"21153","868.1501413179649","868.1501413179649","868.1501413179649"
"21155","797.7453112037067","797.7453112037067","797.7453112037067"
"21157","1433.3281595830726","1433.3281595830726","1433.3281595830726"
"21165","3072.5028546043027","3072.5028546043027","3072.5028546043027"
"21167","1196.7158432110994","1196.7158432110994","1196.7158432110994"
"21169","1573.1351829050711","1573.1351829050711","1573.1351829050711"
"21171","1432.2576663287687","1432.2576663287687","1432.2576663287687"
"21173","1737.051646785494","1737.051646785494","1737.051646785494"
"21175","722.661856036737","722.661856036737","722.661856036737"
"21177","1157.1653969611366","1157.1653969611366","1157.1653969611366"
"21181","1380.7015767237458","1380.7015767237458","1380.7015767237458"
"21183","1806.2260126217259","1806.2260126217259","1806.2260126217259"
"21185","1934.1295636621908","1934.1295636621908","1934.1295636621908"
"21187","552.7307995522178","552.7307995522178","552.7307995522178"
"21189","1213.7063733941677","1213.7063733941677","1213.7063733941677"
"21191","704.064833837824","704.064833837824","704.064833837824"
"21193","908.8815185817822","908.8815185817822","908.8815185817822"
"21195","1479.2279048341022","1479.2279048341022","1479.2279048341022"
"21197","1150.9301923120552","1150.9301923120552","1150.9301923120552"
"21199","1282.6884789402015","1282.6884789402015","1282.6884789402015"
"21201","2229.698382152582","2229.698382152582","2229.698382152582"
"21203","1026.1068113659533","1026.1068113659533","1026.1068113659533"
"21205","1012.0916342201842","1012.0916342201842","1012.0916342201842"
"21207","1474.9555623505064","1474.9555623505064","1474.9555623505064"
"21209","943.5271692418648","943.5271692418648","943.5271692418648"
"21211","1081.8656629427219","1081.8656629427219","1081.8656629427219"
"21213","1888.9326765635421","1888.9326765635421","1888.9326765635421"
"21215","1916.4470494091531","1916.4470494091531","1916.4470494091531"
"21217","1439.4950420637767","1439.4950420637767","1439.4950420637767"
"21219","1286.4611126281534","1286.4611126281534","1286.4611126281534"
"21221","1220.4488489440205","1220.4488489440205","1220.4488489440205"
"21223","1079.3800771330993","1079.3800771330993","1079.3800771330993"
"21225","916.7766947530547","916.7766947530547","916.7766947530547"
"21227","722.4179854545616","722.4179854545616","722.4179854545616"
"21231","2529.103481602204","2529.103481602204","2529.103481602204"
"21233","1648.482398917729","1648.482398917729","1648.482398917729"
"21235","1006.264142194728","1006.264142194728","1006.264142194728"
"21237","1567.682493087705","1567.682493087705","1567.682493087705"
"21239","1230.2502937762276","1230.2502937762276","1230.2502937762276"
"21241","2108.5926653762745","2108.5926653762745","2108.5926653762745"
"21243","1959.9533879201688","1959.9533879201688","1959.9533879201688"
"21245","1639.1648311508552","1639.1648311508552","1639.1648311508552"
"21247","421.633779474781","421.633779474781","421.633779474781"
"21249","2026.757444006901","2026.757444006901","2026.757444006901"
"21255","2871.783686152303","2871.783686152303","2871.783686152303"
"21257","1027.6876787678389","1027.6876787678389","1027.6876787678389"
"21259","1878.7915914529488","1878.7915914529488","1878.7915914529488"
"21261","2405.320780788033","2405.320780788033","2405.320780788033"
"21263","1341.6129212419944","1341.6129212419944","1341.6129212419944"
"21265","944.973147776484","944.973147776484","944.973147776484"
"21267","576.6793820360265","576.6793820360265","576.6793820360265"
"21271","1036.6070225785272","1036.6070225785272","1036.6070225785272"
"21273","1279.503681851546","1279.503681851546","1279.503681851546"
"21275","2451.137375303854","2451.137375303854","2451.137375303854"
"21279","877.4331781832624","877.4331781832624","877.4331781832624"
"21281","2210.7667452650267","2210.7667452650267","2210.7667452650267"
"21283","2112.4806324223346","2112.4806324223346","2112.4806324223346"
"21285","1809.3466211310456","1809.3466211310456","1809.3466211310456"
"21289","1002.6491658734938","1002.6491658734938","1002.6491658734938"
"21297","1166.3271792873852","1166.3271792873852","1166.3271792873852"
"21299","745.2665006889677","745.2665006889677","745.2665006889677"
"21301","1078.4507100521266","1078.4507100521266","1078.4507100521266"
"21303","1480.9947677216585","1480.9947677216585","1480.9947677216585"
"21305","957.9524647378904","957.9524647378904","957.9524647378904"
"21309","2078.2943921856327","2078.2943921856327","2078.2943921856327"
"21311","1168.8238796302112","1168.8238796302112","1168.8238796302112"
"21313","1242.3213535742207","1242.3213535742207","1242.3213535742207"
"21315","1620.3214345334375","1620.3214345334375","1620.3214345334375"
"21317","1584.6894149753657","1584.6894149753657","1584.6894149753657"
"21319","1029.582492498556","1029.582492498556","1029.582492498556"
"21321","1895.7841800424019","1895.7841800424019","1895.7841800424019"
"21323","1975.798889087452","1975.798889087452","1975.798889087452"
"21325","1520.6067366077523","1520.6067366077523","1520.6067366077523"
"21327","970.3454964935221","970.3454964935221","970.3454964935221"
"21329","1435.5843727248812","1435.5843727248812","1435.5843727248812"
"21331","885.2769119631479","885.2769119631479","885.2769119631479"
"21333","924.5690505787812","924.5690505787812","924.5690505787812"
"21339","1750.3962366226574","1750.3962366226574","1750.3962366226574"
"21341","1098.7703025404653","1098.7703025404653","1098.7703025404653"
"21345","1598.7875787182445","1598.7875787182445","1598.7875787182445"
"21349","1768.4453870425882","1768.4453870425882","1768.4453870425882"
"21353","1640.2584188633637","1640.2584188633637","1640.2584188633637"
"21357","1091.5995643039118","1091.5995643039118","1091.5995643039118"
"21363","879.5053241755903","879.5053241755903","879.5053241755903"
"21365","901.7651031939716","901.7651031939716","901.7651031939716"
"21367","965.25425614523","965.25425614523","965.25425614523"
"21369","1527.9277016910726","1527.9277016910726","1527.9277016910726"
"21371","1070.4371473725296","1070.4371473725296","1070.4371473725296"
"21373","1528.9553946743038","1528.9553946743038","1528.9553946743038"
"21375","1095.1817882105672","1095.1817882105672","1095.1817882105672"
"21377","1979.365882551408","1979.365882551408","1979.365882551408"
"21379","1327.127474744907","1327.127474744907","1327.127474744907"
"21381","1265.214771143611","1265.214771143611","1265.214771143611"
"21383","970.8992780989893","970.8992780989893","970.8992780989893"
"21385","1118.756183282185","1118.756183282185","1118.756183282185"
"21387","1413.2524694081746","1413.2524694081746","1413.2524694081746"
"21389","1972.3644607328122","1972.3644607328122","1972.3644607328122"
"21391","1260.3447935666566","1260.3447935666566","1260.3447935666566"
"21393","1496.5944771925897","1496.5944771925897","1496.5944771925897"
"21397","1154.5113204586487","1154.5113204586487","1154.5113204586487"
"21401","1154.3715544810816","1154.3715544810816","1154.3715544810816"
"21403","1691.1042694910818","1691.1042694910818","1691.1042694910818"
"21405","1538.4171144497461","1538.4171144497461","1538.4171144497461"
"21407","1547.9389250255838","1547.9389250255838","1547.9389250255838"
"21409","1270.9313521601134","1270.9313521601134","1270.9313521601134"
"21411","1436.6260027754565","1436.6260027754565","1436.6260027754565"
"21413","949.3888576970335","949.3888576970335","949.3888576970335"
"21415","1585.7025216699067","1585.7025216699067","1585.7025216699067"
"21417","1228.3907100565325","1228.3907100565325","1228.3907100565325"
"21419","991.0777899852175","991.0777899852175","991.0777899852175"
"21421","1238.4441551368507","1238.4441551368507","1238.4441551368507"
"21423","2532.184087041772","2532.184087041772","2532.184087041772"
"21425","971.6407250495326","971.6407250495326","971.6407250495326"
"21429","2704.351857877365","2704.351857877365","2704.351857877365"
"21431","2146.0497331913593","2146.0497331913593","2146.0497331913593"
"21433","989.6184785357467","989.6184785357467","989.6184785357467"
"21435","605.1217130570951","605.1217130570951","605.1217130570951"
"21438","1031.3562154256706","1031.3562154256706","1031.3562154256706"
"21442","1600.9583147681356","1600.9583147681356","1600.9583147681356"
"21444","1462.151532962889","1462.151532962889","1462.151532962889"
"21446","1549.8004641652626","1549.8004641652626","1549.8004641652626"
"21448","1363.3455381565109","1363.3455381565109","1363.3455381565109"
"21450","1114.7643132502485","1114.7643132502485","1114.7643132502485"
"21452","1068.8348580296051","1068.8348580296051","1068.8348580296051"
"21454","2155.1641584312247","2155.1641584312247","2155.1641584312247"
"21456","681.6906664714368","681.6906664714368","681.6906664714368"
"21458","1115.3482188626679","1115.3482188626679","1115.3482188626679"
"21460","1671.744851813241","1671.744851813241","1671.744851813241"
"21462","1328.2334059061573","1328.2334059061573","1328.2334059061573"
"21464","1039.0408072681016","1039.0408072681016","1039.0408072681016"
"21466","2396.395848760239","2396.395848760239","2396.395848760239"
"21468","1644.0974114073397","1644.0974114073397","1644.0974114073397"
"21470","2781.1812703073506","2781.1812703073506","2781.1812703073506"
"21472","2201.2784131592152","2201.2784131592152","2201.2784131592152"
"21474","2196.6063464058725","2196.6063464058725","2196.6063464058725"
"21478","2448.217884090689","2448.217884090689","2448.217884090689"
"21480","1906.568395101865","1906.568395101865","1906.568395101865"
"21482","1277.9286763103999","1277.9286763103999","1277.9286763103999"
"21484","2661.858415984142","2661.858415984142","2661.858415984142"
"21486","1903.46205581385","1903.46205581385","1903.46205581385"
"21488","1212.308284692112","1212.308284692112","1212.308284692112"
"21490","1645.3018965202846","1645.3018965202846","1645.3018965202846"
"21492","2863.825076345853","2863.825076345853","2863.825076345853"
"21494","1236.9054136541586","1236.9054136541586","1236.9054136541586"
"21496","370.5581608458473","370.5581608458473","370.5581608458473"
"21498","1945.2978654487154","1945.2978654487154","1945.2978654487154"
"21500","1499.6085127927145","1499.6085127927145","1499.6085127927145"
"21502","1578.0276986143037","1578.0276986143037","1578.0276986143037"
"21506","2490.481944026182","2490.481944026182","2490.481944026182"
"21508","596.7555169589936","596.7555169589936","596.7555169589936"
"21510","986.6242861136803","986.6242861136803","986.6242861136803"
"21512","1608.247702413697","1608.247702413697","1608.247702413697"
"21514","1686.498782050018","1686.498782050018","1686.498782050018"
"21516","1865.6012289171808","1865.6012289171808","1865.6012289171808"
"21522","1306.5803040635126","1306.5803040635126","1306.5803040635126"
"21524","1451.4157589590554","1451.4157589590554","1451.4157589590554"
"21526","1322.0568482238461","1322.0568482238461","1322.0568482238461"
"21528","1374.5626030238805","1374.5626030238805","1374.5626030238805"
"21532","1229.7825186443738","1229.7825186443738","1229.7825186443738"
"21534","1565.8287115681876","1565.8287115681876","1565.8287115681876"
"21536","1648.6901207209687","1648.6901207209687","1648.6901207209687"
"21538","1917.2084023751547","1917.2084023751547","1917.2084023751547"
"21542","676.8263235822244","676.8263235822244","676.8263235822244"
"21544","1431.2184532303652","1431.2184532303652","1431.2184532303652"
"21546","1672.602281408021","1672.602281408021","1672.602281408021"
"21548","1386.8989961636053","1386.8989961636053","1386.8989961636053"
"21550","1368.4153492831986","1368.4153492831986","1368.4153492831986"
"21552","869.0169600043313","869.0169600043313","869.0169600043313"
"21554","1570.0090694013677","1570.0090694013677","1570.0090694013677"
"21556","1380.0710858776374","1380.0710858776374","1380.0710858776374"
"21558","2053.6166072845554","2053.6166072845554","2053.6166072845554"
"21560","2759.9946485170367","2759.9946485170367","2759.9946485170367"
"21562","2174.587627759198","2174.587627759198","2174.587627759198"
"21564","3343.9024863723916","3343.9024863723916","3343.9024863723916"
"21566","1715.4551482762388","1715.4551482762388","1715.4551482762388"
"21570","1111.9535124571764","1111.9535124571764","1111.9535124571764"
"21572","1240.363452231963","1240.363452231963","1240.363452231963"
"21574","2561.3548581099935","2561.3548581099935","2561.3548581099935"
"21576","1261.40849606699","1261.40849606699","1261.40849606699"
"21578","973.0653132434071","973.0653132434071","973.0653132434071"
"21582","1036.1161369973695","1036.1161369973695","1036.1161369973695"
"21584","1659.2523694747829","1659.2523694747829","1659.2523694747829"
"21586","1334.2754219653898","1334.2754219653898","1334.2754219653898"
"21588","1795.7849928271637","1795.7849928271637","1795.7849928271637"
"21590","1530.4797580589889","1530.4797580589889","1530.4797580589889"
"21592","1724.8434186614247","1724.8434186614247","1724.8434186614247"
"21594","1012.5764153484271","1012.5764153484271","1012.5764153484271"
"21596","1402.7951106554947","1402.7951106554947","1402.7951106554947"
"21600","2149.3321203395467","2149.3321203395467","2149.3321203395467"
"21602","1284.2675820792504","1284.2675820792504","1284.2675820792504"
"21604","1173.978586439658","1173.978586439658","1173.978586439658"
"21606","1264.2283091586226","1264.2283091586226","1264.2283091586226"
"21610","1469.3754670285578","1469.3754670285578","1469.3754670285578"
"21612","3077.5874680299403","3077.5874680299403","3077.5874680299403"
"21614","1589.1981266736266","1589.1981266736266","1589.1981266736266"
"21616","1347.1552705460124","1347.1552705460124","1347.1552705460124"
"21618","1030.4439548201876","1030.4439548201876","1030.4439548201876"
"21622","1555.4662579909727","1555.4662579909727","1555.4662579909727"
"21624","1534.7761843641642","1534.7761843641642","1534.7761843641642"
"21626","2185.4246035438714","2185.4246035438714","2185.4246035438714"
"21628","1488.9445991713562","1488.9445991713562","1488.9445991713562"
"21630","1341.7746557314488","1341.7746557314488","1341.7746557314488"
"21632","973.7211376749661","973.7211376749661","973.7211376749661"
"21634","942.2408871684462","942.2408871684462","942.2408871684462"
"21636","1388.4937987717963","1388.4937987717963","1388.4937987717963"
"21638","1153.2574603391226","1153.2574603391226","1153.2574603391226"
"21640","905.4773712076916","905.4773712076916","905.4773712076916"
"21642","523.148578822543","523.148578822543","523.148578822543"
"21644","534.4075391717164","534.4075391717164","534.4075391717164"
"21646","648.2228848904246","648.2228848904246","648.2228848904246"
"21648","1162.3970845643591","1162.3970845643591","1162.3970845643591"
"21652","537.0177711052796","537.0177711052796","537.0177711052796"
"21654","1427.3630799653424","1427.3630799653424","1427.3630799653424"
"21660","1273.6805818395032","1273.6805818395032","1273.6805818395032"
"21662","1254.035426108281","1254.035426108281","1254.035426108281"
"21664","833.300730196626","833.300730196626","833.300730196626"
"21666","775.1244969891554","775.1244969891554","775.1244969891554"
"21668","1584.9385803488542","1584.9385803488542","1584.9385803488542"
"21670","787.0212119827247","787.0212119827247","787.0212119827247"
"21672","1495.0032330919794","1495.0032330919794","1495.0032330919794"
"21674","2251.7835448997835","2251.7835448997835","2251.7835448997835"
"21676","720.6810880667231","720.6810880667231","720.6810880667231"
"21678","2543.277909197637","2543.277909197637","2543.277909197637"
"21680","1018.1256832731704","1018.1256832731704","1018.1256832731704"
"21682","1328.757149653789","1328.757149653789","1328.757149653789"
"21686","690.4395168851144","690.4395168851144","690.4395168851144"
"21688","1428.8377008112539","1428.8377008112539","1428.8377008112539"
"21690","1629.4624147572388","1629.4624147572388","1629.4624147572388"
"21692","1734.5983623465513","1734.5983623465513","1734.5983623465513"
"21694","1072.1010662052383","1072.1010662052383","1072.1010662052383"
"21696","1720.472253212633","1720.472253212633","1720.472253212633"
"21698","2437.2760168505088","2437.2760168505088","2437.2760168505088"
"21700","1683.4858153898135","1683.4858153898135","1683.4858153898135"
"21702","706.3581057429171","706.3581057429171","706.3581057429171"
"21704","1832.9000710642767","1832.9000710642767","1832.9000710642767"
"21706","2471.0800426198252","2471.0800426198252","2471.0800426198252"
"21708","1813.3163833337285","1813.3163833337285","1813.3163833337285"
"21712","2148.1114920445884","2148.1114920445884","2148.1114920445884"
"21714","1735.3915723525793","1735.3915723525793","1735.3915723525793"
"21716","971.6900388846791","971.6900388846791","971.6900388846791"
"21718","1470.5690396244675","1470.5690396244675","1470.5690396244675"
"21720","920.684227245735","920.684227245735","920.684227245735"
"21722","2771.944396301789","2771.944396301789","2771.944396301789"
"21724","751.044975904845","751.044975904845","751.044975904845"
"21726","1071.984525220229","1071.984525220229","1071.984525220229"
"21728","1235.4252910098555","1235.4252910098555","1235.4252910098555"
"21730","1388.768105586303","1388.768105586303","1388.768105586303"
"21732","1362.3152838400829","1362.3152838400829","1362.3152838400829"
"21734","1110.7998515884426","1110.7998515884426","1110.7998515884426"
"21738","927.3771300892341","927.3771300892341","927.3771300892341"
"21740","1717.3378193068884","1717.3378193068884","1717.3378193068884"
"21742","3112.700816267679","3112.700816267679","3112.700816267679"
"21744","1995.9996718242046","1995.9996718242046","1995.9996718242046"
"21750","1449.0763524882175","1449.0763524882175","1449.0763524882175"
"21752","1362.0092557011094","1362.0092557011094","1362.0092557011094"
"21754","707.8759300787284","707.8759300787284","707.8759300787284"
"21756","1933.4910587052752","1933.4910587052752","1933.4910587052752"
"21758","1536.414312820437","1536.414312820437","1536.414312820437"
"21760","1280.070718738595","1280.070718738595","1280.070718738595"
"21762","1292.258837021161","1292.258837021161","1292.258837021161"
"21764","1531.8930550456364","1531.8930550456364","1531.8930550456364"
"21766","1515.3078651947367","1515.3078651947367","1515.3078651947367"
"21768","876.0754775013916","876.0754775013916","876.0754775013916"
"21770","2211.2504751065844","2211.2504751065844","2211.2504751065844"
"21772","938.964980626803","938.964980626803","938.964980626803"
"21776","1625.9379568471418","1625.9379568471418","1625.9379568471418"
"21782","1325.5050004964073","1325.5050004964073","1325.5050004964073"
"21784","1168.3076363691218","1168.3076363691218","1168.3076363691218"
"21786","1051.4493080706939","1051.4493080706939","1051.4493080706939"
"21788","947.6964501756607","947.6964501756607","947.6964501756607"
"21790","1039.1621183382779","1039.1621183382779","1039.1621183382779"
"21792","1425.2165107044498","1425.2165107044498","1425.2165107044498"
"21796","2130.0737871678175","2130.0737871678175","2130.0737871678175"
"21800","1627.4191496912629","1627.4191496912629","1627.4191496912629"
"21802","1241.4099535997864","1241.4099535997864","1241.4099535997864"
"21804","2536.8037814312133","2536.8037814312133","2536.8037814312133"
"21806","1711.5515908922157","1711.5515908922157","1711.5515908922157"
"21808","2148.442355063761","2148.442355063761","2148.442355063761"
"21810","1239.8667428925949","1239.8667428925949","1239.8667428925949"
"21812","732.72705078125","732.72705078125","732.72705078125"
"21814","1406.6412831701907","1406.6412831701907","1406.6412831701907"
"21816","2108.1358307436662","2108.1358307436662","2108.1358307436662"
"21818","630.3687032806433","630.3687032806433","630.3687032806433"
"21820","2009.8679556342092","2009.8679556342092","2009.8679556342092"
"21822","1162.7309403166598","1162.7309403166598","1162.7309403166598"
"21824","2166.843637856183","2166.843637856183","2166.843637856183"
"21826","635.4288890840877","635.4288890840877","635.4288890840877"
"21832","1351.6918517379709","1351.6918517379709","1351.6918517379709"
"21834","2006.1382185316095","2006.1382185316095","2006.1382185316095"
"21836","936.2067302648001","936.2067302648001","936.2067302648001"
"21838","1536.5631194401458","1536.5631194401458","1536.5631194401458"
"21840","2293.847826968618","2293.847826968618","2293.847826968618"
"21842","1623.101427467456","1623.101427467456","1623.101427467456"
"21844","2071.32746450894","2071.32746450894","2071.32746450894"
"21846","1913.2854869728635","1913.2854869728635","1913.2854869728635"
"21848","2124.9681323130258","2124.9681323130258","2124.9681323130258"
"21850","1274.3341121222597","1274.3341121222597","1274.3341121222597"
"21852","723.2226265845959","723.2226265845959","723.2226265845959"
"21854","1188.5399029668793","1188.5399029668793","1188.5399029668793"
"21856","875.9508246103452","875.9508246103452","875.9508246103452"
"21858","1715.887677385195","1715.887677385195","1715.887677385195"
"21860","2456.563817183895","2456.563817183895","2456.563817183895"
"21864","924.8712429117772","924.8712429117772","924.8712429117772"
"21866","1020.7653177075758","1020.7653177075758","1020.7653177075758"
"21868","1713.5344288237357","1713.5344288237357","1713.5344288237357"
"21870","2360.3798261283123","2360.3798261283123","2360.3798261283123"
"21872","1501.4325890526861","1501.4325890526861","1501.4325890526861"
"21874","1534.5368992334727","1534.5368992334727","1534.5368992334727"
"21878","1185.054065458356","1185.054065458356","1185.054065458356"
"21880","1004.8985753431081","1004.8985753431081","1004.8985753431081"
"21882","1557.851313391573","1557.851313391573","1557.851313391573"
"21888","1012.6579943616736","1012.6579943616736","1012.6579943616736"
"21890","1301.0897342220899","1301.0897342220899","1301.0897342220899"
"21892","1422.9382951283255","1422.9382951283255","1422.9382951283255"
"21894","1748.4719276447754","1748.4719276447754","1748.4719276447754"
"21896","1845.1944285967104","1845.1944285967104","1845.1944285967104"
"21899","1267.5727262220337","1267.5727262220337","1267.5727262220337"
"21901","1049.0898537443145","1049.0898537443145","1049.0898537443145"
"21903","1478.3951497346911","1478.3951497346911","1478.3951497346911"
"21905","1409.5708260595381","1409.5708260595381","1409.5708260595381"
"21909","1140.5032220264588","1140.5032220264588","1140.5032220264588"
"21911","1361.366961019639","1361.366961019639","1361.366961019639"
"21913","1108.5865096459981","1108.5865096459981","1108.5865096459981"
"21915","1706.6084558585694","1706.6084558585694","1706.6084558585694"
"21917","1509.6245461660899","1509.6245461660899","1509.6245461660899"
"21919","1092.115014662911","1092.115014662911","1092.115014662911"
"21921","1298.1728643299698","1298.1728643299698","1298.1728643299698"
"21923","2530.78667203159","2530.78667203159","2530.78667203159"
"21927","2421.3153438583413","2421.3153438583413","2421.3153438583413"
"21929","2641.190868894677","2641.190868894677","2641.190868894677"
"21931","1150.6830387847424","1150.6830387847424","1150.6830387847424"
"21933","1249.0024907888633","1249.0024907888633","1249.0024907888633"
"21937","1174.1243867654255","1174.1243867654255","1174.1243867654255"
"21939","2226.3676574851106","2226.3676574851106","2226.3676574851106"
"21941","673.1236271813224","673.1236271813224","673.1236271813224"
"21943","1525.4207686255613","1525.4207686255613","1525.4207686255613"
"21945","1488.359899770576","1488.359899770576","1488.359899770576"
"21947","1332.1223829087455","1332.1223829087455","1332.1223829087455"
"21951","809.949833085745","809.949833085745","809.949833085745"
"21953","2186.8790017544093","2186.8790017544093","2186.8790017544093"
"21955","2532.970750160927","2532.970750160927","2532.970750160927"
"21957","919.5480559052171","919.5480559052171","919.5480559052171"
"21961","963.383679926743","963.383679926743","963.383679926743"
"21963","3613.2078421069364","3613.2078421069364","3613.2078421069364"
"21965","2320.3139000063184","2320.3139000063184","2320.3139000063184"
"21967","1513.3656838119985","1513.3656838119985","1513.3656838119985"
"21969","1554.8307434303183","1554.8307434303183","1554.8307434303183"
"21971","1723.1374250240056","1723.1374250240056","1723.1374250240056"
"21973","1846.6640171170882","1846.6640171170882","1846.6640171170882"
"21975","1241.8938595607315","1241.8938595607315","1241.8938595607315"
"21977","1824.2836436261143","1824.2836436261143","1824.2836436261143"
"21981","1419.297197662836","1419.297197662836","1419.297197662836"
"21983","1220.9386979725264","1220.9386979725264","1220.9386979725264"
"21985","1336.0650771277203","1336.0650771277203","1336.0650771277203"
"21987","1265.7990983439943","1265.7990983439943","1265.7990983439943"
"21989","1156.2774081461325","1156.2774081461325","1156.2774081461325"
"21991","1248.68707698563","1248.68707698563","1248.68707698563"
"21993","1163.450797222995","1163.450797222995","1163.450797222995"
"21995","1305.0426154057038","1305.0426154057038","1305.0426154057038"
"21997","479.46079971072317","479.46079971072317","479.46079971072317"
"21999","1833.4507841360776","1833.4507841360776","1833.4507841360776"
"22001","1267.3648543135641","1267.3648543135641","1267.3648543135641"
"22003","1292.3518031416734","1292.3518031416734","1292.3518031416734"
"22005","915.1099715956088","915.1099715956088","915.1099715956088"
"22007","1512.3001774500556","1512.3001774500556","1512.3001774500556"
"22009","1863.2783669823307","1863.2783669823307","1863.2783669823307"
"22011","892.5568893210328","892.5568893210328","892.5568893210328"
"22013","1365.3151770653021","1365.3151770653021","1365.3151770653021"
"22015","2447.59066250639","2447.59066250639","2447.59066250639"
"22017","1498.8601545938495","1498.8601545938495","1498.8601545938495"
"22019","1406.6786907355965","1406.6786907355965","1406.6786907355965"
"22021","2369.095766502933","2369.095766502933","2369.095766502933"
"22023","1647.8439297419625","1647.8439297419625","1647.8439297419625"
"22025","1521.2521406407839","1521.2521406407839","1521.2521406407839"
"22027","3276.208796986161","3276.208796986161","3276.208796986161"
"22029","1105.5018686246844","1105.5018686246844","1105.5018686246844"
"22031","905.403415932899","905.403415932899","905.403415932899"
"22033","1874.6768156314065","1874.6768156314065","1874.6768156314065"
"22035","1285.504647543476","1285.504647543476","1285.504647543476"
"22037","692.6236480322082","692.6236480322082","692.6236480322082"
"22039","703.9679004924676","703.9679004924676","703.9679004924676"
"22041","2657.4004711145394","2657.4004711145394","2657.4004711145394"
"22043","1605.175989379238","1605.175989379238","1605.175989379238"
"22045","1415.873947948403","1415.873947948403","1415.873947948403"
"22047","1918.2339774292498","1918.2339774292498","1918.2339774292498"
"22049","1156.2375377292726","1156.2375377292726","1156.2375377292726"
"22053","1576.3662305877924","1576.3662305877924","1576.3662305877924"
"22055","3067.709651853907","3067.709651853907","3067.709651853907"
"22057","1073.296671379081","1073.296671379081","1073.296671379081"
"22059","1405.5783601717817","1405.5783601717817","1405.5783601717817"
"22061","1683.3363865145607","1683.3363865145607","1683.3363865145607"
"22063","915.089617037988","915.089617037988","915.089617037988"
"22065","1101.949010163163","1101.949010163163","1101.949010163163"
"22067","1309.4064693948283","1309.4064693948283","1309.4064693948283"
"22071","2064.5413844533177","2064.5413844533177","2064.5413844533177"
"22073","2027.2056958890425","2027.2056958890425","2027.2056958890425"
"22075","2015.7360962997716","2015.7360962997716","2015.7360962997716"
"22077","642.1825211510629","642.1825211510629","642.1825211510629"
"22079","1353.1184418763833","1353.1184418763833","1353.1184418763833"
"22081","824.2169906723988","824.2169906723988","824.2169906723988"
"22083","2085.6488989014315","2085.6488989014315","2085.6488989014315"
"22085","1748.0641902300429","1748.0641902300429","1748.0641902300429"
"22087","1817.099736227195","1817.099736227195","1817.099736227195"
"22089","2132.1210299243185","2132.1210299243185","2132.1210299243185"
"22093","2035.5631811366943","2035.5631811366943","2035.5631811366943"
"22095","1126.657652176373","1126.657652176373","1126.657652176373"
"22097","1040.8828339327158","1040.8828339327158","1040.8828339327158"
"22099","1686.9030156976855","1686.9030156976855","1686.9030156976855"
"22101","1911.5611684475575","1911.5611684475575","1911.5611684475575"
"22103","1713.6237251398875","1713.6237251398875","1713.6237251398875"
"22105","862.6816002514066","862.6816002514066","862.6816002514066"
"22107","1526.556612196689","1526.556612196689","1526.556612196689"
"22109","859.9581148966347","859.9581148966347","859.9581148966347"
"22111","985.3357572771862","985.3357572771862","985.3357572771862"
"22113","844.8432555108151","844.8432555108151","844.8432555108151"
"22117","1596.2149734134248","1596.2149734134248","1596.2149734134248"
"22119","2176.444351538679","2176.444351538679","2176.444351538679"
"22121","1570.8873465237916","1570.8873465237916","1570.8873465237916"
"22123","1955.3932370439659","1955.3932370439659","1955.3932370439659"
"22125","2652.55278043161","2652.55278043161","2652.55278043161"
"22127","1368.9386188845783","1368.9386188845783","1368.9386188845783"
"22129","1917.8534937333202","1917.8534937333202","1917.8534937333202"
"22133","1656.645765793552","1656.645765793552","1656.645765793552"
"22135","1296.7618123033697","1296.7618123033697","1296.7618123033697"
"22139","1225.0385353780828","1225.0385353780828","1225.0385353780828"
"22141","1152.5550745498397","1152.5550745498397","1152.5550745498397"
"22147","1999.1803389537963","1999.1803389537963","1999.1803389537963"
"22149","3264.09441839657","3264.09441839657","3264.09441839657"
"22151","1144.3421611235765","1144.3421611235765","1144.3421611235765"
"22153","1818.8853419963286","1818.8853419963286","1818.8853419963286"
"22157","788.2066289196387","788.2066289196387","788.2066289196387"
"22159","2196.2678975280865","2196.2678975280865","2196.2678975280865"
"22161","1201.5287132870387","1201.5287132870387","1201.5287132870387"
"22163","1853.9631406829826","1853.9631406829826","1853.9631406829826"
"22165","2171.637378015968","2171.637378015968","2171.637378015968"
"22169","1439.8669420548854","1439.8669420548854","1439.8669420548854"
"22171","1762.9261869515942","1762.9261869515942","1762.9261869515942"
"22173","1534.8253354530314","1534.8253354530314","1534.8253354530314"
"22175","489.36899144039273","489.36899144039273","489.36899144039273"
"22177","1090.0227867925012","1090.0227867925012","1090.0227867925012"
"22181","1040.8980444516833","1040.8980444516833","1040.8980444516833"
"22183","1675.7149627664376","1675.7149627664376","1675.7149627664376"
"22185","672.2424688789841","672.2424688789841","672.2424688789841"
"22187","1305.4369812438056","1305.4369812438056","1305.4369812438056"
"22189","2890.2522697363925","2890.2522697363925","2890.2522697363925"
"22191","1440.7136281651847","1440.7136281651847","1440.7136281651847"
"22193","1059.531329795858","1059.531329795858","1059.531329795858"
"22195","1419.4880692585937","1419.4880692585937","1419.4880692585937"
"22197","1179.7384446872197","1179.7384446872197","1179.7384446872197"
"22199","1210.8185155925162","1210.8185155925162","1210.8185155925162"
"22201","1998.6824672901266","1998.6824672901266","1998.6824672901266"
"22203","1133.579619232166","1133.579619232166","1133.579619232166"
"22205","702.164477349489","702.164477349489","702.164477349489"
"22207","1425.330469645055","1425.330469645055","1425.330469645055"
"22209","1961.143152312067","1961.143152312067","1961.143152312067"
"22215","2325.5495861336385","2325.5495861336385","2325.5495861336385"
"22219","1130.5027055023622","1130.5027055023622","1130.5027055023622"
"22221","1315.1468059186657","1315.1468059186657","1315.1468059186657"
"22223","1533.9797173126515","1533.9797173126515","1533.9797173126515"
"22225","1093.9926917030973","1093.9926917030973","1093.9926917030973"
"22227","2088.487844812165","2088.487844812165","2088.487844812165"
"22229","1471.3571697530792","1471.3571697530792","1471.3571697530792"
"22235","822.3925343071446","822.3925343071446","822.3925343071446"
"22237","873.7523708154442","873.7523708154442","873.7523708154442"
"22239","1461.928773346034","1461.928773346034","1461.928773346034"
"22241","1866.6530626374613","1866.6530626374613","1866.6530626374613"
"22243","1746.1459516876328","1746.1459516876328","1746.1459516876328"
"22245","1659.6773242153665","1659.6773242153665","1659.6773242153665"
"22249","1689.6409828833828","1689.6409828833828","1689.6409828833828"
"22251","1073.1862915311735","1073.1862915311735","1073.1862915311735"
"22255","1618.0342217557018","1618.0342217557018","1618.0342217557018"
"22257","1236.6855339751453","1236.6855339751453","1236.6855339751453"
"22259","2208.941906993832","2208.941906993832","2208.941906993832"
"22261","1319.915206657515","1319.915206657515","1319.915206657515"
"22263","1282.4105089411903","1282.4105089411903","1282.4105089411903"
"22265","1235.7390026125647","1235.7390026125647","1235.7390026125647"
"22267","1366.3180175002565","1366.3180175002565","1366.3180175002565"
"22269","2074.5969021737737","2074.5969021737737","2074.5969021737737"
"22271","1707.327830042383","1707.327830042383","1707.327830042383"
"22273","988.1216681784352","988.1216681784352","988.1216681784352"
"22275","1298.2200690689917","1298.2200690689917","1298.2200690689917"
"22277","1173.2277612258042","1173.2277612258042","1173.2277612258042"
"22279","1453.5814947484876","1453.5814947484876","1453.5814947484876"
"22281","1897.1858156448397","1897.1858156448397","1897.1858156448397"
"22283","1018.1927774062024","1018.1927774062024","1018.1927774062024"
"22287","760.2869539912017","760.2869539912017","760.2869539912017"
"22289","1578.80689977528","1578.80689977528","1578.80689977528"
"22293","1879.049636699093","1879.049636699093","1879.049636699093"
"22295","1908.3659396412183","1908.3659396412183","1908.3659396412183"
"22299","1952.80549297031","1952.80549297031","1952.80549297031"
"22301","881.4851753963537","881.4851753963537","881.4851753963537"
"22303","2096.0396872368506","2096.0396872368506","2096.0396872368506"
"22307","1268.901962425223","1268.901962425223","1268.901962425223"
"22309","1717.4541942278295","1717.4541942278295","1717.4541942278295"
"22311","2406.2089142450036","2406.2089142450036","2406.2089142450036"
"22313","1740.2188078829456","1740.2188078829456","1740.2188078829456"
"22315","1542.19257775179","1542.19257775179","1542.19257775179"
"22319","1000.7658946089892","1000.7658946089892","1000.7658946089892"
"22321","1646.2678597248328","1646.2678597248328","1646.2678597248328"
"22323","1729.295306897621","1729.295306897621","1729.295306897621"
"22325","678.3657087891224","678.3657087891224","678.3657087891224"
"22327","1926.2117055667186","1926.2117055667186","1926.2117055667186"
"22329","1456.375759551669","1456.375759551669","1456.375759551669"
"22331","1076.9496364211848","1076.9496364211848","1076.9496364211848"
"22333","2450.9649455352774","2450.9649455352774","2450.9649455352774"
"22337","1548.8044621510821","1548.8044621510821","1548.8044621510821"
"22339","600.6673432051126","600.6673432051126","600.6673432051126"
"22341","1287.2908439696369","1287.2908439696369","1287.2908439696369"
"22343","1342.0743336114758","1342.0743336114758","1342.0743336114758"
"22345","1298.8016656460713","1298.8016656460713","1298.8016656460713"
"22347","2372.9926366062837","2372.9926366062837","2372.9926366062837"
"22349","1994.409163847991","1994.409163847991","1994.409163847991"
"22351","2699.7075666460546","2699.7075666460546","2699.7075666460546"
"22353","789.7733717842323","789.7733717842323","789.7733717842323"
"22355","1342.1336643937316","1342.1336643937316","1342.1336643937316"
"22360","1072.5575520450382","1072.5575520450382","1072.5575520450382"
"22366","956.6684930682331","956.6684930682331","956.6684930682331"
"22368","1946.4368749706393","1946.4368749706393","1946.4368749706393"
"22370","862.4180646864543","862.4180646864543","862.4180646864543"
"22372","997.0717677629781","997.0717677629781","997.0717677629781"
"22374","1178.325463626275","1178.325463626275","1178.325463626275"
"22376","938.0343027258045","938.0343027258045","938.0343027258045"
"22378","1371.9569529339929","1371.9569529339929","1371.9569529339929"
"22380","1254.3630451246634","1254.3630451246634","1254.3630451246634"
"22382","1861.962849649991","1861.962849649991","1861.962849649991"
"22384","1805.451078836019","1805.451078836019","1805.451078836019"
"22386","1083.6807891223862","1083.6807891223862","1083.6807891223862"
"22388","935.8304774530088","935.8304774530088","935.8304774530088"
"22390","1302.0296006242036","1302.0296006242036","1302.0296006242036"
"22394","965.7118710388086","965.7118710388086","965.7118710388086"
"22396","1983.468855073147","1983.468855073147","1983.468855073147"
"22398","2453.8184692218097","2453.8184692218097","2453.8184692218097"
"22400","1206.3765771944666","1206.3765771944666","1206.3765771944666"
"22402","2297.190985061395","2297.190985061395","2297.190985061395"
"22404","829.1956754902338","829.1956754902338","829.1956754902338"
"22406","2379.448658159029","2379.448658159029","2379.448658159029"
"22408","1303.828944891078","1303.828944891078","1303.828944891078"
"22410","2682.945656290759","2682.945656290759","2682.945656290759"
"22412","1367.2961464355674","1367.2961464355674","1367.2961464355674"
"22414","1709.0805571601884","1709.0805571601884","1709.0805571601884"
"22416","1455.5011364808881","1455.5011364808881","1455.5011364808881"
"22418","1391.1291290912263","1391.1291290912263","1391.1291290912263"
"22420","1221.5037200098548","1221.5037200098548","1221.5037200098548"
"22424","2631.6069041511355","2631.6069041511355","2631.6069041511355"
"22426","1674.0185418979233","1674.0185418979233","1674.0185418979233"
"22430","1351.3364161772786","1351.3364161772786","1351.3364161772786"
"22432","765.6634111889653","765.6634111889653","765.6634111889653"
"22434","814.740152119015","814.740152119015","814.740152119015"
"22436","1539.3253963577192","1539.3253963577192","1539.3253963577192"
"22438","1364.2122046698435","1364.2122046698435","1364.2122046698435"
"22440","935.9649667705756","935.9649667705756","935.9649667705756"
"22442","2061.8848389006034","2061.8848389006034","2061.8848389006034"
"22444","1119.4296924556695","1119.4296924556695","1119.4296924556695"
"22448","478.09653029888534","478.09653029888534","478.09653029888534"
"22450","2248.45645862086","2248.45645862086","2248.45645862086"
"22452","1102.9097066683564","1102.9097066683564","1102.9097066683564"
"22454","1569.1045413665274","1569.1045413665274","1569.1045413665274"
"22456","962.9647572669983","962.9647572669983","962.9647572669983"
"22458","1745.815717933373","1745.815717933373","1745.815717933373"
"22460","788.3531892518879","788.3531892518879","788.3531892518879"
"22462","1289.8512074689895","1289.8512074689895","1289.8512074689895"
"22464","948.4678190529091","948.4678190529091","948.4678190529091"
"22466","2469.4701273183587","2469.4701273183587","2469.4701273183587"
"22468","1338.7206906583963","1338.7206906583963","1338.7206906583963"
"22470","1764.458437614559","1764.458437614559","1764.458437614559"
"22472","1521.7220600639369","1521.7220600639369","1521.7220600639369"
"22474","1968.7440054665992","1968.7440054665992","1968.7440054665992"
"22476","1770.402748453913","1770.402748453913","1770.402748453913"
"22478","1721.2534142545526","1721.2534142545526","1721.2534142545526"
"22480","1327.7342165312486","1327.7342165312486","1327.7342165312486"
"22482","1109.2330714224277","1109.2330714224277","1109.2330714224277"
"22486","1375.4694635731073","1375.4694635731073","1375.4694635731073"
"22490","1468.2227263682068","1468.2227263682068","1468.2227263682068"
"22496","1481.1109745196363","1481.1109745196363","1481.1109745196363"
"22498","1870.4187533505124","1870.4187533505124","1870.4187533505124"
"22500","1139.1425035321358","1139.1425035321358","1139.1425035321358"
"22502","1649.8579486113483","1649.8579486113483","1649.8579486113483"
"22504","1024.53414024142","1024.53414024142","1024.53414024142"
"22506","983.3327691011239","983.3327691011239","983.3327691011239"
"22508","1258.715924135123","1258.715924135123","1258.715924135123"
"22510","1312.9582853852435","1312.9582853852435","1312.9582853852435"
"22512","1145.6877216743446","1145.6877216743446","1145.6877216743446"
"22514","1429.4267453108537","1429.4267453108537","1429.4267453108537"
"22518","654.6033668060235","654.6033668060235","654.6033668060235"
"22520","1521.438362885123","1521.438362885123","1521.438362885123"
"22524","1362.9922533178974","1362.9922533178974","1362.9922533178974"
"22526","1339.6473648905683","1339.6473648905683","1339.6473648905683"
"22528","2881.491252331526","2881.491252331526","2881.491252331526"
"22530","1920.7533843171893","1920.7533843171893","1920.7533843171893"
"22532","1672.2896030652175","1672.2896030652175","1672.2896030652175"
"22534","2365.23791564122","2365.23791564122","2365.23791564122"
"22536","937.9141607989663","937.9141607989663","937.9141607989663"
"22538","2162.1510916030597","2162.1510916030597","2162.1510916030597"
"22540","920.6783602090421","920.6783602090421","920.6783602090421"
"22542","1300.2660865311175","1300.2660865311175","1300.2660865311175"
"22544","1259.9319525633985","1259.9319525633985","1259.9319525633985"
"22546","2380.415852443779","2380.415852443779","2380.415852443779"
"22550","897.1506730191027","897.1506730191027","897.1506730191027"
"22552","1109.889955279811","1109.889955279811","1109.889955279811"
"22556","1513.3975611049757","1513.3975611049757","1513.3975611049757"
"22560","989.6462874297898","989.6462874297898","989.6462874297898"
"22562","1700.4773532124373","1700.4773532124373","1700.4773532124373"
"22564","910.2007728132271","910.2007728132271","910.2007728132271"
"22566","1128.669842712723","1128.669842712723","1128.669842712723"
"22568","1386.9270651792956","1386.9270651792956","1386.9270651792956"
"22570","1580.8890186996412","1580.8890186996412","1580.8890186996412"
"22572","973.2801110375343","973.2801110375343","973.2801110375343"
"22574","1467.1345917543451","1467.1345917543451","1467.1345917543451"
"22578","1074.5479772812569","1074.5479772812569","1074.5479772812569"
"22580","926.627452432847","926.627452432847","926.627452432847"
"22582","1726.0455138586246","1726.0455138586246","1726.0455138586246"
"22584","1321.1182584694336","1321.1182584694336","1321.1182584694336"
"22586","1743.8617346627325","1743.8617346627325","1743.8617346627325"
"22588","2412.968532742816","2412.968532742816","2412.968532742816"
"22592","1449.2377256811694","1449.2377256811694","1449.2377256811694"
"22594","986.2968704257232","986.2968704257232","986.2968704257232"
"22596","1279.763871779678","1279.763871779678","1279.763871779678"
"22598","1579.8837898242882","1579.8837898242882","1579.8837898242882"
"22600","900.918396288419","900.918396288419","900.918396288419"
"22602","1751.2894503528967","1751.2894503528967","1751.2894503528967"
"22604","2492.142937001707","2492.142937001707","2492.142937001707"
"22608","1760.3701951215216","1760.3701951215216","1760.3701951215216"
"22610","1072.0481617300693","1072.0481617300693","1072.0481617300693"
"22612","1645.8749785969032","1645.8749785969032","1645.8749785969032"
"22614","1352.1678704409978","1352.1678704409978","1352.1678704409978"
"22616","1304.8010993658995","1304.8010993658995","1304.8010993658995"
"22618","1194.4957058610014","1194.4957058610014","1194.4957058610014"
"22620","1078.3258731272356","1078.3258731272356","1078.3258731272356"
"22622","1441.1990164054241","1441.1990164054241","1441.1990164054241"
"22628","1424.6057210655204","1424.6057210655204","1424.6057210655204"
"22630","747.8650546905402","747.8650546905402","747.8650546905402"
"22632","708.3948655902177","708.3948655902177","708.3948655902177"
"22634","1857.132617396903","1857.132617396903","1857.132617396903"
"22636","1829.2612066218899","1829.2612066218899","1829.2612066218899"
"22638","2641.2643527639784","2641.2643527639784","2641.2643527639784"
"22640","1427.2312081311456","1427.2312081311456","1427.2312081311456"
"22642","2995.298411854072","2995.298411854072","2995.298411854072"
"22644","2084.5888149684506","2084.5888149684506","2084.5888149684506"
"22646","1702.2480763147032","1702.2480763147032","1702.2480763147032"
"22648","1107.4984253222033","1107.4984253222033","1107.4984253222033"
"22650","2056.267167370449","2056.267167370449","2056.267167370449"
"22654","934.0525860290624","934.0525860290624","934.0525860290624"
"22656","1973.9067721783276","1973.9067721783276","1973.9067721783276"
"22658","1102.9531513877678","1102.9531513877678","1102.9531513877678"
"22660","538.283819689382","538.283819689382","538.283819689382"
"22662","1456.4531984712976","1456.4531984712976","1456.4531984712976"
"22666","2188.3856308926656","2188.3856308926656","2188.3856308926656"
"22668","944.8851829397198","944.8851829397198","944.8851829397198"
"22670","1722.3548474110478","1722.3548474110478","1722.3548474110478"
"22672","1426.3538621668918","1426.3538621668918","1426.3538621668918"
"22674","1799.2287230122065","1799.2287230122065","1799.2287230122065"
"22676","945.0651940874421","945.0651940874421","945.0651940874421"
"22678","1297.4592754095531","1297.4592754095531","1297.4592754095531"
"22680","1711.745892026169","1711.745892026169","1711.745892026169"
"22684","941.1504821454942","941.1504821454942","941.1504821454942"
"22686","853.0964214739785","853.0964214739785","853.0964214739785"
"22688","1297.917799913433","1297.917799913433","1297.917799913433"
"22690","1541.1156378952157","1541.1156378952157","1541.1156378952157"
"22692","1679.3527380451253","1679.3527380451253","1679.3527380451253"
"22694","1253.0712306409025","1253.0712306409025","1253.0712306409025"
"22696","1956.0468752586462","1956.0468752586462","1956.0468752586462"
"22698","1426.3645703321629","1426.3645703321629","1426.3645703321629"
"22700","1206.6738377251766","1206.6738377251766","1206.6738377251766"
"22702","870.9000876822347","870.9000876822347","870.9000876822347"
"22704","972.253064771409","972.253064771409","972.253064771409"
"22706","1510.6297348178687","1510.6297348178687","1510.6297348178687"
"22708","1097.5748266110388","1097.5748266110388","1097.5748266110388"
"22710","951.9851740223085","951.9851740223085","951.9851740223085"
"22714","1111.2622306877986","1111.2622306877986","1111.2622306877986"
"22716","692.8003771060684","692.8003771060684","692.8003771060684"
"22718","1273.5914447385883","1273.5914447385883","1273.5914447385883"
"22724","467.3318470874236","467.3318470874236","467.3318470874236"
"22728","445.3026295705744","445.3026295705744","445.3026295705744"
"22730","2554.604718561548","2554.604718561548","2554.604718561548"
"22732","1347.4624605027846","1347.4624605027846","1347.4624605027846"
"22734","2620.3566195482013","2620.3566195482013","2620.3566195482013"
"22738","1080.9715173529348","1080.9715173529348","1080.9715173529348"
"22740","2288.9389616663652","2288.9389616663652","2288.9389616663652"
"22742","928.0391995430269","928.0391995430269","928.0391995430269"
"22744","1391.9639115655084","1391.9639115655084","1391.9639115655084"
"22746","2699.915231592614","2699.915231592614","2699.915231592614"
"22748","777.2588108372547","777.2588108372547","777.2588108372547"
"22750","1846.5211861792322","1846.5211861792322","1846.5211861792322"
"22752","643.5860581342387","643.5860581342387","643.5860581342387"
"22754","1116.3440201155167","1116.3440201155167","1116.3440201155167"
"22756","1699.5397352270018","1699.5397352270018","1699.5397352270018"
"22758","1891.3919453826459","1891.3919453826459","1891.3919453826459"
"22760","1547.644628416637","1547.644628416637","1547.644628416637"
"22764","1734.5271666677781","1734.5271666677781","1734.5271666677781"
"22766","1369.1807930097264","1369.1807930097264","1369.1807930097264"
"22768","1534.3984572954125","1534.3984572954125","1534.3984572954125"
"22770","1481.6150605751682","1481.6150605751682","1481.6150605751682"
"22772","2942.367072558662","2942.367072558662","2942.367072558662"
"22776","1648.3738669999543","1648.3738669999543","1648.3738669999543"
"22778","2733.9470392199455","2733.9470392199455","2733.9470392199455"
"22780","1341.639091620993","1341.639091620993","1341.639091620993"
"22782","1477.5220891427648","1477.5220891427648","1477.5220891427648"
"22784","948.010181523225","948.010181523225","948.010181523225"
"22786","980.0319078418352","980.0319078418352","980.0319078418352"
"22788","1182.5688712143638","1182.5688712143638","1182.5688712143638"
"22790","1144.5039023299078","1144.5039023299078","1144.5039023299078"
"22792","1296.2752184718456","1296.2752184718456","1296.2752184718456"
"22794","1455.7347960070394","1455.7347960070394","1455.7347960070394"
"22796","1854.624104239858","1854.624104239858","1854.624104239858"
"22798","3301.770440127966","3301.770440127966","3301.770440127966"
"22800","431.4687503200787","431.4687503200787","431.4687503200787"
"22802","1356.5968675308907","1356.5968675308907","1356.5968675308907"
"22804","1299.0640841812337","1299.0640841812337","1299.0640841812337"
"22806","2504.792388414181","2504.792388414181","2504.792388414181"
"22808","675.6271313352254","675.6271313352254","675.6271313352254"
"22810","1409.2232478673043","1409.2232478673043","1409.2232478673043"
"22812","1588.537940557727","1588.537940557727","1588.537940557727"
"22814","816.9064312858756","816.9064312858756","816.9064312858756"
"22816","921.6328298787657","921.6328298787657","921.6328298787657"
"22818","2044.0788644608856","2044.0788644608856","2044.0788644608856"
"22821","1056.3935944755915","1056.3935944755915","1056.3935944755915"
"22825","955.699753460269","955.699753460269","955.699753460269"
"22829","1725.5162223372802","1725.5162223372802","1725.5162223372802"
"22831","2207.5206922812004","2207.5206922812004","2207.5206922812004"
"22833","1446.0874103961557","1446.0874103961557","1446.0874103961557"
"22835","1526.8664406924158","1526.8664406924158","1526.8664406924158"
"22837","1888.962258833792","1888.962258833792","1888.962258833792"
"22841","1289.9937300474248","1289.9937300474248","1289.9937300474248"
"22843","2556.2651426244543","2556.2651426244543","2556.2651426244543"
"22845","1411.0916290081407","1411.0916290081407","1411.0916290081407"
"22847","1578.8181076475737","1578.8181076475737","1578.8181076475737"
"22849","1756.2176569068095","1756.2176569068095","1756.2176569068095"
"22851","1920.4993907410565","1920.4993907410565","1920.4993907410565"
"22855","1885.892303987162","1885.892303987162","1885.892303987162"
"22859","1835.5288963955481","1835.5288963955481","1835.5288963955481"
"22861","1064.9744996775578","1064.9744996775578","1064.9744996775578"
"22863","1785.803875634216","1785.803875634216","1785.803875634216"
"22865","1796.2475386027313","1796.2475386027313","1796.2475386027313"
"22867","1658.4975988734668","1658.4975988734668","1658.4975988734668"
"22869","2102.4667680486327","2102.4667680486327","2102.4667680486327"
"22873","824.9080033648386","824.9080033648386","824.9080033648386"
"22875","1183.3217579007935","1183.3217579007935","1183.3217579007935"
"22877","1444.9586950737803","1444.9586950737803","1444.9586950737803"
"22879","692.1703930133692","692.1703930133692","692.1703930133692"
"22881","982.7668985270354","982.7668985270354","982.7668985270354"
"22883","1522.2779164590129","1522.2779164590129","1522.2779164590129"
"22887","961.2648607910957","961.2648607910957","961.2648607910957"
"22889","1574.169451601881","1574.169451601881","1574.169451601881"
"22893","3777.129268770198","3777.129268770198","3777.129268770198"
"22895","1540.5833238686735","1540.5833238686735","1540.5833238686735"
"22897","1095.8709333303445","1095.8709333303445","1095.8709333303445"
"22899","1199.0107501934406","1199.0107501934406","1199.0107501934406"
"22903","1875.3718961016089","1875.3718961016089","1875.3718961016089"
"22907","974.4597685205217","974.4597685205217","974.4597685205217"
"22909","413.8026614292141","413.8026614292141","413.8026614292141"
"22911","1226.2078337365629","1226.2078337365629","1226.2078337365629"
"22915","979.3514006004332","979.3514006004332","979.3514006004332"
"22917","2476.9133520851005","2476.9133520851005","2476.9133520851005"
"22919","1452.2571869324445","1452.2571869324445","1452.2571869324445"
"22923","1114.2595493393383","1114.2595493393383","1114.2595493393383"
"22925","814.08452536867","814.08452536867","814.08452536867"
"22927","1696.1893393851892","1696.1893393851892","1696.1893393851892"
"22929","2450.9250470999873","2450.9250470999873","2450.9250470999873"
"22931","945.6759810146698","945.6759810146698","945.6759810146698"
"22933","1441.4926906190983","1441.4926906190983","1441.4926906190983"
"22935","738.3563896573334","738.3563896573334","738.3563896573334"
"22937","1953.0416470861328","1953.0416470861328","1953.0416470861328"
"22939","1719.3568848834636","1719.3568848834636","1719.3568848834636"
"22941","960.0907196297824","960.0907196297824","960.0907196297824"
"22943","849.0310542236875","849.0310542236875","849.0310542236875"
"22945","1100.368442724841","1100.368442724841","1100.368442724841"
"22947","2101.1624469534922","2101.1624469534922","2101.1624469534922"
"22949","1994.3078295096423","1994.3078295096423","1994.3078295096423"
"22951","1112.8639392726245","1112.8639392726245","1112.8639392726245"
"22955","1567.9451120986848","1567.9451120986848","1567.9451120986848"
"22957","1339.7128511107526","1339.7128511107526","1339.7128511107526"
"22959","1033.842314532908","1033.842314532908","1033.842314532908"
"22963","1534.1987535832652","1534.1987535832652","1534.1987535832652"
"22965","2366.7174964861674","2366.7174964861674","2366.7174964861674"
"22967","3777.233418033829","3777.233418033829","3777.233418033829"
"22969","1031.368767155927","1031.368767155927","1031.368767155927"
"22971","1140.8692402169208","1140.8692402169208","1140.8692402169208"
"22973","924.4477631603537","924.4477631603537","924.4477631603537"
"22975","689.1582712237143","689.1582712237143","689.1582712237143"
"22977","1488.7144004095055","1488.7144004095055","1488.7144004095055"
"22979","1788.4924492667278","1788.4924492667278","1788.4924492667278"
"22981","896.8611550840889","896.8611550840889","896.8611550840889"
"22983","1470.8332951503387","1470.8332951503387","1470.8332951503387"
"22987","758.5646053101755","758.5646053101755","758.5646053101755"
"22991","1600.8651192003408","1600.8651192003408","1600.8651192003408"
"22993","1801.6000487359117","1801.6000487359117","1801.6000487359117"
"22997","1133.0003418238007","1133.0003418238007","1133.0003418238007"
"22999","823.4280504267181","823.4280504267181","823.4280504267181"
"23001","1314.4519970281108","1314.4519970281108","1314.4519970281108"
"23003","1798.115385094143","1798.115385094143","1798.115385094143"
"23005","1723.2403294824476","1723.2403294824476","1723.2403294824476"
"23007","1965.9460778898933","1965.9460778898933","1965.9460778898933"
"23009","1072.090120665949","1072.090120665949","1072.090120665949"
"23011","1421.2315617869228","1421.2315617869228","1421.2315617869228"
"23013","1338.7586743031923","1338.7586743031923","1338.7586743031923"
"23015","1534.3804303984098","1534.3804303984098","1534.3804303984098"
"23021","755.1866835198523","755.1866835198523","755.1866835198523"
"23023","1446.1402842300645","1446.1402842300645","1446.1402842300645"
"23025","1796.8253460533394","1796.8253460533394","1796.8253460533394"
"23031","679.8738013275537","679.8738013275537","679.8738013275537"
"23033","1153.6188264172793","1153.6188264172793","1153.6188264172793"
"23035","842.270809548969","842.270809548969","842.270809548969"
"23037","1354.0519763600098","1354.0519763600098","1354.0519763600098"
"23039","2105.2702065243175","2105.2702065243175","2105.2702065243175"
"23043","496.67895148639394","496.67895148639394","496.67895148639394"
"23045","720.7660828463881","720.7660828463881","720.7660828463881"
"23047","921.4527387472181","921.4527387472181","921.4527387472181"