"Step","test-model_141931 - Loss","test-model_141931 - Loss__MIN","test-model_141931 - Loss__MAX"
"0","0.09731101989746094","0.09731101989746094","0.09731101989746094"
"2","0.13092041015625","0.13092041015625","0.13092041015625"
"4","0.12142562866210938","0.12142562866210938","0.12142562866210938"
"6","0.15837860107421875","0.15837860107421875","0.15837860107421875"
"8","0.1184844970703125","0.1184844970703125","0.1184844970703125"
"10","0.1537322998046875","0.1537322998046875","0.1537322998046875"
"12","0.15819931030273438","0.15819931030273438","0.15819931030273438"
"14","0.1568756103515625","0.1568756103515625","0.1568756103515625"
"16","0.10791397094726562","0.10791397094726562","0.10791397094726562"
"18","0.1654052734375","0.1654052734375","0.1654052734375"
"20","0.2006988525390625","0.2006988525390625","0.2006988525390625"
"22","0.11126708984375","0.11126708984375","0.11126708984375"
"24","0.163604736328125","0.163604736328125","0.163604736328125"
"26","0.14493560791015625","0.14493560791015625","0.14493560791015625"
"28","0.09830474853515625","0.09830474853515625","0.09830474853515625"
"30","0.15985488891601562","0.15985488891601562","0.15985488891601562"
"32","0.143096923828125","0.143096923828125","0.143096923828125"
"34","0.15955352783203125","0.15955352783203125","0.15955352783203125"
"36","0.134246826171875","0.134246826171875","0.134246826171875"
"38","0.16698455810546875","0.16698455810546875","0.16698455810546875"
"40","0.1648712158203125","0.1648712158203125","0.1648712158203125"
"42","0.16147613525390625","0.16147613525390625","0.16147613525390625"
"44","0.1545867919921875","0.1545867919921875","0.1545867919921875"
"46","0.1535186767578125","0.1535186767578125","0.1535186767578125"
"48","0.19367218017578125","0.19367218017578125","0.19367218017578125"
"50","0.13878631591796875","0.13878631591796875","0.13878631591796875"
"52","0.1690826416015625","0.1690826416015625","0.1690826416015625"
"54","0.09593963623046875","0.09593963623046875","0.09593963623046875"
"56","0.14699172973632812","0.14699172973632812","0.14699172973632812"
"58","0.14522552490234375","0.14522552490234375","0.14522552490234375"
"60","0.15820693969726562","0.15820693969726562","0.15820693969726562"
"62","0.13896560668945312","0.13896560668945312","0.13896560668945312"
"64","0.139923095703125","0.139923095703125","0.139923095703125"
"66","0.14633941650390625","0.14633941650390625","0.14633941650390625"
"68","0.1308135986328125","0.1308135986328125","0.1308135986328125"
"70","0.16394805908203125","0.16394805908203125","0.16394805908203125"
"72","0.17236709594726562","0.17236709594726562","0.17236709594726562"
"74","0.1680908203125","0.1680908203125","0.1680908203125"
"76","0.17379379272460938","0.17379379272460938","0.17379379272460938"
"78","0.12944412231445312","0.12944412231445312","0.12944412231445312"
"80","0.10736083984375","0.10736083984375","0.10736083984375"
"82","0.17864227294921875","0.17864227294921875","0.17864227294921875"
"84","0.16010284423828125","0.16010284423828125","0.16010284423828125"
"86","0.1588592529296875","0.1588592529296875","0.1588592529296875"
"88","0.17604446411132812","0.17604446411132812","0.17604446411132812"
"90","0.11470985412597656","0.11470985412597656","0.11470985412597656"
"92","0.1927032470703125","0.1927032470703125","0.1927032470703125"
"94","0.12256622314453125","0.12256622314453125","0.12256622314453125"
"96","0.09695816040039062","0.09695816040039062","0.09695816040039062"
"98","0.2047119140625","0.2047119140625","0.2047119140625"
"100","0.15018844604492188","0.15018844604492188","0.15018844604492188"
"102","0.11721038818359375","0.11721038818359375","0.11721038818359375"
"104","0.13388442993164062","0.13388442993164062","0.13388442993164062"
"106","0.19207000732421875","0.19207000732421875","0.19207000732421875"
"108","0.15833282470703125","0.15833282470703125","0.15833282470703125"
"110","0.191986083984375","0.191986083984375","0.191986083984375"
"112","0.1434173583984375","0.1434173583984375","0.1434173583984375"
"114","0.10445022583007812","0.10445022583007812","0.10445022583007812"
"116","0.09841156005859375","0.09841156005859375","0.09841156005859375"
"118","0.1274261474609375","0.1274261474609375","0.1274261474609375"
"120","0.16503524780273438","0.16503524780273438","0.16503524780273438"
"122","0.1531219482421875","0.1531219482421875","0.1531219482421875"
"124","0.1462860107421875","0.1462860107421875","0.1462860107421875"
"126","0.13098526000976562","0.13098526000976562","0.13098526000976562"
"128","0.18222808837890625","0.18222808837890625","0.18222808837890625"
"130","0.13550567626953125","0.13550567626953125","0.13550567626953125"
"132","0.12179374694824219","0.12179374694824219","0.12179374694824219"
"134","0.1303997039794922","0.1303997039794922","0.1303997039794922"
"136","0.131866455078125","0.131866455078125","0.131866455078125"
"138","0.14249801635742188","0.14249801635742188","0.14249801635742188"
"140","0.15519332885742188","0.15519332885742188","0.15519332885742188"
"142","0.14184951782226562","0.14184951782226562","0.14184951782226562"
"144","0.12908172607421875","0.12908172607421875","0.12908172607421875"
"146","0.12445449829101562","0.12445449829101562","0.12445449829101562"
"148","0.1386260986328125","0.1386260986328125","0.1386260986328125"
"150","0.12195587158203125","0.12195587158203125","0.12195587158203125"
"152","0.1110076904296875","0.1110076904296875","0.1110076904296875"
"154","0.17081451416015625","0.17081451416015625","0.17081451416015625"
"156","0.15822219848632812","0.15822219848632812","0.15822219848632812"
"158","0.1907958984375","0.1907958984375","0.1907958984375"
"160","0.14337921142578125","0.14337921142578125","0.14337921142578125"
"162","0.16097259521484375","0.16097259521484375","0.16097259521484375"
"164","0.10823822021484375","0.10823822021484375","0.10823822021484375"
"166","0.12814712524414062","0.12814712524414062","0.12814712524414062"
"168","0.15888214111328125","0.15888214111328125","0.15888214111328125"
"170","0.16757965087890625","0.16757965087890625","0.16757965087890625"
"172","0.12947845458984375","0.12947845458984375","0.12947845458984375"
"174","0.12943267822265625","0.12943267822265625","0.12943267822265625"
"176","0.146270751953125","0.146270751953125","0.146270751953125"
"178","0.14381790161132812","0.14381790161132812","0.14381790161132812"
"180","0.13848495483398438","0.13848495483398438","0.13848495483398438"
"182","0.15756988525390625","0.15756988525390625","0.15756988525390625"
"184","0.22137451171875","0.22137451171875","0.22137451171875"
"186","0.15337371826171875","0.15337371826171875","0.15337371826171875"
"188","0.15600204467773438","0.15600204467773438","0.15600204467773438"
"190","0.18067169189453125","0.18067169189453125","0.18067169189453125"
"192","0.14416885375976562","0.14416885375976562","0.14416885375976562"
"194","0.14080810546875","0.14080810546875","0.14080810546875"
"196","0.1758575439453125","0.1758575439453125","0.1758575439453125"
"198","0.09820556640625","0.09820556640625","0.09820556640625"
"200","0.1496734619140625","0.1496734619140625","0.1496734619140625"
"202","0.14260482788085938","0.14260482788085938","0.14260482788085938"
"204","0.16802978515625","0.16802978515625","0.16802978515625"
"206","0.15175247192382812","0.15175247192382812","0.15175247192382812"
"208","0.17951202392578125","0.17951202392578125","0.17951202392578125"
"210","0.120147705078125","0.120147705078125","0.120147705078125"
"212","0.15903472900390625","0.15903472900390625","0.15903472900390625"
"214","0.13897705078125","0.13897705078125","0.13897705078125"
"216","0.17730712890625","0.17730712890625","0.17730712890625"
"218","0.15737152099609375","0.15737152099609375","0.15737152099609375"
"220","0.1298828125","0.1298828125","0.1298828125"
"222","0.226226806640625","0.226226806640625","0.226226806640625"
"224","0.13761520385742188","0.13761520385742188","0.13761520385742188"
"226","0.1530914306640625","0.1530914306640625","0.1530914306640625"
"228","0.12591934204101562","0.12591934204101562","0.12591934204101562"
"233","0.12542343139648438","0.12542343139648438","0.12542343139648438"
"235","0.1495361328125","0.1495361328125","0.1495361328125"
"237","0.14971160888671875","0.14971160888671875","0.14971160888671875"
"239","0.13689422607421875","0.13689422607421875","0.13689422607421875"
"241","0.11219024658203125","0.11219024658203125","0.11219024658203125"
"243","0.15602874755859375","0.15602874755859375","0.15602874755859375"
"245","0.15129852294921875","0.15129852294921875","0.15129852294921875"
"247","0.20661163330078125","0.20661163330078125","0.20661163330078125"
"249","0.1358795166015625","0.1358795166015625","0.1358795166015625"
"251","0.13672828674316406","0.13672828674316406","0.13672828674316406"
"253","0.1631622314453125","0.1631622314453125","0.1631622314453125"
"255","0.14003753662109375","0.14003753662109375","0.14003753662109375"
"257","0.14169692993164062","0.14169692993164062","0.14169692993164062"
"259","0.14083099365234375","0.14083099365234375","0.14083099365234375"
"261","0.14329910278320312","0.14329910278320312","0.14329910278320312"
"263","0.1680450439453125","0.1680450439453125","0.1680450439453125"
"265","0.14862823486328125","0.14862823486328125","0.14862823486328125"
"267","0.15349578857421875","0.15349578857421875","0.15349578857421875"
"269","0.12599945068359375","0.12599945068359375","0.12599945068359375"
"271","0.0952606201171875","0.0952606201171875","0.0952606201171875"
"273","0.08025932312011719","0.08025932312011719","0.08025932312011719"
"275","0.1851806640625","0.1851806640625","0.1851806640625"
"277","0.11884689331054688","0.11884689331054688","0.11884689331054688"
"279","0.17903900146484375","0.17903900146484375","0.17903900146484375"
"281","0.164398193359375","0.164398193359375","0.164398193359375"
"283","0.12665939331054688","0.12665939331054688","0.12665939331054688"
"285","0.1605987548828125","0.1605987548828125","0.1605987548828125"
"287","0.15261077880859375","0.15261077880859375","0.15261077880859375"
"289","0.09409332275390625","0.09409332275390625","0.09409332275390625"
"291","0.1407928466796875","0.1407928466796875","0.1407928466796875"
"293","0.1703338623046875","0.1703338623046875","0.1703338623046875"
"295","0.11338615417480469","0.11338615417480469","0.11338615417480469"
"297","0.20119476318359375","0.20119476318359375","0.20119476318359375"
"299","0.13662338256835938","0.13662338256835938","0.13662338256835938"
"301","0.14750289916992188","0.14750289916992188","0.14750289916992188"
"303","0.17418670654296875","0.17418670654296875","0.17418670654296875"
"305","0.18337631225585938","0.18337631225585938","0.18337631225585938"
"307","0.14409255981445312","0.14409255981445312","0.14409255981445312"
"309","0.15485572814941406","0.15485572814941406","0.15485572814941406"
"311","0.12578964233398438","0.12578964233398438","0.12578964233398438"
"313","0.1501922607421875","0.1501922607421875","0.1501922607421875"
"315","0.12770462036132812","0.12770462036132812","0.12770462036132812"
"317","0.19585418701171875","0.19585418701171875","0.19585418701171875"
"319","0.1917572021484375","0.1917572021484375","0.1917572021484375"
"321","0.15522384643554688","0.15522384643554688","0.15522384643554688"
"323","0.169403076171875","0.169403076171875","0.169403076171875"
"325","0.14041900634765625","0.14041900634765625","0.14041900634765625"
"327","0.14731597900390625","0.14731597900390625","0.14731597900390625"
"329","0.17433929443359375","0.17433929443359375","0.17433929443359375"
"331","0.16073226928710938","0.16073226928710938","0.16073226928710938"
"333","0.14743804931640625","0.14743804931640625","0.14743804931640625"
"335","0.14946365356445312","0.14946365356445312","0.14946365356445312"
"337","0.1177215576171875","0.1177215576171875","0.1177215576171875"
"339","0.16562652587890625","0.16562652587890625","0.16562652587890625"
"341","0.13753509521484375","0.13753509521484375","0.13753509521484375"
"343","0.183746337890625","0.183746337890625","0.183746337890625"
"345","0.12864303588867188","0.12864303588867188","0.12864303588867188"
"347","0.20835113525390625","0.20835113525390625","0.20835113525390625"
"349","0.11823272705078125","0.11823272705078125","0.11823272705078125"
"351","0.15970993041992188","0.15970993041992188","0.15970993041992188"
"353","0.15547943115234375","0.15547943115234375","0.15547943115234375"
"355","0.1676788330078125","0.1676788330078125","0.1676788330078125"
"357","0.15081024169921875","0.15081024169921875","0.15081024169921875"
"359","0.15125274658203125","0.15125274658203125","0.15125274658203125"
"361","0.19144439697265625","0.19144439697265625","0.19144439697265625"
"363","0.1653289794921875","0.1653289794921875","0.1653289794921875"
"365","0.19384765625","0.19384765625","0.19384765625"
"367","0.194305419921875","0.194305419921875","0.194305419921875"
"369","0.10701751708984375","0.10701751708984375","0.10701751708984375"
"371","0.22367095947265625","0.22367095947265625","0.22367095947265625"
"373","0.14553070068359375","0.14553070068359375","0.14553070068359375"
"375","0.147430419921875","0.147430419921875","0.147430419921875"
"377","0.14019012451171875","0.14019012451171875","0.14019012451171875"
"379","0.10947418212890625","0.10947418212890625","0.10947418212890625"
"381","0.17508697509765625","0.17508697509765625","0.17508697509765625"
"383","0.13549041748046875","0.13549041748046875","0.13549041748046875"
"385","0.09995269775390625","0.09995269775390625","0.09995269775390625"
"387","0.12423515319824219","0.12423515319824219","0.12423515319824219"
"389","0.14138031005859375","0.14138031005859375","0.14138031005859375"
"391","0.12691116333007812","0.12691116333007812","0.12691116333007812"
"393","0.14893722534179688","0.14893722534179688","0.14893722534179688"
"395","0.13010787963867188","0.13010787963867188","0.13010787963867188"
"397","0.12971878051757812","0.12971878051757812","0.12971878051757812"
"399","0.1792144775390625","0.1792144775390625","0.1792144775390625"
"401","0.12067031860351562","0.12067031860351562","0.12067031860351562"
"403","0.163726806640625","0.163726806640625","0.163726806640625"
"405","0.128875732421875","0.128875732421875","0.128875732421875"
"407","0.15869140625","0.15869140625","0.15869140625"
"409","0.17656707763671875","0.17656707763671875","0.17656707763671875"
"411","0.16124725341796875","0.16124725341796875","0.16124725341796875"
"413","0.12135696411132812","0.12135696411132812","0.12135696411132812"
"415","0.12486648559570312","0.12486648559570312","0.12486648559570312"
"417","0.1358184814453125","0.1358184814453125","0.1358184814453125"
"419","0.1539459228515625","0.1539459228515625","0.1539459228515625"
"421","0.13203048706054688","0.13203048706054688","0.13203048706054688"
"423","0.16327285766601562","0.16327285766601562","0.16327285766601562"
"425","0.1320343017578125","0.1320343017578125","0.1320343017578125"
"427","0.15450286865234375","0.15450286865234375","0.15450286865234375"
"429","0.12310028076171875","0.12310028076171875","0.12310028076171875"
"431","0.13309478759765625","0.13309478759765625","0.13309478759765625"
"433","0.16246795654296875","0.16246795654296875","0.16246795654296875"
"435","0.1226043701171875","0.1226043701171875","0.1226043701171875"
"437","0.15988922119140625","0.15988922119140625","0.15988922119140625"
"439","0.1684112548828125","0.1684112548828125","0.1684112548828125"
"441","0.16477203369140625","0.16477203369140625","0.16477203369140625"
"443","0.124053955078125","0.124053955078125","0.124053955078125"
"445","0.13289642333984375","0.13289642333984375","0.13289642333984375"
"447","0.12298583984375","0.12298583984375","0.12298583984375"
"449","0.14286041259765625","0.14286041259765625","0.14286041259765625"
"451","0.17546844482421875","0.17546844482421875","0.17546844482421875"
"453","0.1377410888671875","0.1377410888671875","0.1377410888671875"
"455","0.1645984649658203","0.1645984649658203","0.1645984649658203"
"457","0.15631103515625","0.15631103515625","0.15631103515625"
"459","0.1568450927734375","0.1568450927734375","0.1568450927734375"
"461","0.1309356689453125","0.1309356689453125","0.1309356689453125"
"463","0.174163818359375","0.174163818359375","0.174163818359375"
"465","0.10997772216796875","0.10997772216796875","0.10997772216796875"
"467","0.09278488159179688","0.09278488159179688","0.09278488159179688"
"469","0.15682220458984375","0.15682220458984375","0.15682220458984375"
"471","0.13166427612304688","0.13166427612304688","0.13166427612304688"
"473","0.16768646240234375","0.16768646240234375","0.16768646240234375"
"475","0.1173553466796875","0.1173553466796875","0.1173553466796875"
"477","0.137847900390625","0.137847900390625","0.137847900390625"
"479","0.09485244750976562","0.09485244750976562","0.09485244750976562"
"481","0.17139053344726562","0.17139053344726562","0.17139053344726562"
"483","0.17102432250976562","0.17102432250976562","0.17102432250976562"
"485","0.17314529418945312","0.17314529418945312","0.17314529418945312"
"487","0.12688446044921875","0.12688446044921875","0.12688446044921875"
"489","0.18241119384765625","0.18241119384765625","0.18241119384765625"
"491","0.18355941772460938","0.18355941772460938","0.18355941772460938"
"493","0.17761993408203125","0.17761993408203125","0.17761993408203125"
"495","0.1344451904296875","0.1344451904296875","0.1344451904296875"
"497","0.134307861328125","0.134307861328125","0.134307861328125"
"499","0.15961837768554688","0.15961837768554688","0.15961837768554688"
"501","0.1451568603515625","0.1451568603515625","0.1451568603515625"
"503","0.1212158203125","0.1212158203125","0.1212158203125"
"505","0.11728668212890625","0.11728668212890625","0.11728668212890625"
"507","0.18502044677734375","0.18502044677734375","0.18502044677734375"
"509","0.17438888549804688","0.17438888549804688","0.17438888549804688"
"511","0.1345367431640625","0.1345367431640625","0.1345367431640625"
"513","0.16826629638671875","0.16826629638671875","0.16826629638671875"
"515","0.17357635498046875","0.17357635498046875","0.17357635498046875"
"517","0.185333251953125","0.185333251953125","0.185333251953125"
"519","0.1926422119140625","0.1926422119140625","0.1926422119140625"
"521","0.17195892333984375","0.17195892333984375","0.17195892333984375"
"523","0.13556289672851562","0.13556289672851562","0.13556289672851562"
"525","0.16374969482421875","0.16374969482421875","0.16374969482421875"
"527","0.1387786865234375","0.1387786865234375","0.1387786865234375"
"529","0.11315155029296875","0.11315155029296875","0.11315155029296875"
"531","0.142547607421875","0.142547607421875","0.142547607421875"
"533","0.16492462158203125","0.16492462158203125","0.16492462158203125"
"535","0.11458206176757812","0.11458206176757812","0.11458206176757812"
"537","0.13006210327148438","0.13006210327148438","0.13006210327148438"
"539","0.17850112915039062","0.17850112915039062","0.17850112915039062"
"541","0.12329864501953125","0.12329864501953125","0.12329864501953125"
"543","0.10906028747558594","0.10906028747558594","0.10906028747558594"
"545","0.1785736083984375","0.1785736083984375","0.1785736083984375"
"547","0.1474761962890625","0.1474761962890625","0.1474761962890625"
"549","0.1367645263671875","0.1367645263671875","0.1367645263671875"
"551","0.12026405334472656","0.12026405334472656","0.12026405334472656"
"553","0.145904541015625","0.145904541015625","0.145904541015625"
"555","0.199676513671875","0.199676513671875","0.199676513671875"
"557","0.16439056396484375","0.16439056396484375","0.16439056396484375"
"559","0.14525604248046875","0.14525604248046875","0.14525604248046875"
"561","0.1868133544921875","0.1868133544921875","0.1868133544921875"
"563","0.13024139404296875","0.13024139404296875","0.13024139404296875"
"565","0.12114715576171875","0.12114715576171875","0.12114715576171875"
"567","0.11110687255859375","0.11110687255859375","0.11110687255859375"
"569","0.1468048095703125","0.1468048095703125","0.1468048095703125"
"571","0.15807723999023438","0.15807723999023438","0.15807723999023438"
"573","0.13929367065429688","0.13929367065429688","0.13929367065429688"
"575","0.15192413330078125","0.15192413330078125","0.15192413330078125"
"577","0.14101409912109375","0.14101409912109375","0.14101409912109375"
"579","0.12082672119140625","0.12082672119140625","0.12082672119140625"
"581","0.16274642944335938","0.16274642944335938","0.16274642944335938"
"583","0.11116409301757812","0.11116409301757812","0.11116409301757812"
"585","0.17781829833984375","0.17781829833984375","0.17781829833984375"
"587","0.15700531005859375","0.15700531005859375","0.15700531005859375"
"589","0.18767547607421875","0.18767547607421875","0.18767547607421875"
"591","0.13846588134765625","0.13846588134765625","0.13846588134765625"
"593","0.16796875","0.16796875","0.16796875"
"595","0.16333389282226562","0.16333389282226562","0.16333389282226562"
"597","0.15976715087890625","0.15976715087890625","0.15976715087890625"
"599","0.120758056640625","0.120758056640625","0.120758056640625"
"601","0.13662338256835938","0.13662338256835938","0.13662338256835938"
"603","0.13018798828125","0.13018798828125","0.13018798828125"
"605","0.15052413940429688","0.15052413940429688","0.15052413940429688"
"607","0.15615081787109375","0.15615081787109375","0.15615081787109375"
"609","0.1562042236328125","0.1562042236328125","0.1562042236328125"
"611","0.16514205932617188","0.16514205932617188","0.16514205932617188"
"613","0.12743377685546875","0.12743377685546875","0.12743377685546875"
"615","0.149688720703125","0.149688720703125","0.149688720703125"
"617","0.1816864013671875","0.1816864013671875","0.1816864013671875"
"619","0.1759490966796875","0.1759490966796875","0.1759490966796875"
"621","0.15210723876953125","0.15210723876953125","0.15210723876953125"
"623","0.18292236328125","0.18292236328125","0.18292236328125"
"625","0.16742706298828125","0.16742706298828125","0.16742706298828125"
"627","0.15521240234375","0.15521240234375","0.15521240234375"
"629","0.13198089599609375","0.13198089599609375","0.13198089599609375"
"631","0.1231536865234375","0.1231536865234375","0.1231536865234375"
"633","0.15273284912109375","0.15273284912109375","0.15273284912109375"
"635","0.1527252197265625","0.1527252197265625","0.1527252197265625"
"637","0.17206573486328125","0.17206573486328125","0.17206573486328125"
"639","0.160186767578125","0.160186767578125","0.160186767578125"
"641","0.15606689453125","0.15606689453125","0.15606689453125"
"643","0.11843109130859375","0.11843109130859375","0.11843109130859375"
"645","0.1336517333984375","0.1336517333984375","0.1336517333984375"
"647","0.1571044921875","0.1571044921875","0.1571044921875"
"649","0.11572265625","0.11572265625","0.11572265625"
"651","0.14878082275390625","0.14878082275390625","0.14878082275390625"
"653","0.17138671875","0.17138671875","0.17138671875"
"655","0.14336776733398438","0.14336776733398438","0.14336776733398438"
"657","0.13303375244140625","0.13303375244140625","0.13303375244140625"
"659","0.14794540405273438","0.14794540405273438","0.14794540405273438"
"661","0.1842193603515625","0.1842193603515625","0.1842193603515625"
"663","0.14849853515625","0.14849853515625","0.14849853515625"
"665","0.12859725952148438","0.12859725952148438","0.12859725952148438"
"667","0.16730499267578125","0.16730499267578125","0.16730499267578125"
"669","0.13935089111328125","0.13935089111328125","0.13935089111328125"
"671","0.11994171142578125","0.11994171142578125","0.11994171142578125"
"673","0.132659912109375","0.132659912109375","0.132659912109375"
"675","0.17288589477539062","0.17288589477539062","0.17288589477539062"
"677","0.11132049560546875","0.11132049560546875","0.11132049560546875"
"679","0.1273345947265625","0.1273345947265625","0.1273345947265625"
"681","0.12554168701171875","0.12554168701171875","0.12554168701171875"
"683","0.10996246337890625","0.10996246337890625","0.10996246337890625"
"685","0.08515167236328125","0.08515167236328125","0.08515167236328125"
"687","0.1179962158203125","0.1179962158203125","0.1179962158203125"
"689","0.1517181396484375","0.1517181396484375","0.1517181396484375"
"691","0.17232513427734375","0.17232513427734375","0.17232513427734375"
"696","0.16939163208007812","0.16939163208007812","0.16939163208007812"
"698","0.1766510009765625","0.1766510009765625","0.1766510009765625"
"700","0.15364837646484375","0.15364837646484375","0.15364837646484375"
"702","0.12319564819335938","0.12319564819335938","0.12319564819335938"
"704","0.16368865966796875","0.16368865966796875","0.16368865966796875"
"706","0.13469314575195312","0.13469314575195312","0.13469314575195312"
"708","0.1421051025390625","0.1421051025390625","0.1421051025390625"
"710","0.13440704345703125","0.13440704345703125","0.13440704345703125"
"712","0.106689453125","0.106689453125","0.106689453125"
"714","0.12111663818359375","0.12111663818359375","0.12111663818359375"
"716","0.165496826171875","0.165496826171875","0.165496826171875"
"718","0.14253997802734375","0.14253997802734375","0.14253997802734375"
"720","0.13199615478515625","0.13199615478515625","0.13199615478515625"
"722","0.12764739990234375","0.12764739990234375","0.12764739990234375"
"724","0.13031005859375","0.13031005859375","0.13031005859375"
"726","0.09451675415039062","0.09451675415039062","0.09451675415039062"
"728","0.17205047607421875","0.17205047607421875","0.17205047607421875"
"730","0.13010406494140625","0.13010406494140625","0.13010406494140625"
"732","0.12596893310546875","0.12596893310546875","0.12596893310546875"
"734","0.1971435546875","0.1971435546875","0.1971435546875"
"736","0.14763641357421875","0.14763641357421875","0.14763641357421875"
"738","0.1408538818359375","0.1408538818359375","0.1408538818359375"
"740","0.15320587158203125","0.15320587158203125","0.15320587158203125"
"742","0.13214111328125","0.13214111328125","0.13214111328125"
"744","0.1624603271484375","0.1624603271484375","0.1624603271484375"
"746","0.14632415771484375","0.14632415771484375","0.14632415771484375"
"748","0.11210250854492188","0.11210250854492188","0.11210250854492188"
"750","0.11561203002929688","0.11561203002929688","0.11561203002929688"
"752","0.1539459228515625","0.1539459228515625","0.1539459228515625"
"754","0.11927032470703125","0.11927032470703125","0.11927032470703125"
"756","0.16036605834960938","0.16036605834960938","0.16036605834960938"
"758","0.17685699462890625","0.17685699462890625","0.17685699462890625"
"760","0.11315155029296875","0.11315155029296875","0.11315155029296875"
"762","0.11798477172851562","0.11798477172851562","0.11798477172851562"
"764","0.12538528442382812","0.12538528442382812","0.12538528442382812"
"766","0.1111297607421875","0.1111297607421875","0.1111297607421875"
"768","0.1692047119140625","0.1692047119140625","0.1692047119140625"
"770","0.1303253173828125","0.1303253173828125","0.1303253173828125"
"772","0.10875320434570312","0.10875320434570312","0.10875320434570312"
"774","0.134246826171875","0.134246826171875","0.134246826171875"
"776","0.20404434204101562","0.20404434204101562","0.20404434204101562"
"778","0.11256790161132812","0.11256790161132812","0.11256790161132812"
"780","0.14054107666015625","0.14054107666015625","0.14054107666015625"
"782","0.184417724609375","0.184417724609375","0.184417724609375"
"784","0.17455291748046875","0.17455291748046875","0.17455291748046875"
"786","0.13496780395507812","0.13496780395507812","0.13496780395507812"
"788","0.14778518676757812","0.14778518676757812","0.14778518676757812"
"790","0.145904541015625","0.145904541015625","0.145904541015625"
"792","0.14862823486328125","0.14862823486328125","0.14862823486328125"
"794","0.1454620361328125","0.1454620361328125","0.1454620361328125"
"796","0.158172607421875","0.158172607421875","0.158172607421875"
"798","0.164459228515625","0.164459228515625","0.164459228515625"
"800","0.14514923095703125","0.14514923095703125","0.14514923095703125"
"802","0.1148834228515625","0.1148834228515625","0.1148834228515625"
"804","0.13294601440429688","0.13294601440429688","0.13294601440429688"
"806","0.14280319213867188","0.14280319213867188","0.14280319213867188"
"808","0.1047210693359375","0.1047210693359375","0.1047210693359375"
"810","0.153900146484375","0.153900146484375","0.153900146484375"
"812","0.157379150390625","0.157379150390625","0.157379150390625"
"814","0.19799041748046875","0.19799041748046875","0.19799041748046875"
"816","0.117218017578125","0.117218017578125","0.117218017578125"
"818","0.12099838256835938","0.12099838256835938","0.12099838256835938"
"820","0.11022377014160156","0.11022377014160156","0.11022377014160156"
"822","0.13619613647460938","0.13619613647460938","0.13619613647460938"
"824","0.1416778564453125","0.1416778564453125","0.1416778564453125"
"826","0.1183013916015625","0.1183013916015625","0.1183013916015625"
"828","0.18433380126953125","0.18433380126953125","0.18433380126953125"
"830","0.13360595703125","0.13360595703125","0.13360595703125"
"832","0.12205314636230469","0.12205314636230469","0.12205314636230469"
"834","0.1763153076171875","0.1763153076171875","0.1763153076171875"
"836","0.12479400634765625","0.12479400634765625","0.12479400634765625"
"838","0.13857269287109375","0.13857269287109375","0.13857269287109375"
"840","0.12865447998046875","0.12865447998046875","0.12865447998046875"
"842","0.1427459716796875","0.1427459716796875","0.1427459716796875"
"844","0.13248443603515625","0.13248443603515625","0.13248443603515625"
"846","0.14212417602539062","0.14212417602539062","0.14212417602539062"
"848","0.1927642822265625","0.1927642822265625","0.1927642822265625"
"850","0.13727188110351562","0.13727188110351562","0.13727188110351562"
"852","0.1582183837890625","0.1582183837890625","0.1582183837890625"
"854","0.15436935424804688","0.15436935424804688","0.15436935424804688"
"856","0.12603759765625","0.12603759765625","0.12603759765625"
"858","0.10404205322265625","0.10404205322265625","0.10404205322265625"
"860","0.14817047119140625","0.14817047119140625","0.14817047119140625"
"862","0.11359405517578125","0.11359405517578125","0.11359405517578125"
"864","0.2023773193359375","0.2023773193359375","0.2023773193359375"
"866","0.14113616943359375","0.14113616943359375","0.14113616943359375"
"868","0.1353759765625","0.1353759765625","0.1353759765625"
"870","0.12087249755859375","0.12087249755859375","0.12087249755859375"
"872","0.1566619873046875","0.1566619873046875","0.1566619873046875"
"874","0.15177154541015625","0.15177154541015625","0.15177154541015625"
"876","0.14626693725585938","0.14626693725585938","0.14626693725585938"
"878","0.12628936767578125","0.12628936767578125","0.12628936767578125"
"880","0.142547607421875","0.142547607421875","0.142547607421875"
"882","0.11360549926757812","0.11360549926757812","0.11360549926757812"
"884","0.1744384765625","0.1744384765625","0.1744384765625"
"886","0.1362152099609375","0.1362152099609375","0.1362152099609375"
"888","0.14294815063476562","0.14294815063476562","0.14294815063476562"
"890","0.1712188720703125","0.1712188720703125","0.1712188720703125"
"892","0.14493560791015625","0.14493560791015625","0.14493560791015625"
"894","0.12911224365234375","0.12911224365234375","0.12911224365234375"
"896","0.11093521118164062","0.11093521118164062","0.11093521118164062"
"898","0.13491058349609375","0.13491058349609375","0.13491058349609375"
"900","0.162567138671875","0.162567138671875","0.162567138671875"
"902","0.10734367370605469","0.10734367370605469","0.10734367370605469"
"904","0.1196441650390625","0.1196441650390625","0.1196441650390625"
"906","0.15781402587890625","0.15781402587890625","0.15781402587890625"
"908","0.11493682861328125","0.11493682861328125","0.11493682861328125"
"910","0.12915802001953125","0.12915802001953125","0.12915802001953125"
"912","0.14429283142089844","0.14429283142089844","0.14429283142089844"
"914","0.1392364501953125","0.1392364501953125","0.1392364501953125"
"916","0.18097686767578125","0.18097686767578125","0.18097686767578125"
"918","0.15404510498046875","0.15404510498046875","0.15404510498046875"
"920","0.16390228271484375","0.16390228271484375","0.16390228271484375"
"922","0.08010101318359375","0.08010101318359375","0.08010101318359375"
"924","0.1373748779296875","0.1373748779296875","0.1373748779296875"
"926","0.17665863037109375","0.17665863037109375","0.17665863037109375"
"928","0.14435958862304688","0.14435958862304688","0.14435958862304688"
"930","0.14751815795898438","0.14751815795898438","0.14751815795898438"
"932","0.15041351318359375","0.15041351318359375","0.15041351318359375"
"934","0.16129302978515625","0.16129302978515625","0.16129302978515625"
"936","0.1617584228515625","0.1617584228515625","0.1617584228515625"
"938","0.20709228515625","0.20709228515625","0.20709228515625"
"940","0.1414337158203125","0.1414337158203125","0.1414337158203125"
"942","0.1424560546875","0.1424560546875","0.1424560546875"
"944","0.1706390380859375","0.1706390380859375","0.1706390380859375"
"946","0.14659881591796875","0.14659881591796875","0.14659881591796875"
"948","0.1392364501953125","0.1392364501953125","0.1392364501953125"
"950","0.12952804565429688","0.12952804565429688","0.12952804565429688"
"952","0.13829803466796875","0.13829803466796875","0.13829803466796875"
"954","0.14441299438476562","0.14441299438476562","0.14441299438476562"
"956","0.170257568359375","0.170257568359375","0.170257568359375"
"958","0.1458282470703125","0.1458282470703125","0.1458282470703125"
"960","0.132843017578125","0.132843017578125","0.132843017578125"
"962","0.14227294921875","0.14227294921875","0.14227294921875"
"964","0.12813568115234375","0.12813568115234375","0.12813568115234375"
"966","0.10650634765625","0.10650634765625","0.10650634765625"
"968","0.145599365234375","0.145599365234375","0.145599365234375"
"970","0.12496566772460938","0.12496566772460938","0.12496566772460938"
"972","0.14173126220703125","0.14173126220703125","0.14173126220703125"
"974","0.142608642578125","0.142608642578125","0.142608642578125"
"976","0.1653900146484375","0.1653900146484375","0.1653900146484375"
"978","0.1420879364013672","0.1420879364013672","0.1420879364013672"
"980","0.1822967529296875","0.1822967529296875","0.1822967529296875"
"982","0.18144989013671875","0.18144989013671875","0.18144989013671875"
"984","0.10229110717773438","0.10229110717773438","0.10229110717773438"
"986","0.17694854736328125","0.17694854736328125","0.17694854736328125"
"988","0.17469406127929688","0.17469406127929688","0.17469406127929688"
"990","0.1199493408203125","0.1199493408203125","0.1199493408203125"
"992","0.1698455810546875","0.1698455810546875","0.1698455810546875"
"994","0.131134033203125","0.131134033203125","0.131134033203125"
"996","0.16834259033203125","0.16834259033203125","0.16834259033203125"
"998","0.118682861328125","0.118682861328125","0.118682861328125"
"1000","0.17357635498046875","0.17357635498046875","0.17357635498046875"
"1002","0.14627456665039062","0.14627456665039062","0.14627456665039062"
"1004","0.174285888671875","0.174285888671875","0.174285888671875"
"1006","0.1819000244140625","0.1819000244140625","0.1819000244140625"
"1008","0.11998748779296875","0.11998748779296875","0.11998748779296875"
"1010","0.14044952392578125","0.14044952392578125","0.14044952392578125"
"1012","0.12848663330078125","0.12848663330078125","0.12848663330078125"
"1014","0.17681884765625","0.17681884765625","0.17681884765625"
"1016","0.13885498046875","0.13885498046875","0.13885498046875"
"1018","0.13536453247070312","0.13536453247070312","0.13536453247070312"
"1020","0.10520172119140625","0.10520172119140625","0.10520172119140625"
"1022","0.12050247192382812","0.12050247192382812","0.12050247192382812"
"1024","0.11843109130859375","0.11843109130859375","0.11843109130859375"
"1026","0.13684844970703125","0.13684844970703125","0.13684844970703125"
"1028","0.08996200561523438","0.08996200561523438","0.08996200561523438"
"1030","0.151123046875","0.151123046875","0.151123046875"
"1032","0.13615036010742188","0.13615036010742188","0.13615036010742188"
"1034","0.12769317626953125","0.12769317626953125","0.12769317626953125"
"1036","0.14571380615234375","0.14571380615234375","0.14571380615234375"
"1038","0.126220703125","0.126220703125","0.126220703125"
"1040","0.1985015869140625","0.1985015869140625","0.1985015869140625"
"1042","0.1124420166015625","0.1124420166015625","0.1124420166015625"
"1044","0.09412765502929688","0.09412765502929688","0.09412765502929688"
"1046","0.13990402221679688","0.13990402221679688","0.13990402221679688"
"1048","0.14968109130859375","0.14968109130859375","0.14968109130859375"
"1050","0.1757965087890625","0.1757965087890625","0.1757965087890625"
"1052","0.12663650512695312","0.12663650512695312","0.12663650512695312"
"1054","0.12534332275390625","0.12534332275390625","0.12534332275390625"
"1056","0.12529563903808594","0.12529563903808594","0.12529563903808594"
"1058","0.13092803955078125","0.13092803955078125","0.13092803955078125"
"1060","0.1986846923828125","0.1986846923828125","0.1986846923828125"
"1062","0.14251708984375","0.14251708984375","0.14251708984375"
"1064","0.13196563720703125","0.13196563720703125","0.13196563720703125"
"1066","0.1690826416015625","0.1690826416015625","0.1690826416015625"
"1068","0.13441085815429688","0.13441085815429688","0.13441085815429688"
"1070","0.1276397705078125","0.1276397705078125","0.1276397705078125"
"1072","0.11152267456054688","0.11152267456054688","0.11152267456054688"
"1074","0.161102294921875","0.161102294921875","0.161102294921875"
"1076","0.15515518188476562","0.15515518188476562","0.15515518188476562"
"1078","0.153289794921875","0.153289794921875","0.153289794921875"
"1080","0.14971160888671875","0.14971160888671875","0.14971160888671875"
"1082","0.1837024688720703","0.1837024688720703","0.1837024688720703"
"1084","0.1525859832763672","0.1525859832763672","0.1525859832763672"
"1086","0.128570556640625","0.128570556640625","0.128570556640625"
"1088","0.12158584594726562","0.12158584594726562","0.12158584594726562"
"1090","0.17144775390625","0.17144775390625","0.17144775390625"
"1092","0.16392898559570312","0.16392898559570312","0.16392898559570312"
"1094","0.1682891845703125","0.1682891845703125","0.1682891845703125"
"1096","0.11318206787109375","0.11318206787109375","0.11318206787109375"
"1098","0.16073989868164062","0.16073989868164062","0.16073989868164062"
"1100","0.1652679443359375","0.1652679443359375","0.1652679443359375"
"1102","0.13349151611328125","0.13349151611328125","0.13349151611328125"
"1104","0.1330718994140625","0.1330718994140625","0.1330718994140625"
"1106","0.1584014892578125","0.1584014892578125","0.1584014892578125"
"1108","0.12954330444335938","0.12954330444335938","0.12954330444335938"
"1110","0.11755752563476562","0.11755752563476562","0.11755752563476562"
"1112","0.13720703125","0.13720703125","0.13720703125"
"1114","0.12847137451171875","0.12847137451171875","0.12847137451171875"
"1116","0.11948013305664062","0.11948013305664062","0.11948013305664062"
"1118","0.1416778564453125","0.1416778564453125","0.1416778564453125"
"1120","0.10065078735351562","0.10065078735351562","0.10065078735351562"
"1122","0.13338470458984375","0.13338470458984375","0.13338470458984375"
"1124","0.1267242431640625","0.1267242431640625","0.1267242431640625"
"1126","0.122406005859375","0.122406005859375","0.122406005859375"
"1128","0.196533203125","0.196533203125","0.196533203125"
"1130","0.14090347290039062","0.14090347290039062","0.14090347290039062"
"1132","0.0976715087890625","0.0976715087890625","0.0976715087890625"
"1134","0.144500732421875","0.144500732421875","0.144500732421875"
"1136","0.19657135009765625","0.19657135009765625","0.19657135009765625"
"1138","0.12823486328125","0.12823486328125","0.12823486328125"
"1140","0.13609695434570312","0.13609695434570312","0.13609695434570312"
"1142","0.1509857177734375","0.1509857177734375","0.1509857177734375"
"1144","0.11812591552734375","0.11812591552734375","0.11812591552734375"
"1146","0.13146209716796875","0.13146209716796875","0.13146209716796875"
"1148","0.1446075439453125","0.1446075439453125","0.1446075439453125"
"1150","0.13008880615234375","0.13008880615234375","0.13008880615234375"
"1152","0.11692047119140625","0.11692047119140625","0.11692047119140625"
"1154","0.13743972778320312","0.13743972778320312","0.13743972778320312"
"1159","0.18062591552734375","0.18062591552734375","0.18062591552734375"
"1161","0.16788482666015625","0.16788482666015625","0.16788482666015625"
"1163","0.175689697265625","0.175689697265625","0.175689697265625"
"1165","0.14333343505859375","0.14333343505859375","0.14333343505859375"
"1167","0.11840057373046875","0.11840057373046875","0.11840057373046875"
"1169","0.12394332885742188","0.12394332885742188","0.12394332885742188"
"1171","0.12758636474609375","0.12758636474609375","0.12758636474609375"
"1173","0.15690231323242188","0.15690231323242188","0.15690231323242188"
"1175","0.12152481079101562","0.12152481079101562","0.12152481079101562"
"1177","0.12897109985351562","0.12897109985351562","0.12897109985351562"
"1179","0.12917327880859375","0.12917327880859375","0.12917327880859375"
"1181","0.14418411254882812","0.14418411254882812","0.14418411254882812"
"1183","0.15053558349609375","0.15053558349609375","0.15053558349609375"
"1185","0.13973236083984375","0.13973236083984375","0.13973236083984375"
"1187","0.166259765625","0.166259765625","0.166259765625"
"1189","0.14907073974609375","0.14907073974609375","0.14907073974609375"
"1191","0.1439361572265625","0.1439361572265625","0.1439361572265625"
"1193","0.18091583251953125","0.18091583251953125","0.18091583251953125"
"1195","0.16675186157226562","0.16675186157226562","0.16675186157226562"
"1197","0.14163970947265625","0.14163970947265625","0.14163970947265625"
"1199","0.114013671875","0.114013671875","0.114013671875"
"1201","0.14696884155273438","0.14696884155273438","0.14696884155273438"
"1203","0.15444183349609375","0.15444183349609375","0.15444183349609375"
"1205","0.14388656616210938","0.14388656616210938","0.14388656616210938"
"1207","0.13034820556640625","0.13034820556640625","0.13034820556640625"
"1209","0.14134979248046875","0.14134979248046875","0.14134979248046875"
"1211","0.09955787658691406","0.09955787658691406","0.09955787658691406"
"1213","0.08790206909179688","0.08790206909179688","0.08790206909179688"
"1215","0.13918304443359375","0.13918304443359375","0.13918304443359375"
"1217","0.114471435546875","0.114471435546875","0.114471435546875"
"1219","0.136871337890625","0.136871337890625","0.136871337890625"
"1221","0.13990020751953125","0.13990020751953125","0.13990020751953125"
"1223","0.14823150634765625","0.14823150634765625","0.14823150634765625"
"1225","0.1262664794921875","0.1262664794921875","0.1262664794921875"
"1227","0.13244247436523438","0.13244247436523438","0.13244247436523438"
"1229","0.12080764770507812","0.12080764770507812","0.12080764770507812"
"1231","0.1453857421875","0.1453857421875","0.1453857421875"
"1233","0.11449432373046875","0.11449432373046875","0.11449432373046875"
"1235","0.14519500732421875","0.14519500732421875","0.14519500732421875"
"1237","0.139739990234375","0.139739990234375","0.139739990234375"
"1239","0.13220977783203125","0.13220977783203125","0.13220977783203125"
"1241","0.14191818237304688","0.14191818237304688","0.14191818237304688"
"1243","0.09859085083007812","0.09859085083007812","0.09859085083007812"
"1245","0.15622711181640625","0.15622711181640625","0.15622711181640625"
"1247","0.11739349365234375","0.11739349365234375","0.11739349365234375"
"1249","0.1043243408203125","0.1043243408203125","0.1043243408203125"
"1251","0.08401298522949219","0.08401298522949219","0.08401298522949219"
"1253","0.14004135131835938","0.14004135131835938","0.14004135131835938"
"1255","0.14014053344726562","0.14014053344726562","0.14014053344726562"
"1257","0.18137359619140625","0.18137359619140625","0.18137359619140625"
"1259","0.183013916015625","0.183013916015625","0.183013916015625"
"1261","0.16583633422851562","0.16583633422851562","0.16583633422851562"
"1263","0.13805770874023438","0.13805770874023438","0.13805770874023438"
"1265","0.16363906860351562","0.16363906860351562","0.16363906860351562"
"1267","0.16555404663085938","0.16555404663085938","0.16555404663085938"
"1269","0.1600341796875","0.1600341796875","0.1600341796875"
"1271","0.15654373168945312","0.15654373168945312","0.15654373168945312"
"1273","0.127471923828125","0.127471923828125","0.127471923828125"
"1275","0.1461029052734375","0.1461029052734375","0.1461029052734375"
"1277","0.11099624633789062","0.11099624633789062","0.11099624633789062"
"1279","0.10805892944335938","0.10805892944335938","0.10805892944335938"
"1281","0.127410888671875","0.127410888671875","0.127410888671875"
"1283","0.11591720581054688","0.11591720581054688","0.11591720581054688"
"1285","0.13454437255859375","0.13454437255859375","0.13454437255859375"
"1287","0.15142822265625","0.15142822265625","0.15142822265625"
"1289","0.10726737976074219","0.10726737976074219","0.10726737976074219"
"1291","0.17334747314453125","0.17334747314453125","0.17334747314453125"
"1293","0.125732421875","0.125732421875","0.125732421875"
"1295","0.13601303100585938","0.13601303100585938","0.13601303100585938"
"1297","0.14442062377929688","0.14442062377929688","0.14442062377929688"
"1299","0.10271453857421875","0.10271453857421875","0.10271453857421875"
"1301","0.128265380859375","0.128265380859375","0.128265380859375"
"1303","0.09485626220703125","0.09485626220703125","0.09485626220703125"
"1305","0.10171890258789062","0.10171890258789062","0.10171890258789062"
"1307","0.11384963989257812","0.11384963989257812","0.11384963989257812"
"1309","0.13957977294921875","0.13957977294921875","0.13957977294921875"
"1311","0.11349105834960938","0.11349105834960938","0.11349105834960938"
"1313","0.16024017333984375","0.16024017333984375","0.16024017333984375"
"1315","0.08185577392578125","0.08185577392578125","0.08185577392578125"
"1317","0.10938453674316406","0.10938453674316406","0.10938453674316406"
"1319","0.1178131103515625","0.1178131103515625","0.1178131103515625"
"1321","0.18124771118164062","0.18124771118164062","0.18124771118164062"
"1323","0.12127113342285156","0.12127113342285156","0.12127113342285156"
"1325","0.08549880981445312","0.08549880981445312","0.08549880981445312"
"1327","0.1348247528076172","0.1348247528076172","0.1348247528076172"
"1329","0.13323593139648438","0.13323593139648438","0.13323593139648438"
"1331","0.1588573455810547","0.1588573455810547","0.1588573455810547"
"1333","0.07745361328125","0.07745361328125","0.07745361328125"
"1335","0.14913368225097656","0.14913368225097656","0.14913368225097656"
"1337","0.12362289428710938","0.12362289428710938","0.12362289428710938"
"1339","0.20728302001953125","0.20728302001953125","0.20728302001953125"
"1341","0.17296600341796875","0.17296600341796875","0.17296600341796875"
"1343","0.14029693603515625","0.14029693603515625","0.14029693603515625"
"1345","0.09227752685546875","0.09227752685546875","0.09227752685546875"
"1347","0.1303558349609375","0.1303558349609375","0.1303558349609375"
"1349","0.12121009826660156","0.12121009826660156","0.12121009826660156"
"1351","0.1625518798828125","0.1625518798828125","0.1625518798828125"
"1353","0.1158905029296875","0.1158905029296875","0.1158905029296875"
"1355","0.12439727783203125","0.12439727783203125","0.12439727783203125"
"1357","0.14194488525390625","0.14194488525390625","0.14194488525390625"
"1359","0.13943862915039062","0.13943862915039062","0.13943862915039062"
"1361","0.13622665405273438","0.13622665405273438","0.13622665405273438"
"1363","0.12131881713867188","0.12131881713867188","0.12131881713867188"
"1365","0.07675933837890625","0.07675933837890625","0.07675933837890625"
"1367","0.19384765625","0.19384765625","0.19384765625"
"1369","0.14627456665039062","0.14627456665039062","0.14627456665039062"
"1371","0.10150146484375","0.10150146484375","0.10150146484375"
"1373","0.11153030395507812","0.11153030395507812","0.11153030395507812"
"1375","0.08055686950683594","0.08055686950683594","0.08055686950683594"
"1377","0.14351654052734375","0.14351654052734375","0.14351654052734375"
"1379","0.11468124389648438","0.11468124389648438","0.11468124389648438"
"1381","0.1232452392578125","0.1232452392578125","0.1232452392578125"
"1383","0.1138153076171875","0.1138153076171875","0.1138153076171875"
"1385","0.180572509765625","0.180572509765625","0.180572509765625"
"1387","0.12281036376953125","0.12281036376953125","0.12281036376953125"
"1389","0.1205902099609375","0.1205902099609375","0.1205902099609375"
"1391","0.12256622314453125","0.12256622314453125","0.12256622314453125"
"1393","0.10165023803710938","0.10165023803710938","0.10165023803710938"
"1395","0.07598686218261719","0.07598686218261719","0.07598686218261719"
"1397","0.12495040893554688","0.12495040893554688","0.12495040893554688"
"1399","0.08656692504882812","0.08656692504882812","0.08656692504882812"
"1401","0.11189556121826172","0.11189556121826172","0.11189556121826172"
"1403","0.11146926879882812","0.11146926879882812","0.11146926879882812"
"1405","0.1429595947265625","0.1429595947265625","0.1429595947265625"
"1407","0.10796356201171875","0.10796356201171875","0.10796356201171875"
"1409","0.14664459228515625","0.14664459228515625","0.14664459228515625"
"1411","0.09904289245605469","0.09904289245605469","0.09904289245605469"
"1413","0.13983154296875","0.13983154296875","0.13983154296875"
"1415","0.10677337646484375","0.10677337646484375","0.10677337646484375"
"1417","0.13849830627441406","0.13849830627441406","0.13849830627441406"
"1419","0.12807083129882812","0.12807083129882812","0.12807083129882812"
"1421","0.14405059814453125","0.14405059814453125","0.14405059814453125"
"1423","0.095062255859375","0.095062255859375","0.095062255859375"
"1425","0.11568450927734375","0.11568450927734375","0.11568450927734375"
"1427","0.25382232666015625","0.25382232666015625","0.25382232666015625"
"1429","0.12706756591796875","0.12706756591796875","0.12706756591796875"
"1431","0.13505172729492188","0.13505172729492188","0.13505172729492188"
"1433","0.11517715454101562","0.11517715454101562","0.11517715454101562"
"1435","0.12246894836425781","0.12246894836425781","0.12246894836425781"
"1437","0.094696044921875","0.094696044921875","0.094696044921875"
"1439","0.10385322570800781","0.10385322570800781","0.10385322570800781"
"1441","0.1052703857421875","0.1052703857421875","0.1052703857421875"
"1443","0.10739898681640625","0.10739898681640625","0.10739898681640625"
"1445","0.1385974884033203","0.1385974884033203","0.1385974884033203"
"1447","0.12623214721679688","0.12623214721679688","0.12623214721679688"
"1449","0.12717247009277344","0.12717247009277344","0.12717247009277344"
"1451","0.12380218505859375","0.12380218505859375","0.12380218505859375"
"1453","0.11884307861328125","0.11884307861328125","0.11884307861328125"
"1455","0.1266632080078125","0.1266632080078125","0.1266632080078125"
"1457","0.13412094116210938","0.13412094116210938","0.13412094116210938"
"1459","0.0975799560546875","0.0975799560546875","0.0975799560546875"
"1461","0.14200592041015625","0.14200592041015625","0.14200592041015625"
"1463","0.12395477294921875","0.12395477294921875","0.12395477294921875"
"1465","0.1139373779296875","0.1139373779296875","0.1139373779296875"
"1467","0.09409523010253906","0.09409523010253906","0.09409523010253906"
"1469","0.14911651611328125","0.14911651611328125","0.14911651611328125"
"1471","0.13894271850585938","0.13894271850585938","0.13894271850585938"
"1473","0.07275390625","0.07275390625","0.07275390625"
"1475","0.12949752807617188","0.12949752807617188","0.12949752807617188"
"1477","0.1291065216064453","0.1291065216064453","0.1291065216064453"
"1479","0.08749580383300781","0.08749580383300781","0.08749580383300781"
"1481","0.099761962890625","0.099761962890625","0.099761962890625"
"1483","0.08172225952148438","0.08172225952148438","0.08172225952148438"
"1485","0.08873367309570312","0.08873367309570312","0.08873367309570312"
"1487","0.11772918701171875","0.11772918701171875","0.11772918701171875"
"1489","0.12130355834960938","0.12130355834960938","0.12130355834960938"
"1491","0.09326553344726562","0.09326553344726562","0.09326553344726562"
"1493","0.07767295837402344","0.07767295837402344","0.07767295837402344"
"1495","0.1408538818359375","0.1408538818359375","0.1408538818359375"
"1497","0.14046096801757812","0.14046096801757812","0.14046096801757812"
"1499","0.10296440124511719","0.10296440124511719","0.10296440124511719"
"1501","0.129791259765625","0.129791259765625","0.129791259765625"
"1503","0.08652496337890625","0.08652496337890625","0.08652496337890625"
"1505","0.08617401123046875","0.08617401123046875","0.08617401123046875"
"1507","0.11804389953613281","0.11804389953613281","0.11804389953613281"
"1509","0.09412002563476562","0.09412002563476562","0.09412002563476562"
"1511","0.10608673095703125","0.10608673095703125","0.10608673095703125"
"1513","0.1270313262939453","0.1270313262939453","0.1270313262939453"
"1515","0.09520339965820312","0.09520339965820312","0.09520339965820312"
"1517","0.11483001708984375","0.11483001708984375","0.11483001708984375"
"1519","0.1171102523803711","0.1171102523803711","0.1171102523803711"
"1521","0.1190338134765625","0.1190338134765625","0.1190338134765625"
"1523","0.12295150756835938","0.12295150756835938","0.12295150756835938"
"1525","0.07409858703613281","0.07409858703613281","0.07409858703613281"
"1527","0.101593017578125","0.101593017578125","0.101593017578125"
"1529","0.12166976928710938","0.12166976928710938","0.12166976928710938"
"1531","0.0945892333984375","0.0945892333984375","0.0945892333984375"
"1533","0.15816497802734375","0.15816497802734375","0.15816497802734375"
"1535","0.1489715576171875","0.1489715576171875","0.1489715576171875"
"1537","0.0711507797241211","0.0711507797241211","0.0711507797241211"
"1539","0.1163177490234375","0.1163177490234375","0.1163177490234375"
"1541","0.174652099609375","0.174652099609375","0.174652099609375"
"1543","0.13922119140625","0.13922119140625","0.13922119140625"
"1545","0.131591796875","0.131591796875","0.131591796875"
"1547","0.12107086181640625","0.12107086181640625","0.12107086181640625"
"1549","0.11298370361328125","0.11298370361328125","0.11298370361328125"
"1551","0.12506103515625","0.12506103515625","0.12506103515625"
"1553","0.1087636947631836","0.1087636947631836","0.1087636947631836"
"1555","0.0765380859375","0.0765380859375","0.0765380859375"
"1557","0.06327056884765625","0.06327056884765625","0.06327056884765625"
"1559","0.138671875","0.138671875","0.138671875"
"1561","0.1309967041015625","0.1309967041015625","0.1309967041015625"
"1563","0.10797882080078125","0.10797882080078125","0.10797882080078125"
"1565","0.12993240356445312","0.12993240356445312","0.12993240356445312"
"1567","0.18276214599609375","0.18276214599609375","0.18276214599609375"
"1569","0.11400985717773438","0.11400985717773438","0.11400985717773438"
"1571","0.09453964233398438","0.09453964233398438","0.09453964233398438"
"1573","0.05331230163574219","0.05331230163574219","0.05331230163574219"
"1575","0.11578369140625","0.11578369140625","0.11578369140625"
"1577","0.1162261962890625","0.1162261962890625","0.1162261962890625"
"1579","0.09980392456054688","0.09980392456054688","0.09980392456054688"
"1581","0.15584564208984375","0.15584564208984375","0.15584564208984375"
"1583","0.10250091552734375","0.10250091552734375","0.10250091552734375"
"1585","0.07880020141601562","0.07880020141601562","0.07880020141601562"
"1587","0.08789253234863281","0.08789253234863281","0.08789253234863281"
"1589","0.07829666137695312","0.07829666137695312","0.07829666137695312"
"1591","0.1356029510498047","0.1356029510498047","0.1356029510498047"
"1593","0.08524703979492188","0.08524703979492188","0.08524703979492188"
"1595","0.09940147399902344","0.09940147399902344","0.09940147399902344"
"1597","0.17878341674804688","0.17878341674804688","0.17878341674804688"
"1599","0.12378311157226562","0.12378311157226562","0.12378311157226562"
"1601","0.20690155029296875","0.20690155029296875","0.20690155029296875"
"1603","0.107391357421875","0.107391357421875","0.107391357421875"
"1605","0.14089584350585938","0.14089584350585938","0.14089584350585938"
"1607","0.12923574447631836","0.12923574447631836","0.12923574447631836"
"1609","0.13138198852539062","0.13138198852539062","0.13138198852539062"
"1611","0.08558368682861328","0.08558368682861328","0.08558368682861328"
"1613","0.101593017578125","0.101593017578125","0.101593017578125"
"1615","0.10184860229492188","0.10184860229492188","0.10184860229492188"
"1617","0.10785293579101562","0.10785293579101562","0.10785293579101562"
"1622","0.12890243530273438","0.12890243530273438","0.12890243530273438"
"1624","0.10387802124023438","0.10387802124023438","0.10387802124023438"
"1626","0.20384979248046875","0.20384979248046875","0.20384979248046875"
"1628","0.0964202880859375","0.0964202880859375","0.0964202880859375"
"1630","0.11309051513671875","0.11309051513671875","0.11309051513671875"
"1632","0.14722061157226562","0.14722061157226562","0.14722061157226562"
"1634","0.14366722106933594","0.14366722106933594","0.14366722106933594"
"1636","0.10086441040039062","0.10086441040039062","0.10086441040039062"
"1638","0.1177215576171875","0.1177215576171875","0.1177215576171875"
"1640","0.10222625732421875","0.10222625732421875","0.10222625732421875"
"1642","0.06255531311035156","0.06255531311035156","0.06255531311035156"
"1644","0.12882041931152344","0.12882041931152344","0.12882041931152344"
"1646","0.13414764404296875","0.13414764404296875","0.13414764404296875"
"1648","0.11488914489746094","0.11488914489746094","0.11488914489746094"
"1650","0.21686553955078125","0.21686553955078125","0.21686553955078125"
"1652","0.12966537475585938","0.12966537475585938","0.12966537475585938"
"1654","0.149322509765625","0.149322509765625","0.149322509765625"
"1656","0.12714385986328125","0.12714385986328125","0.12714385986328125"
"1658","0.10774612426757812","0.10774612426757812","0.10774612426757812"
"1660","0.13176918029785156","0.13176918029785156","0.13176918029785156"
"1662","0.11899948120117188","0.11899948120117188","0.11899948120117188"
"1664","0.114227294921875","0.114227294921875","0.114227294921875"
"1666","0.12415313720703125","0.12415313720703125","0.12415313720703125"
"1668","0.211334228515625","0.211334228515625","0.211334228515625"
"1670","0.10708236694335938","0.10708236694335938","0.10708236694335938"
"1672","0.0917510986328125","0.0917510986328125","0.0917510986328125"
"1674","0.12570667266845703","0.12570667266845703","0.12570667266845703"
"1676","0.11723709106445312","0.11723709106445312","0.11723709106445312"
"1678","0.1395130157470703","0.1395130157470703","0.1395130157470703"
"1680","0.07630538940429688","0.07630538940429688","0.07630538940429688"
"1682","0.14451980590820312","0.14451980590820312","0.14451980590820312"
"1684","0.09625625610351562","0.09625625610351562","0.09625625610351562"
"1686","0.12972450256347656","0.12972450256347656","0.12972450256347656"
"1688","0.11590957641601562","0.11590957641601562","0.11590957641601562"
"1690","0.118194580078125","0.118194580078125","0.118194580078125"
"1692","0.11188125610351562","0.11188125610351562","0.11188125610351562"
"1694","0.089630126953125","0.089630126953125","0.089630126953125"
"1696","0.08556365966796875","0.08556365966796875","0.08556365966796875"
"1698","0.08973121643066406","0.08973121643066406","0.08973121643066406"
"1700","0.12789154052734375","0.12789154052734375","0.12789154052734375"
"1702","0.1094512939453125","0.1094512939453125","0.1094512939453125"
"1704","0.187164306640625","0.187164306640625","0.187164306640625"
"1706","0.11093521118164062","0.11093521118164062","0.11093521118164062"
"1708","0.13197898864746094","0.13197898864746094","0.13197898864746094"
"1710","0.08821487426757812","0.08821487426757812","0.08821487426757812"
"1712","0.14629364013671875","0.14629364013671875","0.14629364013671875"
"1714","0.10668182373046875","0.10668182373046875","0.10668182373046875"
"1716","0.07583236694335938","0.07583236694335938","0.07583236694335938"
"1718","0.05547380447387695","0.05547380447387695","0.05547380447387695"
"1720","0.102508544921875","0.102508544921875","0.102508544921875"
"1722","0.10890007019042969","0.10890007019042969","0.10890007019042969"
"1724","0.14348220825195312","0.14348220825195312","0.14348220825195312"
"1726","0.10982894897460938","0.10982894897460938","0.10982894897460938"
"1728","0.08926582336425781","0.08926582336425781","0.08926582336425781"
"1730","0.14980316162109375","0.14980316162109375","0.14980316162109375"
"1732","0.14117431640625","0.14117431640625","0.14117431640625"
"1734","0.13172101974487305","0.13172101974487305","0.13172101974487305"
"1736","0.10744285583496094","0.10744285583496094","0.10744285583496094"
"1738","0.16564559936523438","0.16564559936523438","0.16564559936523438"
"1740","0.13382911682128906","0.13382911682128906","0.13382911682128906"
"1742","0.13092994689941406","0.13092994689941406","0.13092994689941406"
"1744","0.17802047729492188","0.17802047729492188","0.17802047729492188"
"1746","0.0929880142211914","0.0929880142211914","0.0929880142211914"
"1748","0.10264825820922852","0.10264825820922852","0.10264825820922852"
"1750","0.11282157897949219","0.11282157897949219","0.11282157897949219"
"1752","0.09563541412353516","0.09563541412353516","0.09563541412353516"
"1754","0.1321725845336914","0.1321725845336914","0.1321725845336914"
"1756","0.1370849609375","0.1370849609375","0.1370849609375"
"1758","0.11424636840820312","0.11424636840820312","0.11424636840820312"
"1760","0.10633277893066406","0.10633277893066406","0.10633277893066406"
"1762","0.08827590942382812","0.08827590942382812","0.08827590942382812"
"1764","0.11239242553710938","0.11239242553710938","0.11239242553710938"
"1766","0.07613754272460938","0.07613754272460938","0.07613754272460938"
"1768","0.08710289001464844","0.08710289001464844","0.08710289001464844"
"1770","0.10101699829101562","0.10101699829101562","0.10101699829101562"
"1772","0.07773590087890625","0.07773590087890625","0.07773590087890625"
"1774","0.084808349609375","0.084808349609375","0.084808349609375"
"1776","0.11001205444335938","0.11001205444335938","0.11001205444335938"
"1778","0.1044921875","0.1044921875","0.1044921875"
"1780","0.1174163818359375","0.1174163818359375","0.1174163818359375"
"1782","0.11411666870117188","0.11411666870117188","0.11411666870117188"
"1784","0.1031646728515625","0.1031646728515625","0.1031646728515625"
"1786","0.09194755554199219","0.09194755554199219","0.09194755554199219"
"1788","0.08499526977539062","0.08499526977539062","0.08499526977539062"
"1790","0.15340423583984375","0.15340423583984375","0.15340423583984375"
"1792","0.132171630859375","0.132171630859375","0.132171630859375"
"1794","0.09794235229492188","0.09794235229492188","0.09794235229492188"
"1796","0.1236572265625","0.1236572265625","0.1236572265625"
"1798","0.15315723419189453","0.15315723419189453","0.15315723419189453"
"1800","0.14970779418945312","0.14970779418945312","0.14970779418945312"
"1802","0.11664199829101562","0.11664199829101562","0.11664199829101562"
"1804","0.11685562133789062","0.11685562133789062","0.11685562133789062"
"1806","0.08795547485351562","0.08795547485351562","0.08795547485351562"
"1808","0.1063690185546875","0.1063690185546875","0.1063690185546875"
"1810","0.12363433837890625","0.12363433837890625","0.12363433837890625"
"1812","0.11595344543457031","0.11595344543457031","0.11595344543457031"
"1814","0.07593059539794922","0.07593059539794922","0.07593059539794922"
"1816","0.1227264404296875","0.1227264404296875","0.1227264404296875"
"1818","0.13287734985351562","0.13287734985351562","0.13287734985351562"
"1820","0.07682418823242188","0.07682418823242188","0.07682418823242188"
"1822","0.10940170288085938","0.10940170288085938","0.10940170288085938"
"1824","0.13417434692382812","0.13417434692382812","0.13417434692382812"
"1826","0.12642288208007812","0.12642288208007812","0.12642288208007812"
"1828","0.11812782287597656","0.11812782287597656","0.11812782287597656"
"1830","0.09513282775878906","0.09513282775878906","0.09513282775878906"
"1832","0.096710205078125","0.096710205078125","0.096710205078125"
"1834","0.0975189208984375","0.0975189208984375","0.0975189208984375"
"1836","0.08495903015136719","0.08495903015136719","0.08495903015136719"
"1838","0.06847953796386719","0.06847953796386719","0.06847953796386719"
"1840","0.1451568603515625","0.1451568603515625","0.1451568603515625"
"1842","0.10585403442382812","0.10585403442382812","0.10585403442382812"
"1844","0.10940170288085938","0.10940170288085938","0.10940170288085938"
"1846","0.11229705810546875","0.11229705810546875","0.11229705810546875"
"1848","0.09610748291015625","0.09610748291015625","0.09610748291015625"
"1850","0.07454299926757812","0.07454299926757812","0.07454299926757812"
"1852","0.09226417541503906","0.09226417541503906","0.09226417541503906"
"1854","0.07464218139648438","0.07464218139648438","0.07464218139648438"
"1856","0.10201644897460938","0.10201644897460938","0.10201644897460938"
"1858","0.17377471923828125","0.17377471923828125","0.17377471923828125"
"1860","0.13210010528564453","0.13210010528564453","0.13210010528564453"
"1862","0.12304115295410156","0.12304115295410156","0.12304115295410156"
"1864","0.11027717590332031","0.11027717590332031","0.11027717590332031"
"1866","0.15026092529296875","0.15026092529296875","0.15026092529296875"
"1868","0.09945869445800781","0.09945869445800781","0.09945869445800781"
"1870","0.06434059143066406","0.06434059143066406","0.06434059143066406"
"1872","0.11244964599609375","0.11244964599609375","0.11244964599609375"
"1874","0.08006095886230469","0.08006095886230469","0.08006095886230469"
"1876","0.11751365661621094","0.11751365661621094","0.11751365661621094"
"1878","0.07767677307128906","0.07767677307128906","0.07767677307128906"
"1880","0.0729055404663086","0.0729055404663086","0.0729055404663086"
"1882","0.10489559173583984","0.10489559173583984","0.10489559173583984"
"1884","0.13453292846679688","0.13453292846679688","0.13453292846679688"
"1886","0.12337684631347656","0.12337684631347656","0.12337684631347656"
"1888","0.06525230407714844","0.06525230407714844","0.06525230407714844"
"1890","0.11489200592041016","0.11489200592041016","0.11489200592041016"
"1892","0.08820056915283203","0.08820056915283203","0.08820056915283203"
"1894","0.10954618453979492","0.10954618453979492","0.10954618453979492"
"1896","0.1537189483642578","0.1537189483642578","0.1537189483642578"
"1898","0.1284961700439453","0.1284961700439453","0.1284961700439453"
"1900","0.08090019226074219","0.08090019226074219","0.08090019226074219"
"1902","0.08445930480957031","0.08445930480957031","0.08445930480957031"
"1904","0.08881378173828125","0.08881378173828125","0.08881378173828125"
"1906","0.11199951171875","0.11199951171875","0.11199951171875"
"1908","0.1026763916015625","0.1026763916015625","0.1026763916015625"
"1910","0.08979511260986328","0.08979511260986328","0.08979511260986328"
"1912","0.13302230834960938","0.13302230834960938","0.13302230834960938"
"1914","0.1708221435546875","0.1708221435546875","0.1708221435546875"
"1916","0.14171981811523438","0.14171981811523438","0.14171981811523438"
"1918","0.08492660522460938","0.08492660522460938","0.08492660522460938"
"1920","0.09742259979248047","0.09742259979248047","0.09742259979248047"
"1922","0.07209300994873047","0.07209300994873047","0.07209300994873047"
"1924","0.1038055419921875","0.1038055419921875","0.1038055419921875"
"1926","0.0913686752319336","0.0913686752319336","0.0913686752319336"
"1928","0.13285064697265625","0.13285064697265625","0.13285064697265625"
"1930","0.06328964233398438","0.06328964233398438","0.06328964233398438"
"1932","0.08205795288085938","0.08205795288085938","0.08205795288085938"
"1934","0.08168983459472656","0.08168983459472656","0.08168983459472656"
"1936","0.08951950073242188","0.08951950073242188","0.08951950073242188"
"1938","0.11113357543945312","0.11113357543945312","0.11113357543945312"
"1940","0.09216880798339844","0.09216880798339844","0.09216880798339844"
"1942","0.09454536437988281","0.09454536437988281","0.09454536437988281"
"1944","0.0931243896484375","0.0931243896484375","0.0931243896484375"
"1946","0.08256721496582031","0.08256721496582031","0.08256721496582031"
"1948","0.13217544555664062","0.13217544555664062","0.13217544555664062"
"1950","0.11436080932617188","0.11436080932617188","0.11436080932617188"
"1952","0.09587478637695312","0.09587478637695312","0.09587478637695312"
"1954","0.11713027954101562","0.11713027954101562","0.11713027954101562"
"1956","0.0994110107421875","0.0994110107421875","0.0994110107421875"
"1958","0.12590408325195312","0.12590408325195312","0.12590408325195312"
"1960","0.15405654907226562","0.15405654907226562","0.15405654907226562"
"1962","0.11284160614013672","0.11284160614013672","0.11284160614013672"
"1964","0.17498397827148438","0.17498397827148438","0.17498397827148438"
"1966","0.09529685974121094","0.09529685974121094","0.09529685974121094"
"1968","0.14707565307617188","0.14707565307617188","0.14707565307617188"
"1970","0.07337570190429688","0.07337570190429688","0.07337570190429688"
"1972","0.08807373046875","0.08807373046875","0.08807373046875"
"1974","0.0906982421875","0.0906982421875","0.0906982421875"
"1976","0.10968589782714844","0.10968589782714844","0.10968589782714844"
"1978","0.12002754211425781","0.12002754211425781","0.12002754211425781"
"1980","0.07607841491699219","0.07607841491699219","0.07607841491699219"
"1982","0.09640836715698242","0.09640836715698242","0.09640836715698242"
"1984","0.07686996459960938","0.07686996459960938","0.07686996459960938"
"1986","0.13407421112060547","0.13407421112060547","0.13407421112060547"
"1988","0.11396217346191406","0.11396217346191406","0.11396217346191406"
"1990","0.11037254333496094","0.11037254333496094","0.11037254333496094"
"1992","0.07954788208007812","0.07954788208007812","0.07954788208007812"
"1994","0.05211687088012695","0.05211687088012695","0.05211687088012695"
"1996","0.1069326400756836","0.1069326400756836","0.1069326400756836"
"1998","0.09999465942382812","0.09999465942382812","0.09999465942382812"
"2000","0.09259033203125","0.09259033203125","0.09259033203125"
"2002","0.17314529418945312","0.17314529418945312","0.17314529418945312"
"2004","0.10449886322021484","0.10449886322021484","0.10449886322021484"
"2006","0.0894465446472168","0.0894465446472168","0.0894465446472168"
"2008","0.14127349853515625","0.14127349853515625","0.14127349853515625"
"2010","0.13832664489746094","0.13832664489746094","0.13832664489746094"
"2012","0.0976717472076416","0.0976717472076416","0.0976717472076416"
"2014","0.10846614837646484","0.10846614837646484","0.10846614837646484"
"2016","0.11778640747070312","0.11778640747070312","0.11778640747070312"
"2018","0.15227890014648438","0.15227890014648438","0.15227890014648438"
"2020","0.07859230041503906","0.07859230041503906","0.07859230041503906"
"2022","0.08086109161376953","0.08086109161376953","0.08086109161376953"
"2024","0.06170654296875","0.06170654296875","0.06170654296875"
"2026","0.10779666900634766","0.10779666900634766","0.10779666900634766"
"2028","0.07557392120361328","0.07557392120361328","0.07557392120361328"
"2030","0.05504322052001953","0.05504322052001953","0.05504322052001953"
"2032","0.12662887573242188","0.12662887573242188","0.12662887573242188"
"2034","0.10303211212158203","0.10303211212158203","0.10303211212158203"
"2036","0.1483917236328125","0.1483917236328125","0.1483917236328125"
"2038","0.07276439666748047","0.07276439666748047","0.07276439666748047"
"2040","0.13639354705810547","0.13639354705810547","0.13639354705810547"
"2042","0.16487693786621094","0.16487693786621094","0.16487693786621094"
"2044","0.11807441711425781","0.11807441711425781","0.11807441711425781"
"2046","0.08629226684570312","0.08629226684570312","0.08629226684570312"
"2048","0.15834999084472656","0.15834999084472656","0.15834999084472656"
"2050","0.08220481872558594","0.08220481872558594","0.08220481872558594"
"2052","0.12078475952148438","0.12078475952148438","0.12078475952148438"
"2054","0.05388498306274414","0.05388498306274414","0.05388498306274414"
"2056","0.08500480651855469","0.08500480651855469","0.08500480651855469"
"2058","0.0944366455078125","0.0944366455078125","0.0944366455078125"
"2060","0.12900352478027344","0.12900352478027344","0.12900352478027344"
"2062","0.10242080688476562","0.10242080688476562","0.10242080688476562"
"2064","0.0885772705078125","0.0885772705078125","0.0885772705078125"
"2066","0.12209701538085938","0.12209701538085938","0.12209701538085938"
"2068","0.12955856323242188","0.12955856323242188","0.12955856323242188"
"2070","0.08426094055175781","0.08426094055175781","0.08426094055175781"
"2072","0.11214590072631836","0.11214590072631836","0.11214590072631836"
"2074","0.05520820617675781","0.05520820617675781","0.05520820617675781"
"2076","0.11124134063720703","0.11124134063720703","0.11124134063720703"
"2078","0.18633747100830078","0.18633747100830078","0.18633747100830078"
"2080","0.0876922607421875","0.0876922607421875","0.0876922607421875"
"2085","0.142333984375","0.142333984375","0.142333984375"
"2087","0.11148452758789062","0.11148452758789062","0.11148452758789062"
"2089","0.08028984069824219","0.08028984069824219","0.08028984069824219"
"2091","0.10993194580078125","0.10993194580078125","0.10993194580078125"
"2093","0.1261444091796875","0.1261444091796875","0.1261444091796875"
"2095","0.09272384643554688","0.09272384643554688","0.09272384643554688"
"2097","0.09942436218261719","0.09942436218261719","0.09942436218261719"
"2099","0.11613845825195312","0.11613845825195312","0.11613845825195312"
"2101","0.09433746337890625","0.09433746337890625","0.09433746337890625"
"2103","0.0961751937866211","0.0961751937866211","0.0961751937866211"
"2105","0.08314895629882812","0.08314895629882812","0.08314895629882812"
"2107","0.10161209106445312","0.10161209106445312","0.10161209106445312"
"2109","0.048058509826660156","0.048058509826660156","0.048058509826660156"
"2111","0.11820220947265625","0.11820220947265625","0.11820220947265625"
"2113","0.12013816833496094","0.12013816833496094","0.12013816833496094"
"2115","0.11919021606445312","0.11919021606445312","0.11919021606445312"
"2117","0.05395221710205078","0.05395221710205078","0.05395221710205078"
"2119","0.07358455657958984","0.07358455657958984","0.07358455657958984"
"2121","0.12240409851074219","0.12240409851074219","0.12240409851074219"
"2123","0.09598159790039062","0.09598159790039062","0.09598159790039062"
"2125","0.17063140869140625","0.17063140869140625","0.17063140869140625"
"2127","0.13106155395507812","0.13106155395507812","0.13106155395507812"
"2129","0.13936996459960938","0.13936996459960938","0.13936996459960938"
"2131","0.11305999755859375","0.11305999755859375","0.11305999755859375"
"2133","0.07608985900878906","0.07608985900878906","0.07608985900878906"
"2135","0.1067667007446289","0.1067667007446289","0.1067667007446289"
"2137","0.08883285522460938","0.08883285522460938","0.08883285522460938"
"2139","0.09458255767822266","0.09458255767822266","0.09458255767822266"
"2141","0.11392402648925781","0.11392402648925781","0.11392402648925781"
"2143","0.07851886749267578","0.07851886749267578","0.07851886749267578"
"2145","0.09256458282470703","0.09256458282470703","0.09256458282470703"
"2147","0.0906839370727539","0.0906839370727539","0.0906839370727539"
"2149","0.15745925903320312","0.15745925903320312","0.15745925903320312"
"2151","0.11124897003173828","0.11124897003173828","0.11124897003173828"
"2153","0.12335348129272461","0.12335348129272461","0.12335348129272461"
"2155","0.09154129028320312","0.09154129028320312","0.09154129028320312"
"2157","0.08270454406738281","0.08270454406738281","0.08270454406738281"
"2159","0.1281299591064453","0.1281299591064453","0.1281299591064453"
"2161","0.04595232009887695","0.04595232009887695","0.04595232009887695"
"2163","0.09824180603027344","0.09824180603027344","0.09824180603027344"
"2165","0.14876365661621094","0.14876365661621094","0.14876365661621094"
"2167","0.07533073425292969","0.07533073425292969","0.07533073425292969"
"2169","0.09411191940307617","0.09411191940307617","0.09411191940307617"
"2171","0.09548759460449219","0.09548759460449219","0.09548759460449219"
"2173","0.07695817947387695","0.07695817947387695","0.07695817947387695"
"2175","0.11956214904785156","0.11956214904785156","0.11956214904785156"
"2177","0.07452774047851562","0.07452774047851562","0.07452774047851562"
"2179","0.06971263885498047","0.06971263885498047","0.06971263885498047"
"2181","0.10301923751831055","0.10301923751831055","0.10301923751831055"
"2183","0.12697219848632812","0.12697219848632812","0.12697219848632812"
"2185","0.053455352783203125","0.053455352783203125","0.053455352783203125"
"2187","0.1152801513671875","0.1152801513671875","0.1152801513671875"
"2189","0.050850868225097656","0.050850868225097656","0.050850868225097656"
"2191","0.07065963745117188","0.07065963745117188","0.07065963745117188"
"2193","0.09775733947753906","0.09775733947753906","0.09775733947753906"
"2195","0.09906601905822754","0.09906601905822754","0.09906601905822754"
"2197","0.06542396545410156","0.06542396545410156","0.06542396545410156"
"2199","0.20858478546142578","0.20858478546142578","0.20858478546142578"
"2201","0.0973048210144043","0.0973048210144043","0.0973048210144043"
"2203","0.09449958801269531","0.09449958801269531","0.09449958801269531"
"2205","0.07882118225097656","0.07882118225097656","0.07882118225097656"
"2207","0.11350250244140625","0.11350250244140625","0.11350250244140625"
"2209","0.0800323486328125","0.0800323486328125","0.0800323486328125"
"2211","0.05869293212890625","0.05869293212890625","0.05869293212890625"
"2213","0.2104644775390625","0.2104644775390625","0.2104644775390625"
"2215","0.09121322631835938","0.09121322631835938","0.09121322631835938"
"2217","0.06544303894042969","0.06544303894042969","0.06544303894042969"
"2219","0.0812845230102539","0.0812845230102539","0.0812845230102539"
"2221","0.0801839828491211","0.0801839828491211","0.0801839828491211"
"2223","0.09900283813476562","0.09900283813476562","0.09900283813476562"
"2225","0.09354305267333984","0.09354305267333984","0.09354305267333984"
"2227","0.06447458267211914","0.06447458267211914","0.06447458267211914"
"2229","0.12205219268798828","0.12205219268798828","0.12205219268798828"
"2231","0.09358024597167969","0.09358024597167969","0.09358024597167969"
"2233","0.11908435821533203","0.11908435821533203","0.11908435821533203"
"2235","0.08309364318847656","0.08309364318847656","0.08309364318847656"
"2237","0.09544563293457031","0.09544563293457031","0.09544563293457031"
"2239","0.11413955688476562","0.11413955688476562","0.11413955688476562"
"2241","0.08396434783935547","0.08396434783935547","0.08396434783935547"
"2243","0.09436225891113281","0.09436225891113281","0.09436225891113281"
"2245","0.08363151550292969","0.08363151550292969","0.08363151550292969"
"2247","0.1438922882080078","0.1438922882080078","0.1438922882080078"
"2249","0.11736679077148438","0.11736679077148438","0.11736679077148438"
"2251","0.08604049682617188","0.08604049682617188","0.08604049682617188"
"2253","0.09464597702026367","0.09464597702026367","0.09464597702026367"
"2255","0.14276504516601562","0.14276504516601562","0.14276504516601562"
"2257","0.09327125549316406","0.09327125549316406","0.09327125549316406"
"2259","0.07661294937133789","0.07661294937133789","0.07661294937133789"
"2261","0.10691690444946289","0.10691690444946289","0.10691690444946289"
"2263","0.04081535339355469","0.04081535339355469","0.04081535339355469"
"2265","0.08739662170410156","0.08739662170410156","0.08739662170410156"
"2267","0.1509246826171875","0.1509246826171875","0.1509246826171875"
"2269","0.06675291061401367","0.06675291061401367","0.06675291061401367"
"2271","0.07509136199951172","0.07509136199951172","0.07509136199951172"
"2273","0.10481452941894531","0.10481452941894531","0.10481452941894531"
"2275","0.08270263671875","0.08270263671875","0.08270263671875"
"2277","0.10258865356445312","0.10258865356445312","0.10258865356445312"
"2279","0.10423660278320312","0.10423660278320312","0.10423660278320312"
"2281","0.0872950553894043","0.0872950553894043","0.0872950553894043"
"2283","0.09403824806213379","0.09403824806213379","0.09403824806213379"
"2285","0.1298084259033203","0.1298084259033203","0.1298084259033203"
"2287","0.1063079833984375","0.1063079833984375","0.1063079833984375"
"2289","0.09312057495117188","0.09312057495117188","0.09312057495117188"
"2291","0.056087493896484375","0.056087493896484375","0.056087493896484375"
"2293","0.06831932067871094","0.06831932067871094","0.06831932067871094"
"2295","0.07106852531433105","0.07106852531433105","0.07106852531433105"
"2297","0.11579132080078125","0.11579132080078125","0.11579132080078125"
"2299","0.1410541534423828","0.1410541534423828","0.1410541534423828"
"2301","0.04989814758300781","0.04989814758300781","0.04989814758300781"
"2303","0.027864694595336914","0.027864694595336914","0.027864694595336914"
"2305","0.06575298309326172","0.06575298309326172","0.06575298309326172"
"2307","0.050357818603515625","0.050357818603515625","0.050357818603515625"
"2309","0.0992136001586914","0.0992136001586914","0.0992136001586914"
"2311","0.19673538208007812","0.19673538208007812","0.19673538208007812"
"2313","0.07507896423339844","0.07507896423339844","0.07507896423339844"
"2315","0.10966682434082031","0.10966682434082031","0.10966682434082031"
"2317","0.08779001235961914","0.08779001235961914","0.08779001235961914"
"2319","0.07034969329833984","0.07034969329833984","0.07034969329833984"
"2321","0.06373929977416992","0.06373929977416992","0.06373929977416992"
"2323","0.11875724792480469","0.11875724792480469","0.11875724792480469"
"2325","0.05404376983642578","0.05404376983642578","0.05404376983642578"
"2327","0.09295368194580078","0.09295368194580078","0.09295368194580078"
"2329","0.13315963745117188","0.13315963745117188","0.13315963745117188"
"2331","0.07727241516113281","0.07727241516113281","0.07727241516113281"
"2333","0.11126327514648438","0.11126327514648438","0.11126327514648438"
"2335","0.10447978973388672","0.10447978973388672","0.10447978973388672"
"2337","0.11013221740722656","0.11013221740722656","0.11013221740722656"
"2339","0.1016702651977539","0.1016702651977539","0.1016702651977539"
"2341","0.07773590087890625","0.07773590087890625","0.07773590087890625"
"2343","0.07681417465209961","0.07681417465209961","0.07681417465209961"
"2345","0.06999969482421875","0.06999969482421875","0.06999969482421875"
"2347","0.07302284240722656","0.07302284240722656","0.07302284240722656"
"2349","0.0660238265991211","0.0660238265991211","0.0660238265991211"
"2351","0.10924530029296875","0.10924530029296875","0.10924530029296875"
"2353","0.0771484375","0.0771484375","0.0771484375"
"2355","0.09794044494628906","0.09794044494628906","0.09794044494628906"
"2357","0.09946632385253906","0.09946632385253906","0.09946632385253906"
"2359","0.08373069763183594","0.08373069763183594","0.08373069763183594"
"2361","0.10125577449798584","0.10125577449798584","0.10125577449798584"
"2363","0.04682445526123047","0.04682445526123047","0.04682445526123047"
"2365","0.06772422790527344","0.06772422790527344","0.06772422790527344"
"2367","0.06881141662597656","0.06881141662597656","0.06881141662597656"
"2369","0.029669523239135742","0.029669523239135742","0.029669523239135742"
"2371","0.1447896957397461","0.1447896957397461","0.1447896957397461"
"2373","0.0828237533569336","0.0828237533569336","0.0828237533569336"
"2375","0.08617782592773438","0.08617782592773438","0.08617782592773438"
"2377","0.07148933410644531","0.07148933410644531","0.07148933410644531"
"2379","0.08760476112365723","0.08760476112365723","0.08760476112365723"
"2381","0.11924266815185547","0.11924266815185547","0.11924266815185547"
"2383","0.10619819164276123","0.10619819164276123","0.10619819164276123"
"2385","0.0870516300201416","0.0870516300201416","0.0870516300201416"
"2387","0.13689613342285156","0.13689613342285156","0.13689613342285156"
"2389","0.11721611022949219","0.11721611022949219","0.11721611022949219"
"2391","0.07072019577026367","0.07072019577026367","0.07072019577026367"
"2393","0.046713829040527344","0.046713829040527344","0.046713829040527344"
"2395","0.060977935791015625","0.060977935791015625","0.060977935791015625"
"2397","0.114349365234375","0.114349365234375","0.114349365234375"
"2399","0.04322242736816406","0.04322242736816406","0.04322242736816406"
"2401","0.1609792709350586","0.1609792709350586","0.1609792709350586"
"2403","0.10100412368774414","0.10100412368774414","0.10100412368774414"
"2405","0.04487133026123047","0.04487133026123047","0.04487133026123047"
"2407","0.09259724617004395","0.09259724617004395","0.09259724617004395"
"2409","0.09740018844604492","0.09740018844604492","0.09740018844604492"
"2411","0.11328506469726562","0.11328506469726562","0.11328506469726562"
"2413","0.09145927429199219","0.09145927429199219","0.09145927429199219"
"2415","0.08922290802001953","0.08922290802001953","0.08922290802001953"
"2417","0.07822036743164062","0.07822036743164062","0.07822036743164062"
"2419","0.033031463623046875","0.033031463623046875","0.033031463623046875"
"2421","0.13463211059570312","0.13463211059570312","0.13463211059570312"
"2423","0.035600900650024414","0.035600900650024414","0.035600900650024414"
"2425","0.1776275634765625","0.1776275634765625","0.1776275634765625"
"2427","0.08863115310668945","0.08863115310668945","0.08863115310668945"
"2429","0.13690185546875","0.13690185546875","0.13690185546875"
"2431","0.08543777465820312","0.08543777465820312","0.08543777465820312"
"2433","0.15781927108764648","0.15781927108764648","0.15781927108764648"
"2435","0.08127784729003906","0.08127784729003906","0.08127784729003906"
"2437","0.1094212532043457","0.1094212532043457","0.1094212532043457"
"2439","0.07889842987060547","0.07889842987060547","0.07889842987060547"
"2441","0.07781505584716797","0.07781505584716797","0.07781505584716797"
"2443","0.05373859405517578","0.05373859405517578","0.05373859405517578"
"2445","0.07973098754882812","0.07973098754882812","0.07973098754882812"
"2447","0.04443645477294922","0.04443645477294922","0.04443645477294922"
"2449","0.05643057823181152","0.05643057823181152","0.05643057823181152"
"2451","0.0915384292602539","0.0915384292602539","0.0915384292602539"
"2453","0.13085412979125977","0.13085412979125977","0.13085412979125977"
"2455","0.04011058807373047","0.04011058807373047","0.04011058807373047"
"2457","0.09226226806640625","0.09226226806640625","0.09226226806640625"
"2459","0.08991456031799316","0.08991456031799316","0.08991456031799316"
"2461","0.11115455627441406","0.11115455627441406","0.11115455627441406"
"2463","0.051709651947021484","0.051709651947021484","0.051709651947021484"
"2465","0.07707023620605469","0.07707023620605469","0.07707023620605469"
"2467","0.14373254776000977","0.14373254776000977","0.14373254776000977"
"2469","0.11685514450073242","0.11685514450073242","0.11685514450073242"
"2471","0.0645742416381836","0.0645742416381836","0.0645742416381836"
"2473","0.1172935962677002","0.1172935962677002","0.1172935962677002"
"2475","0.05904674530029297","0.05904674530029297","0.05904674530029297"
"2477","0.0713050365447998","0.0713050365447998","0.0713050365447998"
"2479","0.0421452522277832","0.0421452522277832","0.0421452522277832"
"2481","0.07884407043457031","0.07884407043457031","0.07884407043457031"
"2483","0.13146591186523438","0.13146591186523438","0.13146591186523438"
"2485","0.06876945495605469","0.06876945495605469","0.06876945495605469"
"2487","0.1248321533203125","0.1248321533203125","0.1248321533203125"
"2489","0.15975189208984375","0.15975189208984375","0.15975189208984375"
"2491","0.11349678039550781","0.11349678039550781","0.11349678039550781"
"2493","0.1419057846069336","0.1419057846069336","0.1419057846069336"
"2495","0.09066009521484375","0.09066009521484375","0.09066009521484375"
"2497","0.04969954490661621","0.04969954490661621","0.04969954490661621"
"2499","0.12488937377929688","0.12488937377929688","0.12488937377929688"
"2501","0.07373237609863281","0.07373237609863281","0.07373237609863281"
"2503","0.12893390655517578","0.12893390655517578","0.12893390655517578"
"2505","0.07647132873535156","0.07647132873535156","0.07647132873535156"
"2507","0.08646774291992188","0.08646774291992188","0.08646774291992188"
"2509","0.028895854949951172","0.028895854949951172","0.028895854949951172"
"2511","0.059860944747924805","0.059860944747924805","0.059860944747924805"
"2513","0.09398365020751953","0.09398365020751953","0.09398365020751953"
"2515","0.12509918212890625","0.12509918212890625","0.12509918212890625"
"2517","0.04469871520996094","0.04469871520996094","0.04469871520996094"
"2519","0.09309959411621094","0.09309959411621094","0.09309959411621094"
"2521","0.0873565673828125","0.0873565673828125","0.0873565673828125"
"2523","0.07876396179199219","0.07876396179199219","0.07876396179199219"
"2525","0.08083009719848633","0.08083009719848633","0.08083009719848633"
"2527","0.08559465408325195","0.08559465408325195","0.08559465408325195"
"2529","0.1264810562133789","0.1264810562133789","0.1264810562133789"
"2531","0.14789581298828125","0.14789581298828125","0.14789581298828125"
"2533","0.10303544998168945","0.10303544998168945","0.10303544998168945"
"2535","0.12270212173461914","0.12270212173461914","0.12270212173461914"
"2537","0.05568647384643555","0.05568647384643555","0.05568647384643555"
"2539","0.07638847827911377","0.07638847827911377","0.07638847827911377"
"2541","0.07462096214294434","0.07462096214294434","0.07462096214294434"
"2543","0.10668182373046875","0.10668182373046875","0.10668182373046875"
"2548","0.12534713745117188","0.12534713745117188","0.12534713745117188"
"2550","0.0522308349609375","0.0522308349609375","0.0522308349609375"
"2552","0.08929634094238281","0.08929634094238281","0.08929634094238281"
"2554","0.09706306457519531","0.09706306457519531","0.09706306457519531"
"2556","0.072479248046875","0.072479248046875","0.072479248046875"
"2558","0.14013099670410156","0.14013099670410156","0.14013099670410156"
"2560","0.07024765014648438","0.07024765014648438","0.07024765014648438"
"2562","0.118682861328125","0.118682861328125","0.118682861328125"
"2564","0.12084579467773438","0.12084579467773438","0.12084579467773438"
"2566","0.14988327026367188","0.14988327026367188","0.14988327026367188"
"2568","0.16334152221679688","0.16334152221679688","0.16334152221679688"
"2570","0.11152267456054688","0.11152267456054688","0.11152267456054688"
"2572","0.04050326347351074","0.04050326347351074","0.04050326347351074"
"2574","0.10441398620605469","0.10441398620605469","0.10441398620605469"
"2576","0.12497520446777344","0.12497520446777344","0.12497520446777344"
"2578","0.052220940589904785","0.052220940589904785","0.052220940589904785"
"2580","0.08467960357666016","0.08467960357666016","0.08467960357666016"
"2582","0.08077239990234375","0.08077239990234375","0.08077239990234375"
"2584","0.10466480255126953","0.10466480255126953","0.10466480255126953"
"2586","0.09302711486816406","0.09302711486816406","0.09302711486816406"
"2588","0.06070232391357422","0.06070232391357422","0.06070232391357422"
"2590","0.03817439079284668","0.03817439079284668","0.03817439079284668"
"2592","0.15895366668701172","0.15895366668701172","0.15895366668701172"
"2594","0.08676624298095703","0.08676624298095703","0.08676624298095703"
"2596","0.0932016372680664","0.0932016372680664","0.0932016372680664"
"2598","0.0575103759765625","0.0575103759765625","0.0575103759765625"
"2600","0.07125282287597656","0.07125282287597656","0.07125282287597656"
"2602","0.10296821594238281","0.10296821594238281","0.10296821594238281"
"2604","0.06544017791748047","0.06544017791748047","0.06544017791748047"
"2606","0.08393335342407227","0.08393335342407227","0.08393335342407227"
"2608","0.05967235565185547","0.05967235565185547","0.05967235565185547"
"2610","0.05137157440185547","0.05137157440185547","0.05137157440185547"
"2612","0.13152694702148438","0.13152694702148438","0.13152694702148438"
"2614","0.15499114990234375","0.15499114990234375","0.15499114990234375"
"2616","0.0771341323852539","0.0771341323852539","0.0771341323852539"
"2618","0.16011762619018555","0.16011762619018555","0.16011762619018555"
"2620","0.09870719909667969","0.09870719909667969","0.09870719909667969"
"2622","0.08443641662597656","0.08443641662597656","0.08443641662597656"
"2624","0.05065107345581055","0.05065107345581055","0.05065107345581055"
"2626","0.1136484146118164","0.1136484146118164","0.1136484146118164"
"2628","0.10217905044555664","0.10217905044555664","0.10217905044555664"
"2630","0.1529102325439453","0.1529102325439453","0.1529102325439453"
"2632","0.054454803466796875","0.054454803466796875","0.054454803466796875"
"2634","0.08411836624145508","0.08411836624145508","0.08411836624145508"
"2636","0.14487802982330322","0.14487802982330322","0.14487802982330322"
"2638","0.05787467956542969","0.05787467956542969","0.05787467956542969"
"2640","0.04433631896972656","0.04433631896972656","0.04433631896972656"
"2642","0.0829010009765625","0.0829010009765625","0.0829010009765625"
"2644","0.08469390869140625","0.08469390869140625","0.08469390869140625"
"2646","0.10345745086669922","0.10345745086669922","0.10345745086669922"
"2648","0.054102182388305664","0.054102182388305664","0.054102182388305664"
"2650","0.06646132469177246","0.06646132469177246","0.06646132469177246"
"2652","0.08159542083740234","0.08159542083740234","0.08159542083740234"
"2654","0.08986091613769531","0.08986091613769531","0.08986091613769531"
"2656","0.13875675201416016","0.13875675201416016","0.13875675201416016"
"2658","0.16186904907226562","0.16186904907226562","0.16186904907226562"
"2660","0.17254066467285156","0.17254066467285156","0.17254066467285156"
"2662","0.11311960220336914","0.11311960220336914","0.11311960220336914"
"2664","0.14686298370361328","0.14686298370361328","0.14686298370361328"
"2666","0.07440423965454102","0.07440423965454102","0.07440423965454102"
"2668","0.11273193359375","0.11273193359375","0.11273193359375"
"2670","0.13661956787109375","0.13661956787109375","0.13661956787109375"
"2672","0.11277389526367188","0.11277389526367188","0.11277389526367188"
"2674","0.09974193572998047","0.09974193572998047","0.09974193572998047"
"2676","0.07215499877929688","0.07215499877929688","0.07215499877929688"
"2678","0.08762264251708984","0.08762264251708984","0.08762264251708984"
"2680","0.07547330856323242","0.07547330856323242","0.07547330856323242"
"2682","0.07463264465332031","0.07463264465332031","0.07463264465332031"
"2684","0.12603187561035156","0.12603187561035156","0.12603187561035156"
"2686","0.08597517013549805","0.08597517013549805","0.08597517013549805"
"2688","0.10704231262207031","0.10704231262207031","0.10704231262207031"
"2690","0.11812019348144531","0.11812019348144531","0.11812019348144531"
"2692","0.0911407470703125","0.0911407470703125","0.0911407470703125"
"2694","0.13210105895996094","0.13210105895996094","0.13210105895996094"
"2696","0.09598016738891602","0.09598016738891602","0.09598016738891602"
"2698","0.06267881393432617","0.06267881393432617","0.06267881393432617"
"2700","0.07562255859375","0.07562255859375","0.07562255859375"
"2702","0.16283035278320312","0.16283035278320312","0.16283035278320312"
"2704","0.056448936462402344","0.056448936462402344","0.056448936462402344"
"2706","0.14225006103515625","0.14225006103515625","0.14225006103515625"
"2708","0.09206008911132812","0.09206008911132812","0.09206008911132812"
"2710","0.088836669921875","0.088836669921875","0.088836669921875"
"2712","0.19930267333984375","0.19930267333984375","0.19930267333984375"
"2714","0.026571989059448242","0.026571989059448242","0.026571989059448242"
"2716","0.09064865112304688","0.09064865112304688","0.09064865112304688"
"2718","0.09540438652038574","0.09540438652038574","0.09540438652038574"
"2720","0.1727142333984375","0.1727142333984375","0.1727142333984375"
"2722","0.06946229934692383","0.06946229934692383","0.06946229934692383"
"2724","0.1625840663909912","0.1625840663909912","0.1625840663909912"
"2726","0.11305809020996094","0.11305809020996094","0.11305809020996094"
"2728","0.0389101505279541","0.0389101505279541","0.0389101505279541"
"2730","0.07616138458251953","0.07616138458251953","0.07616138458251953"
"2732","0.08081179857254028","0.08081179857254028","0.08081179857254028"
"2734","0.061299681663513184","0.061299681663513184","0.061299681663513184"
"2736","0.10333895683288574","0.10333895683288574","0.10333895683288574"
"2738","0.06844329833984375","0.06844329833984375","0.06844329833984375"
"2740","0.0642995834350586","0.0642995834350586","0.0642995834350586"
"2742","0.09180736541748047","0.09180736541748047","0.09180736541748047"
"2744","0.09186458587646484","0.09186458587646484","0.09186458587646484"
"2746","0.06294441223144531","0.06294441223144531","0.06294441223144531"
"2748","0.057708740234375","0.057708740234375","0.057708740234375"
"2750","0.07867050170898438","0.07867050170898438","0.07867050170898438"
"2752","0.05487251281738281","0.05487251281738281","0.05487251281738281"
"2754","0.0963296890258789","0.0963296890258789","0.0963296890258789"
"2756","0.133758544921875","0.133758544921875","0.133758544921875"
"2758","0.10355758666992188","0.10355758666992188","0.10355758666992188"
"2760","0.11692047119140625","0.11692047119140625","0.11692047119140625"
"2762","0.04381990432739258","0.04381990432739258","0.04381990432739258"
"2764","0.10296630859375","0.10296630859375","0.10296630859375"
"2766","0.09494972229003906","0.09494972229003906","0.09494972229003906"
"2768","0.08681678771972656","0.08681678771972656","0.08681678771972656"
"2770","0.12714385986328125","0.12714385986328125","0.12714385986328125"
"2772","0.08147716522216797","0.08147716522216797","0.08147716522216797"
"2774","0.060466766357421875","0.060466766357421875","0.060466766357421875"
"2776","0.1371917724609375","0.1371917724609375","0.1371917724609375"
"2778","0.07706451416015625","0.07706451416015625","0.07706451416015625"
"2780","0.1409139633178711","0.1409139633178711","0.1409139633178711"
"2782","0.12561988830566406","0.12561988830566406","0.12561988830566406"
"2784","0.12287139892578125","0.12287139892578125","0.12287139892578125"
"2786","0.09412574768066406","0.09412574768066406","0.09412574768066406"
"2788","0.062206268310546875","0.062206268310546875","0.062206268310546875"
"2790","0.14592361450195312","0.14592361450195312","0.14592361450195312"
"2792","0.11947250366210938","0.11947250366210938","0.11947250366210938"
"2794","0.05813789367675781","0.05813789367675781","0.05813789367675781"
"2796","0.07498931884765625","0.07498931884765625","0.07498931884765625"
"2798","0.0706171989440918","0.0706171989440918","0.0706171989440918"
"2800","0.09369087219238281","0.09369087219238281","0.09369087219238281"
"2802","0.055090904235839844","0.055090904235839844","0.055090904235839844"
"2804","0.06780195236206055","0.06780195236206055","0.06780195236206055"
"2806","0.09808731079101562","0.09808731079101562","0.09808731079101562"
"2808","0.06558406352996826","0.06558406352996826","0.06558406352996826"
"2810","0.06861138343811035","0.06861138343811035","0.06861138343811035"
"2812","0.07884979248046875","0.07884979248046875","0.07884979248046875"
"2814","0.11772584915161133","0.11772584915161133","0.11772584915161133"
"2816","0.05708813667297363","0.05708813667297363","0.05708813667297363"
"2818","0.07673931121826172","0.07673931121826172","0.07673931121826172"
"2820","0.051279425621032715","0.051279425621032715","0.051279425621032715"
"2822","0.09038925170898438","0.09038925170898438","0.09038925170898438"
"2824","0.04213428497314453","0.04213428497314453","0.04213428497314453"
"2826","0.05361294746398926","0.05361294746398926","0.05361294746398926"
"2828","0.06910562515258789","0.06910562515258789","0.06910562515258789"
"2830","0.10641825199127197","0.10641825199127197","0.10641825199127197"
"2832","0.0737452507019043","0.0737452507019043","0.0737452507019043"
"2834","0.06724357604980469","0.06724357604980469","0.06724357604980469"
"2836","0.07039618492126465","0.07039618492126465","0.07039618492126465"
"2838","0.06986069679260254","0.06986069679260254","0.06986069679260254"
"2840","0.12146949768066406","0.12146949768066406","0.12146949768066406"
"2842","0.09964632987976074","0.09964632987976074","0.09964632987976074"
"2844","0.10562801361083984","0.10562801361083984","0.10562801361083984"
"2846","0.11973190307617188","0.11973190307617188","0.11973190307617188"
"2848","0.06165328621864319","0.06165328621864319","0.06165328621864319"
"2850","0.1302032470703125","0.1302032470703125","0.1302032470703125"
"2852","0.10991239547729492","0.10991239547729492","0.10991239547729492"
"2854","0.09168338775634766","0.09168338775634766","0.09168338775634766"
"2856","0.06267356872558594","0.06267356872558594","0.06267356872558594"
"2858","0.11748600006103516","0.11748600006103516","0.11748600006103516"
"2860","0.10245800018310547","0.10245800018310547","0.10245800018310547"
"2862","0.093719482421875","0.093719482421875","0.093719482421875"
"2864","0.038960933685302734","0.038960933685302734","0.038960933685302734"
"2866","0.08307600021362305","0.08307600021362305","0.08307600021362305"
"2868","0.07602310180664062","0.07602310180664062","0.07602310180664062"
"2870","0.09930801391601562","0.09930801391601562","0.09930801391601562"
"2872","0.05853271484375","0.05853271484375","0.05853271484375"
"2874","0.08536911010742188","0.08536911010742188","0.08536911010742188"
"2876","0.10375213623046875","0.10375213623046875","0.10375213623046875"
"2878","0.10552978515625","0.10552978515625","0.10552978515625"
"2880","0.10528087615966797","0.10528087615966797","0.10528087615966797"
"2882","0.12011384963989258","0.12011384963989258","0.12011384963989258"
"2884","0.08277702331542969","0.08277702331542969","0.08277702331542969"
"2886","0.09950828552246094","0.09950828552246094","0.09950828552246094"
"2888","0.07981300354003906","0.07981300354003906","0.07981300354003906"
"2890","0.08697032928466797","0.08697032928466797","0.08697032928466797"
"2892","0.09630727767944336","0.09630727767944336","0.09630727767944336"
"2894","0.13330459594726562","0.13330459594726562","0.13330459594726562"
"2896","0.0721750259399414","0.0721750259399414","0.0721750259399414"
"2898","0.0582122802734375","0.0582122802734375","0.0582122802734375"
"2900","0.07631301879882812","0.07631301879882812","0.07631301879882812"
"2902","0.08026111125946045","0.08026111125946045","0.08026111125946045"
"2904","0.07395696640014648","0.07395696640014648","0.07395696640014648"
"2906","0.11418342590332031","0.11418342590332031","0.11418342590332031"
"2908","0.06517744064331055","0.06517744064331055","0.06517744064331055"
"2910","0.13540077209472656","0.13540077209472656","0.13540077209472656"
"2912","0.09369087219238281","0.09369087219238281","0.09369087219238281"
"2914","0.057631492614746094","0.057631492614746094","0.057631492614746094"
"2916","0.07872200012207031","0.07872200012207031","0.07872200012207031"
"2918","0.08891010284423828","0.08891010284423828","0.08891010284423828"
"2920","0.12982404232025146","0.12982404232025146","0.12982404232025146"
"2922","0.07065582275390625","0.07065582275390625","0.07065582275390625"
"2924","0.10342788696289062","0.10342788696289062","0.10342788696289062"
"2926","0.07061082124710083","0.07061082124710083","0.07061082124710083"
"2928","0.08720779418945312","0.08720779418945312","0.08720779418945312"
"2930","0.0551990270614624","0.0551990270614624","0.0551990270614624"
"2932","0.229736328125","0.229736328125","0.229736328125"
"2934","0.07295465469360352","0.07295465469360352","0.07295465469360352"
"2936","0.08909130096435547","0.08909130096435547","0.08909130096435547"
"2938","0.07940936088562012","0.07940936088562012","0.07940936088562012"
"2940","0.09260094165802002","0.09260094165802002","0.09260094165802002"
"2942","0.0879356861114502","0.0879356861114502","0.0879356861114502"
"2944","0.1492297649383545","0.1492297649383545","0.1492297649383545"
"2946","0.1318817138671875","0.1318817138671875","0.1318817138671875"
"2948","0.07061600685119629","0.07061600685119629","0.07061600685119629"
"2950","0.0579032301902771","0.0579032301902771","0.0579032301902771"
"2952","0.07750391960144043","0.07750391960144043","0.07750391960144043"
"2954","0.08959436416625977","0.08959436416625977","0.08959436416625977"
"2956","0.036363184452056885","0.036363184452056885","0.036363184452056885"
"2958","0.09888315200805664","0.09888315200805664","0.09888315200805664"
"2960","0.1732192039489746","0.1732192039489746","0.1732192039489746"
"2962","0.09375381469726562","0.09375381469726562","0.09375381469726562"
"2964","0.07603263854980469","0.07603263854980469","0.07603263854980469"
"2966","0.0842893123626709","0.0842893123626709","0.0842893123626709"
"2968","0.09080243110656738","0.09080243110656738","0.09080243110656738"
"2970","0.03378701210021973","0.03378701210021973","0.03378701210021973"
"2972","0.1411905288696289","0.1411905288696289","0.1411905288696289"
"2974","0.08603286743164062","0.08603286743164062","0.08603286743164062"
"2976","0.09468972682952881","0.09468972682952881","0.09468972682952881"
"2978","0.18671607971191406","0.18671607971191406","0.18671607971191406"
"2980","0.09198951721191406","0.09198951721191406","0.09198951721191406"
"2982","0.0605316162109375","0.0605316162109375","0.0605316162109375"
"2984","0.12555885314941406","0.12555885314941406","0.12555885314941406"
"2986","0.1864299774169922","0.1864299774169922","0.1864299774169922"
"2988","0.09864473342895508","0.09864473342895508","0.09864473342895508"
"2990","0.14362621307373047","0.14362621307373047","0.14362621307373047"
"2992","0.04747581481933594","0.04747581481933594","0.04747581481933594"
"2994","0.14212989807128906","0.14212989807128906","0.14212989807128906"
"2996","0.07569122314453125","0.07569122314453125","0.07569122314453125"
"2998","0.06104278564453125","0.06104278564453125","0.06104278564453125"
"3000","0.10155940055847168","0.10155940055847168","0.10155940055847168"
"3002","0.08276557922363281","0.08276557922363281","0.08276557922363281"
"3004","0.08915519714355469","0.08915519714355469","0.08915519714355469"
"3006","0.07515192031860352","0.07515192031860352","0.07515192031860352"
"3011","0.09392499923706055","0.09392499923706055","0.09392499923706055"
"3013","0.12571001052856445","0.12571001052856445","0.12571001052856445"
"3015","0.06118655204772949","0.06118655204772949","0.06118655204772949"
"3017","0.058910369873046875","0.058910369873046875","0.058910369873046875"
"3019","0.06245994567871094","0.06245994567871094","0.06245994567871094"
"3021","0.12185919284820557","0.12185919284820557","0.12185919284820557"
"3023","0.08121109008789062","0.08121109008789062","0.08121109008789062"
"3025","0.047736167907714844","0.047736167907714844","0.047736167907714844"
"3027","0.06316566467285156","0.06316566467285156","0.06316566467285156"
"3029","0.1397247314453125","0.1397247314453125","0.1397247314453125"
"3031","0.10195159912109375","0.10195159912109375","0.10195159912109375"
"3033","0.087615966796875","0.087615966796875","0.087615966796875"
"3035","0.11858320236206055","0.11858320236206055","0.11858320236206055"
"3037","0.06931686401367188","0.06931686401367188","0.06931686401367188"
"3039","0.07843589782714844","0.07843589782714844","0.07843589782714844"
"3041","0.1442737579345703","0.1442737579345703","0.1442737579345703"
"3043","0.12639999389648438","0.12639999389648438","0.12639999389648438"
"3045","0.08675503730773926","0.08675503730773926","0.08675503730773926"
"3047","0.07972049713134766","0.07972049713134766","0.07972049713134766"
"3049","0.11004924774169922","0.11004924774169922","0.11004924774169922"
"3051","0.10935592651367188","0.10935592651367188","0.10935592651367188"
"3053","0.047107696533203125","0.047107696533203125","0.047107696533203125"
"3055","0.09161090850830078","0.09161090850830078","0.09161090850830078"
"3057","0.07928276062011719","0.07928276062011719","0.07928276062011719"
"3059","0.10680055618286133","0.10680055618286133","0.10680055618286133"
"3061","0.11586952209472656","0.11586952209472656","0.11586952209472656"
"3063","0.11610698699951172","0.11610698699951172","0.11610698699951172"
"3065","0.06300544738769531","0.06300544738769531","0.06300544738769531"
"3067","0.04625988006591797","0.04625988006591797","0.04625988006591797"
"3069","0.03697061538696289","0.03697061538696289","0.03697061538696289"
"3071","0.05168914794921875","0.05168914794921875","0.05168914794921875"
"3073","0.03948974609375","0.03948974609375","0.03948974609375"
"3075","0.11318111419677734","0.11318111419677734","0.11318111419677734"
"3077","0.06226348876953125","0.06226348876953125","0.06226348876953125"
"3079","0.07140016555786133","0.07140016555786133","0.07140016555786133"
"3081","0.10724067687988281","0.10724067687988281","0.10724067687988281"
"3083","0.08536529541015625","0.08536529541015625","0.08536529541015625"
"3085","0.10422706604003906","0.10422706604003906","0.10422706604003906"
"3087","0.09861564636230469","0.09861564636230469","0.09861564636230469"
"3089","0.1250438690185547","0.1250438690185547","0.1250438690185547"
"3091","0.10293388366699219","0.10293388366699219","0.10293388366699219"
"3093","0.08847713470458984","0.08847713470458984","0.08847713470458984"
"3095","0.06975364685058594","0.06975364685058594","0.06975364685058594"
"3097","0.06501960754394531","0.06501960754394531","0.06501960754394531"
"3099","0.0567021369934082","0.0567021369934082","0.0567021369934082"
"3101","0.03620719909667969","0.03620719909667969","0.03620719909667969"
"3103","0.09722137451171875","0.09722137451171875","0.09722137451171875"
"3105","0.07607460021972656","0.07607460021972656","0.07607460021972656"
"3107","0.0864400863647461","0.0864400863647461","0.0864400863647461"
"3109","0.052394866943359375","0.052394866943359375","0.052394866943359375"
"3111","0.09537601470947266","0.09537601470947266","0.09537601470947266"
"3113","0.08868122100830078","0.08868122100830078","0.08868122100830078"
"3115","0.12705421447753906","0.12705421447753906","0.12705421447753906"
"3117","0.07188034057617188","0.07188034057617188","0.07188034057617188"
"3119","0.0736551284790039","0.0736551284790039","0.0736551284790039"
"3121","0.10195255279541016","0.10195255279541016","0.10195255279541016"
"3123","0.13515758514404297","0.13515758514404297","0.13515758514404297"
"3125","0.07634544372558594","0.07634544372558594","0.07634544372558594"
"3127","0.11943244934082031","0.11943244934082031","0.11943244934082031"
"3129","0.09618878364562988","0.09618878364562988","0.09618878364562988"
"3131","0.046875596046447754","0.046875596046447754","0.046875596046447754"
"3133","0.058095335960388184","0.058095335960388184","0.058095335960388184"
"3135","0.09525108337402344","0.09525108337402344","0.09525108337402344"
"3137","0.05602693557739258","0.05602693557739258","0.05602693557739258"
"3139","0.08075094223022461","0.08075094223022461","0.08075094223022461"
"3141","0.048152148723602295","0.048152148723602295","0.048152148723602295"
"3143","0.06321287155151367","0.06321287155151367","0.06321287155151367"
"3145","0.10822343826293945","0.10822343826293945","0.10822343826293945"
"3147","0.07896316051483154","0.07896316051483154","0.07896316051483154"
"3149","0.06527233123779297","0.06527233123779297","0.06527233123779297"
"3151","0.05989408493041992","0.05989408493041992","0.05989408493041992"
"3153","0.15125274658203125","0.15125274658203125","0.15125274658203125"
"3155","0.10019612312316895","0.10019612312316895","0.10019612312316895"
"3157","0.105194091796875","0.105194091796875","0.105194091796875"
"3159","0.08121681213378906","0.08121681213378906","0.08121681213378906"
"3161","0.08336877822875977","0.08336877822875977","0.08336877822875977"
"3163","0.1372833251953125","0.1372833251953125","0.1372833251953125"
"3165","0.057682037353515625","0.057682037353515625","0.057682037353515625"
"3167","0.16444766521453857","0.16444766521453857","0.16444766521453857"
"3169","0.06341290473937988","0.06341290473937988","0.06341290473937988"
"3171","0.09391498565673828","0.09391498565673828","0.09391498565673828"
"3173","0.09297561645507812","0.09297561645507812","0.09297561645507812"
"3175","0.055642127990722656","0.055642127990722656","0.055642127990722656"
"3177","0.10364151000976562","0.10364151000976562","0.10364151000976562"
"3179","0.06793880462646484","0.06793880462646484","0.06793880462646484"
"3181","0.10440635681152344","0.10440635681152344","0.10440635681152344"
"3183","0.14283370971679688","0.14283370971679688","0.14283370971679688"
"3185","0.14997100830078125","0.14997100830078125","0.14997100830078125"
"3187","0.05306053161621094","0.05306053161621094","0.05306053161621094"
"3189","0.2198638916015625","0.2198638916015625","0.2198638916015625"
"3191","0.10162901878356934","0.10162901878356934","0.10162901878356934"
"3193","0.05930519104003906","0.05930519104003906","0.05930519104003906"
"3195","0.08710956573486328","0.08710956573486328","0.08710956573486328"
"3197","0.08878898620605469","0.08878898620605469","0.08878898620605469"
"3199","0.11070728302001953","0.11070728302001953","0.11070728302001953"
"3201","0.06967544555664062","0.06967544555664062","0.06967544555664062"
"3203","0.09064483642578125","0.09064483642578125","0.09064483642578125"
"3205","0.09823799133300781","0.09823799133300781","0.09823799133300781"
"3207","0.07410645484924316","0.07410645484924316","0.07410645484924316"
"3209","0.07403945922851562","0.07403945922851562","0.07403945922851562"
"3211","0.09197235107421875","0.09197235107421875","0.09197235107421875"
"3213","0.05918121337890625","0.05918121337890625","0.05918121337890625"
"3215","0.11574363708496094","0.11574363708496094","0.11574363708496094"
"3217","0.08837890625","0.08837890625","0.08837890625"
"3219","0.09228515625","0.09228515625","0.09228515625"
"3221","0.10895347595214844","0.10895347595214844","0.10895347595214844"
"3223","0.08114242553710938","0.08114242553710938","0.08114242553710938"
"3225","0.13303756713867188","0.13303756713867188","0.13303756713867188"
"3227","0.035685062408447266","0.035685062408447266","0.035685062408447266"
"3229","0.03507852554321289","0.03507852554321289","0.03507852554321289"
"3231","0.111846923828125","0.111846923828125","0.111846923828125"
"3233","0.1629018783569336","0.1629018783569336","0.1629018783569336"
"3235","0.05753469467163086","0.05753469467163086","0.05753469467163086"
"3237","0.08142280578613281","0.08142280578613281","0.08142280578613281"
"3239","0.06553268432617188","0.06553268432617188","0.06553268432617188"
"3241","0.013499736785888672","0.013499736785888672","0.013499736785888672"
"3243","0.11624526977539062","0.11624526977539062","0.11624526977539062"
"3245","0.0747079849243164","0.0747079849243164","0.0747079849243164"
"3247","0.06873291730880737","0.06873291730880737","0.06873291730880737"
"3249","0.11121463775634766","0.11121463775634766","0.11121463775634766"
"3251","0.05692481994628906","0.05692481994628906","0.05692481994628906"
"3253","0.16591262817382812","0.16591262817382812","0.16591262817382812"
"3255","0.15008544921875","0.15008544921875","0.15008544921875"
"3257","0.06776738166809082","0.06776738166809082","0.06776738166809082"
"3259","0.11353015899658203","0.11353015899658203","0.11353015899658203"
"3261","0.11803054809570312","0.11803054809570312","0.11803054809570312"
"3263","0.07147598266601562","0.07147598266601562","0.07147598266601562"
"3265","0.11798214912414551","0.11798214912414551","0.11798214912414551"
"3267","0.13276290893554688","0.13276290893554688","0.13276290893554688"
"3269","0.12880849838256836","0.12880849838256836","0.12880849838256836"
"3271","0.07343077659606934","0.07343077659606934","0.07343077659606934"
"3273","0.05967569351196289","0.05967569351196289","0.05967569351196289"
"3275","0.08151841163635254","0.08151841163635254","0.08151841163635254"
"3277","0.07313922047615051","0.07313922047615051","0.07313922047615051"
"3279","0.10923910140991211","0.10923910140991211","0.10923910140991211"
"3281","0.0880284309387207","0.0880284309387207","0.0880284309387207"
"3283","0.06304079294204712","0.06304079294204712","0.06304079294204712"
"3285","0.11874198913574219","0.11874198913574219","0.11874198913574219"
"3287","0.08659029006958008","0.08659029006958008","0.08659029006958008"
"3289","0.04633831977844238","0.04633831977844238","0.04633831977844238"
"3291","0.10586559772491455","0.10586559772491455","0.10586559772491455"
"3293","0.07684826850891113","0.07684826850891113","0.07684826850891113"
"3295","0.09127235412597656","0.09127235412597656","0.09127235412597656"
"3297","0.06842386722564697","0.06842386722564697","0.06842386722564697"
"3299","0.07650470733642578","0.07650470733642578","0.07650470733642578"
"3301","0.0780630111694336","0.0780630111694336","0.0780630111694336"
"3303","0.08087635040283203","0.08087635040283203","0.08087635040283203"
"3305","0.08690643310546875","0.08690643310546875","0.08690643310546875"
"3307","0.085174560546875","0.085174560546875","0.085174560546875"
"3309","0.06477165222167969","0.06477165222167969","0.06477165222167969"
"3311","0.06770467758178711","0.06770467758178711","0.06770467758178711"
"3313","0.10958576202392578","0.10958576202392578","0.10958576202392578"
"3315","0.06921935081481934","0.06921935081481934","0.06921935081481934"
"3317","0.05959606170654297","0.05959606170654297","0.05959606170654297"
"3319","0.09229087829589844","0.09229087829589844","0.09229087829589844"
"3321","0.08088397979736328","0.08088397979736328","0.08088397979736328"
"3323","0.08353805541992188","0.08353805541992188","0.08353805541992188"
"3325","0.07698440551757812","0.07698440551757812","0.07698440551757812"
"3327","0.069915771484375","0.069915771484375","0.069915771484375"
"3329","0.06492424011230469","0.06492424011230469","0.06492424011230469"
"3331","0.04801225662231445","0.04801225662231445","0.04801225662231445"
"3333","0.07267570495605469","0.07267570495605469","0.07267570495605469"
"3335","0.06392240524291992","0.06392240524291992","0.06392240524291992"
"3337","0.07999420166015625","0.07999420166015625","0.07999420166015625"
"3339","0.12951278686523438","0.12951278686523438","0.12951278686523438"
"3341","0.07577323913574219","0.07577323913574219","0.07577323913574219"
"3343","0.12492656707763672","0.12492656707763672","0.12492656707763672"
"3345","0.11276626586914062","0.11276626586914062","0.11276626586914062"
"3347","0.14606666564941406","0.14606666564941406","0.14606666564941406"
"3349","0.11067390441894531","0.11067390441894531","0.11067390441894531"
"3351","0.0690617561340332","0.0690617561340332","0.0690617561340332"
"3353","0.06030082702636719","0.06030082702636719","0.06030082702636719"
"3355","0.10272216796875","0.10272216796875","0.10272216796875"
"3357","0.04765129089355469","0.04765129089355469","0.04765129089355469"
"3359","0.09785103797912598","0.09785103797912598","0.09785103797912598"
"3361","0.06610298156738281","0.06610298156738281","0.06610298156738281"
"3363","0.05937671661376953","0.05937671661376953","0.05937671661376953"
"3365","0.06417274475097656","0.06417274475097656","0.06417274475097656"
"3367","0.06615090370178223","0.06615090370178223","0.06615090370178223"
"3369","0.07228803634643555","0.07228803634643555","0.07228803634643555"
"3371","0.0957489013671875","0.0957489013671875","0.0957489013671875"
"3373","0.10236167907714844","0.10236167907714844","0.10236167907714844"
"3375","0.06616592407226562","0.06616592407226562","0.06616592407226562"
"3377","0.07433080673217773","0.07433080673217773","0.07433080673217773"
"3379","0.037834882736206055","0.037834882736206055","0.037834882736206055"
"3381","0.10373353958129883","0.10373353958129883","0.10373353958129883"
"3383","0.04572105407714844","0.04572105407714844","0.04572105407714844"
"3385","0.05682373046875","0.05682373046875","0.05682373046875"
"3387","0.055531978607177734","0.055531978607177734","0.055531978607177734"
"3389","0.08349418640136719","0.08349418640136719","0.08349418640136719"
"3391","0.06592369079589844","0.06592369079589844","0.06592369079589844"
"3393","0.07375955581665039","0.07375955581665039","0.07375955581665039"
"3395","0.16294288635253906","0.16294288635253906","0.16294288635253906"
"3397","0.18988418579101562","0.18988418579101562","0.18988418579101562"
"3399","0.10948562622070312","0.10948562622070312","0.10948562622070312"
"3401","0.08571958541870117","0.08571958541870117","0.08571958541870117"
"3403","0.05011701583862305","0.05011701583862305","0.05011701583862305"
"3405","0.08591842651367188","0.08591842651367188","0.08591842651367188"
"3407","0.048424482345581055","0.048424482345581055","0.048424482345581055"
"3409","0.10193407535552979","0.10193407535552979","0.10193407535552979"
"3411","0.046679019927978516","0.046679019927978516","0.046679019927978516"
"3413","0.03461456298828125","0.03461456298828125","0.03461456298828125"
"3415","0.0503387451171875","0.0503387451171875","0.0503387451171875"
"3417","0.13480281829833984","0.13480281829833984","0.13480281829833984"
"3419","0.04403209686279297","0.04403209686279297","0.04403209686279297"
"3421","0.055681705474853516","0.055681705474853516","0.055681705474853516"
"3423","0.07820320129394531","0.07820320129394531","0.07820320129394531"
"3425","0.10015404224395752","0.10015404224395752","0.10015404224395752"
"3427","0.0981149673461914","0.0981149673461914","0.0981149673461914"
"3429","0.10445404052734375","0.10445404052734375","0.10445404052734375"
"3431","0.07593059539794922","0.07593059539794922","0.07593059539794922"
"3433","0.11854708194732666","0.11854708194732666","0.11854708194732666"
"3435","0.06072807312011719","0.06072807312011719","0.06072807312011719"
"3437","0.05187368392944336","0.05187368392944336","0.05187368392944336"
"3439","0.07646012306213379","0.07646012306213379","0.07646012306213379"
"3441","0.05022430419921875","0.05022430419921875","0.05022430419921875"
"3443","0.08532571792602539","0.08532571792602539","0.08532571792602539"
"3445","0.04739236831665039","0.04739236831665039","0.04739236831665039"
"3447","0.08056724071502686","0.08056724071502686","0.08056724071502686"
"3449","0.03322005271911621","0.03322005271911621","0.03322005271911621"
"3451","0.05009937286376953","0.05009937286376953","0.05009937286376953"
"3453","0.06541824340820312","0.06541824340820312","0.06541824340820312"
"3455","0.04986095428466797","0.04986095428466797","0.04986095428466797"
"3457","0.05480384826660156","0.05480384826660156","0.05480384826660156"
"3459","0.08128547668457031","0.08128547668457031","0.08128547668457031"
"3461","0.08377265930175781","0.08377265930175781","0.08377265930175781"
"3463","0.04766654968261719","0.04766654968261719","0.04766654968261719"
"3465","0.04417824745178223","0.04417824745178223","0.04417824745178223"
"3467","0.11479854583740234","0.11479854583740234","0.11479854583740234"
"3469","0.04194355010986328","0.04194355010986328","0.04194355010986328"
"3474","0.062408447265625","0.062408447265625","0.062408447265625"
"3476","0.07010412216186523","0.07010412216186523","0.07010412216186523"
"3478","0.05570840835571289","0.05570840835571289","0.05570840835571289"
"3480","0.05752849578857422","0.05752849578857422","0.05752849578857422"
"3482","0.07628011703491211","0.07628011703491211","0.07628011703491211"
"3484","0.05806076526641846","0.05806076526641846","0.05806076526641846"
"3486","0.0370790958404541","0.0370790958404541","0.0370790958404541"
"3488","0.04090404510498047","0.04090404510498047","0.04090404510498047"
"3490","0.0587921142578125","0.0587921142578125","0.0587921142578125"
"3492","0.07117509841918945","0.07117509841918945","0.07117509841918945"
"3494","0.061430931091308594","0.061430931091308594","0.061430931091308594"
"3496","0.06534099578857422","0.06534099578857422","0.06534099578857422"
"3498","0.06394815444946289","0.06394815444946289","0.06394815444946289"
"3500","0.09651756286621094","0.09651756286621094","0.09651756286621094"
"3502","0.10627412796020508","0.10627412796020508","0.10627412796020508"
"3504","0.06638193130493164","0.06638193130493164","0.06638193130493164"
"3506","0.06855392456054688","0.06855392456054688","0.06855392456054688"
"3508","0.04199695587158203","0.04199695587158203","0.04199695587158203"
"3510","0.054421424865722656","0.054421424865722656","0.054421424865722656"
"3512","0.05951499938964844","0.05951499938964844","0.05951499938964844"
"3514","0.0831415057182312","0.0831415057182312","0.0831415057182312"
"3516","0.07152938842773438","0.07152938842773438","0.07152938842773438"
"3518","0.03461265563964844","0.03461265563964844","0.03461265563964844"
"3520","0.038738250732421875","0.038738250732421875","0.038738250732421875"
"3522","0.04093587398529053","0.04093587398529053","0.04093587398529053"
"3524","0.05682992935180664","0.05682992935180664","0.05682992935180664"
"3526","0.050753116607666016","0.050753116607666016","0.050753116607666016"
"3528","0.05651162564754486","0.05651162564754486","0.05651162564754486"
"3530","0.051225483417510986","0.051225483417510986","0.051225483417510986"
"3532","0.10398578643798828","0.10398578643798828","0.10398578643798828"
"3534","0.0638037919998169","0.0638037919998169","0.0638037919998169"
"3536","0.05981791019439697","0.05981791019439697","0.05981791019439697"
"3538","0.1271982192993164","0.1271982192993164","0.1271982192993164"
"3540","0.0834817886352539","0.0834817886352539","0.0834817886352539"
"3542","0.19651031494140625","0.19651031494140625","0.19651031494140625"
"3544","0.04006528854370117","0.04006528854370117","0.04006528854370117"
"3546","0.07871079444885254","0.07871079444885254","0.07871079444885254"
"3548","0.119110107421875","0.119110107421875","0.119110107421875"
"3550","0.011563345789909363","0.011563345789909363","0.011563345789909363"
"3552","0.049121856689453125","0.049121856689453125","0.049121856689453125"
"3554","0.10510730743408203","0.10510730743408203","0.10510730743408203"
"3556","0.10619926452636719","0.10619926452636719","0.10619926452636719"
"3558","0.0729154646396637","0.0729154646396637","0.0729154646396637"
"3560","0.05481612682342529","0.05481612682342529","0.05481612682342529"
"3562","0.071322500705719","0.071322500705719","0.071322500705719"
"3564","0.03921973705291748","0.03921973705291748","0.03921973705291748"
"3566","0.06515026092529297","0.06515026092529297","0.06515026092529297"
"3568","0.13878631591796875","0.13878631591796875","0.13878631591796875"
"3570","0.021980881690979004","0.021980881690979004","0.021980881690979004"
"3572","0.03919041156768799","0.03919041156768799","0.03919041156768799"
"3574","0.06434106826782227","0.06434106826782227","0.06434106826782227"
"3576","0.09471988677978516","0.09471988677978516","0.09471988677978516"
"3578","0.06050872802734375","0.06050872802734375","0.06050872802734375"
"3580","0.07366585731506348","0.07366585731506348","0.07366585731506348"
"3582","0.05987173318862915","0.05987173318862915","0.05987173318862915"
"3584","0.10246753692626953","0.10246753692626953","0.10246753692626953"
"3586","0.07966923713684082","0.07966923713684082","0.07966923713684082"
"3588","0.09238290786743164","0.09238290786743164","0.09238290786743164"
"3590","0.06797242164611816","0.06797242164611816","0.06797242164611816"
"3592","0.10269832611083984","0.10269832611083984","0.10269832611083984"
"3594","0.08041119575500488","0.08041119575500488","0.08041119575500488"
"3596","0.15012168884277344","0.15012168884277344","0.15012168884277344"
"3598","0.10917830467224121","0.10917830467224121","0.10917830467224121"
"3600","0.06536149978637695","0.06536149978637695","0.06536149978637695"
"3602","0.07119607925415039","0.07119607925415039","0.07119607925415039"
"3604","0.03750324249267578","0.03750324249267578","0.03750324249267578"
"3606","0.11045122146606445","0.11045122146606445","0.11045122146606445"
"3608","0.029586076736450195","0.029586076736450195","0.029586076736450195"
"3610","0.11670929193496704","0.11670929193496704","0.11670929193496704"
"3612","0.0794839859008789","0.0794839859008789","0.0794839859008789"
"3614","0.09440994262695312","0.09440994262695312","0.09440994262695312"
"3616","0.1491842269897461","0.1491842269897461","0.1491842269897461"
"3618","0.0829620361328125","0.0829620361328125","0.0829620361328125"
"3620","0.07546591758728027","0.07546591758728027","0.07546591758728027"
"3622","0.07117938995361328","0.07117938995361328","0.07117938995361328"
"3624","0.044586360454559326","0.044586360454559326","0.044586360454559326"
"3626","0.09880638122558594","0.09880638122558594","0.09880638122558594"
"3628","0.09239685535430908","0.09239685535430908","0.09239685535430908"
"3630","0.07943236827850342","0.07943236827850342","0.07943236827850342"
"3632","0.11586666107177734","0.11586666107177734","0.11586666107177734"
"3634","0.10733199119567871","0.10733199119567871","0.10733199119567871"
"3636","0.11417639255523682","0.11417639255523682","0.11417639255523682"
"3638","0.10253643989562988","0.10253643989562988","0.10253643989562988"
"3640","0.12429919838905334","0.12429919838905334","0.12429919838905334"
"3642","0.058658167719841","0.058658167719841","0.058658167719841"
"3644","0.09087185561656952","0.09087185561656952","0.09087185561656952"
"3646","0.16523094475269318","0.16523094475269318","0.16523094475269318"
"3648","0.19217681884765625","0.19217681884765625","0.19217681884765625"
"3650","0.05894160270690918","0.05894160270690918","0.05894160270690918"
"3652","0.00699770450592041","0.00699770450592041","0.00699770450592041"
"3654","0.02828073501586914","0.02828073501586914","0.02828073501586914"
"3656","0.07195603847503662","0.07195603847503662","0.07195603847503662"
"3658","0.08281612396240234","0.08281612396240234","0.08281612396240234"
"3660","0.07892262935638428","0.07892262935638428","0.07892262935638428"
"3662","0.0908045768737793","0.0908045768737793","0.0908045768737793"
"3664","0.10079449415206909","0.10079449415206909","0.10079449415206909"
"3666","0.08765298873186111","0.08765298873186111","0.08765298873186111"
"3668","0.0883188247680664","0.0883188247680664","0.0883188247680664"
"3670","0.07824468612670898","0.07824468612670898","0.07824468612670898"
"3672","0.0421452522277832","0.0421452522277832","0.0421452522277832"
"3674","0.08350753784179688","0.08350753784179688","0.08350753784179688"
"3676","0.1011810302734375","0.1011810302734375","0.1011810302734375"
"3678","0.08611297607421875","0.08611297607421875","0.08611297607421875"
"3680","0.05146074295043945","0.05146074295043945","0.05146074295043945"
"3682","0.029917597770690918","0.029917597770690918","0.029917597770690918"
"3684","0.050041794776916504","0.050041794776916504","0.050041794776916504"
"3686","0.12311792373657227","0.12311792373657227","0.12311792373657227"
"3688","0.08229589462280273","0.08229589462280273","0.08229589462280273"
"3690","0.09568595886230469","0.09568595886230469","0.09568595886230469"
"3692","0.07274627685546875","0.07274627685546875","0.07274627685546875"
"3694","0.1094980239868164","0.1094980239868164","0.1094980239868164"
"3696","0.0955648422241211","0.0955648422241211","0.0955648422241211"
"3698","0.07369518280029297","0.07369518280029297","0.07369518280029297"
"3700","0.1506805419921875","0.1506805419921875","0.1506805419921875"
"3702","0.10887432098388672","0.10887432098388672","0.10887432098388672"
"3704","0.10006141662597656","0.10006141662597656","0.10006141662597656"
"3706","0.07973003387451172","0.07973003387451172","0.07973003387451172"
"3708","0.07108831405639648","0.07108831405639648","0.07108831405639648"
"3710","0.06326878070831299","0.06326878070831299","0.06326878070831299"
"3712","0.06334400177001953","0.06334400177001953","0.06334400177001953"
"3714","0.06643915176391602","0.06643915176391602","0.06643915176391602"
"3716","0.07165718078613281","0.07165718078613281","0.07165718078613281"
"3718","0.08118152618408203","0.08118152618408203","0.08118152618408203"
"3720","0.07922124862670898","0.07922124862670898","0.07922124862670898"
"3722","0.1599597930908203","0.1599597930908203","0.1599597930908203"
"3724","0.045070648193359375","0.045070648193359375","0.045070648193359375"
"3726","0.05593419075012207","0.05593419075012207","0.05593419075012207"
"3728","0.08061647415161133","0.08061647415161133","0.08061647415161133"
"3730","0.0651397705078125","0.0651397705078125","0.0651397705078125"
"3732","0.09348106384277344","0.09348106384277344","0.09348106384277344"
"3734","0.1616191864013672","0.1616191864013672","0.1616191864013672"
"3736","0.06746780872344971","0.06746780872344971","0.06746780872344971"
"3738","0.04154205322265625","0.04154205322265625","0.04154205322265625"
"3740","0.06224250793457031","0.06224250793457031","0.06224250793457031"
"3742","0.0691990852355957","0.0691990852355957","0.0691990852355957"
"3744","0.10672378540039062","0.10672378540039062","0.10672378540039062"
"3746","0.05499458312988281","0.05499458312988281","0.05499458312988281"
"3748","0.05684006214141846","0.05684006214141846","0.05684006214141846"
"3750","0.0576481819152832","0.0576481819152832","0.0576481819152832"
"3752","0.09360074996948242","0.09360074996948242","0.09360074996948242"
"3754","0.06471061706542969","0.06471061706542969","0.06471061706542969"
"3756","0.06999969482421875","0.06999969482421875","0.06999969482421875"
"3758","0.07530498504638672","0.07530498504638672","0.07530498504638672"
"3760","0.12091350555419922","0.12091350555419922","0.12091350555419922"
"3762","0.10855865478515625","0.10855865478515625","0.10855865478515625"
"3764","0.052891314029693604","0.052891314029693604","0.052891314029693604"
"3766","0.08029383420944214","0.08029383420944214","0.08029383420944214"
"3768","0.0669405460357666","0.0669405460357666","0.0669405460357666"
"3770","0.10024228692054749","0.10024228692054749","0.10024228692054749"
"3772","0.053119659423828125","0.053119659423828125","0.053119659423828125"
"3774","0.08017587661743164","0.08017587661743164","0.08017587661743164"
"3776","0.08273887634277344","0.08273887634277344","0.08273887634277344"
"3778","0.06363821029663086","0.06363821029663086","0.06363821029663086"
"3780","0.03497600555419922","0.03497600555419922","0.03497600555419922"
"3782","0.08722448348999023","0.08722448348999023","0.08722448348999023"
"3784","0.1307392120361328","0.1307392120361328","0.1307392120361328"
"3786","0.04363536834716797","0.04363536834716797","0.04363536834716797"
"3788","0.08748626708984375","0.08748626708984375","0.08748626708984375"
"3790","0.05269217491149902","0.05269217491149902","0.05269217491149902"
"3792","0.052170515060424805","0.052170515060424805","0.052170515060424805"
"3794","0.08602428436279297","0.08602428436279297","0.08602428436279297"
"3796","0.07524073123931885","0.07524073123931885","0.07524073123931885"
"3798","0.06836605072021484","0.06836605072021484","0.06836605072021484"
"3800","0.07329940795898438","0.07329940795898438","0.07329940795898438"
"3802","0.05088090896606445","0.05088090896606445","0.05088090896606445"
"3804","0.06281232833862305","0.06281232833862305","0.06281232833862305"
"3806","0.08905029296875","0.08905029296875","0.08905029296875"
"3808","0.08585059642791748","0.08585059642791748","0.08585059642791748"
"3810","0.059648990631103516","0.059648990631103516","0.059648990631103516"
"3812","0.10070037841796875","0.10070037841796875","0.10070037841796875"
"3814","0.07015037536621094","0.07015037536621094","0.07015037536621094"
"3816","0.09392964839935303","0.09392964839935303","0.09392964839935303"
"3818","0.0382075309753418","0.0382075309753418","0.0382075309753418"
"3820","0.06845009326934814","0.06845009326934814","0.06845009326934814"
"3822","0.08295917510986328","0.08295917510986328","0.08295917510986328"
"3824","0.06835651397705078","0.06835651397705078","0.06835651397705078"
"3826","0.08559799194335938","0.08559799194335938","0.08559799194335938"
"3828","0.21787023544311523","0.21787023544311523","0.21787023544311523"
"3830","0.09913444519042969","0.09913444519042969","0.09913444519042969"
"3832","0.0774688720703125","0.0774688720703125","0.0774688720703125"
"3834","0.047412872314453125","0.047412872314453125","0.047412872314453125"
"3836","0.08929359912872314","0.08929359912872314","0.08929359912872314"
"3838","0.12207603454589844","0.12207603454589844","0.12207603454589844"
"3840","0.08574533462524414","0.08574533462524414","0.08574533462524414"
"3842","0.08629989624023438","0.08629989624023438","0.08629989624023438"
"3844","0.07993125915527344","0.07993125915527344","0.07993125915527344"
"3846","0.06614875793457031","0.06614875793457031","0.06614875793457031"
"3848","0.10125923156738281","0.10125923156738281","0.10125923156738281"
"3850","0.06742572784423828","0.06742572784423828","0.06742572784423828"
"3852","0.041774749755859375","0.041774749755859375","0.041774749755859375"
"3854","0.1305093765258789","0.1305093765258789","0.1305093765258789"
"3856","0.11940574645996094","0.11940574645996094","0.11940574645996094"
"3858","0.1145172119140625","0.1145172119140625","0.1145172119140625"
"3860","0.08978080749511719","0.08978080749511719","0.08978080749511719"
"3862","0.09939002990722656","0.09939002990722656","0.09939002990722656"
"3864","0.0756673812866211","0.0756673812866211","0.0756673812866211"
"3866","0.07083797454833984","0.07083797454833984","0.07083797454833984"
"3868","0.062287330627441406","0.062287330627441406","0.062287330627441406"
"3870","0.07472944259643555","0.07472944259643555","0.07472944259643555"
"3872","0.0995941162109375","0.0995941162109375","0.0995941162109375"
"3874","0.06354331970214844","0.06354331970214844","0.06354331970214844"
"3876","0.06667423248291016","0.06667423248291016","0.06667423248291016"
"3878","0.09627342224121094","0.09627342224121094","0.09627342224121094"
"3880","0.10414981842041016","0.10414981842041016","0.10414981842041016"
"3882","0.10864710807800293","0.10864710807800293","0.10864710807800293"
"3884","0.09770870208740234","0.09770870208740234","0.09770870208740234"
"3886","0.06670951843261719","0.06670951843261719","0.06670951843261719"
"3888","0.12725591659545898","0.12725591659545898","0.12725591659545898"
"3890","0.06252217292785645","0.06252217292785645","0.06252217292785645"
"3892","0.04395115375518799","0.04395115375518799","0.04395115375518799"
"3894","0.08907651901245117","0.08907651901245117","0.08907651901245117"
"3896","0.08705586194992065","0.08705586194992065","0.08705586194992065"
"3898","0.04705238342285156","0.04705238342285156","0.04705238342285156"
"3900","0.03931999206542969","0.03931999206542969","0.03931999206542969"
"3902","0.07881447672843933","0.07881447672843933","0.07881447672843933"
"3904","0.10659980773925781","0.10659980773925781","0.10659980773925781"
"3906","0.06518745422363281","0.06518745422363281","0.06518745422363281"
"3908","0.1553630828857422","0.1553630828857422","0.1553630828857422"
"3910","0.08694028854370117","0.08694028854370117","0.08694028854370117"
"3912","0.10108566284179688","0.10108566284179688","0.10108566284179688"
"3914","0.04792553186416626","0.04792553186416626","0.04792553186416626"
"3916","0.07533979415893555","0.07533979415893555","0.07533979415893555"
"3918","0.14221572875976562","0.14221572875976562","0.14221572875976562"
"3920","0.13798975944519043","0.13798975944519043","0.13798975944519043"
"3922","0.08380961418151855","0.08380961418151855","0.08380961418151855"
"3924","0.04900503158569336","0.04900503158569336","0.04900503158569336"
"3926","0.21539688110351562","0.21539688110351562","0.21539688110351562"
"3928","0.03202778100967407","0.03202778100967407","0.03202778100967407"
"3930","0.09688711166381836","0.09688711166381836","0.09688711166381836"
"3932","0.10454702377319336","0.10454702377319336","0.10454702377319336"
"3937","0.07837474346160889","0.07837474346160889","0.07837474346160889"
"3939","0.13370227813720703","0.13370227813720703","0.13370227813720703"
"3941","0.06335282325744629","0.06335282325744629","0.06335282325744629"
"3943","0.0672607421875","0.0672607421875","0.0672607421875"
"3945","0.07033824920654297","0.07033824920654297","0.07033824920654297"
"3947","0.07862281799316406","0.07862281799316406","0.07862281799316406"
"3949","0.04589223861694336","0.04589223861694336","0.04589223861694336"
"3951","0.09939289093017578","0.09939289093017578","0.09939289093017578"
"3953","0.116973876953125","0.116973876953125","0.116973876953125"
"3955","0.05213421583175659","0.05213421583175659","0.05213421583175659"
"3957","0.06854581832885742","0.06854581832885742","0.06854581832885742"
"3959","0.05791616439819336","0.05791616439819336","0.05791616439819336"
"3961","0.05386519432067871","0.05386519432067871","0.05386519432067871"
"3963","0.06891918182373047","0.06891918182373047","0.06891918182373047"
"3965","0.11643600463867188","0.11643600463867188","0.11643600463867188"
"3967","0.037899017333984375","0.037899017333984375","0.037899017333984375"
"3969","0.0720357894897461","0.0720357894897461","0.0720357894897461"
"3971","0.04682731628417969","0.04682731628417969","0.04682731628417969"
"3973","0.07758879661560059","0.07758879661560059","0.07758879661560059"
"3975","0.05756950378417969","0.05756950378417969","0.05756950378417969"
"3977","0.05500030517578125","0.05500030517578125","0.05500030517578125"
"3979","0.08516502380371094","0.08516502380371094","0.08516502380371094"
"3981","0.08624458312988281","0.08624458312988281","0.08624458312988281"
"3983","0.04168415069580078","0.04168415069580078","0.04168415069580078"
"3985","0.05033111572265625","0.05033111572265625","0.05033111572265625"
"3987","0.04425334930419922","0.04425334930419922","0.04425334930419922"
"3989","0.08434677124023438","0.08434677124023438","0.08434677124023438"
"3991","0.07522106170654297","0.07522106170654297","0.07522106170654297"
"3993","0.038771629333496094","0.038771629333496094","0.038771629333496094"
"3995","0.04230690002441406","0.04230690002441406","0.04230690002441406"
"3997","0.08513069152832031","0.08513069152832031","0.08513069152832031"
"3999","0.18576785922050476","0.18576785922050476","0.18576785922050476"
"4001","0.039583683013916016","0.039583683013916016","0.039583683013916016"
"4003","0.047081947326660156","0.047081947326660156","0.047081947326660156"
"4005","0.10361671447753906","0.10361671447753906","0.10361671447753906"
"4007","0.10148811340332031","0.10148811340332031","0.10148811340332031"
"4009","0.03988170623779297","0.03988170623779297","0.03988170623779297"
"4011","0.07662391662597656","0.07662391662597656","0.07662391662597656"
"4013","0.0646592378616333","0.0646592378616333","0.0646592378616333"
"4015","0.10163497924804688","0.10163497924804688","0.10163497924804688"
"4017","0.11885762214660645","0.11885762214660645","0.11885762214660645"
"4019","0.07434988021850586","0.07434988021850586","0.07434988021850586"
"4021","0.05615949630737305","0.05615949630737305","0.05615949630737305"
"4023","0.11400222778320312","0.11400222778320312","0.11400222778320312"
"4025","0.12047195434570312","0.12047195434570312","0.12047195434570312"
"4027","0.09149837493896484","0.09149837493896484","0.09149837493896484"
"4029","0.09430381655693054","0.09430381655693054","0.09430381655693054"
"4031","0.09452247619628906","0.09452247619628906","0.09452247619628906"
"4033","0.030910253524780273","0.030910253524780273","0.030910253524780273"
"4035","0.10077095031738281","0.10077095031738281","0.10077095031738281"
"4037","0.0759134292602539","0.0759134292602539","0.0759134292602539"
"4039","0.06432509422302246","0.06432509422302246","0.06432509422302246"
"4041","0.09123420715332031","0.09123420715332031","0.09123420715332031"
"4043","0.06274890899658203","0.06274890899658203","0.06274890899658203"
"4045","0.039656639099121094","0.039656639099121094","0.039656639099121094"
"4047","0.053318023681640625","0.053318023681640625","0.053318023681640625"
"4049","0.05481290817260742","0.05481290817260742","0.05481290817260742"
"4051","0.11035442352294922","0.11035442352294922","0.11035442352294922"
"4053","0.13469409942626953","0.13469409942626953","0.13469409942626953"
"4055","0.1013193130493164","0.1013193130493164","0.1013193130493164"
"4057","0.04805755615234375","0.04805755615234375","0.04805755615234375"
"4059","0.10253733396530151","0.10253733396530151","0.10253733396530151"
"4061","0.039685845375061035","0.039685845375061035","0.039685845375061035"
"4063","0.0876932144165039","0.0876932144165039","0.0876932144165039"
"4065","0.06110435724258423","0.06110435724258423","0.06110435724258423"
"4067","0.07905149459838867","0.07905149459838867","0.07905149459838867"
"4069","0.06492805480957031","0.06492805480957031","0.06492805480957031"
"4071","0.08503389358520508","0.08503389358520508","0.08503389358520508"
"4073","0.06810235977172852","0.06810235977172852","0.06810235977172852"
"4075","0.07558441162109375","0.07558441162109375","0.07558441162109375"
"4077","0.09502792358398438","0.09502792358398438","0.09502792358398438"
"4079","0.058441996574401855","0.058441996574401855","0.058441996574401855"
"4081","0.048249244689941406","0.048249244689941406","0.048249244689941406"
"4083","0.08592796325683594","0.08592796325683594","0.08592796325683594"
"4085","0.08574771881103516","0.08574771881103516","0.08574771881103516"
"4087","0.034517526626586914","0.034517526626586914","0.034517526626586914"
"4089","0.040808677673339844","0.040808677673339844","0.040808677673339844"
"4091","0.05592536926269531","0.05592536926269531","0.05592536926269531"
"4093","0.06764459609985352","0.06764459609985352","0.06764459609985352"
"4095","0.0441131591796875","0.0441131591796875","0.0441131591796875"
"4097","0.09517860412597656","0.09517860412597656","0.09517860412597656"
"4099","0.058533430099487305","0.058533430099487305","0.058533430099487305"
"4101","0.05619955062866211","0.05619955062866211","0.05619955062866211"
"4103","0.05531883239746094","0.05531883239746094","0.05531883239746094"
"4105","0.05861663818359375","0.05861663818359375","0.05861663818359375"
"4107","0.06615161895751953","0.06615161895751953","0.06615161895751953"
"4109","0.02014303207397461","0.02014303207397461","0.02014303207397461"
"4111","0.11831951141357422","0.11831951141357422","0.11831951141357422"
"4113","0.0706472396850586","0.0706472396850586","0.0706472396850586"
"4115","0.03865683078765869","0.03865683078765869","0.03865683078765869"
"4117","0.07597136497497559","0.07597136497497559","0.07597136497497559"
"4119","0.07601642608642578","0.07601642608642578","0.07601642608642578"
"4121","0.0755147933959961","0.0755147933959961","0.0755147933959961"
"4123","0.0687369704246521","0.0687369704246521","0.0687369704246521"
"4125","0.05388295650482178","0.05388295650482178","0.05388295650482178"
"4127","0.11247450113296509","0.11247450113296509","0.11247450113296509"
"4129","0.0759735107421875","0.0759735107421875","0.0759735107421875"
"4131","0.09938573837280273","0.09938573837280273","0.09938573837280273"
"4133","0.021404385566711426","0.021404385566711426","0.021404385566711426"
"4135","0.09725189208984375","0.09725189208984375","0.09725189208984375"
"4137","0.09373831748962402","0.09373831748962402","0.09373831748962402"
"4139","0.10641002655029297","0.10641002655029297","0.10641002655029297"
"4141","0.05395162105560303","0.05395162105560303","0.05395162105560303"
"4143","0.10593318939208984","0.10593318939208984","0.10593318939208984"
"4145","0.015811920166015625","0.015811920166015625","0.015811920166015625"
"4147","0.12266436219215393","0.12266436219215393","0.12266436219215393"
"4149","0.10011541843414307","0.10011541843414307","0.10011541843414307"
"4151","0.04331064224243164","0.04331064224243164","0.04331064224243164"
"4153","0.020929813385009766","0.020929813385009766","0.020929813385009766"
"4155","0.049190521240234375","0.049190521240234375","0.049190521240234375"
"4157","0.09108877182006836","0.09108877182006836","0.09108877182006836"
"4159","0.11749267578125","0.11749267578125","0.11749267578125"
"4161","0.12436783313751221","0.12436783313751221","0.12436783313751221"
"4163","0.07404947280883789","0.07404947280883789","0.07404947280883789"
"4165","0.04345977306365967","0.04345977306365967","0.04345977306365967"
"4167","0.09295767545700073","0.09295767545700073","0.09295767545700073"
"4169","0.06797230243682861","0.06797230243682861","0.06797230243682861"
"4171","0.07236379384994507","0.07236379384994507","0.07236379384994507"
"4173","0.10646510124206543","0.10646510124206543","0.10646510124206543"
"4175","0.10568642616271973","0.10568642616271973","0.10568642616271973"
"4177","0.10282634198665619","0.10282634198665619","0.10282634198665619"
"4179","0.12041127681732178","0.12041127681732178","0.12041127681732178"
"4181","0.044571876525878906","0.044571876525878906","0.044571876525878906"
"4183","0.07555389404296875","0.07555389404296875","0.07555389404296875"
"4185","0.06120181083679199","0.06120181083679199","0.06120181083679199"
"4187","0.03436279296875","0.03436279296875","0.03436279296875"
"4189","0.03156852722167969","0.03156852722167969","0.03156852722167969"
"4191","0.08639240264892578","0.08639240264892578","0.08639240264892578"
"4193","0.02153468132019043","0.02153468132019043","0.02153468132019043"
"4195","0.04071807861328125","0.04071807861328125","0.04071807861328125"
"4197","0.053750038146972656","0.053750038146972656","0.053750038146972656"
"4199","0.10285735130310059","0.10285735130310059","0.10285735130310059"
"4201","0.05464959144592285","0.05464959144592285","0.05464959144592285"
"4203","0.054753005504608154","0.054753005504608154","0.054753005504608154"
"4205","0.04131364822387695","0.04131364822387695","0.04131364822387695"
"4207","0.08623939752578735","0.08623939752578735","0.08623939752578735"
"4209","0.09389567375183105","0.09389567375183105","0.09389567375183105"
"4211","0.16277074813842773","0.16277074813842773","0.16277074813842773"
"4213","0.11333870887756348","0.11333870887756348","0.11333870887756348"
"4215","0.0958404541015625","0.0958404541015625","0.0958404541015625"
"4217","0.07410860061645508","0.07410860061645508","0.07410860061645508"
"4219","0.08693647384643555","0.08693647384643555","0.08693647384643555"
"4221","0.06181371212005615","0.06181371212005615","0.06181371212005615"
"4223","0.07713460922241211","0.07713460922241211","0.07713460922241211"
"4225","0.11837911605834961","0.11837911605834961","0.11837911605834961"
"4227","0.05649709701538086","0.05649709701538086","0.05649709701538086"
"4229","0.03841590881347656","0.03841590881347656","0.03841590881347656"
"4231","0.13054466247558594","0.13054466247558594","0.13054466247558594"
"4233","0.035811424255371094","0.035811424255371094","0.035811424255371094"
"4235","0.07224225997924805","0.07224225997924805","0.07224225997924805"
"4237","0.05596792697906494","0.05596792697906494","0.05596792697906494"
"4239","0.14791297912597656","0.14791297912597656","0.14791297912597656"
"4241","0.0846867561340332","0.0846867561340332","0.0846867561340332"
"4243","0.029673099517822266","0.029673099517822266","0.029673099517822266"
"4245","0.09400653839111328","0.09400653839111328","0.09400653839111328"
"4247","0.05606365203857422","0.05606365203857422","0.05606365203857422"
"4249","0.24030017852783203","0.24030017852783203","0.24030017852783203"
"4251","0.08198833465576172","0.08198833465576172","0.08198833465576172"
"4253","0.10566222667694092","0.10566222667694092","0.10566222667694092"
"4255","0.05402088165283203","0.05402088165283203","0.05402088165283203"
"4257","0.05379343032836914","0.05379343032836914","0.05379343032836914"
"4259","0.03705573081970215","0.03705573081970215","0.03705573081970215"
"4261","0.028597265481948853","0.028597265481948853","0.028597265481948853"
"4263","0.030327320098876953","0.030327320098876953","0.030327320098876953"
"4265","0.09138596057891846","0.09138596057891846","0.09138596057891846"
"4267","0.025872468948364258","0.025872468948364258","0.025872468948364258"
"4269","0.06541252136230469","0.06541252136230469","0.06541252136230469"
"4271","0.077309250831604","0.077309250831604","0.077309250831604"
"4273","0.10240936279296875","0.10240936279296875","0.10240936279296875"
"4275","0.04764437675476074","0.04764437675476074","0.04764437675476074"
"4277","0.04873180389404297","0.04873180389404297","0.04873180389404297"
"4279","0.043070316314697266","0.043070316314697266","0.043070316314697266"
"4281","0.0745856761932373","0.0745856761932373","0.0745856761932373"
"4283","0.042485713958740234","0.042485713958740234","0.042485713958740234"
"4285","0.04192209243774414","0.04192209243774414","0.04192209243774414"
"4287","0.03209495544433594","0.03209495544433594","0.03209495544433594"
"4289","0.05800122022628784","0.05800122022628784","0.05800122022628784"
"4291","0.07622289657592773","0.07622289657592773","0.07622289657592773"
"4293","0.040219783782958984","0.040219783782958984","0.040219783782958984"
"4295","0.0326690673828125","0.0326690673828125","0.0326690673828125"
"4297","0.051161110401153564","0.051161110401153564","0.051161110401153564"
"4299","0.09205150604248047","0.09205150604248047","0.09205150604248047"
"4301","0.14856719970703125","0.14856719970703125","0.14856719970703125"
"4303","0.05825488269329071","0.05825488269329071","0.05825488269329071"
"4305","0.08450460433959961","0.08450460433959961","0.08450460433959961"
"4307","0.11802363395690918","0.11802363395690918","0.11802363395690918"
"4309","0.07388794422149658","0.07388794422149658","0.07388794422149658"
"4311","0.0870494693517685","0.0870494693517685","0.0870494693517685"
"4313","0.12235260009765625","0.12235260009765625","0.12235260009765625"
"4315","0.047904908657073975","0.047904908657073975","0.047904908657073975"
"4317","0.06063652038574219","0.06063652038574219","0.06063652038574219"
"4319","0.04619145393371582","0.04619145393371582","0.04619145393371582"
"4321","0.08983039855957031","0.08983039855957031","0.08983039855957031"
"4323","0.08941823244094849","0.08941823244094849","0.08941823244094849"
"4325","0.08358383178710938","0.08358383178710938","0.08358383178710938"
"4327","0.04542255401611328","0.04542255401611328","0.04542255401611328"
"4329","0.09419631958007812","0.09419631958007812","0.09419631958007812"
"4331","0.07688355445861816","0.07688355445861816","0.07688355445861816"
"4333","0.08141858875751495","0.08141858875751495","0.08141858875751495"
"4335","0.04171234369277954","0.04171234369277954","0.04171234369277954"
"4337","0.10855388641357422","0.10855388641357422","0.10855388641357422"
"4339","0.04311800003051758","0.04311800003051758","0.04311800003051758"
"4341","0.08575129508972168","0.08575129508972168","0.08575129508972168"
"4343","0.0218658447265625","0.0218658447265625","0.0218658447265625"
"4345","0.04608273506164551","0.04608273506164551","0.04608273506164551"
"4347","0.08285808563232422","0.08285808563232422","0.08285808563232422"
"4349","0.021362781524658203","0.021362781524658203","0.021362781524658203"
"4351","0.0364530086517334","0.0364530086517334","0.0364530086517334"
"4353","0.05401873588562012","0.05401873588562012","0.05401873588562012"
"4355","0.11143302917480469","0.11143302917480469","0.11143302917480469"
"4357","0.08264732360839844","0.08264732360839844","0.08264732360839844"
"4359","0.07185244560241699","0.07185244560241699","0.07185244560241699"
"4361","0.02570807933807373","0.02570807933807373","0.02570807933807373"
"4363","0.0704488754272461","0.0704488754272461","0.0704488754272461"
"4365","0.04486823081970215","0.04486823081970215","0.04486823081970215"
"4367","0.08097469806671143","0.08097469806671143","0.08097469806671143"
"4369","0.06427955627441406","0.06427955627441406","0.06427955627441406"
"4371","0.1038656234741211","0.1038656234741211","0.1038656234741211"
"4373","0.07027006149291992","0.07027006149291992","0.07027006149291992"
"4375","0.03271627426147461","0.03271627426147461","0.03271627426147461"
"4377","0.10042381286621094","0.10042381286621094","0.10042381286621094"
"4379","0.0697624683380127","0.0697624683380127","0.0697624683380127"
"4381","0.029893040657043457","0.029893040657043457","0.029893040657043457"
"4383","0.1785670518875122","0.1785670518875122","0.1785670518875122"
"4385","0.05444645881652832","0.05444645881652832","0.05444645881652832"
"4387","0.14112472534179688","0.14112472534179688","0.14112472534179688"
"4389","0.017166733741760254","0.017166733741760254","0.017166733741760254"
"4391","0.043871402740478516","0.043871402740478516","0.043871402740478516"
"4393","0.09411859512329102","0.09411859512329102","0.09411859512329102"
"4395","0.07247734069824219","0.07247734069824219","0.07247734069824219"
"4400","0.10037565231323242","0.10037565231323242","0.10037565231323242"
"4402","0.08298742771148682","0.08298742771148682","0.08298742771148682"
"4404","0.05635368824005127","0.05635368824005127","0.05635368824005127"
"4406","0.15282785892486572","0.15282785892486572","0.15282785892486572"
"4408","0.10852646827697754","0.10852646827697754","0.10852646827697754"
"4410","0.06237173080444336","0.06237173080444336","0.06237173080444336"
"4412","0.05398750305175781","0.05398750305175781","0.05398750305175781"
"4414","0.03844404220581055","0.03844404220581055","0.03844404220581055"
"4416","0.06712603569030762","0.06712603569030762","0.06712603569030762"
"4418","0.017113447189331055","0.017113447189331055","0.017113447189331055"
"4420","0.14176011085510254","0.14176011085510254","0.14176011085510254"
"4422","0.08689308166503906","0.08689308166503906","0.08689308166503906"
"4424","0.018473148345947266","0.018473148345947266","0.018473148345947266"
"4426","0.166762113571167","0.166762113571167","0.166762113571167"
"4428","0.0849151611328125","0.0849151611328125","0.0849151611328125"
"4430","0.09520292282104492","0.09520292282104492","0.09520292282104492"
"4432","0.06567192077636719","0.06567192077636719","0.06567192077636719"
"4434","0.13768291473388672","0.13768291473388672","0.13768291473388672"
"4436","0.04479265213012695","0.04479265213012695","0.04479265213012695"
"4438","0.10998153686523438","0.10998153686523438","0.10998153686523438"
"4440","0.08725547790527344","0.08725547790527344","0.08725547790527344"
"4442","0.0962839126586914","0.0962839126586914","0.0962839126586914"
"4444","0.10114216804504395","0.10114216804504395","0.10114216804504395"
"4446","0.10262775421142578","0.10262775421142578","0.10262775421142578"
"4448","0.0880746841430664","0.0880746841430664","0.0880746841430664"
"4450","0.09508466720581055","0.09508466720581055","0.09508466720581055"
"4452","0.04513406753540039","0.04513406753540039","0.04513406753540039"
"4454","0.11879253387451172","0.11879253387451172","0.11879253387451172"
"4456","0.05832862854003906","0.05832862854003906","0.05832862854003906"
"4458","0.04335522651672363","0.04335522651672363","0.04335522651672363"
"4460","0.09900999069213867","0.09900999069213867","0.09900999069213867"
"4462","0.1410961151123047","0.1410961151123047","0.1410961151123047"
"4464","0.043515920639038086","0.043515920639038086","0.043515920639038086"
"4466","0.11463236808776855","0.11463236808776855","0.11463236808776855"
"4468","0.08719158172607422","0.08719158172607422","0.08719158172607422"
"4470","0.03324460983276367","0.03324460983276367","0.03324460983276367"
"4472","0.1317453384399414","0.1317453384399414","0.1317453384399414"
"4474","0.04130744934082031","0.04130744934082031","0.04130744934082031"
"4476","0.05044221878051758","0.05044221878051758","0.05044221878051758"
"4478","0.039717674255371094","0.039717674255371094","0.039717674255371094"
"4480","0.0197446346282959","0.0197446346282959","0.0197446346282959"
"4482","0.0668940544128418","0.0668940544128418","0.0668940544128418"
"4484","0.018733978271484375","0.018733978271484375","0.018733978271484375"
"4486","0.07463312149047852","0.07463312149047852","0.07463312149047852"
"4488","0.08156737685203552","0.08156737685203552","0.08156737685203552"
"4490","0.09235835075378418","0.09235835075378418","0.09235835075378418"
"4492","0.05263710021972656","0.05263710021972656","0.05263710021972656"
"4494","0.040869176387786865","0.040869176387786865","0.040869176387786865"
"4496","0.04187440872192383","0.04187440872192383","0.04187440872192383"
"4498","0.05731678009033203","0.05731678009033203","0.05731678009033203"
"4500","0.05674183368682861","0.05674183368682861","0.05674183368682861"
"4502","0.03822755813598633","0.03822755813598633","0.03822755813598633"
"4504","0.10825729370117188","0.10825729370117188","0.10825729370117188"
"4506","0.06669604778289795","0.06669604778289795","0.06669604778289795"
"4508","0.13364791870117188","0.13364791870117188","0.13364791870117188"
"4510","0.05851781368255615","0.05851781368255615","0.05851781368255615"
"4512","0.10641646385192871","0.10641646385192871","0.10641646385192871"
"4514","0.06432902812957764","0.06432902812957764","0.06432902812957764"
"4516","0.03515517711639404","0.03515517711639404","0.03515517711639404"
"4518","0.07540416717529297","0.07540416717529297","0.07540416717529297"
"4520","0.04047560691833496","0.04047560691833496","0.04047560691833496"
"4522","0.05623626708984375","0.05623626708984375","0.05623626708984375"
"4524","0.03177976608276367","0.03177976608276367","0.03177976608276367"
"4526","0.08248233795166016","0.08248233795166016","0.08248233795166016"
"4528","0.11526250839233398","0.11526250839233398","0.11526250839233398"
"4530","0.03999757766723633","0.03999757766723633","0.03999757766723633"
"4532","0.022226810455322266","0.022226810455322266","0.022226810455322266"
"4534","0.018698930740356445","0.018698930740356445","0.018698930740356445"
"4536","0.09961128234863281","0.09961128234863281","0.09961128234863281"
"4538","0.09022736549377441","0.09022736549377441","0.09022736549377441"
"4540","0.022623062133789062","0.022623062133789062","0.022623062133789062"
"4542","0.06313228607177734","0.06313228607177734","0.06313228607177734"
"4544","0.091278076171875","0.091278076171875","0.091278076171875"
"4546","0.04700469970703125","0.04700469970703125","0.04700469970703125"
"4548","0.041272640228271484","0.041272640228271484","0.041272640228271484"
"4550","0.10319274663925171","0.10319274663925171","0.10319274663925171"
"4552","0.04973268508911133","0.04973268508911133","0.04973268508911133"
"4554","0.03008633852005005","0.03008633852005005","0.03008633852005005"
"4556","0.06421852111816406","0.06421852111816406","0.06421852111816406"
"4558","0.04970073699951172","0.04970073699951172","0.04970073699951172"
"4560","0.09043312072753906","0.09043312072753906","0.09043312072753906"
"4562","0.10710716247558594","0.10710716247558594","0.10710716247558594"
"4564","0.1656932830810547","0.1656932830810547","0.1656932830810547"
"4566","0.06496429443359375","0.06496429443359375","0.06496429443359375"
"4568","0.06865262985229492","0.06865262985229492","0.06865262985229492"
"4570","0.057024478912353516","0.057024478912353516","0.057024478912353516"
"4572","0.018787860870361328","0.018787860870361328","0.018787860870361328"
"4574","0.016098737716674805","0.016098737716674805","0.016098737716674805"
"4576","0.06497788429260254","0.06497788429260254","0.06497788429260254"
"4578","0.07022881507873535","0.07022881507873535","0.07022881507873535"
"4580","0.08105015754699707","0.08105015754699707","0.08105015754699707"
"4582","0.07783365249633789","0.07783365249633789","0.07783365249633789"
"4584","0.01987624168395996","0.01987624168395996","0.01987624168395996"
"4586","0.10582542419433594","0.10582542419433594","0.10582542419433594"
"4588","0.057447075843811035","0.057447075843811035","0.057447075843811035"
"4590","0.13769149780273438","0.13769149780273438","0.13769149780273438"
"4592","0.10374307632446289","0.10374307632446289","0.10374307632446289"
"4594","0.02085590362548828","0.02085590362548828","0.02085590362548828"
"4596","0.06233692169189453","0.06233692169189453","0.06233692169189453"
"4598","0.016687393188476562","0.016687393188476562","0.016687393188476562"
"4600","0.03379261493682861","0.03379261493682861","0.03379261493682861"
"4602","0.093536376953125","0.093536376953125","0.093536376953125"
"4604","0.0780344009399414","0.0780344009399414","0.0780344009399414"
"4606","0.03109920024871826","0.03109920024871826","0.03109920024871826"
"4608","0.055505216121673584","0.055505216121673584","0.055505216121673584"
"4610","0.09422111511230469","0.09422111511230469","0.09422111511230469"
"4612","0.07778128981590271","0.07778128981590271","0.07778128981590271"
"4614","0.12606239318847656","0.12606239318847656","0.12606239318847656"
"4616","0.04958629608154297","0.04958629608154297","0.04958629608154297"
"4618","0.10679101943969727","0.10679101943969727","0.10679101943969727"
"4620","0.13158142566680908","0.13158142566680908","0.13158142566680908"
"4622","0.03475666046142578","0.03475666046142578","0.03475666046142578"
"4624","0.08028841018676758","0.08028841018676758","0.08028841018676758"
"4626","0.09022974967956543","0.09022974967956543","0.09022974967956543"
"4628","0.03223681449890137","0.03223681449890137","0.03223681449890137"
"4630","0.049010515213012695","0.049010515213012695","0.049010515213012695"
"4632","0.050877928733825684","0.050877928733825684","0.050877928733825684"
"4634","0.08384323120117188","0.08384323120117188","0.08384323120117188"
"4636","0.04233384132385254","0.04233384132385254","0.04233384132385254"
"4638","0.04454833269119263","0.04454833269119263","0.04454833269119263"
"4640","0.0815882682800293","0.0815882682800293","0.0815882682800293"
"4642","0.08193778991699219","0.08193778991699219","0.08193778991699219"
"4644","0.06365346908569336","0.06365346908569336","0.06365346908569336"
"4646","0.019913971424102783","0.019913971424102783","0.019913971424102783"
"4648","0.08297586441040039","0.08297586441040039","0.08297586441040039"
"4650","0.06641006469726562","0.06641006469726562","0.06641006469726562"
"4652","0.09721493721008301","0.09721493721008301","0.09721493721008301"
"4654","0.09019994735717773","0.09019994735717773","0.09019994735717773"
"4656","0.09422814846038818","0.09422814846038818","0.09422814846038818"
"4658","0.05283927917480469","0.05283927917480469","0.05283927917480469"
"4660","0.07795083522796631","0.07795083522796631","0.07795083522796631"
"4662","0.027548611164093018","0.027548611164093018","0.027548611164093018"
"4664","0.08070850372314453","0.08070850372314453","0.08070850372314453"
"4666","0.11829757690429688","0.11829757690429688","0.11829757690429688"
"4668","0.04028749465942383","0.04028749465942383","0.04028749465942383"
"4670","0.08297348022460938","0.08297348022460938","0.08297348022460938"
"4672","0.03061056137084961","0.03061056137084961","0.03061056137084961"
"4674","0.048647403717041016","0.048647403717041016","0.048647403717041016"
"4676","0.09269994497299194","0.09269994497299194","0.09269994497299194"
"4678","0.09148204326629639","0.09148204326629639","0.09148204326629639"
"4680","0.08919811248779297","0.08919811248779297","0.08919811248779297"
"4682","0.04703855514526367","0.04703855514526367","0.04703855514526367"
"4684","0.09804445505142212","0.09804445505142212","0.09804445505142212"
"4686","0.02077305316925049","0.02077305316925049","0.02077305316925049"
"4688","0.13173246383666992","0.13173246383666992","0.13173246383666992"
"4690","0.014796137809753418","0.014796137809753418","0.014796137809753418"
"4692","0.04351162910461426","0.04351162910461426","0.04351162910461426"
"4694","0.04992175102233887","0.04992175102233887","0.04992175102233887"
"4696","0.011502861976623535","0.011502861976623535","0.011502861976623535"
"4698","0.06582117080688477","0.06582117080688477","0.06582117080688477"
"4700","0.04308319091796875","0.04308319091796875","0.04308319091796875"
"4702","0.09072542190551758","0.09072542190551758","0.09072542190551758"
"4704","0.06208658218383789","0.06208658218383789","0.06208658218383789"
"4706","0.09432744979858398","0.09432744979858398","0.09432744979858398"
"4708","0.12602853775024414","0.12602853775024414","0.12602853775024414"
"4710","0.06165790557861328","0.06165790557861328","0.06165790557861328"
"4712","0.054848670959472656","0.054848670959472656","0.054848670959472656"
"4714","0.046899497509002686","0.046899497509002686","0.046899497509002686"
"4716","0.060428619384765625","0.060428619384765625","0.060428619384765625"
"4718","0.09247660636901855","0.09247660636901855","0.09247660636901855"
"4720","0.1084212064743042","0.1084212064743042","0.1084212064743042"
"4722","0.08169770240783691","0.08169770240783691","0.08169770240783691"
"4724","0.08249950408935547","0.08249950408935547","0.08249950408935547"
"4726","0.08568191528320312","0.08568191528320312","0.08568191528320312"
"4728","0.13695001602172852","0.13695001602172852","0.13695001602172852"
"4730","0.04511451721191406","0.04511451721191406","0.04511451721191406"
"4732","0.06073427200317383","0.06073427200317383","0.06073427200317383"
"4734","0.07741475105285645","0.07741475105285645","0.07741475105285645"
"4736","0.08110737800598145","0.08110737800598145","0.08110737800598145"
"4738","0.11079084873199463","0.11079084873199463","0.11079084873199463"
"4740","0.07611846923828125","0.07611846923828125","0.07611846923828125"
"4742","0.07872378826141357","0.07872378826141357","0.07872378826141357"
"4744","0.09205198287963867","0.09205198287963867","0.09205198287963867"
"4746","0.10254192352294922","0.10254192352294922","0.10254192352294922"
"4748","0.07152712345123291","0.07152712345123291","0.07152712345123291"
"4750","0.11828899383544922","0.11828899383544922","0.11828899383544922"
"4752","0.09377479553222656","0.09377479553222656","0.09377479553222656"
"4754","0.10741198062896729","0.10741198062896729","0.10741198062896729"
"4756","0.028598785400390625","0.028598785400390625","0.028598785400390625"
"4758","0.08036017417907715","0.08036017417907715","0.08036017417907715"
"4760","0.04101204872131348","0.04101204872131348","0.04101204872131348"
"4762","0.12114977836608887","0.12114977836608887","0.12114977836608887"
"4764","0.06660699844360352","0.06660699844360352","0.06660699844360352"
"4766","0.032466888427734375","0.032466888427734375","0.032466888427734375"
"4768","0.031162738800048828","0.031162738800048828","0.031162738800048828"
"4770","0.05506110191345215","0.05506110191345215","0.05506110191345215"
"4772","0.08063966035842896","0.08063966035842896","0.08063966035842896"
"4774","0.13278412818908691","0.13278412818908691","0.13278412818908691"
"4776","0.06058955192565918","0.06058955192565918","0.06058955192565918"
"4778","0.07041358947753906","0.07041358947753906","0.07041358947753906"
"4780","0.03076624870300293","0.03076624870300293","0.03076624870300293"
"4782","0.04282951354980469","0.04282951354980469","0.04282951354980469"
"4784","0.07757449150085449","0.07757449150085449","0.07757449150085449"
"4786","0.07975006103515625","0.07975006103515625","0.07975006103515625"
"4788","0.09644019603729248","0.09644019603729248","0.09644019603729248"
"4790","0.05384427309036255","0.05384427309036255","0.05384427309036255"
"4792","0.08335590362548828","0.08335590362548828","0.08335590362548828"
"4794","0.05708813667297363","0.05708813667297363","0.05708813667297363"
"4796","0.05136680603027344","0.05136680603027344","0.05136680603027344"
"4798","0.036812424659729004","0.036812424659729004","0.036812424659729004"
"4800","0.06273746490478516","0.06273746490478516","0.06273746490478516"
"4802","0.11623311042785645","0.11623311042785645","0.11623311042785645"
"4804","0.06458806991577148","0.06458806991577148","0.06458806991577148"
"4806","0.08228874206542969","0.08228874206542969","0.08228874206542969"
"4808","0.03317880630493164","0.03317880630493164","0.03317880630493164"
"4810","0.031844377517700195","0.031844377517700195","0.031844377517700195"
"4812","0.09554004669189453","0.09554004669189453","0.09554004669189453"
"4814","0.04468226432800293","0.04468226432800293","0.04468226432800293"
"4816","0.08763599395751953","0.08763599395751953","0.08763599395751953"
"4818","0.07626396417617798","0.07626396417617798","0.07626396417617798"
"4820","0.11755210161209106","0.11755210161209106","0.11755210161209106"
"4822","0.04088759422302246","0.04088759422302246","0.04088759422302246"
"4824","0.07322835922241211","0.07322835922241211","0.07322835922241211"
"4826","0.047139644622802734","0.047139644622802734","0.047139644622802734"
"4828","0.06028318405151367","0.06028318405151367","0.06028318405151367"
"4830","0.08789002895355225","0.08789002895355225","0.08789002895355225"
"4832","0.08365392684936523","0.08365392684936523","0.08365392684936523"
"4834","0.08983999490737915","0.08983999490737915","0.08983999490737915"
"4836","0.044223785400390625","0.044223785400390625","0.044223785400390625"
"4838","0.07572746276855469","0.07572746276855469","0.07572746276855469"
"4840","0.042946964502334595","0.042946964502334595","0.042946964502334595"
"4842","0.07426050305366516","0.07426050305366516","0.07426050305366516"
"4844","0.03739666938781738","0.03739666938781738","0.03739666938781738"
"4846","0.09811592102050781","0.09811592102050781","0.09811592102050781"
"4848","0.043685734272003174","0.043685734272003174","0.043685734272003174"
"4850","0.12661457061767578","0.12661457061767578","0.12661457061767578"
"4852","0.05475574731826782","0.05475574731826782","0.05475574731826782"
"4854","0.07156491279602051","0.07156491279602051","0.07156491279602051"
"4856","0.08203351497650146","0.08203351497650146","0.08203351497650146"
"4858","0.06919002532958984","0.06919002532958984","0.06919002532958984"
"4863","0.026958465576171875","0.026958465576171875","0.026958465576171875"
"4865","0.06956696510314941","0.06956696510314941","0.06956696510314941"
"4867","0.07236017286777496","0.07236017286777496","0.07236017286777496"
"4869","0.024055778980255127","0.024055778980255127","0.024055778980255127"
"4871","0.06443500518798828","0.06443500518798828","0.06443500518798828"
"4873","0.047618865966796875","0.047618865966796875","0.047618865966796875"
"4875","0.032749295234680176","0.032749295234680176","0.032749295234680176"
"4877","0.07636165618896484","0.07636165618896484","0.07636165618896484"
"4879","0.0610661506652832","0.0610661506652832","0.0610661506652832"
"4881","0.023422718048095703","0.023422718048095703","0.023422718048095703"
"4883","0.02555537223815918","0.02555537223815918","0.02555537223815918"
"4885","0.054052770137786865","0.054052770137786865","0.054052770137786865"
"4887","0.07182431221008301","0.07182431221008301","0.07182431221008301"
"4889","0.10038137435913086","0.10038137435913086","0.10038137435913086"
"4891","0.08595895767211914","0.08595895767211914","0.08595895767211914"
"4893","0.07415199279785156","0.07415199279785156","0.07415199279785156"
"4895","0.04909953474998474","0.04909953474998474","0.04909953474998474"
"4897","0.08491218090057373","0.08491218090057373","0.08491218090057373"
"4899","0.06444390118122101","0.06444390118122101","0.06444390118122101"
"4901","0.0292050838470459","0.0292050838470459","0.0292050838470459"
"4903","0.08130121231079102","0.08130121231079102","0.08130121231079102"
"4905","0.0599745512008667","0.0599745512008667","0.0599745512008667"
"4907","0.05845439434051514","0.05845439434051514","0.05845439434051514"
"4909","0.04428240656852722","0.04428240656852722","0.04428240656852722"
"4911","0.07718896865844727","0.07718896865844727","0.07718896865844727"
"4913","0.1052703857421875","0.1052703857421875","0.1052703857421875"
"4915","0.049520254135131836","0.049520254135131836","0.049520254135131836"
"4917","0.06706535816192627","0.06706535816192627","0.06706535816192627"
"4919","0.08811616897583008","0.08811616897583008","0.08811616897583008"
"4921","0.05767393112182617","0.05767393112182617","0.05767393112182617"
"4923","0.08564954996109009","0.08564954996109009","0.08564954996109009"
"4925","0.10294890403747559","0.10294890403747559","0.10294890403747559"
"4927","0.05146080255508423","0.05146080255508423","0.05146080255508423"
"4929","0.0869588851928711","0.0869588851928711","0.0869588851928711"
"4931","0.06329858303070068","0.06329858303070068","0.06329858303070068"
"4933","0.10795021057128906","0.10795021057128906","0.10795021057128906"
"4935","0.021341323852539062","0.021341323852539062","0.021341323852539062"
"4937","0.06835687160491943","0.06835687160491943","0.06835687160491943"
"4939","0.04065786302089691","0.04065786302089691","0.04065786302089691"
"4941","0.05519306659698486","0.05519306659698486","0.05519306659698486"
"4943","0.02734142541885376","0.02734142541885376","0.02734142541885376"
"4945","0.06327366828918457","0.06327366828918457","0.06327366828918457"
"4947","0.10676717758178711","0.10676717758178711","0.10676717758178711"
"4949","0.06682085990905762","0.06682085990905762","0.06682085990905762"
"4951","0.05378580093383789","0.05378580093383789","0.05378580093383789"
"4953","0.07228618860244751","0.07228618860244751","0.07228618860244751"
"4955","0.08308374881744385","0.08308374881744385","0.08308374881744385"
"4957","0.06005430221557617","0.06005430221557617","0.06005430221557617"
"4959","0.052953243255615234","0.052953243255615234","0.052953243255615234"
"4961","0.050160884857177734","0.050160884857177734","0.050160884857177734"
"4963","0.007423475384712219","0.007423475384712219","0.007423475384712219"
"4965","0.08290684223175049","0.08290684223175049","0.08290684223175049"
"4967","0.05960845947265625","0.05960845947265625","0.05960845947265625"
"4969","0.01671433448791504","0.01671433448791504","0.01671433448791504"
"4971","0.16855216026306152","0.16855216026306152","0.16855216026306152"
"4973","0.04008150100708008","0.04008150100708008","0.04008150100708008"
"4975","0.05865168571472168","0.05865168571472168","0.05865168571472168"
"4977","0.04298877716064453","0.04298877716064453","0.04298877716064453"
"4979","0.013047218322753906","0.013047218322753906","0.013047218322753906"
"4981","0.011917591094970703","0.011917591094970703","0.011917591094970703"
"4983","0.031132102012634277","0.031132102012634277","0.031132102012634277"
"4985","0.04811429977416992","0.04811429977416992","0.04811429977416992"
"4987","0.11300373077392578","0.11300373077392578","0.11300373077392578"
"4989","0.041059017181396484","0.041059017181396484","0.041059017181396484"
"4991","0.1178884506225586","0.1178884506225586","0.1178884506225586"
"4993","0.058268070220947266","0.058268070220947266","0.058268070220947266"
"4995","0.042469024658203125","0.042469024658203125","0.042469024658203125"
"4997","0.10364627838134766","0.10364627838134766","0.10364627838134766"
"4999","0.12280845642089844","0.12280845642089844","0.12280845642089844"
"5001","0.03706932067871094","0.03706932067871094","0.03706932067871094"
"5003","0.06322669982910156","0.06322669982910156","0.06322669982910156"
"5005","0.03426694869995117","0.03426694869995117","0.03426694869995117"
"5007","0.07117891311645508","0.07117891311645508","0.07117891311645508"
"5009","0.03956890106201172","0.03956890106201172","0.03956890106201172"
"5011","0.06671810150146484","0.06671810150146484","0.06671810150146484"
"5013","0.07831072807312012","0.07831072807312012","0.07831072807312012"
"5015","0.10847043991088867","0.10847043991088867","0.10847043991088867"
"5017","0.10960221290588379","0.10960221290588379","0.10960221290588379"
"5019","0.043386220932006836","0.043386220932006836","0.043386220932006836"
"5021","0.06299483776092529","0.06299483776092529","0.06299483776092529"
"5023","0.04558086395263672","0.04558086395263672","0.04558086395263672"
"5025","0.09410572052001953","0.09410572052001953","0.09410572052001953"
"5027","0.029915332794189453","0.029915332794189453","0.029915332794189453"
"5029","0.043650150299072266","0.043650150299072266","0.043650150299072266"
"5031","0.07697111368179321","0.07697111368179321","0.07697111368179321"
"5033","0.1179513931274414","0.1179513931274414","0.1179513931274414"
"5035","0.04388606548309326","0.04388606548309326","0.04388606548309326"
"5037","0.03742790222167969","0.03742790222167969","0.03742790222167969"
"5039","0.07999193668365479","0.07999193668365479","0.07999193668365479"
"5041","0.05594444274902344","0.05594444274902344","0.05594444274902344"
"5043","0.04139089584350586","0.04139089584350586","0.04139089584350586"
"5045","0.021614551544189453","0.021614551544189453","0.021614551544189453"
"5047","0.09132468700408936","0.09132468700408936","0.09132468700408936"
"5049","0.09927797317504883","0.09927797317504883","0.09927797317504883"
"5051","0.04907864332199097","0.04907864332199097","0.04907864332199097"
"5053","0.09566783905029297","0.09566783905029297","0.09566783905029297"
"5055","0.05540168285369873","0.05540168285369873","0.05540168285369873"
"5057","0.06922245025634766","0.06922245025634766","0.06922245025634766"
"5059","0.0643923282623291","0.0643923282623291","0.0643923282623291"
"5061","0.10303449630737305","0.10303449630737305","0.10303449630737305"
"5063","0.055710792541503906","0.055710792541503906","0.055710792541503906"
"5065","0.04489314556121826","0.04489314556121826","0.04489314556121826"
"5067","0.028493881225585938","0.028493881225585938","0.028493881225585938"
"5069","0.09056472778320312","0.09056472778320312","0.09056472778320312"
"5071","0.07338756322860718","0.07338756322860718","0.07338756322860718"
"5073","0.028899550437927246","0.028899550437927246","0.028899550437927246"
"5075","0.04821734130382538","0.04821734130382538","0.04821734130382538"
"5077","0.06993460655212402","0.06993460655212402","0.06993460655212402"
"5079","0.04240131378173828","0.04240131378173828","0.04240131378173828"
"5081","0.027309417724609375","0.027309417724609375","0.027309417724609375"
"5083","0.08228039741516113","0.08228039741516113","0.08228039741516113"
"5085","0.10926342010498047","0.10926342010498047","0.10926342010498047"
"5087","0.09221798181533813","0.09221798181533813","0.09221798181533813"
"5089","0.04464101791381836","0.04464101791381836","0.04464101791381836"
"5091","0.03797638416290283","0.03797638416290283","0.03797638416290283"
"5093","0.0834733247756958","0.0834733247756958","0.0834733247756958"
"5095","0.07535815238952637","0.07535815238952637","0.07535815238952637"
"5097","0.07010126113891602","0.07010126113891602","0.07010126113891602"
"5099","0.04789745807647705","0.04789745807647705","0.04789745807647705"
"5101","0.054370999336242676","0.054370999336242676","0.054370999336242676"
"5103","0.05192089080810547","0.05192089080810547","0.05192089080810547"
"5105","0.07277870178222656","0.07277870178222656","0.07277870178222656"
"5107","0.14929580688476562","0.14929580688476562","0.14929580688476562"
"5109","0.04489576816558838","0.04489576816558838","0.04489576816558838"
"5111","0.061836034059524536","0.061836034059524536","0.061836034059524536"
"5113","0.04090702533721924","0.04090702533721924","0.04090702533721924"
"5115","0.05324292182922363","0.05324292182922363","0.05324292182922363"
"5117","0.04318654537200928","0.04318654537200928","0.04318654537200928"
"5119","0.034658730030059814","0.034658730030059814","0.034658730030059814"
"5121","0.019260168075561523","0.019260168075561523","0.019260168075561523"
"5123","0.0649724006652832","0.0649724006652832","0.0649724006652832"
"5125","0.10082578659057617","0.10082578659057617","0.10082578659057617"
"5127","0.13782787322998047","0.13782787322998047","0.13782787322998047"
"5129","0.0931132584810257","0.0931132584810257","0.0931132584810257"
"5131","0.08045423030853271","0.08045423030853271","0.08045423030853271"
"5133","0.013088494539260864","0.013088494539260864","0.013088494539260864"
"5135","0.0772247314453125","0.0772247314453125","0.0772247314453125"
"5137","0.050943195819854736","0.050943195819854736","0.050943195819854736"
"5139","0.03393566608428955","0.03393566608428955","0.03393566608428955"
"5141","0.0621185302734375","0.0621185302734375","0.0621185302734375"
"5143","0.03646039962768555","0.03646039962768555","0.03646039962768555"
"5145","0.09559440612792969","0.09559440612792969","0.09559440612792969"
"5147","0.07841193675994873","0.07841193675994873","0.07841193675994873"
"5149","0.040929317474365234","0.040929317474365234","0.040929317474365234"
"5151","0.028339922428131104","0.028339922428131104","0.028339922428131104"
"5153","0.03270019590854645","0.03270019590854645","0.03270019590854645"
"5155","0.06235694885253906","0.06235694885253906","0.06235694885253906"
"5157","0.01081770658493042","0.01081770658493042","0.01081770658493042"
"5159","0.027816355228424072","0.027816355228424072","0.027816355228424072"
"5161","0.07305198907852173","0.07305198907852173","0.07305198907852173"
"5163","0.08243787288665771","0.08243787288665771","0.08243787288665771"
"5165","0.0583953857421875","0.0583953857421875","0.0583953857421875"
"5167","0.08260869979858398","0.08260869979858398","0.08260869979858398"
"5169","0.018416881561279297","0.018416881561279297","0.018416881561279297"
"5171","0.025646686553955078","0.025646686553955078","0.025646686553955078"
"5173","0.0975179672241211","0.0975179672241211","0.0975179672241211"
"5175","0.060605764389038086","0.060605764389038086","0.060605764389038086"
"5177","0.06546017527580261","0.06546017527580261","0.06546017527580261"
"5179","0.0510249137878418","0.0510249137878418","0.0510249137878418"
"5181","0.0570296049118042","0.0570296049118042","0.0570296049118042"
"5183","0.06398677825927734","0.06398677825927734","0.06398677825927734"
"5185","0.11307239532470703","0.11307239532470703","0.11307239532470703"
"5187","0.04487574100494385","0.04487574100494385","0.04487574100494385"
"5189","0.04918527603149414","0.04918527603149414","0.04918527603149414"
"5191","0.05139517784118652","0.05139517784118652","0.05139517784118652"
"5193","0.03449392318725586","0.03449392318725586","0.03449392318725586"
"5195","0.05185723304748535","0.05185723304748535","0.05185723304748535"
"5197","0.03521013259887695","0.03521013259887695","0.03521013259887695"
"5199","0.03907442092895508","0.03907442092895508","0.03907442092895508"
"5201","0.14265727996826172","0.14265727996826172","0.14265727996826172"
"5203","0.031867653131484985","0.031867653131484985","0.031867653131484985"
"5205","0.06543385982513428","0.06543385982513428","0.06543385982513428"
"5207","0.056541115045547485","0.056541115045547485","0.056541115045547485"
"5209","0.009860396385192871","0.009860396385192871","0.009860396385192871"
"5211","0.08010488748550415","0.08010488748550415","0.08010488748550415"
"5213","0.04538774490356445","0.04538774490356445","0.04538774490356445"
"5215","0.10249567031860352","0.10249567031860352","0.10249567031860352"
"5217","0.025858640670776367","0.025858640670776367","0.025858640670776367"
"5219","0.11930787563323975","0.11930787563323975","0.11930787563323975"
"5221","0.03267359733581543","0.03267359733581543","0.03267359733581543"
"5223","0.07689404487609863","0.07689404487609863","0.07689404487609863"
"5225","0.07697629928588867","0.07697629928588867","0.07697629928588867"
"5227","0.08986616134643555","0.08986616134643555","0.08986616134643555"
"5229","0.11902642995119095","0.11902642995119095","0.11902642995119095"
"5231","0.01630319654941559","0.01630319654941559","0.01630319654941559"
"5233","0.03152512013912201","0.03152512013912201","0.03152512013912201"
"5235","0.05372428894042969","0.05372428894042969","0.05372428894042969"
"5237","0.02003765106201172","0.02003765106201172","0.02003765106201172"
"5239","0.013788875192403793","0.013788875192403793","0.013788875192403793"
"5241","0.12015950679779053","0.12015950679779053","0.12015950679779053"
"5243","0.04179488122463226","0.04179488122463226","0.04179488122463226"
"5245","0.06094706058502197","0.06094706058502197","0.06094706058502197"
"5247","0.035129547119140625","0.035129547119140625","0.035129547119140625"
"5249","0.0489504337310791","0.0489504337310791","0.0489504337310791"
"5251","0.04303288459777832","0.04303288459777832","0.04303288459777832"
"5253","0.04748797416687012","0.04748797416687012","0.04748797416687012"
"5255","0.027482986450195312","0.027482986450195312","0.027482986450195312"
"5257","0.06463432312011719","0.06463432312011719","0.06463432312011719"
"5259","0.09470599889755249","0.09470599889755249","0.09470599889755249"
"5261","0.028724491596221924","0.028724491596221924","0.028724491596221924"
"5263","0.10102629661560059","0.10102629661560059","0.10102629661560059"
"5265","0.04195395112037659","0.04195395112037659","0.04195395112037659"
"5267","0.049101829528808594","0.049101829528808594","0.049101829528808594"
"5269","0.04918467998504639","0.04918467998504639","0.04918467998504639"
"5271","0.06775283813476562","0.06775283813476562","0.06775283813476562"
"5273","0.045740723609924316","0.045740723609924316","0.045740723609924316"
"5275","0.06778019666671753","0.06778019666671753","0.06778019666671753"
"5277","0.08900213241577148","0.08900213241577148","0.08900213241577148"
"5279","0.03453648090362549","0.03453648090362549","0.03453648090362549"
"5281","0.04315614700317383","0.04315614700317383","0.04315614700317383"
"5283","0.023964881896972656","0.023964881896972656","0.023964881896972656"
"5285","0.04236215353012085","0.04236215353012085","0.04236215353012085"
"5287","0.10451960563659668","0.10451960563659668","0.10451960563659668"
"5289","0.06869137287139893","0.06869137287139893","0.06869137287139893"
"5291","0.04349851608276367","0.04349851608276367","0.04349851608276367"
"5293","0.07697629928588867","0.07697629928588867","0.07697629928588867"
"5295","0.08507728576660156","0.08507728576660156","0.08507728576660156"
"5297","0.036069393157958984","0.036069393157958984","0.036069393157958984"
"5299","0.07507097721099854","0.07507097721099854","0.07507097721099854"
"5301","0.05653810501098633","0.05653810501098633","0.05653810501098633"
"5303","0.08350265026092529","0.08350265026092529","0.08350265026092529"
"5305","0.00947195291519165","0.00947195291519165","0.00947195291519165"
"5307","0.06126689910888672","0.06126689910888672","0.06126689910888672"
"5309","0.02776813507080078","0.02776813507080078","0.02776813507080078"
"5311","0.019350528717041016","0.019350528717041016","0.019350528717041016"
"5313","0.02409040927886963","0.02409040927886963","0.02409040927886963"
"5315","0.026242509484291077","0.026242509484291077","0.026242509484291077"
"5317","0.08662962913513184","0.08662962913513184","0.08662962913513184"
"5319","0.04312574863433838","0.04312574863433838","0.04312574863433838"
"5321","0.0657186508178711","0.0657186508178711","0.0657186508178711"
"5326","0.1013566255569458","0.1013566255569458","0.1013566255569458"
"5328","0.021605253219604492","0.021605253219604492","0.021605253219604492"
"5330","0.04886341094970703","0.04886341094970703","0.04886341094970703"
"5332","0.039559364318847656","0.039559364318847656","0.039559364318847656"
"5334","0.037868499755859375","0.037868499755859375","0.037868499755859375"
"5336","0.051699720323085785","0.051699720323085785","0.051699720323085785"
"5338","0.050682902336120605","0.050682902336120605","0.050682902336120605"
"5340","0.03683614730834961","0.03683614730834961","0.03683614730834961"
"5342","0.03726769983768463","0.03726769983768463","0.03726769983768463"
"5344","0.04032182693481445","0.04032182693481445","0.04032182693481445"
"5346","0.06336355209350586","0.06336355209350586","0.06336355209350586"
"5348","0.006358742713928223","0.006358742713928223","0.006358742713928223"
"5350","0.037294745445251465","0.037294745445251465","0.037294745445251465"
"5352","0.021042458713054657","0.021042458713054657","0.021042458713054657"
"5354","0.014720797538757324","0.014720797538757324","0.014720797538757324"
"5356","0.0803518295288086","0.0803518295288086","0.0803518295288086"
"5358","0.0159987211227417","0.0159987211227417","0.0159987211227417"
"5360","0.11488519608974457","0.11488519608974457","0.11488519608974457"
"5362","0.023106366395950317","0.023106366395950317","0.023106366395950317"
"5364","0.023150891065597534","0.023150891065597534","0.023150891065597534"
"5366","0.07730799913406372","0.07730799913406372","0.07730799913406372"
"5368","0.11675525456666946","0.11675525456666946","0.11675525456666946"
"5370","0.05966949462890625","0.05966949462890625","0.05966949462890625"
"5372","0.10961246490478516","0.10961246490478516","0.10961246490478516"
"5374","0.053471408784389496","0.053471408784389496","0.053471408784389496"
"5376","0.07034680247306824","0.07034680247306824","0.07034680247306824"
"5378","0.050926804542541504","0.050926804542541504","0.050926804542541504"
"5380","0.16941076517105103","0.16941076517105103","0.16941076517105103"
"5382","0.01871645450592041","0.01871645450592041","0.01871645450592041"
"5384","0.052434682846069336","0.052434682846069336","0.052434682846069336"
"5386","0.11741901934146881","0.11741901934146881","0.11741901934146881"
"5388","0.02323518693447113","0.02323518693447113","0.02323518693447113"
"5390","0.1017821729183197","0.1017821729183197","0.1017821729183197"
"5392","0.08473992347717285","0.08473992347717285","0.08473992347717285"
"5394","0.016573727130889893","0.016573727130889893","0.016573727130889893"
"5396","0.032250285148620605","0.032250285148620605","0.032250285148620605"
"5398","0.05895763635635376","0.05895763635635376","0.05895763635635376"
"5400","0.05951237678527832","0.05951237678527832","0.05951237678527832"
"5402","0.04285097122192383","0.04285097122192383","0.04285097122192383"
"5404","0.04671585559844971","0.04671585559844971","0.04671585559844971"
"5406","0.040678441524505615","0.040678441524505615","0.040678441524505615"
"5408","0.0639798641204834","0.0639798641204834","0.0639798641204834"
"5410","0.021216750144958496","0.021216750144958496","0.021216750144958496"
"5412","0.02270352840423584","0.02270352840423584","0.02270352840423584"
"5414","0.08294972777366638","0.08294972777366638","0.08294972777366638"
"5416","0.031584978103637695","0.031584978103637695","0.031584978103637695"
"5418","0.010797351598739624","0.010797351598739624","0.010797351598739624"
"5420","0.05548906326293945","0.05548906326293945","0.05548906326293945"
"5422","0.11708307266235352","0.11708307266235352","0.11708307266235352"
"5424","0.05760306864976883","0.05760306864976883","0.05760306864976883"
"5426","0.07977509498596191","0.07977509498596191","0.07977509498596191"
"5428","0.01319432258605957","0.01319432258605957","0.01319432258605957"
"5430","0.035327911376953125","0.035327911376953125","0.035327911376953125"
"5432","0.011828064918518066","0.011828064918518066","0.011828064918518066"
"5434","0.04892934858798981","0.04892934858798981","0.04892934858798981"
"5436","0.08784341812133789","0.08784341812133789","0.08784341812133789"
"5438","0.024354934692382812","0.024354934692382812","0.024354934692382812"
"5440","0.015282154083251953","0.015282154083251953","0.015282154083251953"
"5442","0.07332420349121094","0.07332420349121094","0.07332420349121094"
"5444","0.0657663345336914","0.0657663345336914","0.0657663345336914"
"5446","0.042778849601745605","0.042778849601745605","0.042778849601745605"
"5448","0.034964561462402344","0.034964561462402344","0.034964561462402344"
"5450","0.07342743873596191","0.07342743873596191","0.07342743873596191"
"5452","0.042467355728149414","0.042467355728149414","0.042467355728149414"
"5454","0.12687444686889648","0.12687444686889648","0.12687444686889648"
"5456","0.04523897171020508","0.04523897171020508","0.04523897171020508"
"5458","0.06425070762634277","0.06425070762634277","0.06425070762634277"
"5460","0.028393328189849854","0.028393328189849854","0.028393328189849854"
"5462","0.07060050964355469","0.07060050964355469","0.07060050964355469"
"5464","0.04114365577697754","0.04114365577697754","0.04114365577697754"
"5466","0.032029151916503906","0.032029151916503906","0.032029151916503906"
"5468","0.14355170726776123","0.14355170726776123","0.14355170726776123"
"5470","0.06273031234741211","0.06273031234741211","0.06273031234741211"
"5472","0.03667259216308594","0.03667259216308594","0.03667259216308594"
"5474","0.0823822021484375","0.0823822021484375","0.0823822021484375"
"5476","0.01762533187866211","0.01762533187866211","0.01762533187866211"
"5478","0.10241007804870605","0.10241007804870605","0.10241007804870605"
"5480","0.035358428955078125","0.035358428955078125","0.035358428955078125"
"5482","0.09899652004241943","0.09899652004241943","0.09899652004241943"
"5484","0.06963091343641281","0.06963091343641281","0.06963091343641281"
"5486","0.07502961158752441","0.07502961158752441","0.07502961158752441"
"5488","0.08291101455688477","0.08291101455688477","0.08291101455688477"
"5490","0.03831195831298828","0.03831195831298828","0.03831195831298828"
"5492","0.09915430843830109","0.09915430843830109","0.09915430843830109"
"5494","0.05582427978515625","0.05582427978515625","0.05582427978515625"
"5496","0.03450898826122284","0.03450898826122284","0.03450898826122284"
"5498","0.0810537338256836","0.0810537338256836","0.0810537338256836"
"5500","0.023012250661849976","0.023012250661849976","0.023012250661849976"
"5502","0.07808387279510498","0.07808387279510498","0.07808387279510498"
"5504","0.0874319076538086","0.0874319076538086","0.0874319076538086"
"5506","0.05755901336669922","0.05755901336669922","0.05755901336669922"
"5508","0.037572771310806274","0.037572771310806274","0.037572771310806274"
"5510","0.042942166328430176","0.042942166328430176","0.042942166328430176"
"5512","0.05761916935443878","0.05761916935443878","0.05761916935443878"
"5514","0.02829401195049286","0.02829401195049286","0.02829401195049286"
"5516","0.027762949466705322","0.027762949466705322","0.027762949466705322"
"5518","0.06939578056335449","0.06939578056335449","0.06939578056335449"
"5520","0.0338159054517746","0.0338159054517746","0.0338159054517746"
"5522","0.08310770988464355","0.08310770988464355","0.08310770988464355"
"5524","0.029925137758255005","0.029925137758255005","0.029925137758255005"
"5526","0.025871753692626953","0.025871753692626953","0.025871753692626953"
"5528","0.08390283584594727","0.08390283584594727","0.08390283584594727"
"5530","0.034493863582611084","0.034493863582611084","0.034493863582611084"
"5532","0.0583689846098423","0.0583689846098423","0.0583689846098423"
"5534","0.07388961315155029","0.07388961315155029","0.07388961315155029"
"5536","0.05705645680427551","0.05705645680427551","0.05705645680427551"
"5538","0.03421163558959961","0.03421163558959961","0.03421163558959961"
"5540","0.1222066879272461","0.1222066879272461","0.1222066879272461"
"5542","0.08954650163650513","0.08954650163650513","0.08954650163650513"
"5544","0.14332199096679688","0.14332199096679688","0.14332199096679688"
"5546","0.14727473258972168","0.14727473258972168","0.14727473258972168"
"5548","0.11103961616754532","0.11103961616754532","0.11103961616754532"
"5550","0.028701066970825195","0.028701066970825195","0.028701066970825195"
"5552","0.06548023223876953","0.06548023223876953","0.06548023223876953"
"5554","0.13254565000534058","0.13254565000534058","0.13254565000534058"
"5556","0.05366790294647217","0.05366790294647217","0.05366790294647217"
"5558","0.011877506971359253","0.011877506971359253","0.011877506971359253"
"5560","0.08675846457481384","0.08675846457481384","0.08675846457481384"
"5562","0.059808701276779175","0.059808701276779175","0.059808701276779175"
"5564","0.06768488883972168","0.06768488883972168","0.06768488883972168"
"5566","0.03343765437602997","0.03343765437602997","0.03343765437602997"
"5568","0.026183128356933594","0.026183128356933594","0.026183128356933594"
"5570","0.07005265355110168","0.07005265355110168","0.07005265355110168"
"5572","0.03578829765319824","0.03578829765319824","0.03578829765319824"
"5574","0.0454331636428833","0.0454331636428833","0.0454331636428833"
"5576","0.027451276779174805","0.027451276779174805","0.027451276779174805"
"5578","0.05793559551239014","0.05793559551239014","0.05793559551239014"
"5580","0.06952333450317383","0.06952333450317383","0.06952333450317383"
"5582","0.1588582992553711","0.1588582992553711","0.1588582992553711"
"5584","0.06110548973083496","0.06110548973083496","0.06110548973083496"
"5586","0.10560925304889679","0.10560925304889679","0.10560925304889679"
"5588","0.07671332359313965","0.07671332359313965","0.07671332359313965"
"5590","0.08160096406936646","0.08160096406936646","0.08160096406936646"
"5592","0.10651162266731262","0.10651162266731262","0.10651162266731262"
"5594","0.040314555168151855","0.040314555168151855","0.040314555168151855"
"5596","0.023136794567108154","0.023136794567108154","0.023136794567108154"
"5598","0.02451467514038086","0.02451467514038086","0.02451467514038086"
"5600","0.07164716720581055","0.07164716720581055","0.07164716720581055"
"5602","0.05956438183784485","0.05956438183784485","0.05956438183784485"
"5604","0.09405899047851562","0.09405899047851562","0.09405899047851562"
"5606","0.03792567551136017","0.03792567551136017","0.03792567551136017"
"5608","0.02830040454864502","0.02830040454864502","0.02830040454864502"
"5610","0.09852135181427002","0.09852135181427002","0.09852135181427002"
"5612","0.03267717361450195","0.03267717361450195","0.03267717361450195"
"5614","0.04240947961807251","0.04240947961807251","0.04240947961807251"
"5616","0.13764429092407227","0.13764429092407227","0.13764429092407227"
"5618","0.014824628829956055","0.014824628829956055","0.014824628829956055"
"5620","0.013225257396697998","0.013225257396697998","0.013225257396697998"
"5622","0.014715753495693207","0.014715753495693207","0.014715753495693207"
"5624","0.0590059757232666","0.0590059757232666","0.0590059757232666"
"5626","0.027823686599731445","0.027823686599731445","0.027823686599731445"
"5628","0.12428301572799683","0.12428301572799683","0.12428301572799683"
"5630","0.01820977032184601","0.01820977032184601","0.01820977032184601"
"5632","0.08569812774658203","0.08569812774658203","0.08569812774658203"
"5634","0.06694293022155762","0.06694293022155762","0.06694293022155762"
"5636","0.04611635208129883","0.04611635208129883","0.04611635208129883"
"5638","0.04096651077270508","0.04096651077270508","0.04096651077270508"
"5640","0.0573844313621521","0.0573844313621521","0.0573844313621521"
"5642","0.06422042846679688","0.06422042846679688","0.06422042846679688"
"5644","0.04765290021896362","0.04765290021896362","0.04765290021896362"
"5646","0.0541987419128418","0.0541987419128418","0.0541987419128418"
"5648","0.044669389724731445","0.044669389724731445","0.044669389724731445"
"5650","0.043948471546173096","0.043948471546173096","0.043948471546173096"
"5652","0.04698538780212402","0.04698538780212402","0.04698538780212402"
"5654","0.029295921325683594","0.029295921325683594","0.029295921325683594"
"5656","0.034885406494140625","0.034885406494140625","0.034885406494140625"
"5658","0.031029224395751953","0.031029224395751953","0.031029224395751953"
"5660","0.10801124572753906","0.10801124572753906","0.10801124572753906"
"5662","0.03278893232345581","0.03278893232345581","0.03278893232345581"
"5664","0.04497194290161133","0.04497194290161133","0.04497194290161133"
"5666","0.0753517746925354","0.0753517746925354","0.0753517746925354"
"5668","0.06750297546386719","0.06750297546386719","0.06750297546386719"
"5670","0.06595444679260254","0.06595444679260254","0.06595444679260254"
"5672","0.052978515625","0.052978515625","0.052978515625"
"5674","0.07106328010559082","0.07106328010559082","0.07106328010559082"
"5676","0.039980411529541016","0.039980411529541016","0.039980411529541016"
"5678","0.017717406153678894","0.017717406153678894","0.017717406153678894"
"5680","0.09272241592407227","0.09272241592407227","0.09272241592407227"
"5682","0.06229972839355469","0.06229972839355469","0.06229972839355469"
"5684","0.03866291046142578","0.03866291046142578","0.03866291046142578"
"5686","0.03418302536010742","0.03418302536010742","0.03418302536010742"
"5688","0.018827497959136963","0.018827497959136963","0.018827497959136963"
"5690","0.048975348472595215","0.048975348472595215","0.048975348472595215"
"5692","0.019268512725830078","0.019268512725830078","0.019268512725830078"
"5694","0.051056861877441406","0.051056861877441406","0.051056861877441406"
"5696","0.040207624435424805","0.040207624435424805","0.040207624435424805"
"5698","0.07100994884967804","0.07100994884967804","0.07100994884967804"
"5700","0.04015684127807617","0.04015684127807617","0.04015684127807617"
"5702","0.025876522064208984","0.025876522064208984","0.025876522064208984"
"5704","0.014347255229949951","0.014347255229949951","0.014347255229949951"
"5706","0.09555244445800781","0.09555244445800781","0.09555244445800781"
"5708","0.058283984661102295","0.058283984661102295","0.058283984661102295"
"5710","0.04187476634979248","0.04187476634979248","0.04187476634979248"
"5712","0.1087954044342041","0.1087954044342041","0.1087954044342041"
"5714","0.07088065147399902","0.07088065147399902","0.07088065147399902"
"5716","0.07564544677734375","0.07564544677734375","0.07564544677734375"
"5718","0.03987842798233032","0.03987842798233032","0.03987842798233032"
"5720","0.06608188152313232","0.06608188152313232","0.06608188152313232"
"5722","0.1357285976409912","0.1357285976409912","0.1357285976409912"
"5724","0.03725111484527588","0.03725111484527588","0.03725111484527588"
"5726","0.06544160842895508","0.06544160842895508","0.06544160842895508"
"5728","0.08050525188446045","0.08050525188446045","0.08050525188446045"
"5730","0.0895310640335083","0.0895310640335083","0.0895310640335083"
"5732","0.044968366622924805","0.044968366622924805","0.044968366622924805"
"5734","0.05594831705093384","0.05594831705093384","0.05594831705093384"
"5736","0.10113418102264404","0.10113418102264404","0.10113418102264404"
"5738","0.06900405883789062","0.06900405883789062","0.06900405883789062"
"5740","0.09207272529602051","0.09207272529602051","0.09207272529602051"
"5742","0.056172728538513184","0.056172728538513184","0.056172728538513184"
"5744","0.1734752655029297","0.1734752655029297","0.1734752655029297"
"5746","0.10893726348876953","0.10893726348876953","0.10893726348876953"
"5748","0.03397035598754883","0.03397035598754883","0.03397035598754883"
"5750","0.05463600158691406","0.05463600158691406","0.05463600158691406"
"5752","0.025931835174560547","0.025931835174560547","0.025931835174560547"
"5754","0.03826570510864258","0.03826570510864258","0.03826570510864258"
"5756","0.019440770149230957","0.019440770149230957","0.019440770149230957"
"5758","0.06831717491149902","0.06831717491149902","0.06831717491149902"
"5760","0.018967032432556152","0.018967032432556152","0.018967032432556152"
"5762","0.06738245487213135","0.06738245487213135","0.06738245487213135"
"5764","0.08279633522033691","0.08279633522033691","0.08279633522033691"
"5766","0.04894912242889404","0.04894912242889404","0.04894912242889404"
"5768","0.014366008341312408","0.014366008341312408","0.014366008341312408"
"5770","0.08593463897705078","0.08593463897705078","0.08593463897705078"
"5772","0.08560246229171753","0.08560246229171753","0.08560246229171753"
"5774","0.0848698616027832","0.0848698616027832","0.0848698616027832"
"5776","0.038898468017578125","0.038898468017578125","0.038898468017578125"
"5778","0.05476212501525879","0.05476212501525879","0.05476212501525879"
"5780","0.03818714618682861","0.03818714618682861","0.03818714618682861"
"5782","0.06421542167663574","0.06421542167663574","0.06421542167663574"
"5784","0.027086913585662842","0.027086913585662842","0.027086913585662842"
"5789","0.05588984489440918","0.05588984489440918","0.05588984489440918"
"5791","0.04307866096496582","0.04307866096496582","0.04307866096496582"
"5793","0.027554571628570557","0.027554571628570557","0.027554571628570557"
"5795","0.07783925533294678","0.07783925533294678","0.07783925533294678"
"5797","0.044167518615722656","0.044167518615722656","0.044167518615722656"
"5799","0.028176337480545044","0.028176337480545044","0.028176337480545044"
"5801","0.02867293357849121","0.02867293357849121","0.02867293357849121"
"5803","0.0821840763092041","0.0821840763092041","0.0821840763092041"
"5805","0.023575037717819214","0.023575037717819214","0.023575037717819214"
"5807","0.03624725341796875","0.03624725341796875","0.03624725341796875"
"5809","0.023090481758117676","0.023090481758117676","0.023090481758117676"
"5811","0.05801382660865784","0.05801382660865784","0.05801382660865784"
"5813","0.04680156707763672","0.04680156707763672","0.04680156707763672"
"5815","0.051589250564575195","0.051589250564575195","0.051589250564575195"
"5817","0.050045035779476166","0.050045035779476166","0.050045035779476166"
"5819","0.07410752773284912","0.07410752773284912","0.07410752773284912"
"5821","0.07650423049926758","0.07650423049926758","0.07650423049926758"
"5823","0.06043863296508789","0.06043863296508789","0.06043863296508789"
"5825","0.03039562702178955","0.03039562702178955","0.03039562702178955"
"5827","0.07152682542800903","0.07152682542800903","0.07152682542800903"
"5829","0.03260880708694458","0.03260880708694458","0.03260880708694458"
"5831","0.10313773155212402","0.10313773155212402","0.10313773155212402"
"5833","0.023847103118896484","0.023847103118896484","0.023847103118896484"
"5835","0.04903322458267212","0.04903322458267212","0.04903322458267212"
"5837","0.04244816303253174","0.04244816303253174","0.04244816303253174"
"5839","0.03760692477226257","0.03760692477226257","0.03760692477226257"
"5841","0.037354476749897","0.037354476749897","0.037354476749897"
"5843","0.038120537996292114","0.038120537996292114","0.038120537996292114"
"5845","0.0302581787109375","0.0302581787109375","0.0302581787109375"
"5847","0.022932350635528564","0.022932350635528564","0.022932350635528564"
"5849","0.02618354558944702","0.02618354558944702","0.02618354558944702"
"5851","0.017437219619750977","0.017437219619750977","0.017437219619750977"
"5853","0.036108970642089844","0.036108970642089844","0.036108970642089844"
"5855","0.037943035364151","0.037943035364151","0.037943035364151"
"5857","0.10507965087890625","0.10507965087890625","0.10507965087890625"
"5859","0.08835411071777344","0.08835411071777344","0.08835411071777344"
"5861","0.054971933364868164","0.054971933364868164","0.054971933364868164"
"5863","0.02504509687423706","0.02504509687423706","0.02504509687423706"
"5865","0.04806709289550781","0.04806709289550781","0.04806709289550781"
"5867","0.032053470611572266","0.032053470611572266","0.032053470611572266"
"5869","0.018128633499145508","0.018128633499145508","0.018128633499145508"
"5871","0.08384370803833008","0.08384370803833008","0.08384370803833008"
"5873","0.037798166275024414","0.037798166275024414","0.037798166275024414"
"5875","0.01322317123413086","0.01322317123413086","0.01322317123413086"
"5877","0.024682283401489258","0.024682283401489258","0.024682283401489258"
"5879","0.0758359432220459","0.0758359432220459","0.0758359432220459"
"5881","0.13094699382781982","0.13094699382781982","0.13094699382781982"
"5883","0.10313546657562256","0.10313546657562256","0.10313546657562256"
"5885","0.012735798954963684","0.012735798954963684","0.012735798954963684"
"5887","0.05712318420410156","0.05712318420410156","0.05712318420410156"
"5889","0.12940359115600586","0.12940359115600586","0.12940359115600586"
"5891","0.025050878524780273","0.025050878524780273","0.025050878524780273"
"5893","0.02612626552581787","0.02612626552581787","0.02612626552581787"
"5895","0.03405734896659851","0.03405734896659851","0.03405734896659851"
"5897","0.09203529357910156","0.09203529357910156","0.09203529357910156"
"5899","0.04416298866271973","0.04416298866271973","0.04416298866271973"
"5901","0.06925928592681885","0.06925928592681885","0.06925928592681885"
"5903","0.08407324552536011","0.08407324552536011","0.08407324552536011"
"5905","0.08630943298339844","0.08630943298339844","0.08630943298339844"
"5907","0.1104351282119751","0.1104351282119751","0.1104351282119751"
"5909","0.08596396446228027","0.08596396446228027","0.08596396446228027"
"5911","0.0572352409362793","0.0572352409362793","0.0572352409362793"
"5913","0.0830303430557251","0.0830303430557251","0.0830303430557251"
"5915","0.016194254159927368","0.016194254159927368","0.016194254159927368"
"5917","0.021808505058288574","0.021808505058288574","0.021808505058288574"
"5919","0.05915069580078125","0.05915069580078125","0.05915069580078125"
"5921","0.013988971710205078","0.013988971710205078","0.013988971710205078"
"5923","0.024134159088134766","0.024134159088134766","0.024134159088134766"
"5925","0.07298439741134644","0.07298439741134644","0.07298439741134644"
"5927","0.04417693614959717","0.04417693614959717","0.04417693614959717"
"5929","0.020272761583328247","0.020272761583328247","0.020272761583328247"
"5931","0.03973880410194397","0.03973880410194397","0.03973880410194397"
"5933","0.030805736780166626","0.030805736780166626","0.030805736780166626"
"5935","0.011379458010196686","0.011379458010196686","0.011379458010196686"
"5937","0.06223583221435547","0.06223583221435547","0.06223583221435547"
"5939","0.018441438674926758","0.018441438674926758","0.018441438674926758"
"5941","0.08671364188194275","0.08671364188194275","0.08671364188194275"
"5943","0.07780838012695312","0.07780838012695312","0.07780838012695312"
"5945","0.0699692964553833","0.0699692964553833","0.0699692964553833"
"5947","0.030536651611328125","0.030536651611328125","0.030536651611328125"
"5949","0.12714409828186035","0.12714409828186035","0.12714409828186035"
"5951","0.1370553970336914","0.1370553970336914","0.1370553970336914"
"5953","0.04349583387374878","0.04349583387374878","0.04349583387374878"
"5955","0.049640655517578125","0.049640655517578125","0.049640655517578125"
"5957","0.08002632856369019","0.08002632856369019","0.08002632856369019"
"5959","0.06301558017730713","0.06301558017730713","0.06301558017730713"
"5961","0.016119539737701416","0.016119539737701416","0.016119539737701416"
"5963","0.03764069080352783","0.03764069080352783","0.03764069080352783"
"5965","0.07294583320617676","0.07294583320617676","0.07294583320617676"
"5967","0.035090625286102295","0.035090625286102295","0.035090625286102295"
"5969","0.03596067428588867","0.03596067428588867","0.03596067428588867"
"5971","0.013324499130249023","0.013324499130249023","0.013324499130249023"
"5973","0.051726341247558594","0.051726341247558594","0.051726341247558594"
"5975","0.02070605754852295","0.02070605754852295","0.02070605754852295"
"5977","0.032517075538635254","0.032517075538635254","0.032517075538635254"
"5979","0.07796648144721985","0.07796648144721985","0.07796648144721985"
"5981","0.0035398006439208984","0.0035398006439208984","0.0035398006439208984"
"5983","0.039372920989990234","0.039372920989990234","0.039372920989990234"
"5985","0.021031439304351807","0.021031439304351807","0.021031439304351807"
"5987","0.08326864242553711","0.08326864242553711","0.08326864242553711"
"5989","0.06716518104076385","0.06716518104076385","0.06716518104076385"
"5991","0.03345370292663574","0.03345370292663574","0.03345370292663574"
"5993","0.038838326930999756","0.038838326930999756","0.038838326930999756"
"5995","0.044069886207580566","0.044069886207580566","0.044069886207580566"
"5997","0.05782604217529297","0.05782604217529297","0.05782604217529297"
"5999","0.02873942255973816","0.02873942255973816","0.02873942255973816"
"6001","0.08113384246826172","0.08113384246826172","0.08113384246826172"
"6003","0.028407901525497437","0.028407901525497437","0.028407901525497437"
"6005","0.012701034545898438","0.012701034545898438","0.012701034545898438"
"6007","0.04445984959602356","0.04445984959602356","0.04445984959602356"
"6009","0.04980182647705078","0.04980182647705078","0.04980182647705078"
"6011","0.046128273010253906","0.046128273010253906","0.046128273010253906"
"6013","0.033434927463531494","0.033434927463531494","0.033434927463531494"
"6015","0.03690922260284424","0.03690922260284424","0.03690922260284424"
"6017","0.06095069646835327","0.06095069646835327","0.06095069646835327"
"6019","0.045308828353881836","0.045308828353881836","0.045308828353881836"
"6021","0.01645982265472412","0.01645982265472412","0.01645982265472412"
"6023","0.047216057777404785","0.047216057777404785","0.047216057777404785"
"6025","0.016523882746696472","0.016523882746696472","0.016523882746696472"
"6027","0.030893921852111816","0.030893921852111816","0.030893921852111816"
"6029","0.023790299892425537","0.023790299892425537","0.023790299892425537"
"6031","0.05970871448516846","0.05970871448516846","0.05970871448516846"
"6033","0.0336003303527832","0.0336003303527832","0.0336003303527832"
"6035","0.06750848889350891","0.06750848889350891","0.06750848889350891"
"6037","0.056685686111450195","0.056685686111450195","0.056685686111450195"
"6039","0.09917323291301727","0.09917323291301727","0.09917323291301727"
"6041","0.03542393445968628","0.03542393445968628","0.03542393445968628"
"6043","0.12999042868614197","0.12999042868614197","0.12999042868614197"
"6045","0.07351326942443848","0.07351326942443848","0.07351326942443848"
"6047","0.030039384961128235","0.030039384961128235","0.030039384961128235"
"6049","0.02249160408973694","0.02249160408973694","0.02249160408973694"
"6051","0.024387717247009277","0.024387717247009277","0.024387717247009277"
"6053","0.08588552474975586","0.08588552474975586","0.08588552474975586"
"6055","0.09918498992919922","0.09918498992919922","0.09918498992919922"
"6057","0.08014112710952759","0.08014112710952759","0.08014112710952759"
"6059","0.02324005216360092","0.02324005216360092","0.02324005216360092"
"6061","0.02328193187713623","0.02328193187713623","0.02328193187713623"
"6063","0.017107710242271423","0.017107710242271423","0.017107710242271423"
"6065","0.059916019439697266","0.059916019439697266","0.059916019439697266"
"6067","0.05144532769918442","0.05144532769918442","0.05144532769918442"
"6069","0.016278326511383057","0.016278326511383057","0.016278326511383057"
"6071","0.039623260498046875","0.039623260498046875","0.039623260498046875"
"6073","0.09317684173583984","0.09317684173583984","0.09317684173583984"
"6075","0.08194775134325027","0.08194775134325027","0.08194775134325027"
"6077","0.10797789692878723","0.10797789692878723","0.10797789692878723"
"6079","0.0638921856880188","0.0638921856880188","0.0638921856880188"
"6081","0.04041266441345215","0.04041266441345215","0.04041266441345215"
"6083","0.016110263764858246","0.016110263764858246","0.016110263764858246"
"6085","0.06069004535675049","0.06069004535675049","0.06069004535675049"
"6087","0.012901276350021362","0.012901276350021362","0.012901276350021362"
"6089","0.053172945976257324","0.053172945976257324","0.053172945976257324"
"6091","0.12862259149551392","0.12862259149551392","0.12862259149551392"
"6093","0.04620647430419922","0.04620647430419922","0.04620647430419922"
"6095","0.017367124557495117","0.017367124557495117","0.017367124557495117"
"6097","0.09433639049530029","0.09433639049530029","0.09433639049530029"
"6099","0.01718095876276493","0.01718095876276493","0.01718095876276493"
"6101","0.02217516303062439","0.02217516303062439","0.02217516303062439"
"6103","0.10491727292537689","0.10491727292537689","0.10491727292537689"
"6105","0.019205816090106964","0.019205816090106964","0.019205816090106964"
"6107","0.025272827595472336","0.025272827595472336","0.025272827595472336"
"6109","0.08711357414722443","0.08711357414722443","0.08711357414722443"
"6111","0.027564287185668945","0.027564287185668945","0.027564287185668945"
"6113","0.07574856281280518","0.07574856281280518","0.07574856281280518"
"6115","0.06730502843856812","0.06730502843856812","0.06730502843856812"
"6117","0.05630016326904297","0.05630016326904297","0.05630016326904297"
"6119","0.0674593448638916","0.0674593448638916","0.0674593448638916"
"6121","0.015949208289384842","0.015949208289384842","0.015949208289384842"
"6123","0.03177189826965332","0.03177189826965332","0.03177189826965332"
"6125","0.027108311653137207","0.027108311653137207","0.027108311653137207"
"6127","0.11766549944877625","0.11766549944877625","0.11766549944877625"
"6129","0.06190647557377815","0.06190647557377815","0.06190647557377815"
"6131","0.021924659609794617","0.021924659609794617","0.021924659609794617"
"6133","0.0172351635992527","0.0172351635992527","0.0172351635992527"
"6135","0.013412058353424072","0.013412058353424072","0.013412058353424072"
"6137","0.16752958297729492","0.16752958297729492","0.16752958297729492"
"6139","0.037668436765670776","0.037668436765670776","0.037668436765670776"
"6141","0.057493358850479126","0.057493358850479126","0.057493358850479126"
"6143","0.03156210482120514","0.03156210482120514","0.03156210482120514"
"6145","0.023794949054718018","0.023794949054718018","0.023794949054718018"
"6147","0.04835700988769531","0.04835700988769531","0.04835700988769531"
"6149","0.0380706787109375","0.0380706787109375","0.0380706787109375"
"6151","0.04748094081878662","0.04748094081878662","0.04748094081878662"
"6153","0.06543022394180298","0.06543022394180298","0.06543022394180298"
"6155","0.025322437286376953","0.025322437286376953","0.025322437286376953"
"6157","0.10967302322387695","0.10967302322387695","0.10967302322387695"
"6159","0.0249406099319458","0.0249406099319458","0.0249406099319458"
"6161","0.04253116250038147","0.04253116250038147","0.04253116250038147"
"6163","0.1152297854423523","0.1152297854423523","0.1152297854423523"
"6165","0.0207216739654541","0.0207216739654541","0.0207216739654541"
"6167","0.009680449962615967","0.009680449962615967","0.009680449962615967"
"6169","0.05235058069229126","0.05235058069229126","0.05235058069229126"
"6171","0.04217952489852905","0.04217952489852905","0.04217952489852905"
"6173","0.03643906116485596","0.03643906116485596","0.03643906116485596"
"6175","0.015675067901611328","0.015675067901611328","0.015675067901611328"
"6177","0.012459874153137207","0.012459874153137207","0.012459874153137207"
"6179","0.07716846466064453","0.07716846466064453","0.07716846466064453"
"6181","0.03698611259460449","0.03698611259460449","0.03698611259460449"
"6183","0.06925487518310547","0.06925487518310547","0.06925487518310547"
"6185","0.016958296298980713","0.016958296298980713","0.016958296298980713"
"6187","0.03105795383453369","0.03105795383453369","0.03105795383453369"
"6189","0.03905892372131348","0.03905892372131348","0.03905892372131348"
"6191","0.03529787063598633","0.03529787063598633","0.03529787063598633"
"6193","0.030894041061401367","0.030894041061401367","0.030894041061401367"
"6195","0.0825965404510498","0.0825965404510498","0.0825965404510498"
"6197","0.04159188270568848","0.04159188270568848","0.04159188270568848"
"6199","0.052561283111572266","0.052561283111572266","0.052561283111572266"
"6201","0.06048464775085449","0.06048464775085449","0.06048464775085449"
"6203","0.1252918243408203","0.1252918243408203","0.1252918243408203"
"6205","0.05135154724121094","0.05135154724121094","0.05135154724121094"
"6207","0.15116214752197266","0.15116214752197266","0.15116214752197266"
"6209","0.04054182767868042","0.04054182767868042","0.04054182767868042"
"6211","0.02225780487060547","0.02225780487060547","0.02225780487060547"
"6213","0.04594278335571289","0.04594278335571289","0.04594278335571289"
"6215","0.06539535522460938","0.06539535522460938","0.06539535522460938"
"6217","0.05616796016693115","0.05616796016693115","0.05616796016693115"
"6219","0.0710141658782959","0.0710141658782959","0.0710141658782959"
"6221","0.019324302673339844","0.019324302673339844","0.019324302673339844"
"6223","0.07639718055725098","0.07639718055725098","0.07639718055725098"
"6225","0.09385532140731812","0.09385532140731812","0.09385532140731812"
"6227","0.06159567832946777","0.06159567832946777","0.06159567832946777"
"6229","0.08178888261318207","0.08178888261318207","0.08178888261318207"
"6231","0.008080363273620605","0.008080363273620605","0.008080363273620605"
"6233","0.02757894992828369","0.02757894992828369","0.02757894992828369"
"6235","0.00999540090560913","0.00999540090560913","0.00999540090560913"
"6237","0.028596073389053345","0.028596073389053345","0.028596073389053345"
"6239","0.01932811737060547","0.01932811737060547","0.01932811737060547"
"6241","0.07772652804851532","0.07772652804851532","0.07772652804851532"
"6243","0.05616605281829834","0.05616605281829834","0.05616605281829834"
"6245","0.02771615982055664","0.02771615982055664","0.02771615982055664"
"6247","0.012601017951965332","0.012601017951965332","0.012601017951965332"
"6252","0.09538424015045166","0.09538424015045166","0.09538424015045166"
"6254","0.03938335180282593","0.03938335180282593","0.03938335180282593"
"6256","0.036531686782836914","0.036531686782836914","0.036531686782836914"
"6258","0.06496039032936096","0.06496039032936096","0.06496039032936096"
"6260","0.057205379009246826","0.057205379009246826","0.057205379009246826"
"6262","0.009806036949157715","0.009806036949157715","0.009806036949157715"
"6264","0.05564570426940918","0.05564570426940918","0.05564570426940918"
"6266","0.060616135597229004","0.060616135597229004","0.060616135597229004"
"6268","0.03705647587776184","0.03705647587776184","0.03705647587776184"
"6270","0.1047658920288086","0.1047658920288086","0.1047658920288086"
"6272","0.031040042638778687","0.031040042638778687","0.031040042638778687"
"6274","0.08002424240112305","0.08002424240112305","0.08002424240112305"
"6276","0.03566291928291321","0.03566291928291321","0.03566291928291321"
"6278","0.04594147205352783","0.04594147205352783","0.04594147205352783"
"6280","0.015181884169578552","0.015181884169578552","0.015181884169578552"
"6282","0.02272486686706543","0.02272486686706543","0.02272486686706543"
"6284","0.11343181133270264","0.11343181133270264","0.11343181133270264"
"6286","0.07966876029968262","0.07966876029968262","0.07966876029968262"
"6288","0.03438091278076172","0.03438091278076172","0.03438091278076172"
"6290","0.05137689411640167","0.05137689411640167","0.05137689411640167"
"6292","0.023509785532951355","0.023509785532951355","0.023509785532951355"
"6294","0.15511107444763184","0.15511107444763184","0.15511107444763184"
"6296","0.017056167125701904","0.017056167125701904","0.017056167125701904"
"6298","0.040889739990234375","0.040889739990234375","0.040889739990234375"
"6300","0.022462546825408936","0.022462546825408936","0.022462546825408936"
"6302","0.04656629264354706","0.04656629264354706","0.04656629264354706"
"6304","0.10855558514595032","0.10855558514595032","0.10855558514595032"
"6306","0.031234443187713623","0.031234443187713623","0.031234443187713623"
"6308","0.04328131675720215","0.04328131675720215","0.04328131675720215"
"6310","0.018613576889038086","0.018613576889038086","0.018613576889038086"
"6312","0.029182761907577515","0.029182761907577515","0.029182761907577515"
"6314","0.05482679605484009","0.05482679605484009","0.05482679605484009"
"6316","0.0477757453918457","0.0477757453918457","0.0477757453918457"
"6318","0.07406067848205566","0.07406067848205566","0.07406067848205566"
"6320","0.03151661157608032","0.03151661157608032","0.03151661157608032"
"6322","0.04982638359069824","0.04982638359069824","0.04982638359069824"
"6324","0.05893212556838989","0.05893212556838989","0.05893212556838989"
"6326","0.03190755844116211","0.03190755844116211","0.03190755844116211"
"6328","0.02674996852874756","0.02674996852874756","0.02674996852874756"
"6330","0.091777503490448","0.091777503490448","0.091777503490448"
"6332","0.027160465717315674","0.027160465717315674","0.027160465717315674"
"6334","0.09435117244720459","0.09435117244720459","0.09435117244720459"
"6336","0.01647651195526123","0.01647651195526123","0.01647651195526123"
"6338","0.05228877067565918","0.05228877067565918","0.05228877067565918"
"6340","0.016869107261300087","0.016869107261300087","0.016869107261300087"
"6342","0.036545053124427795","0.036545053124427795","0.036545053124427795"
"6344","0.0968981385231018","0.0968981385231018","0.0968981385231018"
"6346","0.013579964637756348","0.013579964637756348","0.013579964637756348"
"6348","0.03880631923675537","0.03880631923675537","0.03880631923675537"
"6350","0.036634624004364014","0.036634624004364014","0.036634624004364014"
"6352","0.011426448822021484","0.011426448822021484","0.011426448822021484"
"6354","0.07295531034469604","0.07295531034469604","0.07295531034469604"
"6356","0.09563398361206055","0.09563398361206055","0.09563398361206055"
"6358","0.07491958141326904","0.07491958141326904","0.07491958141326904"
"6360","0.06025969982147217","0.06025969982147217","0.06025969982147217"
"6362","0.037569329142570496","0.037569329142570496","0.037569329142570496"
"6364","0.017727479338645935","0.017727479338645935","0.017727479338645935"
"6366","0.03777459263801575","0.03777459263801575","0.03777459263801575"
"6368","0.07024723291397095","0.07024723291397095","0.07024723291397095"
"6370","0.06723453849554062","0.06723453849554062","0.06723453849554062"
"6372","0.07378804683685303","0.07378804683685303","0.07378804683685303"
"6374","0.033841654658317566","0.033841654658317566","0.033841654658317566"
"6376","0.06997818499803543","0.06997818499803543","0.06997818499803543"
"6378","0.047072917222976685","0.047072917222976685","0.047072917222976685"
"6380","0.10952037572860718","0.10952037572860718","0.10952037572860718"
"6382","0.044059038162231445","0.044059038162231445","0.044059038162231445"
"6384","0.018373697996139526","0.018373697996139526","0.018373697996139526"
"6386","0.08545657992362976","0.08545657992362976","0.08545657992362976"
"6388","0.0645206868648529","0.0645206868648529","0.0645206868648529"
"6390","0.060280442237854004","0.060280442237854004","0.060280442237854004"
"6392","0.031716182827949524","0.031716182827949524","0.031716182827949524"
"6394","0.0726323127746582","0.0726323127746582","0.0726323127746582"
"6396","0.050196558237075806","0.050196558237075806","0.050196558237075806"
"6398","0.047178953886032104","0.047178953886032104","0.047178953886032104"
"6400","0.054350852966308594","0.054350852966308594","0.054350852966308594"
"6402","0.07065296173095703","0.07065296173095703","0.07065296173095703"
"6404","0.05055880546569824","0.05055880546569824","0.05055880546569824"
"6406","0.09480170160531998","0.09480170160531998","0.09480170160531998"
"6408","0.029497019946575165","0.029497019946575165","0.029497019946575165"
"6410","0.07528817653656006","0.07528817653656006","0.07528817653656006"
"6412","0.05374103784561157","0.05374103784561157","0.05374103784561157"
"6414","0.04903006553649902","0.04903006553649902","0.04903006553649902"
"6416","0.05349630117416382","0.05349630117416382","0.05349630117416382"
"6418","0.059405356645584106","0.059405356645584106","0.059405356645584106"
"6420","0.03657048940658569","0.03657048940658569","0.03657048940658569"
"6422","0.05862003564834595","0.05862003564834595","0.05862003564834595"
"6424","0.03361290693283081","0.03361290693283081","0.03361290693283081"
"6426","0.10931587219238281","0.10931587219238281","0.10931587219238281"
"6428","0.02941727638244629","0.02941727638244629","0.02941727638244629"
"6430","0.026119351387023926","0.026119351387023926","0.026119351387023926"
"6432","0.09790462255477905","0.09790462255477905","0.09790462255477905"
"6434","0.06563883274793625","0.06563883274793625","0.06563883274793625"
"6436","0.05647069215774536","0.05647069215774536","0.05647069215774536"
"6438","0.009560644626617432","0.009560644626617432","0.009560644626617432"
"6440","0.0137711763381958","0.0137711763381958","0.0137711763381958"
"6442","0.04603610932826996","0.04603610932826996","0.04603610932826996"
"6444","0.06810116767883301","0.06810116767883301","0.06810116767883301"
"6446","0.07748985290527344","0.07748985290527344","0.07748985290527344"
"6448","0.03392791748046875","0.03392791748046875","0.03392791748046875"
"6450","0.11737450212240219","0.11737450212240219","0.11737450212240219"
"6452","0.020189598202705383","0.020189598202705383","0.020189598202705383"
"6454","0.011631011962890625","0.011631011962890625","0.011631011962890625"
"6456","0.023459196090698242","0.023459196090698242","0.023459196090698242"
"6458","0.017292991280555725","0.017292991280555725","0.017292991280555725"
"6460","0.020957350730895996","0.020957350730895996","0.020957350730895996"
"6462","0.00994103029370308","0.00994103029370308","0.00994103029370308"
"6464","0.026172161102294922","0.026172161102294922","0.026172161102294922"
"6466","0.08304554224014282","0.08304554224014282","0.08304554224014282"
"6468","0.07563066482543945","0.07563066482543945","0.07563066482543945"
"6470","0.042479634284973145","0.042479634284973145","0.042479634284973145"
"6472","0.03220939636230469","0.03220939636230469","0.03220939636230469"
"6474","0.027002006769180298","0.027002006769180298","0.027002006769180298"
"6476","0.015576362609863281","0.015576362609863281","0.015576362609863281"
"6478","0.026263713836669922","0.026263713836669922","0.026263713836669922"
"6480","0.03256082534790039","0.03256082534790039","0.03256082534790039"
"6482","0.039926111698150635","0.039926111698150635","0.039926111698150635"
"6484","0.06442499160766602","0.06442499160766602","0.06442499160766602"
"6486","0.05636296793818474","0.05636296793818474","0.05636296793818474"
"6488","0.025657065212726593","0.025657065212726593","0.025657065212726593"
"6490","0.009426355361938477","0.009426355361938477","0.009426355361938477"
"6492","0.04288843274116516","0.04288843274116516","0.04288843274116516"
"6494","0.015659451484680176","0.015659451484680176","0.015659451484680176"
"6496","0.024717092514038086","0.024717092514038086","0.024717092514038086"
"6498","0.06965446472167969","0.06965446472167969","0.06965446472167969"
"6500","0.10300922393798828","0.10300922393798828","0.10300922393798828"
"6502","0.027093812823295593","0.027093812823295593","0.027093812823295593"
"6504","0.0355377197265625","0.0355377197265625","0.0355377197265625"
"6506","0.06625446677207947","0.06625446677207947","0.06625446677207947"
"6508","0.06259489059448242","0.06259489059448242","0.06259489059448242"
"6510","0.013757824897766113","0.013757824897766113","0.013757824897766113"
"6512","0.019325032830238342","0.019325032830238342","0.019325032830238342"
"6514","0.008513249456882477","0.008513249456882477","0.008513249456882477"
"6516","0.08255612850189209","0.08255612850189209","0.08255612850189209"
"6518","0.03870537877082825","0.03870537877082825","0.03870537877082825"
"6520","0.09223601222038269","0.09223601222038269","0.09223601222038269"
"6522","0.04753553867340088","0.04753553867340088","0.04753553867340088"
"6524","0.044355086982250214","0.044355086982250214","0.044355086982250214"
"6526","0.010963410139083862","0.010963410139083862","0.010963410139083862"
"6528","0.011807769536972046","0.011807769536972046","0.011807769536972046"
"6530","0.025481045246124268","0.025481045246124268","0.025481045246124268"
"6532","0.053720831871032715","0.053720831871032715","0.053720831871032715"
"6534","0.044689834117889404","0.044689834117889404","0.044689834117889404"
"6536","0.009851455688476562","0.009851455688476562","0.009851455688476562"
"6538","0.04616141319274902","0.04616141319274902","0.04616141319274902"
"6540","0.019194304943084717","0.019194304943084717","0.019194304943084717"
"6542","0.06635826826095581","0.06635826826095581","0.06635826826095581"
"6544","0.02127206325531006","0.02127206325531006","0.02127206325531006"
"6546","0.08207063376903534","0.08207063376903534","0.08207063376903534"
"6548","0.012773215770721436","0.012773215770721436","0.012773215770721436"
"6550","0.019789934158325195","0.019789934158325195","0.019789934158325195"
"6552","0.0885956734418869","0.0885956734418869","0.0885956734418869"
"6554","0.03372079133987427","0.03372079133987427","0.03372079133987427"
"6556","0.034393101930618286","0.034393101930618286","0.034393101930618286"
"6558","0.07056696712970734","0.07056696712970734","0.07056696712970734"
"6560","0.05285710096359253","0.05285710096359253","0.05285710096359253"
"6562","0.013493090867996216","0.013493090867996216","0.013493090867996216"
"6564","0.021330684423446655","0.021330684423446655","0.021330684423446655"
"6566","0.04170846939086914","0.04170846939086914","0.04170846939086914"
"6568","0.08958327770233154","0.08958327770233154","0.08958327770233154"
"6570","0.020014554262161255","0.020014554262161255","0.020014554262161255"
"6572","0.054121315479278564","0.054121315479278564","0.054121315479278564"
"6574","0.15986312925815582","0.15986312925815582","0.15986312925815582"
"6576","0.007079020142555237","0.007079020142555237","0.007079020142555237"
"6578","0.05664098262786865","0.05664098262786865","0.05664098262786865"
"6580","0.033671557903289795","0.033671557903289795","0.033671557903289795"
"6582","0.05268096923828125","0.05268096923828125","0.05268096923828125"
"6584","0.06390814483165741","0.06390814483165741","0.06390814483165741"
"6586","0.06783199310302734","0.06783199310302734","0.06783199310302734"
"6588","0.07081294059753418","0.07081294059753418","0.07081294059753418"
"6590","0.020800113677978516","0.020800113677978516","0.020800113677978516"
"6592","0.04154157638549805","0.04154157638549805","0.04154157638549805"
"6594","0.014970988035202026","0.014970988035202026","0.014970988035202026"
"6596","0.017238497734069824","0.017238497734069824","0.017238497734069824"
"6598","0.04140365123748779","0.04140365123748779","0.04140365123748779"
"6600","0.05315816402435303","0.05315816402435303","0.05315816402435303"
"6602","0.05081832408905029","0.05081832408905029","0.05081832408905029"
"6604","0.022570550441741943","0.022570550441741943","0.022570550441741943"
"6606","0.049195289611816406","0.049195289611816406","0.049195289611816406"
"6608","0.06570601463317871","0.06570601463317871","0.06570601463317871"
"6610","0.03364492952823639","0.03364492952823639","0.03364492952823639"
"6612","0.0815984308719635","0.0815984308719635","0.0815984308719635"
"6614","0.04931163787841797","0.04931163787841797","0.04931163787841797"
"6616","0.013010740280151367","0.013010740280151367","0.013010740280151367"
"6618","0.027498483657836914","0.027498483657836914","0.027498483657836914"
"6620","0.03874242305755615","0.03874242305755615","0.03874242305755615"
"6622","0.010949596762657166","0.010949596762657166","0.010949596762657166"
"6624","0.023021817207336426","0.023021817207336426","0.023021817207336426"
"6626","0.02951955795288086","0.02951955795288086","0.02951955795288086"
"6628","0.029159191995859146","0.029159191995859146","0.029159191995859146"
"6630","0.06264227628707886","0.06264227628707886","0.06264227628707886"
"6632","0.07060396671295166","0.07060396671295166","0.07060396671295166"
"6634","0.02497877925634384","0.02497877925634384","0.02497877925634384"
"6636","0.03539480268955231","0.03539480268955231","0.03539480268955231"
"6638","0.03032684326171875","0.03032684326171875","0.03032684326171875"
"6640","0.10092592239379883","0.10092592239379883","0.10092592239379883"
"6642","0.03858679533004761","0.03858679533004761","0.03858679533004761"
"6644","0.041605472564697266","0.041605472564697266","0.041605472564697266"
"6646","0.0957086980342865","0.0957086980342865","0.0957086980342865"
"6648","0.0517505407333374","0.0517505407333374","0.0517505407333374"
"6650","0.04702556133270264","0.04702556133270264","0.04702556133270264"
"6652","0.01156771183013916","0.01156771183013916","0.01156771183013916"
"6654","0.0645984411239624","0.0645984411239624","0.0645984411239624"
"6656","0.10726547241210938","0.10726547241210938","0.10726547241210938"
"6658","0.06911103427410126","0.06911103427410126","0.06911103427410126"
"6660","0.06722414493560791","0.06722414493560791","0.06722414493560791"
"6662","0.013176597654819489","0.013176597654819489","0.013176597654819489"
"6664","0.04574441909790039","0.04574441909790039","0.04574441909790039"
"6666","0.017985224723815918","0.017985224723815918","0.017985224723815918"
"6668","0.05417293310165405","0.05417293310165405","0.05417293310165405"
"6670","0.014717906713485718","0.014717906713485718","0.014717906713485718"
"6672","0.017064809799194336","0.017064809799194336","0.017064809799194336"
"6674","0.07778406143188477","0.07778406143188477","0.07778406143188477"
"6676","0.011508233845233917","0.011508233845233917","0.011508233845233917"
"6678","0.09982812404632568","0.09982812404632568","0.09982812404632568"
"6680","0.023832976818084717","0.023832976818084717","0.023832976818084717"
"6682","0.00961536169052124","0.00961536169052124","0.00961536169052124"
"6684","0.050915107131004333","0.050915107131004333","0.050915107131004333"
"6686","0.018639564514160156","0.018639564514160156","0.018639564514160156"
"6688","0.015598934143781662","0.015598934143781662","0.015598934143781662"
"6690","0.02705162763595581","0.02705162763595581","0.02705162763595581"
"6692","0.009977057576179504","0.009977057576179504","0.009977057576179504"
"6694","0.05313706398010254","0.05313706398010254","0.05313706398010254"
"6696","0.022174477577209473","0.022174477577209473","0.022174477577209473"
"6698","0.015044242143630981","0.015044242143630981","0.015044242143630981"
"6700","0.02228701114654541","0.02228701114654541","0.02228701114654541"
"6702","0.09683787822723389","0.09683787822723389","0.09683787822723389"
"6704","0.06359058618545532","0.06359058618545532","0.06359058618545532"
"6706","0.06342995166778564","0.06342995166778564","0.06342995166778564"
"6708","0.0625150203704834","0.0625150203704834","0.0625150203704834"
"6710","0.028638243675231934","0.028638243675231934","0.028638243675231934"
"6715","0.06114815175533295","0.06114815175533295","0.06114815175533295"
"6717","0.04661667346954346","0.04661667346954346","0.04661667346954346"
"6719","0.09908437728881836","0.09908437728881836","0.09908437728881836"
"6721","0.019276514649391174","0.019276514649391174","0.019276514649391174"
"6723","0.036819830536842346","0.036819830536842346","0.036819830536842346"
"6725","0.05923879146575928","0.05923879146575928","0.05923879146575928"
"6727","0.03579062223434448","0.03579062223434448","0.03579062223434448"
"6729","0.027011632919311523","0.027011632919311523","0.027011632919311523"
"6731","0.05776941776275635","0.05776941776275635","0.05776941776275635"
"6733","0.03469466418027878","0.03469466418027878","0.03469466418027878"
"6735","0.0060531869530677795","0.0060531869530677795","0.0060531869530677795"
"6737","0.01183396577835083","0.01183396577835083","0.01183396577835083"
"6739","0.10225725173950195","0.10225725173950195","0.10225725173950195"
"6741","0.022742226719856262","0.022742226719856262","0.022742226719856262"
"6743","0.01955963298678398","0.01955963298678398","0.01955963298678398"
"6745","0.024477899074554443","0.024477899074554443","0.024477899074554443"
"6747","0.029581673443317413","0.029581673443317413","0.029581673443317413"
"6749","0.047950565814971924","0.047950565814971924","0.047950565814971924"
"6751","0.006631761789321899","0.006631761789321899","0.006631761789321899"
"6753","0.022286560386419296","0.022286560386419296","0.022286560386419296"
"6755","0.041495323181152344","0.041495323181152344","0.041495323181152344"
"6757","0.018362998962402344","0.018362998962402344","0.018362998962402344"
"6759","0.01521909236907959","0.01521909236907959","0.01521909236907959"
"6761","0.009033501148223877","0.009033501148223877","0.009033501148223877"
"6763","0.021286606788635254","0.021286606788635254","0.021286606788635254"
"6765","0.006778523325920105","0.006778523325920105","0.006778523325920105"
"6767","0.04982185363769531","0.04982185363769531","0.04982185363769531"
"6769","0.06593626737594604","0.06593626737594604","0.06593626737594604"
"6771","0.050096094608306885","0.050096094608306885","0.050096094608306885"
"6773","0.013385415077209473","0.013385415077209473","0.013385415077209473"
"6775","0.03971788287162781","0.03971788287162781","0.03971788287162781"
"6777","0.08430039882659912","0.08430039882659912","0.08430039882659912"
"6779","0.041431911289691925","0.041431911289691925","0.041431911289691925"
"6781","0.23574411869049072","0.23574411869049072","0.23574411869049072"
"6783","0.07595962285995483","0.07595962285995483","0.07595962285995483"
"6785","0.01406288892030716","0.01406288892030716","0.01406288892030716"
"6787","0.09672057628631592","0.09672057628631592","0.09672057628631592"
"6789","0.025616999715566635","0.025616999715566635","0.025616999715566635"
"6791","0.03660672903060913","0.03660672903060913","0.03660672903060913"
"6793","0.049234818667173386","0.049234818667173386","0.049234818667173386"
"6795","0.028427600860595703","0.028427600860595703","0.028427600860595703"
"6797","0.013619054108858109","0.013619054108858109","0.013619054108858109"
"6799","0.019219398498535156","0.019219398498535156","0.019219398498535156"
"6801","0.012019097805023193","0.012019097805023193","0.012019097805023193"
"6803","0.11161613464355469","0.11161613464355469","0.11161613464355469"
"6805","0.057244136929512024","0.057244136929512024","0.057244136929512024"
"6807","0.052301883697509766","0.052301883697509766","0.052301883697509766"
"6809","0.03907698392868042","0.03907698392868042","0.03907698392868042"
"6811","0.04070925712585449","0.04070925712585449","0.04070925712585449"
"6813","0.01722252368927002","0.01722252368927002","0.01722252368927002"
"6815","0.01581573486328125","0.01581573486328125","0.01581573486328125"
"6817","0.021789580583572388","0.021789580583572388","0.021789580583572388"
"6819","0.03631962090730667","0.03631962090730667","0.03631962090730667"
"6821","0.034426480531692505","0.034426480531692505","0.034426480531692505"
"6823","0.053415894508361816","0.053415894508361816","0.053415894508361816"
"6825","0.010593891143798828","0.010593891143798828","0.010593891143798828"
"6827","0.034985095262527466","0.034985095262527466","0.034985095262527466"
"6829","0.06430952250957489","0.06430952250957489","0.06430952250957489"
"6831","0.028351187705993652","0.028351187705993652","0.028351187705993652"
"6833","0.034414052963256836","0.034414052963256836","0.034414052963256836"
"6835","0.0443916916847229","0.0443916916847229","0.0443916916847229"
"6837","0.06207698583602905","0.06207698583602905","0.06207698583602905"
"6839","0.01848798245191574","0.01848798245191574","0.01848798245191574"
"6841","0.08398956060409546","0.08398956060409546","0.08398956060409546"
"6843","0.03272176533937454","0.03272176533937454","0.03272176533937454"
"6845","0.07095226645469666","0.07095226645469666","0.07095226645469666"
"6847","0.05371713638305664","0.05371713638305664","0.05371713638305664"
"6849","0.08450537919998169","0.08450537919998169","0.08450537919998169"
"6851","0.005940914154052734","0.005940914154052734","0.005940914154052734"
"6853","0.040729522705078125","0.040729522705078125","0.040729522705078125"
"6855","0.010346561670303345","0.010346561670303345","0.010346561670303345"
"6857","0.05386757850646973","0.05386757850646973","0.05386757850646973"
"6859","0.09036946296691895","0.09036946296691895","0.09036946296691895"
"6861","0.04647475481033325","0.04647475481033325","0.04647475481033325"
"6863","0.08772878348827362","0.08772878348827362","0.08772878348827362"
"6865","0.036419689655303955","0.036419689655303955","0.036419689655303955"
"6867","0.0672767162322998","0.0672767162322998","0.0672767162322998"
"6869","0.018771111965179443","0.018771111965179443","0.018771111965179443"
"6871","0.037973105907440186","0.037973105907440186","0.037973105907440186"
"6873","0.019601643085479736","0.019601643085479736","0.019601643085479736"
"6875","0.007794022560119629","0.007794022560119629","0.007794022560119629"
"6877","0.09417304396629333","0.09417304396629333","0.09417304396629333"
"6879","0.05809175968170166","0.05809175968170166","0.05809175968170166"
"6881","0.013578914105892181","0.013578914105892181","0.013578914105892181"
"6883","0.018583297729492188","0.018583297729492188","0.018583297729492188"
"6885","0.14419937133789062","0.14419937133789062","0.14419937133789062"
"6887","0.0054759979248046875","0.0054759979248046875","0.0054759979248046875"
"6889","0.03777843713760376","0.03777843713760376","0.03777843713760376"
"6891","0.010572105646133423","0.010572105646133423","0.010572105646133423"
"6893","0.02937045693397522","0.02937045693397522","0.02937045693397522"
"6895","0.016481883823871613","0.016481883823871613","0.016481883823871613"
"6897","0.026388227939605713","0.026388227939605713","0.026388227939605713"
"6899","0.013644099235534668","0.013644099235534668","0.013644099235534668"
"6901","0.0214540958404541","0.0214540958404541","0.0214540958404541"
"6903","0.11534719169139862","0.11534719169139862","0.11534719169139862"
"6905","0.023526519536972046","0.023526519536972046","0.023526519536972046"
"6907","0.030173778533935547","0.030173778533935547","0.030173778533935547"
"6909","0.02376377582550049","0.02376377582550049","0.02376377582550049"
"6911","0.060129642486572266","0.060129642486572266","0.060129642486572266"
"6913","0.02551420032978058","0.02551420032978058","0.02551420032978058"
"6915","0.012098334729671478","0.012098334729671478","0.012098334729671478"
"6917","0.06444397568702698","0.06444397568702698","0.06444397568702698"
"6919","0.04313529282808304","0.04313529282808304","0.04313529282808304"
"6921","0.03179764747619629","0.03179764747619629","0.03179764747619629"
"6923","0.05144011974334717","0.05144011974334717","0.05144011974334717"
"6925","0.011478066444396973","0.011478066444396973","0.011478066444396973"
"6927","0.009144097566604614","0.009144097566604614","0.009144097566604614"
"6929","0.012571126222610474","0.012571126222610474","0.012571126222610474"
"6931","0.06917236745357513","0.06917236745357513","0.06917236745357513"
"6933","0.050552964210510254","0.050552964210510254","0.050552964210510254"
"6935","0.038614362478256226","0.038614362478256226","0.038614362478256226"
"6937","0.030096303671598434","0.030096303671598434","0.030096303671598434"
"6939","0.03314703702926636","0.03314703702926636","0.03314703702926636"
"6941","0.021071434020996094","0.021071434020996094","0.021071434020996094"
"6943","0.061891816556453705","0.061891816556453705","0.061891816556453705"
"6945","0.022148743271827698","0.022148743271827698","0.022148743271827698"
"6947","0.024575769901275635","0.024575769901275635","0.024575769901275635"
"6949","0.0358351469039917","0.0358351469039917","0.0358351469039917"
"6951","0.06549453735351562","0.06549453735351562","0.06549453735351562"
"6953","0.03686264157295227","0.03686264157295227","0.03686264157295227"
"6955","0.021658122539520264","0.021658122539520264","0.021658122539520264"
"6957","0.013526290655136108","0.013526290655136108","0.013526290655136108"
"6959","0.06376898288726807","0.06376898288726807","0.06376898288726807"
"6961","0.005352523177862167","0.005352523177862167","0.005352523177862167"
"6963","0.03883333504199982","0.03883333504199982","0.03883333504199982"
"6965","0.05185002088546753","0.05185002088546753","0.05185002088546753"
"6967","0.09593385457992554","0.09593385457992554","0.09593385457992554"
"6969","0.031647682189941406","0.031647682189941406","0.031647682189941406"
"6971","0.04351150989532471","0.04351150989532471","0.04351150989532471"
"6973","0.05954158306121826","0.05954158306121826","0.05954158306121826"
"6975","0.08171027898788452","0.08171027898788452","0.08171027898788452"
"6977","0.014678087085485458","0.014678087085485458","0.014678087085485458"
"6979","0.02135777473449707","0.02135777473449707","0.02135777473449707"
"6981","0.03866511583328247","0.03866511583328247","0.03866511583328247"
"6983","0.04094827175140381","0.04094827175140381","0.04094827175140381"
"6985","0.012267827987670898","0.012267827987670898","0.012267827987670898"
"6987","0.04512357711791992","0.04512357711791992","0.04512357711791992"
"6989","0.04897958040237427","0.04897958040237427","0.04897958040237427"
"6991","0.05732691287994385","0.05732691287994385","0.05732691287994385"
"6993","0.0568411722779274","0.0568411722779274","0.0568411722779274"
"6995","0.020604848861694336","0.020604848861694336","0.020604848861694336"
"6997","0.08260011672973633","0.08260011672973633","0.08260011672973633"
"6999","0.08902519941329956","0.08902519941329956","0.08902519941329956"
"7001","0.030031919479370117","0.030031919479370117","0.030031919479370117"
"7003","0.0761299580335617","0.0761299580335617","0.0761299580335617"
"7005","0.07574144005775452","0.07574144005775452","0.07574144005775452"
"7007","0.029933035373687744","0.029933035373687744","0.029933035373687744"
"7009","0.05127096176147461","0.05127096176147461","0.05127096176147461"
"7011","0.14552876353263855","0.14552876353263855","0.14552876353263855"
"7013","0.11384588479995728","0.11384588479995728","0.11384588479995728"
"7015","0.1055920347571373","0.1055920347571373","0.1055920347571373"
"7017","0.01962197571992874","0.01962197571992874","0.01962197571992874"
"7019","0.07616123557090759","0.07616123557090759","0.07616123557090759"
"7021","0.005295276641845703","0.005295276641845703","0.005295276641845703"
"7023","0.03441739082336426","0.03441739082336426","0.03441739082336426"
"7025","0.04830217361450195","0.04830217361450195","0.04830217361450195"
"7027","0.022080421447753906","0.022080421447753906","0.022080421447753906"
"7029","0.03635680675506592","0.03635680675506592","0.03635680675506592"
"7031","0.00942009687423706","0.00942009687423706","0.00942009687423706"
"7033","0.04157942533493042","0.04157942533493042","0.04157942533493042"
"7035","0.04443693161010742","0.04443693161010742","0.04443693161010742"
"7037","0.01748526096343994","0.01748526096343994","0.01748526096343994"
"7039","0.06205940246582031","0.06205940246582031","0.06205940246582031"
"7041","0.032528698444366455","0.032528698444366455","0.032528698444366455"
"7043","0.02937006950378418","0.02937006950378418","0.02937006950378418"
"7045","0.0629737377166748","0.0629737377166748","0.0629737377166748"
"7047","0.06490561366081238","0.06490561366081238","0.06490561366081238"
"7049","0.061931490898132324","0.061931490898132324","0.061931490898132324"
"7051","0.07870340347290039","0.07870340347290039","0.07870340347290039"
"7053","0.02066516876220703","0.02066516876220703","0.02066516876220703"
"7055","0.026877999305725098","0.026877999305725098","0.026877999305725098"
"7057","0.004775345325469971","0.004775345325469971","0.004775345325469971"
"7059","0.03665804862976074","0.03665804862976074","0.03665804862976074"
"7061","0.055751025676727295","0.055751025676727295","0.055751025676727295"
"7063","0.00684453547000885","0.00684453547000885","0.00684453547000885"
"7065","0.10233116149902344","0.10233116149902344","0.10233116149902344"
"7067","0.025165848433971405","0.025165848433971405","0.025165848433971405"
"7069","0.04397439956665039","0.04397439956665039","0.04397439956665039"
"7071","0.009749174118041992","0.009749174118041992","0.009749174118041992"
"7073","0.05078882351517677","0.05078882351517677","0.05078882351517677"
"7075","0.01348394900560379","0.01348394900560379","0.01348394900560379"
"7077","0.04621979594230652","0.04621979594230652","0.04621979594230652"
"7079","0.03334151953458786","0.03334151953458786","0.03334151953458786"
"7081","0.026510506868362427","0.026510506868362427","0.026510506868362427"
"7083","0.08265531063079834","0.08265531063079834","0.08265531063079834"
"7085","0.041119325906038284","0.041119325906038284","0.041119325906038284"
"7087","0.06932732462882996","0.06932732462882996","0.06932732462882996"
"7089","0.09481006860733032","0.09481006860733032","0.09481006860733032"
"7091","0.05687744915485382","0.05687744915485382","0.05687744915485382"
"7093","0.03537017107009888","0.03537017107009888","0.03537017107009888"
"7095","0.05502516031265259","0.05502516031265259","0.05502516031265259"
"7097","0.13086822628974915","0.13086822628974915","0.13086822628974915"
"7099","0.042983174324035645","0.042983174324035645","0.042983174324035645"
"7101","0.019427992403507233","0.019427992403507233","0.019427992403507233"
"7103","0.09197781980037689","0.09197781980037689","0.09197781980037689"
"7105","0.03521771728992462","0.03521771728992462","0.03521771728992462"
"7107","0.09959626197814941","0.09959626197814941","0.09959626197814941"
"7109","0.05740436539053917","0.05740436539053917","0.05740436539053917"
"7111","0.022493239492177963","0.022493239492177963","0.022493239492177963"
"7113","0.05261459946632385","0.05261459946632385","0.05261459946632385"
"7115","0.046444639563560486","0.046444639563560486","0.046444639563560486"
"7117","0.048177480697631836","0.048177480697631836","0.048177480697631836"
"7119","0.0553327277302742","0.0553327277302742","0.0553327277302742"
"7121","0.06439298391342163","0.06439298391342163","0.06439298391342163"
"7123","0.04320639371871948","0.04320639371871948","0.04320639371871948"
"7125","0.04102449491620064","0.04102449491620064","0.04102449491620064"
"7127","0.0192716121673584","0.0192716121673584","0.0192716121673584"
"7129","0.04148811101913452","0.04148811101913452","0.04148811101913452"
"7131","0.014402121305465698","0.014402121305465698","0.014402121305465698"
"7133","0.041226983070373535","0.041226983070373535","0.041226983070373535"
"7135","0.02553403377532959","0.02553403377532959","0.02553403377532959"
"7137","0.048666954040527344","0.048666954040527344","0.048666954040527344"
"7139","0.033003926277160645","0.033003926277160645","0.033003926277160645"
"7141","0.09600237756967545","0.09600237756967545","0.09600237756967545"
"7143","0.058882832527160645","0.058882832527160645","0.058882832527160645"
"7145","0.03661346435546875","0.03661346435546875","0.03661346435546875"
"7147","0.016695380210876465","0.016695380210876465","0.016695380210876465"
"7149","0.018665209412574768","0.018665209412574768","0.018665209412574768"
"7151","0.011468499898910522","0.011468499898910522","0.011468499898910522"
"7153","0.028709158301353455","0.028709158301353455","0.028709158301353455"
"7155","0.07926435768604279","0.07926435768604279","0.07926435768604279"
"7157","0.018496792763471603","0.018496792763471603","0.018496792763471603"
"7159","0.012750424444675446","0.012750424444675446","0.012750424444675446"
"7161","0.0073999762535095215","0.0073999762535095215","0.0073999762535095215"
"7163","0.039798736572265625","0.039798736572265625","0.039798736572265625"
"7165","0.12106311321258545","0.12106311321258545","0.12106311321258545"
"7167","0.03774675726890564","0.03774675726890564","0.03774675726890564"
"7169","0.035012245178222656","0.035012245178222656","0.035012245178222656"
"7171","0.01729106903076172","0.01729106903076172","0.01729106903076172"
"7173","0.03778328001499176","0.03778328001499176","0.03778328001499176"
"7178","0.020635604858398438","0.020635604858398438","0.020635604858398438"
"7180","0.029202759265899658","0.029202759265899658","0.029202759265899658"
"7182","0.07432353496551514","0.07432353496551514","0.07432353496551514"
"7184","0.03733092546463013","0.03733092546463013","0.03733092546463013"
"7186","0.03643238544464111","0.03643238544464111","0.03643238544464111"
"7188","0.0654304027557373","0.0654304027557373","0.0654304027557373"
"7190","0.02791012078523636","0.02791012078523636","0.02791012078523636"
"7192","0.015136778354644775","0.015136778354644775","0.015136778354644775"
"7194","0.08790016174316406","0.08790016174316406","0.08790016174316406"
"7196","0.009839296340942383","0.009839296340942383","0.009839296340942383"
"7198","0.03658929467201233","0.03658929467201233","0.03658929467201233"
"7200","0.01813030242919922","0.01813030242919922","0.01813030242919922"
"7202","0.022586345672607422","0.022586345672607422","0.022586345672607422"
"7204","0.03792642429471016","0.03792642429471016","0.03792642429471016"
"7206","0.03864121437072754","0.03864121437072754","0.03864121437072754"
"7208","0.015660643577575684","0.015660643577575684","0.015660643577575684"
"7210","0.023615047335624695","0.023615047335624695","0.023615047335624695"
"7212","0.03143402934074402","0.03143402934074402","0.03143402934074402"
"7214","0.04627459496259689","0.04627459496259689","0.04627459496259689"
"7216","0.04512062668800354","0.04512062668800354","0.04512062668800354"
"7218","0.0534127801656723","0.0534127801656723","0.0534127801656723"
"7220","0.05652737617492676","0.05652737617492676","0.05652737617492676"
"7222","0.014866441488265991","0.014866441488265991","0.014866441488265991"
"7224","0.03737354278564453","0.03737354278564453","0.03737354278564453"
"7226","0.03794458508491516","0.03794458508491516","0.03794458508491516"
"7228","0.014282479882240295","0.014282479882240295","0.014282479882240295"
"7230","0.03930123150348663","0.03930123150348663","0.03930123150348663"
"7232","0.03035876154899597","0.03035876154899597","0.03035876154899597"
"7234","0.07337141036987305","0.07337141036987305","0.07337141036987305"
"7236","0.051377132534980774","0.051377132534980774","0.051377132534980774"
"7238","0.053833406418561935","0.053833406418561935","0.053833406418561935"
"7240","0.022327929735183716","0.022327929735183716","0.022327929735183716"
"7242","0.026860302314162254","0.026860302314162254","0.026860302314162254"
"7244","0.03654554486274719","0.03654554486274719","0.03654554486274719"
"7246","0.010816186666488647","0.010816186666488647","0.010816186666488647"
"7248","0.024451134726405144","0.024451134726405144","0.024451134726405144"
"7250","0.05168586224317551","0.05168586224317551","0.05168586224317551"
"7252","0.006058037281036377","0.006058037281036377","0.006058037281036377"
"7254","0.027268648147583008","0.027268648147583008","0.027268648147583008"
"7256","0.10746144503355026","0.10746144503355026","0.10746144503355026"
"7258","0.026596367359161377","0.026596367359161377","0.026596367359161377"
"7260","0.10330405831336975","0.10330405831336975","0.10330405831336975"
"7262","0.038490116596221924","0.038490116596221924","0.038490116596221924"
"7264","0.011937364935874939","0.011937364935874939","0.011937364935874939"
"7266","0.01804053783416748","0.01804053783416748","0.01804053783416748"
"7268","0.05812227725982666","0.05812227725982666","0.05812227725982666"
"7270","0.1043325886130333","0.1043325886130333","0.1043325886130333"
"7272","0.020582333207130432","0.020582333207130432","0.020582333207130432"
"7274","0.04700900986790657","0.04700900986790657","0.04700900986790657"
"7276","0.021833224222064018","0.021833224222064018","0.021833224222064018"
"7278","0.014097869396209717","0.014097869396209717","0.014097869396209717"
"7280","0.027389541268348694","0.027389541268348694","0.027389541268348694"
"7282","0.009637506678700447","0.009637506678700447","0.009637506678700447"
"7284","0.00969173014163971","0.00969173014163971","0.00969173014163971"
"7286","0.061885058879852295","0.061885058879852295","0.061885058879852295"
"7288","0.031691908836364746","0.031691908836364746","0.031691908836364746"
"7290","0.003645092248916626","0.003645092248916626","0.003645092248916626"
"7292","0.04415726661682129","0.04415726661682129","0.04415726661682129"
"7294","0.053650207817554474","0.053650207817554474","0.053650207817554474"
"7296","0.020297527313232422","0.020297527313232422","0.020297527313232422"
"7298","0.017383038997650146","0.017383038997650146","0.017383038997650146"
"7300","0.023493289947509766","0.023493289947509766","0.023493289947509766"
"7302","0.023205026984214783","0.023205026984214783","0.023205026984214783"
"7304","0.04574310779571533","0.04574310779571533","0.04574310779571533"
"7306","0.031660813838243484","0.031660813838243484","0.031660813838243484"
"7308","0.017687737941741943","0.017687737941741943","0.017687737941741943"
"7310","0.007685132324695587","0.007685132324695587","0.007685132324695587"
"7312","0.06709234416484833","0.06709234416484833","0.06709234416484833"
"7314","0.010109901428222656","0.010109901428222656","0.010109901428222656"
"7316","0.03128702938556671","0.03128702938556671","0.03128702938556671"
"7318","0.0027251243591308594","0.0027251243591308594","0.0027251243591308594"
"7320","0.023600786924362183","0.023600786924362183","0.023600786924362183"
"7322","0.004793126136064529","0.004793126136064529","0.004793126136064529"
"7324","0.005917072296142578","0.005917072296142578","0.005917072296142578"
"7326","0.055666208267211914","0.055666208267211914","0.055666208267211914"
"7328","0.10653018951416016","0.10653018951416016","0.10653018951416016"
"7330","0.009140342473983765","0.009140342473983765","0.009140342473983765"
"7332","0.012429438531398773","0.012429438531398773","0.012429438531398773"
"7334","0.0024236440658569336","0.0024236440658569336","0.0024236440658569336"
"7336","0.060162901878356934","0.060162901878356934","0.060162901878356934"
"7338","0.00298299640417099","0.00298299640417099","0.00298299640417099"
"7340","0.04803844541311264","0.04803844541311264","0.04803844541311264"
"7342","0.0628889799118042","0.0628889799118042","0.0628889799118042"
"7344","0.022431060671806335","0.022431060671806335","0.022431060671806335"
"7346","0.05619966983795166","0.05619966983795166","0.05619966983795166"
"7348","0.018709152936935425","0.018709152936935425","0.018709152936935425"
"7350","0.07031553983688354","0.07031553983688354","0.07031553983688354"
"7352","0.04092606157064438","0.04092606157064438","0.04092606157064438"
"7354","0.07628178596496582","0.07628178596496582","0.07628178596496582"
"7356","0.024629011750221252","0.024629011750221252","0.024629011750221252"
"7358","0.03925120830535889","0.03925120830535889","0.03925120830535889"
"7360","0.04895418882369995","0.04895418882369995","0.04895418882369995"
"7362","0.18877792358398438","0.18877792358398438","0.18877792358398438"
"7364","0.005046069622039795","0.005046069622039795","0.005046069622039795"
"7366","0.07142431288957596","0.07142431288957596","0.07142431288957596"
"7368","0.002715025097131729","0.002715025097131729","0.002715025097131729"
"7370","0.03378230333328247","0.03378230333328247","0.03378230333328247"
"7372","0.005196623504161835","0.005196623504161835","0.005196623504161835"
"7374","0.003338528797030449","0.003338528797030449","0.003338528797030449"
"7376","0.008609652519226074","0.008609652519226074","0.008609652519226074"
"7378","0.088900625705719","0.088900625705719","0.088900625705719"
"7380","0.010054588317871094","0.010054588317871094","0.010054588317871094"
"7382","0.033255040645599365","0.033255040645599365","0.033255040645599365"
"7384","0.02904597483575344","0.02904597483575344","0.02904597483575344"
"7386","0.019150570034980774","0.019150570034980774","0.019150570034980774"
"7388","0.021209359169006348","0.021209359169006348","0.021209359169006348"
"7390","0.022673621773719788","0.022673621773719788","0.022673621773719788"
"7392","0.04155650734901428","0.04155650734901428","0.04155650734901428"
"7394","0.034276336431503296","0.034276336431503296","0.034276336431503296"
"7396","0.00889388844370842","0.00889388844370842","0.00889388844370842"
"7398","0.032346248626708984","0.032346248626708984","0.032346248626708984"
"7400","0.012244842946529388","0.012244842946529388","0.012244842946529388"
"7402","0.03061121702194214","0.03061121702194214","0.03061121702194214"
"7404","0.08656826615333557","0.08656826615333557","0.08656826615333557"
"7406","0.09599430859088898","0.09599430859088898","0.09599430859088898"
"7408","0.024081356823444366","0.024081356823444366","0.024081356823444366"
"7410","0.006300091743469238","0.006300091743469238","0.006300091743469238"
"7412","0.03937333822250366","0.03937333822250366","0.03937333822250366"
"7414","0.03831364959478378","0.03831364959478378","0.03831364959478378"
"7416","0.0037474893033504486","0.0037474893033504486","0.0037474893033504486"
"7418","0.05170721188187599","0.05170721188187599","0.05170721188187599"
"7420","0.040510863065719604","0.040510863065719604","0.040510863065719604"
"7422","0.02349993586540222","0.02349993586540222","0.02349993586540222"
"7424","0.008199527859687805","0.008199527859687805","0.008199527859687805"
"7426","0.008149176836013794","0.008149176836013794","0.008149176836013794"
"7428","0.04680061340332031","0.04680061340332031","0.04680061340332031"
"7430","0.019897937774658203","0.019897937774658203","0.019897937774658203"
"7432","0.01632659137248993","0.01632659137248993","0.01632659137248993"
"7434","0.06384778022766113","0.06384778022766113","0.06384778022766113"
"7436","0.04087495803833008","0.04087495803833008","0.04087495803833008"
"7438","0.02833762764930725","0.02833762764930725","0.02833762764930725"
"7440","0.058907389640808105","0.058907389640808105","0.058907389640808105"
"7442","0.06149184703826904","0.06149184703826904","0.06149184703826904"
"7444","0.012735307216644287","0.012735307216644287","0.012735307216644287"
"7446","0.08122184872627258","0.08122184872627258","0.08122184872627258"
"7448","0.030768558382987976","0.030768558382987976","0.030768558382987976"
"7450","0.011364966630935669","0.011364966630935669","0.011364966630935669"
"7452","0.08839654922485352","0.08839654922485352","0.08839654922485352"
"7454","0.01717984676361084","0.01717984676361084","0.01717984676361084"
"7456","0.05223798751831055","0.05223798751831055","0.05223798751831055"
"7458","0.04300937056541443","0.04300937056541443","0.04300937056541443"
"7460","0.02071934938430786","0.02071934938430786","0.02071934938430786"
"7462","0.02891126275062561","0.02891126275062561","0.02891126275062561"
"7464","0.050442397594451904","0.050442397594451904","0.050442397594451904"
"7466","0.057006001472473145","0.057006001472473145","0.057006001472473145"
"7468","0.07366645336151123","0.07366645336151123","0.07366645336151123"
"7470","0.022352993488311768","0.022352993488311768","0.022352993488311768"
"7472","0.14119935035705566","0.14119935035705566","0.14119935035705566"
"7474","0.06659397482872009","0.06659397482872009","0.06659397482872009"
"7476","0.05408790707588196","0.05408790707588196","0.05408790707588196"
"7478","0.031404733657836914","0.031404733657836914","0.031404733657836914"
"7480","0.045966923236846924","0.045966923236846924","0.045966923236846924"
"7482","0.04220670461654663","0.04220670461654663","0.04220670461654663"
"7484","0.004994835704565048","0.004994835704565048","0.004994835704565048"
"7486","0.01682746224105358","0.01682746224105358","0.01682746224105358"
"7488","0.04552149772644043","0.04552149772644043","0.04552149772644043"
"7490","0.08016672730445862","0.08016672730445862","0.08016672730445862"
"7492","0.06556940078735352","0.06556940078735352","0.06556940078735352"
"7494","0.09258340299129486","0.09258340299129486","0.09258340299129486"
"7496","0.06714354455471039","0.06714354455471039","0.06714354455471039"
"7498","0.019595835357904434","0.019595835357904434","0.019595835357904434"
"7500","0.026925086975097656","0.026925086975097656","0.026925086975097656"
"7502","0.025017783045768738","0.025017783045768738","0.025017783045768738"
"7504","0.06341862678527832","0.06341862678527832","0.06341862678527832"
"7506","0.03497946262359619","0.03497946262359619","0.03497946262359619"
"7508","0.0676761269569397","0.0676761269569397","0.0676761269569397"
"7510","0.04060879349708557","0.04060879349708557","0.04060879349708557"
"7512","0.0682152658700943","0.0682152658700943","0.0682152658700943"
"7514","0.015439271926879883","0.015439271926879883","0.015439271926879883"
"7516","0.05691009759902954","0.05691009759902954","0.05691009759902954"
"7518","0.0873376727104187","0.0873376727104187","0.0873376727104187"
"7520","0.034505486488342285","0.034505486488342285","0.034505486488342285"
"7522","0.037348151206970215","0.037348151206970215","0.037348151206970215"
"7524","0.029102660715579987","0.029102660715579987","0.029102660715579987"
"7526","0.0341038703918457","0.0341038703918457","0.0341038703918457"
"7528","0.03092944622039795","0.03092944622039795","0.03092944622039795"
"7530","0.04201754927635193","0.04201754927635193","0.04201754927635193"
"7532","0.04779323190450668","0.04779323190450668","0.04779323190450668"
"7534","0.05168032646179199","0.05168032646179199","0.05168032646179199"
"7536","0.006198287010192871","0.006198287010192871","0.006198287010192871"
"7538","0.014631032943725586","0.014631032943725586","0.014631032943725586"
"7540","0.02862045168876648","0.02862045168876648","0.02862045168876648"
"7542","0.03222092241048813","0.03222092241048813","0.03222092241048813"
"7544","0.044445350766181946","0.044445350766181946","0.044445350766181946"
"7546","0.04556465148925781","0.04556465148925781","0.04556465148925781"
"7548","0.009345412254333496","0.009345412254333496","0.009345412254333496"
"7550","0.04564240574836731","0.04564240574836731","0.04564240574836731"
"7552","0.030248329043388367","0.030248329043388367","0.030248329043388367"
"7554","0.06266742944717407","0.06266742944717407","0.06266742944717407"
"7556","0.01432180404663086","0.01432180404663086","0.01432180404663086"
"7558","0.03131866455078125","0.03131866455078125","0.03131866455078125"
"7560","0.04005599021911621","0.04005599021911621","0.04005599021911621"
"7562","0.05428284406661987","0.05428284406661987","0.05428284406661987"
"7564","0.02789205312728882","0.02789205312728882","0.02789205312728882"
"7566","0.027110517024993896","0.027110517024993896","0.027110517024993896"
"7568","0.020137906074523926","0.020137906074523926","0.020137906074523926"
"7570","0.06834545731544495","0.06834545731544495","0.06834545731544495"
"7572","0.03769540786743164","0.03769540786743164","0.03769540786743164"
"7574","0.034603238105773926","0.034603238105773926","0.034603238105773926"
"7576","0.04440242052078247","0.04440242052078247","0.04440242052078247"
"7578","0.03158549964427948","0.03158549964427948","0.03158549964427948"
"7580","0.03706115484237671","0.03706115484237671","0.03706115484237671"
"7582","0.06434163451194763","0.06434163451194763","0.06434163451194763"
"7584","0.11626541614532471","0.11626541614532471","0.11626541614532471"
"7586","0.05389738827943802","0.05389738827943802","0.05389738827943802"
"7588","0.06547235697507858","0.06547235697507858","0.06547235697507858"
"7590","0.10193252563476562","0.10193252563476562","0.10193252563476562"
"7592","0.10514259338378906","0.10514259338378906","0.10514259338378906"
"7594","0.019543908536434174","0.019543908536434174","0.019543908536434174"
"7596","0.10723600536584854","0.10723600536584854","0.10723600536584854"
"7598","0.015947192907333374","0.015947192907333374","0.015947192907333374"
"7600","0.05216914415359497","0.05216914415359497","0.05216914415359497"
"7602","0.04146677255630493","0.04146677255630493","0.04146677255630493"
"7604","0.04046371579170227","0.04046371579170227","0.04046371579170227"
"7606","0.05981093645095825","0.05981093645095825","0.05981093645095825"
"7608","0.06129055470228195","0.06129055470228195","0.06129055470228195"
"7610","0.015424013137817383","0.015424013137817383","0.015424013137817383"
"7612","0.0793297290802002","0.0793297290802002","0.0793297290802002"
"7614","0.11193597316741943","0.11193597316741943","0.11193597316741943"
"7616","0.039659857749938965","0.039659857749938965","0.039659857749938965"
"7618","0.03662806376814842","0.03662806376814842","0.03662806376814842"
"7620","0.01940631866455078","0.01940631866455078","0.01940631866455078"
"7622","0.015422642230987549","0.015422642230987549","0.015422642230987549"
"7624","0.020251572132110596","0.020251572132110596","0.020251572132110596"
"7626","0.021268397569656372","0.021268397569656372","0.021268397569656372"
"7628","0.06749312579631805","0.06749312579631805","0.06749312579631805"
"7630","0.02625417709350586","0.02625417709350586","0.02625417709350586"
"7632","0.031775832176208496","0.031775832176208496","0.031775832176208496"
"7634","0.08643246442079544","0.08643246442079544","0.08643246442079544"
"7636","0.09284734725952148","0.09284734725952148","0.09284734725952148"
"7641","0.0015664547681808472","0.0015664547681808472","0.0015664547681808472"
"7643","0.014766722917556763","0.014766722917556763","0.014766722917556763"
"7645","0.0613354817032814","0.0613354817032814","0.0613354817032814"
"7647","0.03679138422012329","0.03679138422012329","0.03679138422012329"
"7649","0.07425862550735474","0.07425862550735474","0.07425862550735474"
"7651","0.0731128454208374","0.0731128454208374","0.0731128454208374"
"7653","0.013199865818023682","0.013199865818023682","0.013199865818023682"
"7655","0.04153883457183838","0.04153883457183838","0.04153883457183838"
"7657","0.0367702916264534","0.0367702916264534","0.0367702916264534"
"7659","0.01741969585418701","0.01741969585418701","0.01741969585418701"
"7661","0.056708257645368576","0.056708257645368576","0.056708257645368576"
"7663","0.014325186610221863","0.014325186610221863","0.014325186610221863"
"7665","0.023847419768571854","0.023847419768571854","0.023847419768571854"
"7667","0.08940310776233673","0.08940310776233673","0.08940310776233673"
"7669","0.028197675943374634","0.028197675943374634","0.028197675943374634"
"7671","0.11977148801088333","0.11977148801088333","0.11977148801088333"
"7673","0.019350528717041016","0.019350528717041016","0.019350528717041016"
"7675","0.039806947112083435","0.039806947112083435","0.039806947112083435"
"7677","0.024428755044937134","0.024428755044937134","0.024428755044937134"
"7679","0.09256376326084137","0.09256376326084137","0.09256376326084137"
"7681","0.019048839807510376","0.019048839807510376","0.019048839807510376"
"7683","0.0237618088722229","0.0237618088722229","0.0237618088722229"
"7685","0.0442221462726593","0.0442221462726593","0.0442221462726593"
"7687","0.0454733669757843","0.0454733669757843","0.0454733669757843"
"7689","0.018681610003113747","0.018681610003113747","0.018681610003113747"
"7691","0.01777072250843048","0.01777072250843048","0.01777072250843048"
"7693","0.015348399057984352","0.015348399057984352","0.015348399057984352"
"7695","0.04919135570526123","0.04919135570526123","0.04919135570526123"
"7697","0.017650902271270752","0.017650902271270752","0.017650902271270752"
"7699","0.027998104691505432","0.027998104691505432","0.027998104691505432"
"7701","0.040523555129766464","0.040523555129766464","0.040523555129766464"
"7703","0.007394291460514069","0.007394291460514069","0.007394291460514069"
"7705","0.0831422507762909","0.0831422507762909","0.0831422507762909"
"7707","0.08687347173690796","0.08687347173690796","0.08687347173690796"
"7709","0.012801766395568848","0.012801766395568848","0.012801766395568848"
"7711","0.046248823404312134","0.046248823404312134","0.046248823404312134"
"7713","0.03788107633590698","0.03788107633590698","0.03788107633590698"
"7715","0.10476687550544739","0.10476687550544739","0.10476687550544739"
"7717","0.0074427127838134766","0.0074427127838134766","0.0074427127838134766"
"7719","0.040657758712768555","0.040657758712768555","0.040657758712768555"
"7721","0.04451940953731537","0.04451940953731537","0.04451940953731537"
"7723","0.038561366498470306","0.038561366498470306","0.038561366498470306"
"7725","0.009226351976394653","0.009226351976394653","0.009226351976394653"
"7727","0.08559567481279373","0.08559567481279373","0.08559567481279373"
"7729","0.09103608131408691","0.09103608131408691","0.09103608131408691"
"7731","0.04851794242858887","0.04851794242858887","0.04851794242858887"
"7733","0.016223788261413574","0.016223788261413574","0.016223788261413574"
"7735","0.062321119010448456","0.062321119010448456","0.062321119010448456"
"7737","0.045171141624450684","0.045171141624450684","0.045171141624450684"
"7739","0.0558856725692749","0.0558856725692749","0.0558856725692749"
"7741","0.011398985981941223","0.011398985981941223","0.011398985981941223"
"7743","0.0263635516166687","0.0263635516166687","0.0263635516166687"
"7745","0.06449663639068604","0.06449663639068604","0.06449663639068604"
"7747","0.025603652000427246","0.025603652000427246","0.025603652000427246"
"7749","0.10245227813720703","0.10245227813720703","0.10245227813720703"
"7751","0.007019519805908203","0.007019519805908203","0.007019519805908203"
"7753","0.06730622053146362","0.06730622053146362","0.06730622053146362"
"7755","0.04696297645568848","0.04696297645568848","0.04696297645568848"
"7757","0.03522614389657974","0.03522614389657974","0.03522614389657974"
"7759","0.019542217254638672","0.019542217254638672","0.019542217254638672"
"7761","0.029622316360473633","0.029622316360473633","0.029622316360473633"
"7763","0.03563382476568222","0.03563382476568222","0.03563382476568222"
"7765","0.007924556732177734","0.007924556732177734","0.007924556732177734"
"7767","0.012325406074523926","0.012325406074523926","0.012325406074523926"
"7769","0.018221110105514526","0.018221110105514526","0.018221110105514526"
"7771","0.015491783618927002","0.015491783618927002","0.015491783618927002"
"7773","0.03936338424682617","0.03936338424682617","0.03936338424682617"
"7775","0.04351377487182617","0.04351377487182617","0.04351377487182617"
"7777","0.03465148061513901","0.03465148061513901","0.03465148061513901"
"7779","0.02764376997947693","0.02764376997947693","0.02764376997947693"
"7781","0.0717552900314331","0.0717552900314331","0.0717552900314331"
"7783","0.09311408549547195","0.09311408549547195","0.09311408549547195"
"7785","0.033940672874450684","0.033940672874450684","0.033940672874450684"
"7787","0.028179198503494263","0.028179198503494263","0.028179198503494263"
"7789","0.021016359329223633","0.021016359329223633","0.021016359329223633"
"7791","0.07642984390258789","0.07642984390258789","0.07642984390258789"
"7793","0.006066475063562393","0.006066475063562393","0.006066475063562393"
"7795","0.048644110560417175","0.048644110560417175","0.048644110560417175"
"7797","0.05272522568702698","0.05272522568702698","0.05272522568702698"
"7799","0.028443068265914917","0.028443068265914917","0.028443068265914917"
"7801","0.10641312599182129","0.10641312599182129","0.10641312599182129"
"7803","0.04356686770915985","0.04356686770915985","0.04356686770915985"
"7805","0.063895583152771","0.063895583152771","0.063895583152771"
"7807","0.041568636894226074","0.041568636894226074","0.041568636894226074"
"7809","0.006065070629119873","0.006065070629119873","0.006065070629119873"
"7811","0.031184852123260498","0.031184852123260498","0.031184852123260498"
"7813","0.02928943932056427","0.02928943932056427","0.02928943932056427"
"7815","0.049987077713012695","0.049987077713012695","0.049987077713012695"
"7817","0.04081830382347107","0.04081830382347107","0.04081830382347107"
"7819","0.03742563724517822","0.03742563724517822","0.03742563724517822"
"7821","0.043398380279541016","0.043398380279541016","0.043398380279541016"
"7823","0.056366920471191406","0.056366920471191406","0.056366920471191406"
"7825","0.026836156845092773","0.026836156845092773","0.026836156845092773"
"7827","0.1213226318359375","0.1213226318359375","0.1213226318359375"
"7829","0.009774386882781982","0.009774386882781982","0.009774386882781982"
"7831","0.041704535484313965","0.041704535484313965","0.041704535484313965"
"7833","0.03902006149291992","0.03902006149291992","0.03902006149291992"
"7835","0.016840890049934387","0.016840890049934387","0.016840890049934387"
"7837","0.017080694437026978","0.017080694437026978","0.017080694437026978"
"7839","0.06269955635070801","0.06269955635070801","0.06269955635070801"
"7841","0.049346923828125","0.049346923828125","0.049346923828125"
"7843","0.05752864480018616","0.05752864480018616","0.05752864480018616"
"7845","0.03251338005065918","0.03251338005065918","0.03251338005065918"
"7847","0.016346633434295654","0.016346633434295654","0.016346633434295654"
"7849","0.03030151128768921","0.03030151128768921","0.03030151128768921"
"7851","0.033029258251190186","0.033029258251190186","0.033029258251190186"
"7853","0.025290966033935547","0.025290966033935547","0.025290966033935547"
"7855","0.05154356360435486","0.05154356360435486","0.05154356360435486"
"7857","0.03496772050857544","0.03496772050857544","0.03496772050857544"
"7859","0.1260412335395813","0.1260412335395813","0.1260412335395813"
"7861","0.013563960790634155","0.013563960790634155","0.013563960790634155"
"7863","0.020679354667663574","0.020679354667663574","0.020679354667663574"
"7865","0.07700395584106445","0.07700395584106445","0.07700395584106445"
"7867","0.02279522642493248","0.02279522642493248","0.02279522642493248"
"7869","0.0733795166015625","0.0733795166015625","0.0733795166015625"
"7871","0.04111522436141968","0.04111522436141968","0.04111522436141968"
"7873","0.05023890733718872","0.05023890733718872","0.05023890733718872"
"7875","0.01614677906036377","0.01614677906036377","0.01614677906036377"
"7877","0.026846647262573242","0.026846647262573242","0.026846647262573242"
"7879","0.04459083080291748","0.04459083080291748","0.04459083080291748"
"7881","0.07390528917312622","0.07390528917312622","0.07390528917312622"
"7883","0.03583812713623047","0.03583812713623047","0.03583812713623047"
"7885","0.06468325853347778","0.06468325853347778","0.06468325853347778"
"7887","0.06611484289169312","0.06611484289169312","0.06611484289169312"
"7889","0.04091453552246094","0.04091453552246094","0.04091453552246094"
"7891","0.02815955877304077","0.02815955877304077","0.02815955877304077"
"7893","0.013431429862976074","0.013431429862976074","0.013431429862976074"
"7895","0.012226343154907227","0.012226343154907227","0.012226343154907227"
"7897","0.06566649675369263","0.06566649675369263","0.06566649675369263"
"7899","0.02714502066373825","0.02714502066373825","0.02714502066373825"
"7901","0.035258591175079346","0.035258591175079346","0.035258591175079346"
"7903","0.03450911492109299","0.03450911492109299","0.03450911492109299"
"7905","0.022946447134017944","0.022946447134017944","0.022946447134017944"
"7907","0.021243048831820488","0.021243048831820488","0.021243048831820488"
"7909","0.025555938482284546","0.025555938482284546","0.025555938482284546"
"7911","0.01675165444612503","0.01675165444612503","0.01675165444612503"
"7913","0.047649383544921875","0.047649383544921875","0.047649383544921875"
"7915","0.026708096265792847","0.026708096265792847","0.026708096265792847"
"7917","0.02699674665927887","0.02699674665927887","0.02699674665927887"
"7919","0.03207537531852722","0.03207537531852722","0.03207537531852722"
"7921","0.029950708150863647","0.029950708150863647","0.029950708150863647"
"7923","0.03419137001037598","0.03419137001037598","0.03419137001037598"
"7925","0.08361363410949707","0.08361363410949707","0.08361363410949707"
"7927","0.02099311351776123","0.02099311351776123","0.02099311351776123"
"7929","0.0032754093408584595","0.0032754093408584595","0.0032754093408584595"
"7931","0.027318907901644707","0.027318907901644707","0.027318907901644707"
"7933","0.013770237565040588","0.013770237565040588","0.013770237565040588"
"7935","0.02079695463180542","0.02079695463180542","0.02079695463180542"
"7937","0.032323919236660004","0.032323919236660004","0.032323919236660004"
"7939","0.012393929064273834","0.012393929064273834","0.012393929064273834"
"7941","0.036456137895584106","0.036456137895584106","0.036456137895584106"
"7943","0.04305177927017212","0.04305177927017212","0.04305177927017212"
"7945","0.022190779447555542","0.022190779447555542","0.022190779447555542"
"7947","0.007537085562944412","0.007537085562944412","0.007537085562944412"
"7949","0.03439219295978546","0.03439219295978546","0.03439219295978546"
"7951","0.05867845565080643","0.05867845565080643","0.05867845565080643"
"7953","0.04998621344566345","0.04998621344566345","0.04998621344566345"
"7955","0.11268426477909088","0.11268426477909088","0.11268426477909088"
"7957","0.09441012144088745","0.09441012144088745","0.09441012144088745"
"7959","0.023957490921020508","0.023957490921020508","0.023957490921020508"
"7961","0.05315998196601868","0.05315998196601868","0.05315998196601868"
"7963","0.04673869535326958","0.04673869535326958","0.04673869535326958"
"7965","0.07351773977279663","0.07351773977279663","0.07351773977279663"
"7967","0.015948057174682617","0.015948057174682617","0.015948057174682617"
"7969","0.03212970495223999","0.03212970495223999","0.03212970495223999"
"7971","0.030021965503692627","0.030021965503692627","0.030021965503692627"
"7973","0.029916197061538696","0.029916197061538696","0.029916197061538696"
"7975","0.015614837408065796","0.015614837408065796","0.015614837408065796"
"7977","0.06099928915500641","0.06099928915500641","0.06099928915500641"
"7979","0.016418568789958954","0.016418568789958954","0.016418568789958954"
"7981","0.067951500415802","0.067951500415802","0.067951500415802"
"7983","0.07175016403198242","0.07175016403198242","0.07175016403198242"
"7985","0.02747797966003418","0.02747797966003418","0.02747797966003418"
"7987","0.027871370315551758","0.027871370315551758","0.027871370315551758"
"7989","0.02183346450328827","0.02183346450328827","0.02183346450328827"
"7991","0.0035449713468551636","0.0035449713468551636","0.0035449713468551636"
"7993","0.029601864516735077","0.029601864516735077","0.029601864516735077"
"7995","0.023973125964403152","0.023973125964403152","0.023973125964403152"
"7997","0.012080281972885132","0.012080281972885132","0.012080281972885132"
"7999","0.03833812475204468","0.03833812475204468","0.03833812475204468"
"8001","0.03120023012161255","0.03120023012161255","0.03120023012161255"
"8003","0.008358851075172424","0.008358851075172424","0.008358851075172424"
"8005","0.006753750145435333","0.006753750145435333","0.006753750145435333"
"8007","0.025038957595825195","0.025038957595825195","0.025038957595825195"
"8009","0.06869888305664062","0.06869888305664062","0.06869888305664062"
"8011","0.027346082031726837","0.027346082031726837","0.027346082031726837"
"8013","0.01714259386062622","0.01714259386062622","0.01714259386062622"
"8015","0.008591502904891968","0.008591502904891968","0.008591502904891968"
"8017","0.011735975742340088","0.011735975742340088","0.011735975742340088"
"8019","0.00861695408821106","0.00861695408821106","0.00861695408821106"
"8021","0.02774655818939209","0.02774655818939209","0.02774655818939209"
"8023","0.01569703221321106","0.01569703221321106","0.01569703221321106"
"8025","0.04472208023071289","0.04472208023071289","0.04472208023071289"
"8027","0.02837085723876953","0.02837085723876953","0.02837085723876953"
"8029","0.05375516414642334","0.05375516414642334","0.05375516414642334"
"8031","0.04060664772987366","0.04060664772987366","0.04060664772987366"
"8033","0.004997670650482178","0.004997670650482178","0.004997670650482178"
"8035","0.048950910568237305","0.048950910568237305","0.048950910568237305"
"8037","0.009284019470214844","0.009284019470214844","0.009284019470214844"
"8039","0.007739802822470665","0.007739802822470665","0.007739802822470665"
"8041","0.06298041343688965","0.06298041343688965","0.06298041343688965"
"8043","0.08923278748989105","0.08923278748989105","0.08923278748989105"
"8045","0.053858429193496704","0.053858429193496704","0.053858429193496704"
"8047","0.016157716512680054","0.016157716512680054","0.016157716512680054"
"8049","0.007081449031829834","0.007081449031829834","0.007081449031829834"
"8051","0.05124947428703308","0.05124947428703308","0.05124947428703308"
"8053","0.06438680738210678","0.06438680738210678","0.06438680738210678"
"8055","0.006710108369588852","0.006710108369588852","0.006710108369588852"
"8057","0.041121333837509155","0.041121333837509155","0.041121333837509155"
"8059","0.04267965257167816","0.04267965257167816","0.04267965257167816"
"8061","0.020172119140625","0.020172119140625","0.020172119140625"
"8063","0.019500374794006348","0.019500374794006348","0.019500374794006348"
"8065","0.01919233798980713","0.01919233798980713","0.01919233798980713"
"8067","0.02545199543237686","0.02545199543237686","0.02545199543237686"
"8069","0.004167664796113968","0.004167664796113968","0.004167664796113968"
"8071","0.07519516348838806","0.07519516348838806","0.07519516348838806"
"8073","0.010028697550296783","0.010028697550296783","0.010028697550296783"
"8075","0.016862312331795692","0.016862312331795692","0.016862312331795692"
"8077","0.0057048797607421875","0.0057048797607421875","0.0057048797607421875"
"8079","0.029607556760311127","0.029607556760311127","0.029607556760311127"
"8081","0.04560001194477081","0.04560001194477081","0.04560001194477081"
"8083","0.02525506168603897","0.02525506168603897","0.02525506168603897"
"8085","0.006411299109458923","0.006411299109458923","0.006411299109458923"
"8087","0.025939375162124634","0.025939375162124634","0.025939375162124634"
"8089","0.05271434783935547","0.05271434783935547","0.05271434783935547"
"8091","0.04312258958816528","0.04312258958816528","0.04312258958816528"
"8093","0.015453442931175232","0.015453442931175232","0.015453442931175232"
"8095","0.018794415518641472","0.018794415518641472","0.018794415518641472"
"8097","0.011406898498535156","0.011406898498535156","0.011406898498535156"
"8099","0.09251998364925385","0.09251998364925385","0.09251998364925385"
"8104","0.011527299880981445","0.011527299880981445","0.011527299880981445"
"8106","0.031241774559020996","0.031241774559020996","0.031241774559020996"
"8108","0.023973695933818817","0.023973695933818817","0.023973695933818817"
"8110","0.016069471836090088","0.016069471836090088","0.016069471836090088"
"8112","0.02292048931121826","0.02292048931121826","0.02292048931121826"
"8114","0.026297926902770996","0.026297926902770996","0.026297926902770996"
"8116","0.014585763216018677","0.014585763216018677","0.014585763216018677"
"8118","0.02028019353747368","0.02028019353747368","0.02028019353747368"
"8120","0.011003144085407257","0.011003144085407257","0.011003144085407257"
"8122","0.006201997399330139","0.006201997399330139","0.006201997399330139"
"8124","0.02836775779724121","0.02836775779724121","0.02836775779724121"
"8126","0.06793883442878723","0.06793883442878723","0.06793883442878723"
"8128","0.005099356174468994","0.005099356174468994","0.005099356174468994"
"8130","0.020461127161979675","0.020461127161979675","0.020461127161979675"
"8132","0.04794928431510925","0.04794928431510925","0.04794928431510925"
"8134","0.07771161198616028","0.07771161198616028","0.07771161198616028"
"8136","0.038750261068344116","0.038750261068344116","0.038750261068344116"
"8138","0.0173025019466877","0.0173025019466877","0.0173025019466877"
"8140","0.07012665271759033","0.07012665271759033","0.07012665271759033"
"8142","0.0354028046131134","0.0354028046131134","0.0354028046131134"
"8144","0.06242883950471878","0.06242883950471878","0.06242883950471878"
"8146","0.02241990715265274","0.02241990715265274","0.02241990715265274"
"8148","0.0362318754196167","0.0362318754196167","0.0362318754196167"
"8150","0.005121350288391113","0.005121350288391113","0.005121350288391113"
"8152","0.007705524563789368","0.007705524563789368","0.007705524563789368"
"8154","0.0023343265056610107","0.0023343265056610107","0.0023343265056610107"
"8156","0.007855229079723358","0.007855229079723358","0.007855229079723358"
"8158","0.00807056576013565","0.00807056576013565","0.00807056576013565"
"8160","0.021908298134803772","0.021908298134803772","0.021908298134803772"
"8162","0.015455678105354309","0.015455678105354309","0.015455678105354309"
"8164","0.001455657184123993","0.001455657184123993","0.001455657184123993"
"8166","0.025002092123031616","0.025002092123031616","0.025002092123031616"
"8168","0.027237944304943085","0.027237944304943085","0.027237944304943085"
"8170","0.010485827922821045","0.010485827922821045","0.010485827922821045"
"8172","0.0038782209157943726","0.0038782209157943726","0.0038782209157943726"
"8174","0.09255576878786087","0.09255576878786087","0.09255576878786087"
"8176","0.010475888848304749","0.010475888848304749","0.010475888848304749"
"8178","0.03061777353286743","0.03061777353286743","0.03061777353286743"
"8180","0.011695574969053268","0.011695574969053268","0.011695574969053268"
"8182","0.006672412157058716","0.006672412157058716","0.006672412157058716"
"8184","0.016891896724700928","0.016891896724700928","0.016891896724700928"
"8186","0.029238849878311157","0.029238849878311157","0.029238849878311157"
"8188","0.017025772482156754","0.017025772482156754","0.017025772482156754"
"8190","0.03333127498626709","0.03333127498626709","0.03333127498626709"
"8192","0.08474209159612656","0.08474209159612656","0.08474209159612656"
"8194","0.004614293575286865","0.004614293575286865","0.004614293575286865"
"8196","0.020886480808258057","0.020886480808258057","0.020886480808258057"
"8198","0.01666000485420227","0.01666000485420227","0.01666000485420227"
"8200","0.008358985185623169","0.008358985185623169","0.008358985185623169"
"8202","0.008906379342079163","0.008906379342079163","0.008906379342079163"
"8204","0.014180183410644531","0.014180183410644531","0.014180183410644531"
"8206","0.016918286681175232","0.016918286681175232","0.016918286681175232"
"8208","0.04513116180896759","0.04513116180896759","0.04513116180896759"
"8210","0.015691548585891724","0.015691548585891724","0.015691548585891724"
"8212","0.013232603669166565","0.013232603669166565","0.013232603669166565"
"8214","0.0689854621887207","0.0689854621887207","0.0689854621887207"
"8216","0.01341579481959343","0.01341579481959343","0.01341579481959343"
"8218","0.03661692142486572","0.03661692142486572","0.03661692142486572"
"8220","0.021741732954978943","0.021741732954978943","0.021741732954978943"
"8222","0.09159389138221741","0.09159389138221741","0.09159389138221741"
"8224","0.06353336572647095","0.06353336572647095","0.06353336572647095"
"8226","0.024243712425231934","0.024243712425231934","0.024243712425231934"
"8228","0.11067189276218414","0.11067189276218414","0.11067189276218414"
"8230","0.05391174554824829","0.05391174554824829","0.05391174554824829"
"8232","0.019277125597000122","0.019277125597000122","0.019277125597000122"
"8234","0.008425489068031311","0.008425489068031311","0.008425489068031311"
"8236","0.0074152108281850815","0.0074152108281850815","0.0074152108281850815"
"8238","0.004862725734710693","0.004862725734710693","0.004862725734710693"
"8240","0.022304341197013855","0.022304341197013855","0.022304341197013855"
"8242","0.0027899369597434998","0.0027899369597434998","0.0027899369597434998"
"8244","0.008176732808351517","0.008176732808351517","0.008176732808351517"
"8246","0.00518963485956192","0.00518963485956192","0.00518963485956192"
"8248","0.09888294339179993","0.09888294339179993","0.09888294339179993"
"8250","0.01711110770702362","0.01711110770702362","0.01711110770702362"
"8252","0.010564655065536499","0.010564655065536499","0.010564655065536499"
"8254","0.06339156627655029","0.06339156627655029","0.06339156627655029"
"8256","0.028391391038894653","0.028391391038894653","0.028391391038894653"
"8258","0.01434016227722168","0.01434016227722168","0.01434016227722168"
"8260","0.07115122675895691","0.07115122675895691","0.07115122675895691"
"8262","0.03245481103658676","0.03245481103658676","0.03245481103658676"
"8264","0.0517282634973526","0.0517282634973526","0.0517282634973526"
"8266","0.015197917819023132","0.015197917819023132","0.015197917819023132"
"8268","0.028262615203857422","0.028262615203857422","0.028262615203857422"
"8270","0.04194378852844238","0.04194378852844238","0.04194378852844238"
"8272","0.00927918404340744","0.00927918404340744","0.00927918404340744"
"8274","0.012553967535495758","0.012553967535495758","0.012553967535495758"
"8276","0.011258527636528015","0.011258527636528015","0.011258527636528015"
"8278","0.07610426843166351","0.07610426843166351","0.07610426843166351"
"8280","0.016542375087738037","0.016542375087738037","0.016542375087738037"
"8282","0.025930851697921753","0.025930851697921753","0.025930851697921753"
"8284","0.015331290662288666","0.015331290662288666","0.015331290662288666"
"8286","0.014781281352043152","0.014781281352043152","0.014781281352043152"
"8288","0.009095028042793274","0.009095028042793274","0.009095028042793274"
"8290","0.041808515787124634","0.041808515787124634","0.041808515787124634"
"8292","0.02858348935842514","0.02858348935842514","0.02858348935842514"
"8294","0.01196594163775444","0.01196594163775444","0.01196594163775444"
"8296","0.009050033986568451","0.009050033986568451","0.009050033986568451"
"8298","0.00775127112865448","0.00775127112865448","0.00775127112865448"
"8300","0.015970200300216675","0.015970200300216675","0.015970200300216675"
"8302","0.001974955201148987","0.001974955201148987","0.001974955201148987"
"8304","0.031218230724334717","0.031218230724334717","0.031218230724334717"
"8306","0.016545437276363373","0.016545437276363373","0.016545437276363373"
"8308","0.009075343608856201","0.009075343608856201","0.009075343608856201"
"8310","0.0045635998249053955","0.0045635998249053955","0.0045635998249053955"
"8312","0.014279169961810112","0.014279169961810112","0.014279169961810112"
"8314","0.020772993564605713","0.020772993564605713","0.020772993564605713"
"8316","0.0022173672914505005","0.0022173672914505005","0.0022173672914505005"
"8318","0.004147272557020187","0.004147272557020187","0.004147272557020187"
"8320","0.017267592251300812","0.017267592251300812","0.017267592251300812"
"8322","0.021691590547561646","0.021691590547561646","0.021691590547561646"
"8324","0.012432068586349487","0.012432068586349487","0.012432068586349487"
"8326","0.009634990245103836","0.009634990245103836","0.009634990245103836"
"8328","0.009407460689544678","0.009407460689544678","0.009407460689544678"
"8330","0.089445099234581","0.089445099234581","0.089445099234581"
"8332","0.020228557288646698","0.020228557288646698","0.020228557288646698"
"8334","0.03972925990819931","0.03972925990819931","0.03972925990819931"
"8336","0.08700475096702576","0.08700475096702576","0.08700475096702576"
"8338","0.07627111673355103","0.07627111673355103","0.07627111673355103"
"8340","0.00085502490401268","0.00085502490401268","0.00085502490401268"
"8342","0.010082900524139404","0.010082900524139404","0.010082900524139404"
"8344","0.009015532210469246","0.009015532210469246","0.009015532210469246"
"8346","0.041869282722473145","0.041869282722473145","0.041869282722473145"
"8348","0.01448562741279602","0.01448562741279602","0.01448562741279602"
"8350","0.05144583433866501","0.05144583433866501","0.05144583433866501"
"8352","0.04095816612243652","0.04095816612243652","0.04095816612243652"
"8354","0.004432734102010727","0.004432734102010727","0.004432734102010727"
"8356","0.03814053535461426","0.03814053535461426","0.03814053535461426"
"8358","0.01668572425842285","0.01668572425842285","0.01668572425842285"
"8360","0.0021475255489349365","0.0021475255489349365","0.0021475255489349365"
"8362","0.00735899806022644","0.00735899806022644","0.00735899806022644"
"8364","0.012200281023979187","0.012200281023979187","0.012200281023979187"
"8366","0.006536632776260376","0.006536632776260376","0.006536632776260376"
"8368","0.04238855838775635","0.04238855838775635","0.04238855838775635"
"8370","0.048494189977645874","0.048494189977645874","0.048494189977645874"
"8372","0.030527889728546143","0.030527889728546143","0.030527889728546143"
"8374","0.01410306990146637","0.01410306990146637","0.01410306990146637"
"8376","0.07467019557952881","0.07467019557952881","0.07467019557952881"
"8378","0.03849925473332405","0.03849925473332405","0.03849925473332405"
"8380","0.046986814588308334","0.046986814588308334","0.046986814588308334"
"8382","0.036418937146663666","0.036418937146663666","0.036418937146663666"
"8384","0.034073472023010254","0.034073472023010254","0.034073472023010254"
"8386","0.0066658854484558105","0.0066658854484558105","0.0066658854484558105"
"8388","0.035041507333517075","0.035041507333517075","0.035041507333517075"
"8390","0.006460040807723999","0.006460040807723999","0.006460040807723999"
"8392","0.0027825403958559036","0.0027825403958559036","0.0027825403958559036"
"8394","0.024512246251106262","0.024512246251106262","0.024512246251106262"
"8396","0.004117542877793312","0.004117542877793312","0.004117542877793312"
"8398","0.008096622303128242","0.008096622303128242","0.008096622303128242"
"8400","0.02820182591676712","0.02820182591676712","0.02820182591676712"
"8402","0.05817827582359314","0.05817827582359314","0.05817827582359314"
"8404","0.064133420586586","0.064133420586586","0.064133420586586"
"8406","0.0030696894973516464","0.0030696894973516464","0.0030696894973516464"
"8408","0.0011960044503211975","0.0011960044503211975","0.0011960044503211975"
"8410","0.009930580854415894","0.009930580854415894","0.009930580854415894"
"8412","0.08598147332668304","0.08598147332668304","0.08598147332668304"
"8414","0.00968410074710846","0.00968410074710846","0.00968410074710846"
"8416","0.007395783439278603","0.007395783439278603","0.007395783439278603"
"8418","0.03026709333062172","0.03026709333062172","0.03026709333062172"
"8420","0.010492503643035889","0.010492503643035889","0.010492503643035889"
"8422","0.018507957458496094","0.018507957458496094","0.018507957458496094"
"8424","0.09397967904806137","0.09397967904806137","0.09397967904806137"
"8426","0.04590329900383949","0.04590329900383949","0.04590329900383949"
"8428","0.070341095328331","0.070341095328331","0.070341095328331"
"8430","0.015254566445946693","0.015254566445946693","0.015254566445946693"
"8432","0.006453558802604675","0.006453558802604675","0.006453558802604675"
"8434","0.007275879383087158","0.007275879383087158","0.007275879383087158"
"8436","0.034462034702301025","0.034462034702301025","0.034462034702301025"
"8438","0.0874733030796051","0.0874733030796051","0.0874733030796051"
"8440","0.01929459720849991","0.01929459720849991","0.01929459720849991"
"8442","0.055766403675079346","0.055766403675079346","0.055766403675079346"
"8444","0.05910131707787514","0.05910131707787514","0.05910131707787514"
"8446","0.012986462563276291","0.012986462563276291","0.012986462563276291"
"8448","0.03715464845299721","0.03715464845299721","0.03715464845299721"
"8450","0.020658478140830994","0.020658478140830994","0.020658478140830994"
"8452","0.008888989686965942","0.008888989686965942","0.008888989686965942"
"8454","0.010408002883195877","0.010408002883195877","0.010408002883195877"
"8456","0.005685463547706604","0.005685463547706604","0.005685463547706604"
"8458","0.027840524911880493","0.027840524911880493","0.027840524911880493"
"8460","0.0035934820771217346","0.0035934820771217346","0.0035934820771217346"
"8462","0.0670846551656723","0.0670846551656723","0.0670846551656723"
"8464","0.034084342420101166","0.034084342420101166","0.034084342420101166"
"8466","0.01837123930454254","0.01837123930454254","0.01837123930454254"
"8468","0.039920151233673096","0.039920151233673096","0.039920151233673096"
"8470","0.040818631649017334","0.040818631649017334","0.040818631649017334"
"8472","0.01527850329875946","0.01527850329875946","0.01527850329875946"
"8474","0.01252998411655426","0.01252998411655426","0.01252998411655426"
"8476","0.018940933048725128","0.018940933048725128","0.018940933048725128"
"8478","0.019862569868564606","0.019862569868564606","0.019862569868564606"
"8480","0.02092719078063965","0.02092719078063965","0.02092719078063965"
"8482","0.003373093903064728","0.003373093903064728","0.003373093903064728"
"8484","0.09057606756687164","0.09057606756687164","0.09057606756687164"
"8486","0.012349948287010193","0.012349948287010193","0.012349948287010193"
"8488","0.02174517512321472","0.02174517512321472","0.02174517512321472"
"8490","0.0027499981224536896","0.0027499981224536896","0.0027499981224536896"
"8492","0.013892412185668945","0.013892412185668945","0.013892412185668945"
"8494","0.01702672615647316","0.01702672615647316","0.01702672615647316"
"8496","0.01656475104391575","0.01656475104391575","0.01656475104391575"
"8498","0.03063666820526123","0.03063666820526123","0.03063666820526123"
"8500","0.016722075641155243","0.016722075641155243","0.016722075641155243"
"8502","0.03716006502509117","0.03716006502509117","0.03716006502509117"
"8504","0.043399274349212646","0.043399274349212646","0.043399274349212646"
"8506","0.007157742977142334","0.007157742977142334","0.007157742977142334"
"8508","0.030172117054462433","0.030172117054462433","0.030172117054462433"
"8510","0.030557667836546898","0.030557667836546898","0.030557667836546898"
"8512","0.020572852343320847","0.020572852343320847","0.020572852343320847"
"8514","0.018093904480338097","0.018093904480338097","0.018093904480338097"
"8516","0.010459989309310913","0.010459989309310913","0.010459989309310913"
"8518","0.010859757661819458","0.010859757661819458","0.010859757661819458"
"8520","0.013379327952861786","0.013379327952861786","0.013379327952861786"
"8522","0.016719520092010498","0.016719520092010498","0.016719520092010498"
"8524","0.021973788738250732","0.021973788738250732","0.021973788738250732"
"8526","0.008434116840362549","0.008434116840362549","0.008434116840362549"
"8528","0.035758718848228455","0.035758718848228455","0.035758718848228455"
"8530","0.0059442222118377686","0.0059442222118377686","0.0059442222118377686"
"8532","0.015698924660682678","0.015698924660682678","0.015698924660682678"
"8534","0.002245500683784485","0.002245500683784485","0.002245500683784485"
"8536","0.05881865322589874","0.05881865322589874","0.05881865322589874"
"8538","0.002568565309047699","0.002568565309047699","0.002568565309047699"
"8540","0.03975415229797363","0.03975415229797363","0.03975415229797363"
"8542","0.030393466353416443","0.030393466353416443","0.030393466353416443"
"8544","0.008467163890600204","0.008467163890600204","0.008467163890600204"
"8546","0.02510598860681057","0.02510598860681057","0.02510598860681057"
"8548","0.013684995472431183","0.013684995472431183","0.013684995472431183"
"8550","0.02613641321659088","0.02613641321659088","0.02613641321659088"
"8552","0.004726264625787735","0.004726264625787735","0.004726264625787735"
"8554","0.005587587133049965","0.005587587133049965","0.005587587133049965"
"8556","0.017222240567207336","0.017222240567207336","0.017222240567207336"
"8558","0.0327540785074234","0.0327540785074234","0.0327540785074234"
"8560","0.017446428537368774","0.017446428537368774","0.017446428537368774"
"8562","0.09517350792884827","0.09517350792884827","0.09517350792884827"
"8567","0.0328257754445076","0.0328257754445076","0.0328257754445076"
"8569","0.04481087625026703","0.04481087625026703","0.04481087625026703"
"8571","0.03165489435195923","0.03165489435195923","0.03165489435195923"
"8573","0.018791142851114273","0.018791142851114273","0.018791142851114273"
"8575","0.04909941554069519","0.04909941554069519","0.04909941554069519"
"8577","0.07499288022518158","0.07499288022518158","0.07499288022518158"
"8579","0.015895577147603035","0.015895577147603035","0.015895577147603035"
"8581","0.13275720179080963","0.13275720179080963","0.13275720179080963"
"8583","0.059027016162872314","0.059027016162872314","0.059027016162872314"
"8585","0.03228282928466797","0.03228282928466797","0.03228282928466797"
"8587","0.038687173277139664","0.038687173277139664","0.038687173277139664"
"8589","0.03667924553155899","0.03667924553155899","0.03667924553155899"
"8591","0.0033840108662843704","0.0033840108662843704","0.0033840108662843704"
"8593","0.03221671283245087","0.03221671283245087","0.03221671283245087"
"8595","0.0218999981880188","0.0218999981880188","0.0218999981880188"
"8597","0.012228712439537048","0.012228712439537048","0.012228712439537048"
"8599","0.0026390068233013153","0.0026390068233013153","0.0026390068233013153"
"8601","0.019400320947170258","0.019400320947170258","0.019400320947170258"
"8603","0.024159938097000122","0.024159938097000122","0.024159938097000122"
"8605","0.0610339418053627","0.0610339418053627","0.0610339418053627"
"8607","0.04439356178045273","0.04439356178045273","0.04439356178045273"
"8609","0.005429208278656006","0.005429208278656006","0.005429208278656006"
"8611","0.020387962460517883","0.020387962460517883","0.020387962460517883"
"8613","0.029060959815979004","0.029060959815979004","0.029060959815979004"
"8615","0.08027041703462601","0.08027041703462601","0.08027041703462601"
"8617","0.07343006134033203","0.07343006134033203","0.07343006134033203"
"8619","0.023625649511814117","0.023625649511814117","0.023625649511814117"
"8621","0.018446166068315506","0.018446166068315506","0.018446166068315506"
"8623","0.02169579267501831","0.02169579267501831","0.02169579267501831"
"8625","0.02590012177824974","0.02590012177824974","0.02590012177824974"
"8627","0.03681566193699837","0.03681566193699837","0.03681566193699837"
"8629","0.020454049110412598","0.020454049110412598","0.020454049110412598"
"8631","0.1329910159111023","0.1329910159111023","0.1329910159111023"
"8633","0.04104442894458771","0.04104442894458771","0.04104442894458771"
"8635","0.01329374685883522","0.01329374685883522","0.01329374685883522"
"8637","0.03547222912311554","0.03547222912311554","0.03547222912311554"
"8639","0.023724079132080078","0.023724079132080078","0.023724079132080078"
"8641","0.03138291835784912","0.03138291835784912","0.03138291835784912"
"8643","0.027799546718597412","0.027799546718597412","0.027799546718597412"
"8645","0.00996425747871399","0.00996425747871399","0.00996425747871399"
"8647","0.01570819318294525","0.01570819318294525","0.01570819318294525"
"8649","0.0074887871742248535","0.0074887871742248535","0.0074887871742248535"
"8651","0.007852137088775635","0.007852137088775635","0.007852137088775635"
"8653","0.033533960580825806","0.033533960580825806","0.033533960580825806"
"8655","0.0060028210282325745","0.0060028210282325745","0.0060028210282325745"
"8657","0.12662138044834137","0.12662138044834137","0.12662138044834137"
"8659","0.05126456171274185","0.05126456171274185","0.05126456171274185"
"8661","0.04543652758002281","0.04543652758002281","0.04543652758002281"
"8663","0.040381696075201035","0.040381696075201035","0.040381696075201035"
"8665","0.01409149169921875","0.01409149169921875","0.01409149169921875"
"8667","0.005661316215991974","0.005661316215991974","0.005661316215991974"
"8669","0.05789223313331604","0.05789223313331604","0.05789223313331604"
"8671","0.005579205229878426","0.005579205229878426","0.005579205229878426"
"8673","0.006927952170372009","0.006927952170372009","0.006927952170372009"
"8675","0.06191229820251465","0.06191229820251465","0.06191229820251465"
"8677","0.0030170604586601257","0.0030170604586601257","0.0030170604586601257"
"8679","0.0036570578813552856","0.0036570578813552856","0.0036570578813552856"
"8681","0.031693167984485626","0.031693167984485626","0.031693167984485626"
"8683","0.051545947790145874","0.051545947790145874","0.051545947790145874"
"8685","0.02281472086906433","0.02281472086906433","0.02281472086906433"
"8687","0.03847518563270569","0.03847518563270569","0.03847518563270569"
"8689","0.002379179000854492","0.002379179000854492","0.002379179000854492"
"8691","0.0025799423456192017","0.0025799423456192017","0.0025799423456192017"
"8693","0.07525832951068878","0.07525832951068878","0.07525832951068878"
"8695","0.043596941977739334","0.043596941977739334","0.043596941977739334"
"8697","0.029137909412384033","0.029137909412384033","0.029137909412384033"
"8699","0.0030631721019744873","0.0030631721019744873","0.0030631721019744873"
"8701","0.01626148819923401","0.01626148819923401","0.01626148819923401"
"8703","0.06735795736312866","0.06735795736312866","0.06735795736312866"
"8705","0.01705191098153591","0.01705191098153591","0.01705191098153591"
"8707","0.004221871495246887","0.004221871495246887","0.004221871495246887"
"8709","0.007807627320289612","0.007807627320289612","0.007807627320289612"
"8711","0.005515918135643005","0.005515918135643005","0.005515918135643005"
"8713","0.01586197316646576","0.01586197316646576","0.01586197316646576"
"8715","0.02144249901175499","0.02144249901175499","0.02144249901175499"
"8717","0.013473473489284515","0.013473473489284515","0.013473473489284515"
"8719","0.01874004304409027","0.01874004304409027","0.01874004304409027"
"8721","0.029310058802366257","0.029310058802366257","0.029310058802366257"
"8723","0.00609530508518219","0.00609530508518219","0.00609530508518219"
"8725","0.07443128526210785","0.07443128526210785","0.07443128526210785"
"8727","0.01944168284535408","0.01944168284535408","0.01944168284535408"
"8729","0.08736458420753479","0.08736458420753479","0.08736458420753479"
"8731","0.029634617269039154","0.029634617269039154","0.029634617269039154"
"8733","0.005356907844543457","0.005356907844543457","0.005356907844543457"
"8735","0.005514919757843018","0.005514919757843018","0.005514919757843018"
"8737","0.025950146839022636","0.025950146839022636","0.025950146839022636"
"8739","0.006859920918941498","0.006859920918941498","0.006859920918941498"
"8741","0.0038475394248962402","0.0038475394248962402","0.0038475394248962402"
"8743","0.05800807476043701","0.05800807476043701","0.05800807476043701"
"8745","0.057109713554382324","0.057109713554382324","0.057109713554382324"
"8747","0.006243512034416199","0.006243512034416199","0.006243512034416199"
"8749","0.060850031673908234","0.060850031673908234","0.060850031673908234"
"8751","0.018844548612833023","0.018844548612833023","0.018844548612833023"
"8753","0.008283179253339767","0.008283179253339767","0.008283179253339767"
"8755","0.027743518352508545","0.027743518352508545","0.027743518352508545"
"8757","0.03919871523976326","0.03919871523976326","0.03919871523976326"
"8759","0.011122319847345352","0.011122319847345352","0.011122319847345352"
"8761","0.026615869253873825","0.026615869253873825","0.026615869253873825"
"8763","0.015226215124130249","0.015226215124130249","0.015226215124130249"
"8765","0.025654003024101257","0.025654003024101257","0.025654003024101257"
"8767","0.06119036674499512","0.06119036674499512","0.06119036674499512"
"8769","0.014115363359451294","0.014115363359451294","0.014115363359451294"
"8771","0.011204611510038376","0.011204611510038376","0.011204611510038376"
"8773","0.023787319660186768","0.023787319660186768","0.023787319660186768"
"8775","0.07081365585327148","0.07081365585327148","0.07081365585327148"
"8777","0.009910518303513527","0.009910518303513527","0.009910518303513527"
"8779","0.004390383139252663","0.004390383139252663","0.004390383139252663"
"8781","0.026534557342529297","0.026534557342529297","0.026534557342529297"
"8783","0.010183483362197876","0.010183483362197876","0.010183483362197876"
"8785","0.029037415981292725","0.029037415981292725","0.029037415981292725"
"8787","0.02250048518180847","0.02250048518180847","0.02250048518180847"
"8789","0.018238142132759094","0.018238142132759094","0.018238142132759094"
"8791","0.015114247798919678","0.015114247798919678","0.015114247798919678"
"8793","0.015109419822692871","0.015109419822692871","0.015109419822692871"
"8795","0.009094670414924622","0.009094670414924622","0.009094670414924622"
"8797","0.038697391748428345","0.038697391748428345","0.038697391748428345"
"8799","0.023982256650924683","0.023982256650924683","0.023982256650924683"
"8801","0.01608014479279518","0.01608014479279518","0.01608014479279518"
"8803","0.018549203872680664","0.018549203872680664","0.018549203872680664"
"8805","0.06344667077064514","0.06344667077064514","0.06344667077064514"
"8807","0.02232101559638977","0.02232101559638977","0.02232101559638977"
"8809","0.010612215846776962","0.010612215846776962","0.010612215846776962"
"8811","0.007911860942840576","0.007911860942840576","0.007911860942840576"
"8813","0.006285905838012695","0.006285905838012695","0.006285905838012695"
"8815","0.011707603931427002","0.011707603931427002","0.011707603931427002"
"8817","0.008769989013671875","0.008769989013671875","0.008769989013671875"
"8819","0.042443208396434784","0.042443208396434784","0.042443208396434784"
"8821","0.03334015607833862","0.03334015607833862","0.03334015607833862"
"8823","0.02016911655664444","0.02016911655664444","0.02016911655664444"
"8825","0.03753989189863205","0.03753989189863205","0.03753989189863205"
"8827","0.012879325076937675","0.012879325076937675","0.012879325076937675"
"8829","0.007606938481330872","0.007606938481330872","0.007606938481330872"
"8831","0.012227296829223633","0.012227296829223633","0.012227296829223633"
"8833","0.07499653100967407","0.07499653100967407","0.07499653100967407"
"8835","0.004760831594467163","0.004760831594467163","0.004760831594467163"
"8837","0.05985673516988754","0.05985673516988754","0.05985673516988754"
"8839","0.0626516342163086","0.0626516342163086","0.0626516342163086"
"8841","0.04247558116912842","0.04247558116912842","0.04247558116912842"
"8843","0.0262712761759758","0.0262712761759758","0.0262712761759758"
"8845","0.008872179314494133","0.008872179314494133","0.008872179314494133"
"8847","0.021062877029180527","0.021062877029180527","0.021062877029180527"
"8849","0.0077387019991874695","0.0077387019991874695","0.0077387019991874695"
"8851","0.007127225399017334","0.007127225399017334","0.007127225399017334"
"8853","0.006795104593038559","0.006795104593038559","0.006795104593038559"
"8855","0.0049376580864191055","0.0049376580864191055","0.0049376580864191055"
"8857","0.03253260254859924","0.03253260254859924","0.03253260254859924"
"8859","0.04682549834251404","0.04682549834251404","0.04682549834251404"
"8861","0.0028401464223861694","0.0028401464223861694","0.0028401464223861694"
"8863","0.004658043384552002","0.004658043384552002","0.004658043384552002"
"8865","0.032466404139995575","0.032466404139995575","0.032466404139995575"
"8867","0.03503867983818054","0.03503867983818054","0.03503867983818054"
"8869","0.03278890252113342","0.03278890252113342","0.03278890252113342"
"8871","0.007226644083857536","0.007226644083857536","0.007226644083857536"
"8873","0.03972131013870239","0.03972131013870239","0.03972131013870239"
"8875","0.026946663856506348","0.026946663856506348","0.026946663856506348"
"8877","0.006740044802427292","0.006740044802427292","0.006740044802427292"
"8879","0.020225200802087784","0.020225200802087784","0.020225200802087784"
"8881","0.045386895537376404","0.045386895537376404","0.045386895537376404"
"8883","0.11375850439071655","0.11375850439071655","0.11375850439071655"
"8885","0.03544387221336365","0.03544387221336365","0.03544387221336365"
"8887","0.012743927538394928","0.012743927538394928","0.012743927538394928"
"8889","0.005133006721735001","0.005133006721735001","0.005133006721735001"
"8891","0.004632875323295593","0.004632875323295593","0.004632875323295593"
"8893","0.01201377809047699","0.01201377809047699","0.01201377809047699"
"8895","0.043727971613407135","0.043727971613407135","0.043727971613407135"
"8897","0.009057730436325073","0.009057730436325073","0.009057730436325073"
"8899","0.01503940299153328","0.01503940299153328","0.01503940299153328"
"8901","0.009083513170480728","0.009083513170480728","0.009083513170480728"
"8903","0.014924071729183197","0.014924071729183197","0.014924071729183197"
"8905","0.03808934986591339","0.03808934986591339","0.03808934986591339"
"8907","0.04461922496557236","0.04461922496557236","0.04461922496557236"
"8909","0.09234295040369034","0.09234295040369034","0.09234295040369034"
"8911","0.03852628916501999","0.03852628916501999","0.03852628916501999"
"8913","0.045444801449775696","0.045444801449775696","0.045444801449775696"
"8915","0.0021577775478363037","0.0021577775478363037","0.0021577775478363037"
"8917","0.002993464469909668","0.002993464469909668","0.002993464469909668"
"8919","0.060150135308504105","0.060150135308504105","0.060150135308504105"
"8921","0.0027040690183639526","0.0027040690183639526","0.0027040690183639526"
"8923","0.024045228958129883","0.024045228958129883","0.024045228958129883"
"8925","0.03586724400520325","0.03586724400520325","0.03586724400520325"
"8927","0.041961073875427246","0.041961073875427246","0.041961073875427246"
"8929","0.012138627469539642","0.012138627469539642","0.012138627469539642"
"8931","0.0540442056953907","0.0540442056953907","0.0540442056953907"
"8933","0.0024422109127044678","0.0024422109127044678","0.0024422109127044678"
"8935","0.013214349746704102","0.013214349746704102","0.013214349746704102"
"8937","0.009522825479507446","0.009522825479507446","0.009522825479507446"
"8939","0.013455847278237343","0.013455847278237343","0.013455847278237343"
"8941","0.023138493299484253","0.023138493299484253","0.023138493299484253"
"8943","0.037382353097200394","0.037382353097200394","0.037382353097200394"
"8945","0.05341561138629913","0.05341561138629913","0.05341561138629913"
"8947","0.030586302280426025","0.030586302280426025","0.030586302280426025"
"8949","0.0016964524984359741","0.0016964524984359741","0.0016964524984359741"
"8951","0.011843979358673096","0.011843979358673096","0.011843979358673096"
"8953","0.041224732995033264","0.041224732995033264","0.041224732995033264"
"8955","0.0018259938806295395","0.0018259938806295395","0.0018259938806295395"
"8957","0.009459005668759346","0.009459005668759346","0.009459005668759346"
"8959","0.005175327882170677","0.005175327882170677","0.005175327882170677"
"8961","0.003422524780035019","0.003422524780035019","0.003422524780035019"
"8963","0.027081094682216644","0.027081094682216644","0.027081094682216644"
"8965","0.006105005741119385","0.006105005741119385","0.006105005741119385"
"8967","0.02697587013244629","0.02697587013244629","0.02697587013244629"
"8969","0.06516158580780029","0.06516158580780029","0.06516158580780029"
"8971","0.00577700138092041","0.00577700138092041","0.00577700138092041"
"8973","0.024831250309944153","0.024831250309944153","0.024831250309944153"
"8975","0.05050460994243622","0.05050460994243622","0.05050460994243622"
"8977","0.008370056748390198","0.008370056748390198","0.008370056748390198"
"8979","0.03056253492832184","0.03056253492832184","0.03056253492832184"
"8981","0.016774065792560577","0.016774065792560577","0.016774065792560577"
"8983","0.003936484456062317","0.003936484456062317","0.003936484456062317"
"8985","0.0007889661937952042","0.0007889661937952042","0.0007889661937952042"
"8987","0.04546171426773071","0.04546171426773071","0.04546171426773071"
"8989","0.033743053674697876","0.033743053674697876","0.033743053674697876"
"8991","0.0479087233543396","0.0479087233543396","0.0479087233543396"
"8993","0.004682570695877075","0.004682570695877075","0.004682570695877075"
"8995","0.05492036044597626","0.05492036044597626","0.05492036044597626"
"8997","0.0257636159658432","0.0257636159658432","0.0257636159658432"
"8999","0.048448026180267334","0.048448026180267334","0.048448026180267334"
"9001","0.013145595788955688","0.013145595788955688","0.013145595788955688"
"9003","0.02341427281498909","0.02341427281498909","0.02341427281498909"
"9005","0.004123114049434662","0.004123114049434662","0.004123114049434662"
"9007","0.13801801204681396","0.13801801204681396","0.13801801204681396"
"9009","0.008392609655857086","0.008392609655857086","0.008392609655857086"
"9011","0.08565425872802734","0.08565425872802734","0.08565425872802734"
"9013","0.0069393254816532135","0.0069393254816532135","0.0069393254816532135"
"9015","0.01598411798477173","0.01598411798477173","0.01598411798477173"
"9017","0.018494337797164917","0.018494337797164917","0.018494337797164917"
"9019","0.03576076030731201","0.03576076030731201","0.03576076030731201"
"9021","0.028213396668434143","0.028213396668434143","0.028213396668434143"
"9023","0.02491477131843567","0.02491477131843567","0.02491477131843567"
"9025","0.03287302702665329","0.03287302702665329","0.03287302702665329"
"9030","0.008006023243069649","0.008006023243069649","0.008006023243069649"
"9032","0.010811051353812218","0.010811051353812218","0.010811051353812218"
"9034","0.00949770212173462","0.00949770212173462","0.00949770212173462"
"9036","0.0025943368673324585","0.0025943368673324585","0.0025943368673324585"
"9038","0.014683440327644348","0.014683440327644348","0.014683440327644348"
"9040","0.014702826738357544","0.014702826738357544","0.014702826738357544"
"9042","0.010929763317108154","0.010929763317108154","0.010929763317108154"
"9044","0.023284073919057846","0.023284073919057846","0.023284073919057846"
"9046","0.006338246166706085","0.006338246166706085","0.006338246166706085"
"9048","0.04916359484195709","0.04916359484195709","0.04916359484195709"
"9050","0.012690052390098572","0.012690052390098572","0.012690052390098572"
"9052","0.0526694655418396","0.0526694655418396","0.0526694655418396"
"9054","0.0033932197839021683","0.0033932197839021683","0.0033932197839021683"
"9056","0.01234176754951477","0.01234176754951477","0.01234176754951477"
"9058","0.004283115267753601","0.004283115267753601","0.004283115267753601"
"9060","0.0018019378185272217","0.0018019378185272217","0.0018019378185272217"
"9062","0.014008985832333565","0.014008985832333565","0.014008985832333565"
"9064","0.015524540096521378","0.015524540096521378","0.015524540096521378"
"9066","0.05706912279129028","0.05706912279129028","0.05706912279129028"
"9068","0.005501389503479004","0.005501389503479004","0.005501389503479004"
"9070","0.016868792474269867","0.016868792474269867","0.016868792474269867"
"9072","0.017186837270855904","0.017186837270855904","0.017186837270855904"
"9074","0.027687370777130127","0.027687370777130127","0.027687370777130127"
"9076","0.04699646309018135","0.04699646309018135","0.04699646309018135"
"9078","0.03383636474609375","0.03383636474609375","0.03383636474609375"
"9080","0.018542371690273285","0.018542371690273285","0.018542371690273285"
"9082","0.0012033060193061829","0.0012033060193061829","0.0012033060193061829"
"9084","0.03583730757236481","0.03583730757236481","0.03583730757236481"
"9086","0.037083327770233154","0.037083327770233154","0.037083327770233154"
"9088","0.01568111777305603","0.01568111777305603","0.01568111777305603"
"9090","0.013385521247982979","0.013385521247982979","0.013385521247982979"
"9092","0.05260321497917175","0.05260321497917175","0.05260321497917175"
"9094","0.007720291614532471","0.007720291614532471","0.007720291614532471"
"9096","0.009627260267734528","0.009627260267734528","0.009627260267734528"
"9098","0.12353933602571487","0.12353933602571487","0.12353933602571487"
"9100","0.005389094352722168","0.005389094352722168","0.005389094352722168"
"9102","0.00757434219121933","0.00757434219121933","0.00757434219121933"
"9104","0.034163571894168854","0.034163571894168854","0.034163571894168854"
"9106","0.02793198451399803","0.02793198451399803","0.02793198451399803"
"9108","0.003011636435985565","0.003011636435985565","0.003011636435985565"
"9110","0.004179062321782112","0.004179062321782112","0.004179062321782112"
"9112","0.02550368756055832","0.02550368756055832","0.02550368756055832"
"9114","0.0671783834695816","0.0671783834695816","0.0671783834695816"
"9116","0.07870848476886749","0.07870848476886749","0.07870848476886749"
"9118","0.028428375720977783","0.028428375720977783","0.028428375720977783"
"9120","0.0258638858795166","0.0258638858795166","0.0258638858795166"
"9122","0.0226096510887146","0.0226096510887146","0.0226096510887146"
"9124","0.029429644346237183","0.029429644346237183","0.029429644346237183"
"9126","0.09185218811035156","0.09185218811035156","0.09185218811035156"
"9128","0.008022330701351166","0.008022330701351166","0.008022330701351166"
"9130","0.10033450275659561","0.10033450275659561","0.10033450275659561"
"9132","0.01708996295928955","0.01708996295928955","0.01708996295928955"
"9134","0.04671752452850342","0.04671752452850342","0.04671752452850342"
"9136","0.09570717811584473","0.09570717811584473","0.09570717811584473"
"9138","0.0938529372215271","0.0938529372215271","0.0938529372215271"
"9140","0.006330087780952454","0.006330087780952454","0.006330087780952454"
"9142","0.008311226963996887","0.008311226963996887","0.008311226963996887"
"9144","0.003867208957672119","0.003867208957672119","0.003867208957672119"
"9146","0.030525915324687958","0.030525915324687958","0.030525915324687958"
"9148","0.08690157532691956","0.08690157532691956","0.08690157532691956"
"9150","0.017358243465423584","0.017358243465423584","0.017358243465423584"
"9152","0.007805556058883667","0.007805556058883667","0.007805556058883667"
"9154","0.06713060289621353","0.06713060289621353","0.06713060289621353"
"9156","0.01389152929186821","0.01389152929186821","0.01389152929186821"
"9158","0.006986215710639954","0.006986215710639954","0.006986215710639954"
"9160","0.0065915584564208984","0.0065915584564208984","0.0065915584564208984"
"9162","0.02658446878194809","0.02658446878194809","0.02658446878194809"
"9164","0.001367717981338501","0.001367717981338501","0.001367717981338501"
"9166","0.05693316459655762","0.05693316459655762","0.05693316459655762"
"9168","0.0168309286236763","0.0168309286236763","0.0168309286236763"
"9170","0.07468008995056152","0.07468008995056152","0.07468008995056152"
"9172","0.006474407389760017","0.006474407389760017","0.006474407389760017"
"9174","0.018908649682998657","0.018908649682998657","0.018908649682998657"
"9176","0.04953122138977051","0.04953122138977051","0.04953122138977051"
"9178","0.006924694404006004","0.006924694404006004","0.006924694404006004"
"9180","0.03865183889865875","0.03865183889865875","0.03865183889865875"
"9182","0.010297536849975586","0.010297536849975586","0.010297536849975586"
"9184","0.006219394505023956","0.006219394505023956","0.006219394505023956"
"9186","0.004895683377981186","0.004895683377981186","0.004895683377981186"
"9188","0.025616399943828583","0.025616399943828583","0.025616399943828583"
"9190","0.012877941131591797","0.012877941131591797","0.012877941131591797"
"9192","0.016753338277339935","0.016753338277339935","0.016753338277339935"
"9194","0.06866174936294556","0.06866174936294556","0.06866174936294556"
"9196","0.011006902903318405","0.011006902903318405","0.011006902903318405"
"9198","0.03626985847949982","0.03626985847949982","0.03626985847949982"
"9200","0.03249909356236458","0.03249909356236458","0.03249909356236458"
"9202","0.05002667009830475","0.05002667009830475","0.05002667009830475"
"9204","0.047169193625450134","0.047169193625450134","0.047169193625450134"
"9206","0.03431680426001549","0.03431680426001549","0.03431680426001549"
"9208","0.07116372883319855","0.07116372883319855","0.07116372883319855"
"9210","0.006229817867279053","0.006229817867279053","0.006229817867279053"
"9212","0.019377194344997406","0.019377194344997406","0.019377194344997406"
"9214","0.002910938113927841","0.002910938113927841","0.002910938113927841"
"9216","0.02054913341999054","0.02054913341999054","0.02054913341999054"
"9218","0.013067349791526794","0.013067349791526794","0.013067349791526794"
"9220","0.03578151762485504","0.03578151762485504","0.03578151762485504"
"9222","0.010043434798717499","0.010043434798717499","0.010043434798717499"
"9224","0.050994873046875","0.050994873046875","0.050994873046875"
"9226","0.013709038496017456","0.013709038496017456","0.013709038496017456"
"9228","0.02949395775794983","0.02949395775794983","0.02949395775794983"
"9230","0.049324195832014084","0.049324195832014084","0.049324195832014084"
"9232","0.015444271266460419","0.015444271266460419","0.015444271266460419"
"9234","0.09652376174926758","0.09652376174926758","0.09652376174926758"
"9236","0.05144241452217102","0.05144241452217102","0.05144241452217102"
"9238","0.001611446961760521","0.001611446961760521","0.001611446961760521"
"9240","0.004793129861354828","0.004793129861354828","0.004793129861354828"
"9242","0.02842871844768524","0.02842871844768524","0.02842871844768524"
"9244","0.016495168209075928","0.016495168209075928","0.016495168209075928"
"9246","0.03276849538087845","0.03276849538087845","0.03276849538087845"
"9248","0.017030686140060425","0.017030686140060425","0.017030686140060425"
"9250","0.0074242036789655685","0.0074242036789655685","0.0074242036789655685"
"9252","0.015546651557087898","0.015546651557087898","0.015546651557087898"
"9254","0.009600184857845306","0.009600184857845306","0.009600184857845306"
"9256","0.007888548076152802","0.007888548076152802","0.007888548076152802"
"9258","0.022777646780014038","0.022777646780014038","0.022777646780014038"
"9260","0.04952654987573624","0.04952654987573624","0.04952654987573624"
"9262","0.02260672301054001","0.02260672301054001","0.02260672301054001"
"9264","0.019764915108680725","0.019764915108680725","0.019764915108680725"
"9266","0.012524008750915527","0.012524008750915527","0.012524008750915527"
"9268","0.049155592918395996","0.049155592918395996","0.049155592918395996"
"9270","0.0860421359539032","0.0860421359539032","0.0860421359539032"
"9272","0.004210315644741058","0.004210315644741058","0.004210315644741058"
"9274","0.008225362747907639","0.008225362747907639","0.008225362747907639"
"9276","0.003387121483683586","0.003387121483683586","0.003387121483683586"
"9278","0.0020234249532222748","0.0020234249532222748","0.0020234249532222748"
"9280","0.015703123062849045","0.015703123062849045","0.015703123062849045"
"9282","0.06618548929691315","0.06618548929691315","0.06618548929691315"
"9284","0.007440507411956787","0.007440507411956787","0.007440507411956787"
"9286","0.005720449611544609","0.005720449611544609","0.005720449611544609"
"9288","0.002613350749015808","0.002613350749015808","0.002613350749015808"
"9290","0.03317302092909813","0.03317302092909813","0.03317302092909813"
"9292","0.028414804488420486","0.028414804488420486","0.028414804488420486"
"9294","0.018457459285855293","0.018457459285855293","0.018457459285855293"
"9296","0.0281306654214859","0.0281306654214859","0.0281306654214859"
"9298","0.008166909217834473","0.008166909217834473","0.008166909217834473"
"9300","0.03503876179456711","0.03503876179456711","0.03503876179456711"
"9302","0.007279222831130028","0.007279222831130028","0.007279222831130028"
"9304","0.05431916564702988","0.05431916564702988","0.05431916564702988"
"9306","0.0053112804889678955","0.0053112804889678955","0.0053112804889678955"
"9308","0.006599748507142067","0.006599748507142067","0.006599748507142067"
"9310","0.002279825508594513","0.002279825508594513","0.002279825508594513"
"9312","0.021885814145207405","0.021885814145207405","0.021885814145207405"
"9314","0.04449582099914551","0.04449582099914551","0.04449582099914551"
"9316","0.03726024180650711","0.03726024180650711","0.03726024180650711"
"9318","0.031688958406448364","0.031688958406448364","0.031688958406448364"
"9320","0.012019455432891846","0.012019455432891846","0.012019455432891846"
"9322","0.004327535629272461","0.004327535629272461","0.004327535629272461"
"9324","0.007697701454162598","0.007697701454162598","0.007697701454162598"
"9326","0.008859481662511826","0.008859481662511826","0.008859481662511826"
"9328","0.03084455244243145","0.03084455244243145","0.03084455244243145"
"9330","0.04221025109291077","0.04221025109291077","0.04221025109291077"
"9332","0.007499098777770996","0.007499098777770996","0.007499098777770996"
"9334","0.07494339346885681","0.07494339346885681","0.07494339346885681"
"9336","0.0511326789855957","0.0511326789855957","0.0511326789855957"
"9338","0.04697728902101517","0.04697728902101517","0.04697728902101517"
"9340","0.005408436059951782","0.005408436059951782","0.005408436059951782"
"9342","0.02439740300178528","0.02439740300178528","0.02439740300178528"
"9344","0.040414392948150635","0.040414392948150635","0.040414392948150635"
"9346","0.004167873412370682","0.004167873412370682","0.004167873412370682"
"9348","0.02536456286907196","0.02536456286907196","0.02536456286907196"
"9350","0.03404804319143295","0.03404804319143295","0.03404804319143295"
"9352","0.043709974735975266","0.043709974735975266","0.043709974735975266"
"9354","0.024128582328557968","0.024128582328557968","0.024128582328557968"
"9356","0.04697038605809212","0.04697038605809212","0.04697038605809212"
"9358","0.002437904477119446","0.002437904477119446","0.002437904477119446"
"9360","0.004737839102745056","0.004737839102745056","0.004737839102745056"
"9362","0.013490140438079834","0.013490140438079834","0.013490140438079834"
"9364","0.05750660598278046","0.05750660598278046","0.05750660598278046"
"9366","0.009482651948928833","0.009482651948928833","0.009482651948928833"
"9368","0.03469026833772659","0.03469026833772659","0.03469026833772659"
"9370","0.01662292331457138","0.01662292331457138","0.01662292331457138"
"9372","0.014180952683091164","0.014180952683091164","0.014180952683091164"
"9374","0.0594075471162796","0.0594075471162796","0.0594075471162796"
"9376","0.005559995770454407","0.005559995770454407","0.005559995770454407"
"9378","0.02421051263809204","0.02421051263809204","0.02421051263809204"
"9380","0.008002370595932007","0.008002370595932007","0.008002370595932007"
"9382","0.006381459534168243","0.006381459534168243","0.006381459534168243"
"9384","0.019244447350502014","0.019244447350502014","0.019244447350502014"
"9386","0.0050809383392333984","0.0050809383392333984","0.0050809383392333984"
"9388","0.009595051407814026","0.009595051407814026","0.009595051407814026"
"9390","0.0005113035440444946","0.0005113035440444946","0.0005113035440444946"
"9392","0.004682179540395737","0.004682179540395737","0.004682179540395737"
"9394","0.015567963942885399","0.015567963942885399","0.015567963942885399"
"9396","0.0446203351020813","0.0446203351020813","0.0446203351020813"
"9398","0.0026779398322105408","0.0026779398322105408","0.0026779398322105408"
"9400","0.03086860477924347","0.03086860477924347","0.03086860477924347"
"9402","0.05880022048950195","0.05880022048950195","0.05880022048950195"
"9404","0.017329469323158264","0.017329469323158264","0.017329469323158264"
"9406","0.06743678450584412","0.06743678450584412","0.06743678450584412"
"9408","0.02965119481086731","0.02965119481086731","0.02965119481086731"
"9410","0.03301939740777016","0.03301939740777016","0.03301939740777016"
"9412","0.0012293457984924316","0.0012293457984924316","0.0012293457984924316"
"9414","0.012756213545799255","0.012756213545799255","0.012756213545799255"
"9416","0.024062782526016235","0.024062782526016235","0.024062782526016235"
"9418","0.016335681080818176","0.016335681080818176","0.016335681080818176"
"9420","0.042303912341594696","0.042303912341594696","0.042303912341594696"
"9422","0.0028492100536823273","0.0028492100536823273","0.0028492100536823273"
"9424","0.024484431371092796","0.024484431371092796","0.024484431371092796"
"9426","0.013180017471313477","0.013180017471313477","0.013180017471313477"
"9428","0.07064497470855713","0.07064497470855713","0.07064497470855713"
"9430","0.0006022080779075623","0.0006022080779075623","0.0006022080779075623"
"9432","0.0025715716183185577","0.0025715716183185577","0.0025715716183185577"
"9434","0.07024283707141876","0.07024283707141876","0.07024283707141876"
"9436","0.014505734667181969","0.014505734667181969","0.014505734667181969"
"9438","0.005328737199306488","0.005328737199306488","0.005328737199306488"
"9440","0.0448412150144577","0.0448412150144577","0.0448412150144577"
"9442","0.03384924679994583","0.03384924679994583","0.03384924679994583"
"9444","0.0262862890958786","0.0262862890958786","0.0262862890958786"
"9446","0.005759745836257935","0.005759745836257935","0.005759745836257935"
"9448","0.10330644249916077","0.10330644249916077","0.10330644249916077"
"9450","0.09093602746725082","0.09093602746725082","0.09093602746725082"
"9452","0.0058131031692028046","0.0058131031692028046","0.0058131031692028046"
"9454","0.02881506085395813","0.02881506085395813","0.02881506085395813"
"9456","0.004024330526590347","0.004024330526590347","0.004024330526590347"
"9458","0.04021408408880234","0.04021408408880234","0.04021408408880234"
"9460","0.01235903799533844","0.01235903799533844","0.01235903799533844"
"9462","0.009799940511584282","0.009799940511584282","0.009799940511584282"
"9464","0.07872295379638672","0.07872295379638672","0.07872295379638672"
"9466","0.010673591867089272","0.010673591867089272","0.010673591867089272"
"9468","0.010166555643081665","0.010166555643081665","0.010166555643081665"
"9470","0.05683207884430885","0.05683207884430885","0.05683207884430885"
"9472","0.0049860477447509766","0.0049860477447509766","0.0049860477447509766"
"9474","0.010893598198890686","0.010893598198890686","0.010893598198890686"
"9476","0.005098184570670128","0.005098184570670128","0.005098184570670128"
"9478","0.029391363263130188","0.029391363263130188","0.029391363263130188"
"9480","0.007423959672451019","0.007423959672451019","0.007423959672451019"
"9482","0.001818876713514328","0.001818876713514328","0.001818876713514328"
"9484","0.024882540106773376","0.024882540106773376","0.024882540106773376"
"9486","0.0011302381753921509","0.0011302381753921509","0.0011302381753921509"
"9488","0.015386305749416351","0.015386305749416351","0.015386305749416351"
"9493","0.03255775570869446","0.03255775570869446","0.03255775570869446"
"9495","0.04514031857252121","0.04514031857252121","0.04514031857252121"
"9497","0.04416324198246002","0.04416324198246002","0.04416324198246002"
"9499","0.011382300406694412","0.011382300406694412","0.011382300406694412"
"9501","0.004499727860093117","0.004499727860093117","0.004499727860093117"
"9503","0.004546821117401123","0.004546821117401123","0.004546821117401123"
"9505","0.0042931996285915375","0.0042931996285915375","0.0042931996285915375"
"9507","0.08392998576164246","0.08392998576164246","0.08392998576164246"
"9509","0.04456121474504471","0.04456121474504471","0.04456121474504471"
"9511","0.059702735394239426","0.059702735394239426","0.059702735394239426"
"9513","0.044852763414382935","0.044852763414382935","0.044852763414382935"
"9515","0.025632554665207863","0.025632554665207863","0.025632554665207863"
"9517","0.011962426826357841","0.011962426826357841","0.011962426826357841"
"9519","0.014820389449596405","0.014820389449596405","0.014820389449596405"
"9521","0.07212197780609131","0.07212197780609131","0.07212197780609131"
"9523","0.00186823308467865","0.00186823308467865","0.00186823308467865"
"9525","0.007284797728061676","0.007284797728061676","0.007284797728061676"
"9527","0.008035995066165924","0.008035995066165924","0.008035995066165924"
"9529","0.006696984171867371","0.006696984171867371","0.006696984171867371"
"9531","0.00237201526761055","0.00237201526761055","0.00237201526761055"
"9533","0.009270381182432175","0.009270381182432175","0.009270381182432175"
"9535","0.06591224670410156","0.06591224670410156","0.06591224670410156"
"9537","0.012086153030395508","0.012086153030395508","0.012086153030395508"
"9539","0.01597696542739868","0.01597696542739868","0.01597696542739868"
"9541","0.04645345360040665","0.04645345360040665","0.04645345360040665"
"9543","0.004749298095703125","0.004749298095703125","0.004749298095703125"
"9545","0.01746469736099243","0.01746469736099243","0.01746469736099243"
"9547","0.01740238070487976","0.01740238070487976","0.01740238070487976"
"9549","0.02328185737133026","0.02328185737133026","0.02328185737133026"
"9551","0.022504061460494995","0.022504061460494995","0.022504061460494995"
"9553","0.006406679749488831","0.006406679749488831","0.006406679749488831"
"9555","0.030728278681635857","0.030728278681635857","0.030728278681635857"
"9557","0.005784189328551292","0.005784189328551292","0.005784189328551292"
"9559","0.01412634551525116","0.01412634551525116","0.01412634551525116"
"9561","0.007409464567899704","0.007409464567899704","0.007409464567899704"
"9563","0.06970811635255814","0.06970811635255814","0.06970811635255814"
"9565","0.0013710595667362213","0.0013710595667362213","0.0013710595667362213"
"9567","0.008243998512625694","0.008243998512625694","0.008243998512625694"
"9569","0.1303749680519104","0.1303749680519104","0.1303749680519104"
"9571","0.05680523067712784","0.05680523067712784","0.05680523067712784"
"9573","0.025499071925878525","0.025499071925878525","0.025499071925878525"
"9575","0.0014859028160572052","0.0014859028160572052","0.0014859028160572052"
"9577","0.009994983673095703","0.009994983673095703","0.009994983673095703"
"9579","0.00895616039633751","0.00895616039633751","0.00895616039633751"
"9581","0.0018469691276550293","0.0018469691276550293","0.0018469691276550293"
"9583","0.0465453565120697","0.0465453565120697","0.0465453565120697"
"9585","0.005119107663631439","0.005119107663631439","0.005119107663631439"
"9587","0.027014583349227905","0.027014583349227905","0.027014583349227905"
"9589","0.05925306677818298","0.05925306677818298","0.05925306677818298"
"9591","0.003816261887550354","0.003816261887550354","0.003816261887550354"
"9593","0.02590036392211914","0.02590036392211914","0.02590036392211914"
"9595","0.09196001291275024","0.09196001291275024","0.09196001291275024"
"9597","0.025123823434114456","0.025123823434114456","0.025123823434114456"
"9599","0.014822831377387047","0.014822831377387047","0.014822831377387047"
"9601","0.03083733655512333","0.03083733655512333","0.03083733655512333"
"9603","0.04392111301422119","0.04392111301422119","0.04392111301422119"
"9605","0.012818647548556328","0.012818647548556328","0.012818647548556328"
"9607","0.007978007197380066","0.007978007197380066","0.007978007197380066"
"9609","0.019173484295606613","0.019173484295606613","0.019173484295606613"
"9611","0.009736597537994385","0.009736597537994385","0.009736597537994385"
"9613","0.005502462387084961","0.005502462387084961","0.005502462387084961"
"9615","0.0018116440623998642","0.0018116440623998642","0.0018116440623998642"
"9617","0.03554543852806091","0.03554543852806091","0.03554543852806091"
"9619","0.03555186092853546","0.03555186092853546","0.03555186092853546"
"9621","0.007592704147100449","0.007592704147100449","0.007592704147100449"
"9623","0.012485263869166374","0.012485263869166374","0.012485263869166374"
"9625","0.0037707090377807617","0.0037707090377807617","0.0037707090377807617"
"9627","0.016767635941505432","0.016767635941505432","0.016767635941505432"
"9629","0.007685847580432892","0.007685847580432892","0.007685847580432892"
"9631","0.042871683835983276","0.042871683835983276","0.042871683835983276"
"9633","0.01770428568124771","0.01770428568124771","0.01770428568124771"
"9635","0.015569731593132019","0.015569731593132019","0.015569731593132019"
"9637","0.03708744794130325","0.03708744794130325","0.03708744794130325"
"9639","0.08434653282165527","0.08434653282165527","0.08434653282165527"
"9641","0.019465913996100426","0.019465913996100426","0.019465913996100426"
"9643","0.004776855930685997","0.004776855930685997","0.004776855930685997"
"9645","0.019980259239673615","0.019980259239673615","0.019980259239673615"
"9647","0.0737699568271637","0.0737699568271637","0.0737699568271637"
"9649","0.047064125537872314","0.047064125537872314","0.047064125537872314"
"9651","0.022387908771634102","0.022387908771634102","0.022387908771634102"
"9653","0.004620667546987534","0.004620667546987534","0.004620667546987534"
"9655","0.011094389483332634","0.011094389483332634","0.011094389483332634"
"9657","0.029030069708824158","0.029030069708824158","0.029030069708824158"
"9659","0.021305665373802185","0.021305665373802185","0.021305665373802185"
"9661","0.057474639266729355","0.057474639266729355","0.057474639266729355"
"9663","0.0033076778054237366","0.0033076778054237366","0.0033076778054237366"
"9665","0.024512628093361855","0.024512628093361855","0.024512628093361855"
"9667","0.018780618906021118","0.018780618906021118","0.018780618906021118"
"9669","0.010606460273265839","0.010606460273265839","0.010606460273265839"
"9671","0.0008264034986495972","0.0008264034986495972","0.0008264034986495972"
"9673","0.012667220085859299","0.012667220085859299","0.012667220085859299"
"9675","0.007101811468601227","0.007101811468601227","0.007101811468601227"
"9677","0.005130955949425697","0.005130955949425697","0.005130955949425697"
"9679","0.03661245107650757","0.03661245107650757","0.03661245107650757"
"9681","0.005429854616522789","0.005429854616522789","0.005429854616522789"
"9683","0.0043439604341983795","0.0043439604341983795","0.0043439604341983795"
"9685","0.010095406323671341","0.010095406323671341","0.010095406323671341"
"9687","0.022746428847312927","0.022746428847312927","0.022746428847312927"
"9689","0.00168570876121521","0.00168570876121521","0.00168570876121521"
"9691","0.012502539902925491","0.012502539902925491","0.012502539902925491"
"9693","0.0016293525695800781","0.0016293525695800781","0.0016293525695800781"
"9695","0.003418024629354477","0.003418024629354477","0.003418024629354477"
"9697","0.014924578368663788","0.014924578368663788","0.014924578368663788"
"9699","0.018279850482940674","0.018279850482940674","0.018279850482940674"
"9701","0.0015271827578544617","0.0015271827578544617","0.0015271827578544617"
"9703","0.009661883115768433","0.009661883115768433","0.009661883115768433"
"9705","0.003556385636329651","0.003556385636329651","0.003556385636329651"
"9707","0.013234078884124756","0.013234078884124756","0.013234078884124756"
"9709","0.006323724985122681","0.006323724985122681","0.006323724985122681"
"9711","0.006367666646838188","0.006367666646838188","0.006367666646838188"
"9713","0.006595995277166367","0.006595995277166367","0.006595995277166367"
"9715","0.004940062761306763","0.004940062761306763","0.004940062761306763"
"9717","0.11032801866531372","0.11032801866531372","0.11032801866531372"
"9719","0.010271331295371056","0.010271331295371056","0.010271331295371056"
"9721","0.006054500117897987","0.006054500117897987","0.006054500117897987"
"9723","0.024493783712387085","0.024493783712387085","0.024493783712387085"
"9725","0.038054365664720535","0.038054365664720535","0.038054365664720535"
"9727","0.012948408722877502","0.012948408722877502","0.012948408722877502"
"9729","0.017649739980697632","0.017649739980697632","0.017649739980697632"
"9731","0.05020618438720703","0.05020618438720703","0.05020618438720703"
"9733","0.019818685948848724","0.019818685948848724","0.019818685948848724"
"9735","0.031111717224121094","0.031111717224121094","0.031111717224121094"
"9737","0.006224416196346283","0.006224416196346283","0.006224416196346283"
"9739","0.03537061810493469","0.03537061810493469","0.03537061810493469"
"9741","0.007002342492341995","0.007002342492341995","0.007002342492341995"
"9743","0.007269181311130524","0.007269181311130524","0.007269181311130524"
"9745","0.0007359180599451065","0.0007359180599451065","0.0007359180599451065"
"9747","0.03920090198516846","0.03920090198516846","0.03920090198516846"
"9749","0.07818922400474548","0.07818922400474548","0.07818922400474548"
"9751","0.036364659667015076","0.036364659667015076","0.036364659667015076"
"9753","0.004794375970959663","0.004794375970959663","0.004794375970959663"
"9755","0.046907901763916016","0.046907901763916016","0.046907901763916016"
"9757","0.002330450341105461","0.002330450341105461","0.002330450341105461"
"9759","0.07578437030315399","0.07578437030315399","0.07578437030315399"
"9761","0.048084989190101624","0.048084989190101624","0.048084989190101624"
"9763","0.028210029006004333","0.028210029006004333","0.028210029006004333"
"9765","0.010295456275343895","0.010295456275343895","0.010295456275343895"
"9767","0.009723477065563202","0.009723477065563202","0.009723477065563202"
"9769","0.021232202649116516","0.021232202649116516","0.021232202649116516"
"9771","0.02629876136779785","0.02629876136779785","0.02629876136779785"
"9773","0.0066919028759002686","0.0066919028759002686","0.0066919028759002686"
"9775","0.028167136013507843","0.028167136013507843","0.028167136013507843"
"9777","0.033654555678367615","0.033654555678367615","0.033654555678367615"
"9779","0.0193861722946167","0.0193861722946167","0.0193861722946167"
"9781","0.047625742852687836","0.047625742852687836","0.047625742852687836"
"9783","0.00849974900484085","0.00849974900484085","0.00849974900484085"
"9785","0.016177430748939514","0.016177430748939514","0.016177430748939514"
"9787","0.030742108821868896","0.030742108821868896","0.030742108821868896"
"9789","0.015279322862625122","0.015279322862625122","0.015279322862625122"
"9791","0.046030137687921524","0.046030137687921524","0.046030137687921524"
"9793","0.03418910503387451","0.03418910503387451","0.03418910503387451"
"9795","0.01720118522644043","0.01720118522644043","0.01720118522644043"
"9797","0.023215122520923615","0.023215122520923615","0.023215122520923615"
"9799","0.04309782385826111","0.04309782385826111","0.04309782385826111"
"9801","0.006842136383056641","0.006842136383056641","0.006842136383056641"
"9803","0.008873924612998962","0.008873924612998962","0.008873924612998962"
"9805","0.009830638766288757","0.009830638766288757","0.009830638766288757"
"9807","0.016147196292877197","0.016147196292877197","0.016147196292877197"
"9809","0.019379639998078346","0.019379639998078346","0.019379639998078346"
"9811","0.0006661638617515564","0.0006661638617515564","0.0006661638617515564"
"9813","0.02948451042175293","0.02948451042175293","0.02948451042175293"
"9815","0.00455942377448082","0.00455942377448082","0.00455942377448082"
"9817","0.03887832164764404","0.03887832164764404","0.03887832164764404"
"9819","0.03641971945762634","0.03641971945762634","0.03641971945762634"
"9821","0.012868344783782959","0.012868344783782959","0.012868344783782959"
"9823","0.03481161594390869","0.03481161594390869","0.03481161594390869"
"9825","0.018051065504550934","0.018051065504550934","0.018051065504550934"
"9827","0.004216182976961136","0.004216182976961136","0.004216182976961136"
"9829","0.06673748791217804","0.06673748791217804","0.06673748791217804"
"9831","0.008236497640609741","0.008236497640609741","0.008236497640609741"
"9833","0.013273239135742188","0.013273239135742188","0.013273239135742188"
"9835","0.008554458618164062","0.008554458618164062","0.008554458618164062"
"9837","0.00618695467710495","0.00618695467710495","0.00618695467710495"
"9839","0.004294818267226219","0.004294818267226219","0.004294818267226219"
"9841","0.004474891349673271","0.004474891349673271","0.004474891349673271"
"9843","0.003794938325881958","0.003794938325881958","0.003794938325881958"
"9845","0.0032534990459680557","0.0032534990459680557","0.0032534990459680557"
"9847","0.02573544532060623","0.02573544532060623","0.02573544532060623"
"9849","0.059200309216976166","0.059200309216976166","0.059200309216976166"
"9851","0.02234695851802826","0.02234695851802826","0.02234695851802826"
"9853","0.008907705545425415","0.008907705545425415","0.008907705545425415"
"9855","0.00243452750146389","0.00243452750146389","0.00243452750146389"
"9857","0.01981499046087265","0.01981499046087265","0.01981499046087265"
"9859","0.0015763528645038605","0.0015763528645038605","0.0015763528645038605"
"9861","0.022925950586795807","0.022925950586795807","0.022925950586795807"
"9863","0.01823829486966133","0.01823829486966133","0.01823829486966133"
"9865","0.013497546315193176","0.013497546315193176","0.013497546315193176"
"9867","0.00666036456823349","0.00666036456823349","0.00666036456823349"
"9869","0.050463661551475525","0.050463661551475525","0.050463661551475525"
"9871","0.010788694024085999","0.010788694024085999","0.010788694024085999"
"9873","0.0088949054479599","0.0088949054479599","0.0088949054479599"
"9875","0.02040719985961914","0.02040719985961914","0.02040719985961914"
"9877","0.0033228546380996704","0.0033228546380996704","0.0033228546380996704"
"9879","0.015258371829986572","0.015258371829986572","0.015258371829986572"
"9881","0.003222353756427765","0.003222353756427765","0.003222353756427765"
"9883","0.009779363870620728","0.009779363870620728","0.009779363870620728"
"9885","0.027395721524953842","0.027395721524953842","0.027395721524953842"
"9887","0.05766887590289116","0.05766887590289116","0.05766887590289116"
"9889","0.006712799891829491","0.006712799891829491","0.006712799891829491"
"9891","0.02635936439037323","0.02635936439037323","0.02635936439037323"
"9893","0.03789138048887253","0.03789138048887253","0.03789138048887253"
"9895","0.0028302036225795746","0.0028302036225795746","0.0028302036225795746"
"9897","0.04384541139006615","0.04384541139006615","0.04384541139006615"
"9899","0.023775100708007812","0.023775100708007812","0.023775100708007812"
"9901","0.010707858949899673","0.010707858949899673","0.010707858949899673"
"9903","0.003130882978439331","0.003130882978439331","0.003130882978439331"
"9905","0.00958925485610962","0.00958925485610962","0.00958925485610962"
"9907","0.017954114824533463","0.017954114824533463","0.017954114824533463"
"9909","0.09913035482168198","0.09913035482168198","0.09913035482168198"
"9911","0.03374461084604263","0.03374461084604263","0.03374461084604263"
"9913","0.07134213298559189","0.07134213298559189","0.07134213298559189"
"9915","0.0065368711948394775","0.0065368711948394775","0.0065368711948394775"
"9917","0.0005924515426158905","0.0005924515426158905","0.0005924515426158905"
"9919","0.04440811276435852","0.04440811276435852","0.04440811276435852"
"9921","0.005561113357543945","0.005561113357543945","0.005561113357543945"
"9923","0.005016997456550598","0.005016997456550598","0.005016997456550598"
"9925","0.019227394834160805","0.019227394834160805","0.019227394834160805"
"9927","0.0072193443775177","0.0072193443775177","0.0072193443775177"
"9929","0.023930389434099197","0.023930389434099197","0.023930389434099197"
"9931","0.024180863052606583","0.024180863052606583","0.024180863052606583"
"9933","0.06191861629486084","0.06191861629486084","0.06191861629486084"
"9935","0.029655709862709045","0.029655709862709045","0.029655709862709045"
"9937","0.07247623056173325","0.07247623056173325","0.07247623056173325"
"9939","0.05768132209777832","0.05768132209777832","0.05768132209777832"
"9941","0.005443349480628967","0.005443349480628967","0.005443349480628967"
"9943","0.008819840848445892","0.008819840848445892","0.008819840848445892"
"9945","0.00680813193321228","0.00680813193321228","0.00680813193321228"
"9947","0.06428131461143494","0.06428131461143494","0.06428131461143494"
"9949","0.004249975085258484","0.004249975085258484","0.004249975085258484"
"9951","0.010375194251537323","0.010375194251537323","0.010375194251537323"
"9956","0.020168699324131012","0.020168699324131012","0.020168699324131012"
"9958","0.036348044872283936","0.036348044872283936","0.036348044872283936"
"9960","0.04798692464828491","0.04798692464828491","0.04798692464828491"
"9962","0.030097097158432007","0.030097097158432007","0.030097097158432007"
"9964","0.019685693085193634","0.019685693085193634","0.019685693085193634"
"9966","0.06971219182014465","0.06971219182014465","0.06971219182014465"
"9968","0.011971626430749893","0.011971626430749893","0.011971626430749893"
"9970","0.002354055643081665","0.002354055643081665","0.002354055643081665"
"9972","0.01594310998916626","0.01594310998916626","0.01594310998916626"
"9974","0.016223818063735962","0.016223818063735962","0.016223818063735962"
"9976","0.0295565202832222","0.0295565202832222","0.0295565202832222"
"9978","0.0730036199092865","0.0730036199092865","0.0730036199092865"
"9980","0.02526864968240261","0.02526864968240261","0.02526864968240261"
"9982","0.011927150189876556","0.011927150189876556","0.011927150189876556"
"9984","0.026887375861406326","0.026887375861406326","0.026887375861406326"
"9986","0.01756005361676216","0.01756005361676216","0.01756005361676216"
"9988","0.013710349798202515","0.013710349798202515","0.013710349798202515"
"9990","0.025610625743865967","0.025610625743865967","0.025610625743865967"
"9992","0.024826571345329285","0.024826571345329285","0.024826571345329285"
"9994","0.002084389328956604","0.002084389328956604","0.002084389328956604"
"9996","0.006954623386263847","0.006954623386263847","0.006954623386263847"
"9998","0.021626025438308716","0.021626025438308716","0.021626025438308716"
"10000","0.007701754570007324","0.007701754570007324","0.007701754570007324"
"10002","0.07351939380168915","0.07351939380168915","0.07351939380168915"
"10004","0.024257689714431763","0.024257689714431763","0.024257689714431763"
"10006","0.05378878116607666","0.05378878116607666","0.05378878116607666"
"10008","0.011653810739517212","0.011653810739517212","0.011653810739517212"
"10010","0.01239168643951416","0.01239168643951416","0.01239168643951416"
"10012","0.012676887214183807","0.012676887214183807","0.012676887214183807"
"10014","0.003518473356962204","0.003518473356962204","0.003518473356962204"
"10016","0.01966939866542816","0.01966939866542816","0.01966939866542816"
"10018","0.004614874720573425","0.004614874720573425","0.004614874720573425"
"10020","0.00632634200155735","0.00632634200155735","0.00632634200155735"
"10022","0.054755568504333496","0.054755568504333496","0.054755568504333496"
"10024","0.02308255434036255","0.02308255434036255","0.02308255434036255"
"10026","0.027828671038150787","0.027828671038150787","0.027828671038150787"
"10028","0.009451344609260559","0.009451344609260559","0.009451344609260559"
"10030","0.039417244493961334","0.039417244493961334","0.039417244493961334"
"10032","0.0033468306064605713","0.0033468306064605713","0.0033468306064605713"
"10034","0.020061999559402466","0.020061999559402466","0.020061999559402466"
"10036","0.0023407191038131714","0.0023407191038131714","0.0023407191038131714"
"10038","0.035820089280605316","0.035820089280605316","0.035820089280605316"
"10040","0.022754445672035217","0.022754445672035217","0.022754445672035217"
"10042","0.003529481589794159","0.003529481589794159","0.003529481589794159"
"10044","0.010008970275521278","0.010008970275521278","0.010008970275521278"
"10046","0.004077382385730743","0.004077382385730743","0.004077382385730743"
"10048","0.02651897631585598","0.02651897631585598","0.02651897631585598"
"10050","0.01101982593536377","0.01101982593536377","0.01101982593536377"
"10052","0.03408775478601456","0.03408775478601456","0.03408775478601456"
"10054","0.029538655653595924","0.029538655653595924","0.029538655653595924"
"10056","0.012304939329624176","0.012304939329624176","0.012304939329624176"
"10058","0.003404121845960617","0.003404121845960617","0.003404121845960617"
"10060","0.004310160875320435","0.004310160875320435","0.004310160875320435"
"10062","0.06161573529243469","0.06161573529243469","0.06161573529243469"
"10064","0.01840835250914097","0.01840835250914097","0.01840835250914097"
"10066","0.005445864051580429","0.005445864051580429","0.005445864051580429"
"10068","0.007023133337497711","0.007023133337497711","0.007023133337497711"
"10070","0.008996507152915001","0.008996507152915001","0.008996507152915001"
"10072","0.005062393844127655","0.005062393844127655","0.005062393844127655"
"10074","0.0476393923163414","0.0476393923163414","0.0476393923163414"
"10076","0.004584513604640961","0.004584513604640961","0.004584513604640961"
"10078","0.01678406447172165","0.01678406447172165","0.01678406447172165"
"10080","0.044532082974910736","0.044532082974910736","0.044532082974910736"
"10082","0.0020201094448566437","0.0020201094448566437","0.0020201094448566437"
"10084","0.05945803225040436","0.05945803225040436","0.05945803225040436"
"10086","0.007984139025211334","0.007984139025211334","0.007984139025211334"
"10088","0.02736739069223404","0.02736739069223404","0.02736739069223404"
"10090","0.05820765718817711","0.05820765718817711","0.05820765718817711"
"10092","0.005165494978427887","0.005165494978427887","0.005165494978427887"
"10094","0.017836246639490128","0.017836246639490128","0.017836246639490128"
"10096","0.001699693500995636","0.001699693500995636","0.001699693500995636"
"10098","0.011680245399475098","0.011680245399475098","0.011680245399475098"
"10100","0.013106884434819221","0.013106884434819221","0.013106884434819221"
"10102","0.009945083409547806","0.009945083409547806","0.009945083409547806"
"10104","0.0664411187171936","0.0664411187171936","0.0664411187171936"
"10106","0.0026922207325696945","0.0026922207325696945","0.0026922207325696945"
"10108","0.00692441500723362","0.00692441500723362","0.00692441500723362"
"10110","0.03627055138349533","0.03627055138349533","0.03627055138349533"
"10112","0.0014172382652759552","0.0014172382652759552","0.0014172382652759552"
"10114","0.04143236577510834","0.04143236577510834","0.04143236577510834"
"10116","0.018485665321350098","0.018485665321350098","0.018485665321350098"
"10118","0.009315140545368195","0.009315140545368195","0.009315140545368195"
"10120","0.012907691299915314","0.012907691299915314","0.012907691299915314"
"10122","0.029009342193603516","0.029009342193603516","0.029009342193603516"
"10124","0.004795748740434647","0.004795748740434647","0.004795748740434647"
"10126","0.021053211763501167","0.021053211763501167","0.021053211763501167"
"10128","0.004606615751981735","0.004606615751981735","0.004606615751981735"
"10130","0.0885998010635376","0.0885998010635376","0.0885998010635376"
"10132","0.04678045213222504","0.04678045213222504","0.04678045213222504"
"10134","0.005040004849433899","0.005040004849433899","0.005040004849433899"
"10136","0.00513271801173687","0.00513271801173687","0.00513271801173687"
"10138","0.051487721502780914","0.051487721502780914","0.051487721502780914"
"10140","0.03754556551575661","0.03754556551575661","0.03754556551575661"
"10142","0.09346183389425278","0.09346183389425278","0.09346183389425278"
"10144","0.058243654668331146","0.058243654668331146","0.058243654668331146"
"10146","0.016771813854575157","0.016771813854575157","0.016771813854575157"
"10148","0.0012106392532587051","0.0012106392532587051","0.0012106392532587051"
"10150","0.005682818591594696","0.005682818591594696","0.005682818591594696"
"10152","0.0024742484092712402","0.0024742484092712402","0.0024742484092712402"
"10154","0.026055052876472473","0.026055052876472473","0.026055052876472473"
"10156","0.03426295518875122","0.03426295518875122","0.03426295518875122"
"10158","0.007974810898303986","0.007974810898303986","0.007974810898303986"
"10160","0.040779367089271545","0.040779367089271545","0.040779367089271545"
"10162","0.005069047212600708","0.005069047212600708","0.005069047212600708"
"10164","0.01568221114575863","0.01568221114575863","0.01568221114575863"
"10166","0.01433829590678215","0.01433829590678215","0.01433829590678215"
"10168","0.0485074520111084","0.0485074520111084","0.0485074520111084"
"10170","0.0038888901472091675","0.0038888901472091675","0.0038888901472091675"
"10172","0.029079779982566833","0.029079779982566833","0.029079779982566833"
"10174","0.08609318733215332","0.08609318733215332","0.08609318733215332"
"10176","0.01289733499288559","0.01289733499288559","0.01289733499288559"
"10178","0.01957898586988449","0.01957898586988449","0.01957898586988449"
"10180","0.03146485984325409","0.03146485984325409","0.03146485984325409"
"10182","0.02024523727595806","0.02024523727595806","0.02024523727595806"
"10184","0.037956416606903076","0.037956416606903076","0.037956416606903076"
"10186","0.0030481815338134766","0.0030481815338134766","0.0030481815338134766"
"10188","0.0028852522373199463","0.0028852522373199463","0.0028852522373199463"
"10190","0.005616176873445511","0.005616176873445511","0.005616176873445511"
"10192","0.001962987706065178","0.001962987706065178","0.001962987706065178"
"10194","0.010259388014674187","0.010259388014674187","0.010259388014674187"
"10196","0.04150521010160446","0.04150521010160446","0.04150521010160446"
"10198","0.017589956521987915","0.017589956521987915","0.017589956521987915"
"10200","0.0024773553013801575","0.0024773553013801575","0.0024773553013801575"
"10202","0.007155746221542358","0.007155746221542358","0.007155746221542358"
"10204","0.015212878584861755","0.015212878584861755","0.015212878584861755"
"10206","0.04155096411705017","0.04155096411705017","0.04155096411705017"
"10208","0.0009462665766477585","0.0009462665766477585","0.0009462665766477585"
"10210","0.0066534653306007385","0.0066534653306007385","0.0066534653306007385"
"10212","0.010051336139440536","0.010051336139440536","0.010051336139440536"
"10214","0.03931272029876709","0.03931272029876709","0.03931272029876709"
"10216","0.038083478808403015","0.038083478808403015","0.038083478808403015"
"10218","0.0036316365003585815","0.0036316365003585815","0.0036316365003585815"
"10220","0.010996345430612564","0.010996345430612564","0.010996345430612564"
"10222","0.018598254770040512","0.018598254770040512","0.018598254770040512"
"10224","0.0029409024864435196","0.0029409024864435196","0.0029409024864435196"
"10226","0.010136125609278679","0.010136125609278679","0.010136125609278679"
"10228","0.006025165319442749","0.006025165319442749","0.006025165319442749"
"10230","0.019505426287651062","0.019505426287651062","0.019505426287651062"
"10232","0.009808644652366638","0.009808644652366638","0.009808644652366638"
"10234","0.03637326508760452","0.03637326508760452","0.03637326508760452"
"10236","0.0004670191556215286","0.0004670191556215286","0.0004670191556215286"
"10238","0.012829944491386414","0.012829944491386414","0.012829944491386414"
"10240","0.012151559814810753","0.012151559814810753","0.012151559814810753"
"10242","0.010502496734261513","0.010502496734261513","0.010502496734261513"
"10244","0.015009701251983643","0.015009701251983643","0.015009701251983643"
"10246","0.011340098455548286","0.011340098455548286","0.011340098455548286"
"10248","0.014767535030841827","0.014767535030841827","0.014767535030841827"
"10250","0.0036313440650701523","0.0036313440650701523","0.0036313440650701523"
"10252","0.0033381059765815735","0.0033381059765815735","0.0033381059765815735"
"10254","0.03717032074928284","0.03717032074928284","0.03717032074928284"
"10256","0.11747993528842926","0.11747993528842926","0.11747993528842926"
"10258","0.0059263259172439575","0.0059263259172439575","0.0059263259172439575"
"10260","0.036671705543994904","0.036671705543994904","0.036671705543994904"
"10262","0.022528989240527153","0.022528989240527153","0.022528989240527153"
"10264","0.0003950614482164383","0.0003950614482164383","0.0003950614482164383"
"10266","0.03550254926085472","0.03550254926085472","0.03550254926085472"
"10268","0.029357537627220154","0.029357537627220154","0.029357537627220154"
"10270","0.019855685532093048","0.019855685532093048","0.019855685532093048"
"10272","0.01129266619682312","0.01129266619682312","0.01129266619682312"
"10274","0.007886089384555817","0.007886089384555817","0.007886089384555817"
"10276","0.0027425866574048996","0.0027425866574048996","0.0027425866574048996"
"10278","0.006789950653910637","0.006789950653910637","0.006789950653910637"
"10280","0.013798011466860771","0.013798011466860771","0.013798011466860771"
"10282","0.0016949623823165894","0.0016949623823165894","0.0016949623823165894"
"10284","0.05200926214456558","0.05200926214456558","0.05200926214456558"
"10286","0.0028641968965530396","0.0028641968965530396","0.0028641968965530396"
"10288","0.012781603261828423","0.012781603261828423","0.012781603261828423"
"10290","0.019323794171214104","0.019323794171214104","0.019323794171214104"
"10292","0.01244889572262764","0.01244889572262764","0.01244889572262764"
"10294","0.11461904644966125","0.11461904644966125","0.11461904644966125"
"10296","0.022448759526014328","0.022448759526014328","0.022448759526014328"
"10298","0.003419492393732071","0.003419492393732071","0.003419492393732071"
"10300","0.12601320445537567","0.12601320445537567","0.12601320445537567"
"10302","0.04451201856136322","0.04451201856136322","0.04451201856136322"
"10304","0.02031092345714569","0.02031092345714569","0.02031092345714569"
"10306","0.007940476760268211","0.007940476760268211","0.007940476760268211"
"10308","0.017023026943206787","0.017023026943206787","0.017023026943206787"
"10310","0.025736819952726364","0.025736819952726364","0.025736819952726364"
"10312","0.036288876086473465","0.036288876086473465","0.036288876086473465"
"10314","0.02585509419441223","0.02585509419441223","0.02585509419441223"
"10316","0.0038054585456848145","0.0038054585456848145","0.0038054585456848145"
"10318","0.03205207735300064","0.03205207735300064","0.03205207735300064"
"10320","0.03619329631328583","0.03619329631328583","0.03619329631328583"
"10322","0.011472169309854507","0.011472169309854507","0.011472169309854507"
"10324","0.014122989028692245","0.014122989028692245","0.014122989028692245"
"10326","0.0048454999923706055","0.0048454999923706055","0.0048454999923706055"
"10328","0.02269374020397663","0.02269374020397663","0.02269374020397663"
"10330","0.07263123244047165","0.07263123244047165","0.07263123244047165"
"10332","0.05556974932551384","0.05556974932551384","0.05556974932551384"
"10334","0.02087365835905075","0.02087365835905075","0.02087365835905075"
"10336","0.006885264068841934","0.006885264068841934","0.006885264068841934"
"10338","0.017885388806462288","0.017885388806462288","0.017885388806462288"
"10340","0.008596532046794891","0.008596532046794891","0.008596532046794891"
"10342","0.005885869264602661","0.005885869264602661","0.005885869264602661"
"10344","0.009372822940349579","0.009372822940349579","0.009372822940349579"
"10346","0.02128271758556366","0.02128271758556366","0.02128271758556366"
"10348","0.03381863981485367","0.03381863981485367","0.03381863981485367"
"10350","0.011353828012943268","0.011353828012943268","0.011353828012943268"
"10352","0.03637540340423584","0.03637540340423584","0.03637540340423584"
"10354","0.025207223370671272","0.025207223370671272","0.025207223370671272"
"10356","0.06861291825771332","0.06861291825771332","0.06861291825771332"
"10358","0.008434146642684937","0.008434146642684937","0.008434146642684937"
"10360","0.0370764285326004","0.0370764285326004","0.0370764285326004"
"10362","0.00881350040435791","0.00881350040435791","0.00881350040435791"
"10364","0.14146393537521362","0.14146393537521362","0.14146393537521362"
"10366","0.11134511232376099","0.11134511232376099","0.11134511232376099"
"10368","0.014503460377454758","0.014503460377454758","0.014503460377454758"
"10370","0.08787146210670471","0.08787146210670471","0.08787146210670471"
"10372","0.003378594294190407","0.003378594294190407","0.003378594294190407"
"10374","0.008023582398891449","0.008023582398891449","0.008023582398891449"
"10376","0.008266163989901543","0.008266163989901543","0.008266163989901543"
"10378","0.00962570309638977","0.00962570309638977","0.00962570309638977"
"10380","0.034482650458812714","0.034482650458812714","0.034482650458812714"
"10382","0.005199015140533447","0.005199015140533447","0.005199015140533447"
"10384","0.005578577518463135","0.005578577518463135","0.005578577518463135"
"10386","0.0030011236667633057","0.0030011236667633057","0.0030011236667633057"
"10388","0.013339314609766006","0.013339314609766006","0.013339314609766006"
"10390","0.007869716733694077","0.007869716733694077","0.007869716733694077"
"10392","0.005444839596748352","0.005444839596748352","0.005444839596748352"
"10394","0.004373781383037567","0.004373781383037567","0.004373781383037567"
"10396","0.01921892538666725","0.01921892538666725","0.01921892538666725"
"10398","0.0018674097955226898","0.0018674097955226898","0.0018674097955226898"
"10400","0.0036900658160448074","0.0036900658160448074","0.0036900658160448074"
"10402","0.007309183478355408","0.007309183478355408","0.007309183478355408"
"10404","0.021533146500587463","0.021533146500587463","0.021533146500587463"
"10406","0.0331706628203392","0.0331706628203392","0.0331706628203392"
"10408","0.04919913783669472","0.04919913783669472","0.04919913783669472"
"10410","0.006315603852272034","0.006315603852272034","0.006315603852272034"
"10412","0.03735113888978958","0.03735113888978958","0.03735113888978958"
"10414","0.0057533979415893555","0.0057533979415893555","0.0057533979415893555"
"10419","0.004006613045930862","0.004006613045930862","0.004006613045930862"
"10421","0.02069714665412903","0.02069714665412903","0.02069714665412903"
"10423","0.03793557360768318","0.03793557360768318","0.03793557360768318"
"10425","0.053435973823070526","0.053435973823070526","0.053435973823070526"
"10427","0.018842697143554688","0.018842697143554688","0.018842697143554688"
"10429","0.020439622923731804","0.020439622923731804","0.020439622923731804"
"10431","0.007509946823120117","0.007509946823120117","0.007509946823120117"
"10433","0.0346645712852478","0.0346645712852478","0.0346645712852478"
"10435","0.02757037617266178","0.02757037617266178","0.02757037617266178"
"10437","0.05350290611386299","0.05350290611386299","0.05350290611386299"
"10439","0.008314639329910278","0.008314639329910278","0.008314639329910278"
"10441","0.01549835316836834","0.01549835316836834","0.01549835316836834"
"10443","0.031024068593978882","0.031024068593978882","0.031024068593978882"
"10445","0.021744806319475174","0.021744806319475174","0.021744806319475174"
"10447","0.0170280784368515","0.0170280784368515","0.0170280784368515"
"10449","0.0015529058873653412","0.0015529058873653412","0.0015529058873653412"
"10451","0.010064885020256042","0.010064885020256042","0.010064885020256042"
"10453","0.021955549716949463","0.021955549716949463","0.021955549716949463"
"10455","0.004842549562454224","0.004842549562454224","0.004842549562454224"
"10457","0.006505608558654785","0.006505608558654785","0.006505608558654785"
"10459","0.02484404295682907","0.02484404295682907","0.02484404295682907"
"10461","0.02221846580505371","0.02221846580505371","0.02221846580505371"
"10463","0.0130709707736969","0.0130709707736969","0.0130709707736969"
"10465","0.007624790072441101","0.007624790072441101","0.007624790072441101"
"10467","0.002414148300886154","0.002414148300886154","0.002414148300886154"
"10469","0.0359373614192009","0.0359373614192009","0.0359373614192009"
"10471","0.007164807990193367","0.007164807990193367","0.007164807990193367"
"10473","0.015973787754774094","0.015973787754774094","0.015973787754774094"
"10475","0.0010998696088790894","0.0010998696088790894","0.0010998696088790894"
"10477","0.015902414917945862","0.015902414917945862","0.015902414917945862"
"10479","0.04546896368265152","0.04546896368265152","0.04546896368265152"
"10481","0.01877172291278839","0.01877172291278839","0.01877172291278839"
"10483","0.0031694769859313965","0.0031694769859313965","0.0031694769859313965"
"10485","0.01084844395518303","0.01084844395518303","0.01084844395518303"
"10487","0.02701733447611332","0.02701733447611332","0.02701733447611332"
"10489","0.0070699602365493774","0.0070699602365493774","0.0070699602365493774"
"10491","0.0021906793117523193","0.0021906793117523193","0.0021906793117523193"
"10493","0.01081567257642746","0.01081567257642746","0.01081567257642746"
"10495","0.01645781844854355","0.01645781844854355","0.01645781844854355"
"10497","0.003611277788877487","0.003611277788877487","0.003611277788877487"
"10499","0.0016422085464000702","0.0016422085464000702","0.0016422085464000702"
"10501","0.021002724766731262","0.021002724766731262","0.021002724766731262"
"10503","0.0060916319489479065","0.0060916319489479065","0.0060916319489479065"
"10505","0.03441603481769562","0.03441603481769562","0.03441603481769562"
"10507","0.00265616737306118","0.00265616737306118","0.00265616737306118"
"10509","0.002073315903544426","0.002073315903544426","0.002073315903544426"
"10511","0.002779817208647728","0.002779817208647728","0.002779817208647728"
"10513","0.03620590642094612","0.03620590642094612","0.03620590642094612"
"10515","0.0175167229026556","0.0175167229026556","0.0175167229026556"
"10517","0.004856586456298828","0.004856586456298828","0.004856586456298828"
"10519","0.004736177623271942","0.004736177623271942","0.004736177623271942"
"10521","0.0032371748238801956","0.0032371748238801956","0.0032371748238801956"
"10523","0.0056264642626047134","0.0056264642626047134","0.0056264642626047134"
"10525","0.004420168697834015","0.004420168697834015","0.004420168697834015"
"10527","0.04300945997238159","0.04300945997238159","0.04300945997238159"
"10529","0.001520516350865364","0.001520516350865364","0.001520516350865364"
"10531","0.025644518435001373","0.025644518435001373","0.025644518435001373"
"10533","0.023050948977470398","0.023050948977470398","0.023050948977470398"
"10535","0.010816648602485657","0.010816648602485657","0.010816648602485657"
"10537","0.004846464842557907","0.004846464842557907","0.004846464842557907"
"10539","0.002337843179702759","0.002337843179702759","0.002337843179702759"
"10541","0.0008690226823091507","0.0008690226823091507","0.0008690226823091507"
"10543","0.0025506746023893356","0.0025506746023893356","0.0025506746023893356"
"10545","0.04207112640142441","0.04207112640142441","0.04207112640142441"
"10547","0.00160149484872818","0.00160149484872818","0.00160149484872818"
"10549","0.014775663614273071","0.014775663614273071","0.014775663614273071"
"10551","0.048639655113220215","0.048639655113220215","0.048639655113220215"
"10553","0.012052386999130249","0.012052386999130249","0.012052386999130249"
"10555","0.012231245636940002","0.012231245636940002","0.012231245636940002"
"10557","0.0064000338315963745","0.0064000338315963745","0.0064000338315963745"
"10559","0.0007828474044799805","0.0007828474044799805","0.0007828474044799805"
"10561","0.004759527742862701","0.004759527742862701","0.004759527742862701"
"10563","0.029012298211455345","0.029012298211455345","0.029012298211455345"
"10565","0.14212346076965332","0.14212346076965332","0.14212346076965332"
"10567","0.023609060794115067","0.023609060794115067","0.023609060794115067"
"10569","0.0118623748421669","0.0118623748421669","0.0118623748421669"
"10571","0.029582789167761803","0.029582789167761803","0.029582789167761803"
"10573","0.022449851036071777","0.022449851036071777","0.022449851036071777"
"10575","0.006471998989582062","0.006471998989582062","0.006471998989582062"
"10577","0.00554320216178894","0.00554320216178894","0.00554320216178894"
"10579","0.03960511088371277","0.03960511088371277","0.03960511088371277"
"10581","0.005608672276139259","0.005608672276139259","0.005608672276139259"
"10583","0.004692401736974716","0.004692401736974716","0.004692401736974716"
"10585","0.021120674908161163","0.021120674908161163","0.021120674908161163"
"10587","0.005717596039175987","0.005717596039175987","0.005717596039175987"
"10589","0.004414338618516922","0.004414338618516922","0.004414338618516922"
"10591","0.008283361792564392","0.008283361792564392","0.008283361792564392"
"10593","0.01177908480167389","0.01177908480167389","0.01177908480167389"
"10595","0.05029276758432388","0.05029276758432388","0.05029276758432388"
"10597","0.008132059127092361","0.008132059127092361","0.008132059127092361"
"10599","0.009570248425006866","0.009570248425006866","0.009570248425006866"
"10601","0.011702476069331169","0.011702476069331169","0.011702476069331169"
"10603","0.01176157221198082","0.01176157221198082","0.01176157221198082"
"10605","0.0010567773133516312","0.0010567773133516312","0.0010567773133516312"
"10607","0.010652214288711548","0.010652214288711548","0.010652214288711548"
"10609","0.0005557965487241745","0.0005557965487241745","0.0005557965487241745"
"10611","0.07240879535675049","0.07240879535675049","0.07240879535675049"
"10613","0.01375211775302887","0.01375211775302887","0.01375211775302887"
"10615","0.027582548558712006","0.027582548558712006","0.027582548558712006"
"10617","0.039251089096069336","0.039251089096069336","0.039251089096069336"
"10619","0.012205660343170166","0.012205660343170166","0.012205660343170166"
"10621","0.01991315186023712","0.01991315186023712","0.01991315186023712"
"10623","0.006277583539485931","0.006277583539485931","0.006277583539485931"
"10625","0.006864640861749649","0.006864640861749649","0.006864640861749649"
"10627","0.01211356371641159","0.01211356371641159","0.01211356371641159"
"10629","0.004204146564006805","0.004204146564006805","0.004204146564006805"
"10631","0.01310635358095169","0.01310635358095169","0.01310635358095169"
"10633","0.012058079242706299","0.012058079242706299","0.012058079242706299"
"10635","0.04160691797733307","0.04160691797733307","0.04160691797733307"
"10637","0.09473909437656403","0.09473909437656403","0.09473909437656403"
"10639","0.08078569173812866","0.08078569173812866","0.08078569173812866"
"10641","0.009593814611434937","0.009593814611434937","0.009593814611434937"
"10643","0.026793837547302246","0.026793837547302246","0.026793837547302246"
"10645","0.002624526619911194","0.002624526619911194","0.002624526619911194"
"10647","0.01485055685043335","0.01485055685043335","0.01485055685043335"
"10649","0.01042909175157547","0.01042909175157547","0.01042909175157547"
"10651","0.007909499108791351","0.007909499108791351","0.007909499108791351"
"10653","0.008498679846525192","0.008498679846525192","0.008498679846525192"
"10655","0.007386833429336548","0.007386833429336548","0.007386833429336548"
"10657","0.04027527570724487","0.04027527570724487","0.04027527570724487"
"10659","0.02400309592485428","0.02400309592485428","0.02400309592485428"
"10661","0.01699739694595337","0.01699739694595337","0.01699739694595337"
"10663","0.029152939096093178","0.029152939096093178","0.029152939096093178"
"10665","0.025928402319550514","0.025928402319550514","0.025928402319550514"
"10667","0.03170111030340195","0.03170111030340195","0.03170111030340195"
"10669","0.011109709739685059","0.011109709739685059","0.011109709739685059"
"10671","0.00600317120552063","0.00600317120552063","0.00600317120552063"
"10673","0.013901658356189728","0.013901658356189728","0.013901658356189728"
"10675","0.0039346665143966675","0.0039346665143966675","0.0039346665143966675"
"10677","0.008867152035236359","0.008867152035236359","0.008867152035236359"
"10679","0.043358415365219116","0.043358415365219116","0.043358415365219116"
"10681","0.013606037944555283","0.013606037944555283","0.013606037944555283"
"10683","0.004002362489700317","0.004002362489700317","0.004002362489700317"
"10685","0.04026038944721222","0.04026038944721222","0.04026038944721222"
"10687","0.007796257734298706","0.007796257734298706","0.007796257734298706"
"10689","0.029452696442604065","0.029452696442604065","0.029452696442604065"
"10691","0.010162509977817535","0.010162509977817535","0.010162509977817535"
"10693","0.006484568119049072","0.006484568119049072","0.006484568119049072"
"10695","0.019612153992056847","0.019612153992056847","0.019612153992056847"
"10697","0.002155400812625885","0.002155400812625885","0.002155400812625885"
"10699","0.02242240309715271","0.02242240309715271","0.02242240309715271"
"10701","0.1034042090177536","0.1034042090177536","0.1034042090177536"
"10703","0.0028931982815265656","0.0028931982815265656","0.0028931982815265656"
"10705","0.11281891167163849","0.11281891167163849","0.11281891167163849"
"10707","0.0040725842118263245","0.0040725842118263245","0.0040725842118263245"
"10709","0.011344103142619133","0.011344103142619133","0.011344103142619133"
"10711","0.02367376536130905","0.02367376536130905","0.02367376536130905"
"10713","0.03072524070739746","0.03072524070739746","0.03072524070739746"
"10715","0.023281075060367584","0.023281075060367584","0.023281075060367584"
"10717","0.012465685606002808","0.012465685606002808","0.012465685606002808"
"10719","0.007774241268634796","0.007774241268634796","0.007774241268634796"
"10721","0.029738854616880417","0.029738854616880417","0.029738854616880417"
"10723","0.004187729209661484","0.004187729209661484","0.004187729209661484"
"10725","0.004036104306578636","0.004036104306578636","0.004036104306578636"
"10727","0.005301717668771744","0.005301717668771744","0.005301717668771744"
"10729","0.0076800137758255005","0.0076800137758255005","0.0076800137758255005"
"10731","0.002130415290594101","0.002130415290594101","0.002130415290594101"
"10733","0.009373586624860764","0.009373586624860764","0.009373586624860764"
"10735","0.012986451387405396","0.012986451387405396","0.012986451387405396"
"10737","0.004767961800098419","0.004767961800098419","0.004767961800098419"
"10739","0.007632685825228691","0.007632685825228691","0.007632685825228691"
"10741","0.006034322082996368","0.006034322082996368","0.006034322082996368"
"10743","0.0009819865226745605","0.0009819865226745605","0.0009819865226745605"
"10745","0.05887670814990997","0.05887670814990997","0.05887670814990997"
"10747","0.04875622317194939","0.04875622317194939","0.04875622317194939"
"10749","0.0383143424987793","0.0383143424987793","0.0383143424987793"
"10751","0.08989383280277252","0.08989383280277252","0.08989383280277252"
"10753","0.027109593152999878","0.027109593152999878","0.027109593152999878"
"10755","0.012263357639312744","0.012263357639312744","0.012263357639312744"
"10757","0.001099850982427597","0.001099850982427597","0.001099850982427597"
"10759","0.0048042237758636475","0.0048042237758636475","0.0048042237758636475"
"10761","0.021462857723236084","0.021462857723236084","0.021462857723236084"
"10763","0.013349847868084908","0.013349847868084908","0.013349847868084908"
"10765","0.0015595629811286926","0.0015595629811286926","0.0015595629811286926"
"10767","0.009256377816200256","0.009256377816200256","0.009256377816200256"
"10769","0.003527086228132248","0.003527086228132248","0.003527086228132248"
"10771","0.014097139239311218","0.014097139239311218","0.014097139239311218"
"10773","0.0017703808844089508","0.0017703808844089508","0.0017703808844089508"
"10775","0.004952728748321533","0.004952728748321533","0.004952728748321533"
"10777","0.0042652226984500885","0.0042652226984500885","0.0042652226984500885"
"10779","0.05940711498260498","0.05940711498260498","0.05940711498260498"
"10781","0.07389169931411743","0.07389169931411743","0.07389169931411743"
"10783","0.0007696561515331268","0.0007696561515331268","0.0007696561515331268"
"10785","0.029325328767299652","0.029325328767299652","0.029325328767299652"
"10787","0.019462645053863525","0.019462645053863525","0.019462645053863525"
"10789","0.02123895287513733","0.02123895287513733","0.02123895287513733"
"10791","0.019156673923134804","0.019156673923134804","0.019156673923134804"
"10793","0.031010452657938004","0.031010452657938004","0.031010452657938004"
"10795","0.025053640827536583","0.025053640827536583","0.025053640827536583"
"10797","0.004657149314880371","0.004657149314880371","0.004657149314880371"
"10799","0.013350039720535278","0.013350039720535278","0.013350039720535278"
"10801","0.014178995043039322","0.014178995043039322","0.014178995043039322"
"10803","0.0012507904320955276","0.0012507904320955276","0.0012507904320955276"
"10805","0.1308891326189041","0.1308891326189041","0.1308891326189041"
"10807","0.009512370452284813","0.009512370452284813","0.009512370452284813"
"10809","0.0014467127621173859","0.0014467127621173859","0.0014467127621173859"
"10811","0.014875231310725212","0.014875231310725212","0.014875231310725212"
"10813","0.0073616113513708115","0.0073616113513708115","0.0073616113513708115"
"10815","0.006642796099185944","0.006642796099185944","0.006642796099185944"
"10817","0.04475141316652298","0.04475141316652298","0.04475141316652298"
"10819","0.017273850739002228","0.017273850739002228","0.017273850739002228"
"10821","0.036836177110672","0.036836177110672","0.036836177110672"
"10823","0.0848691388964653","0.0848691388964653","0.0848691388964653"
"10825","0.024392422288656235","0.024392422288656235","0.024392422288656235"
"10827","0.01241154782474041","0.01241154782474041","0.01241154782474041"
"10829","0.07308869808912277","0.07308869808912277","0.07308869808912277"
"10831","0.031189125031232834","0.031189125031232834","0.031189125031232834"
"10833","0.07478924840688705","0.07478924840688705","0.07478924840688705"
"10835","0.0009948834776878357","0.0009948834776878357","0.0009948834776878357"
"10837","0.005618348717689514","0.005618348717689514","0.005618348717689514"
"10839","0.006900329142808914","0.006900329142808914","0.006900329142808914"
"10841","0.0008074827492237091","0.0008074827492237091","0.0008074827492237091"
"10843","0.05196474865078926","0.05196474865078926","0.05196474865078926"
"10845","0.03328205272555351","0.03328205272555351","0.03328205272555351"
"10847","0.0017909519374370575","0.0017909519374370575","0.0017909519374370575"
"10849","0.002462245523929596","0.002462245523929596","0.002462245523929596"
"10851","0.012542173266410828","0.012542173266410828","0.012542173266410828"
"10853","0.021764716133475304","0.021764716133475304","0.021764716133475304"
"10855","0.005435999482870102","0.005435999482870102","0.005435999482870102"
"10857","0.018256187438964844","0.018256187438964844","0.018256187438964844"
"10859","0.007281750440597534","0.007281750440597534","0.007281750440597534"
"10861","0.0033426433801651","0.0033426433801651","0.0033426433801651"
"10863","0.016094528138637543","0.016094528138637543","0.016094528138637543"
"10865","0.00824940949678421","0.00824940949678421","0.00824940949678421"
"10867","0.039849765598773956","0.039849765598773956","0.039849765598773956"
"10869","0.0033734478056430817","0.0033734478056430817","0.0033734478056430817"
"10871","0.0006770789623260498","0.0006770789623260498","0.0006770789623260498"
"10873","0.004999082535505295","0.004999082535505295","0.004999082535505295"
"10875","0.003546532243490219","0.003546532243490219","0.003546532243490219"
"10877","0.006955111399292946","0.006955111399292946","0.006955111399292946"
"10882","0.034207217395305634","0.034207217395305634","0.034207217395305634"
"10884","0.006426623091101646","0.006426623091101646","0.006426623091101646"
"10886","0.037599895149469376","0.037599895149469376","0.037599895149469376"
"10888","0.008620873093605042","0.008620873093605042","0.008620873093605042"
"10890","0.0008764453232288361","0.0008764453232288361","0.0008764453232288361"
"10892","0.0032369084656238556","0.0032369084656238556","0.0032369084656238556"
"10894","0.004281286150217056","0.004281286150217056","0.004281286150217056"
"10896","0.02955842763185501","0.02955842763185501","0.02955842763185501"
"10898","0.009730510413646698","0.009730510413646698","0.009730510413646698"
"10900","0.011962920427322388","0.011962920427322388","0.011962920427322388"
"10902","0.009228743612766266","0.009228743612766266","0.009228743612766266"
"10904","0.002543862909078598","0.002543862909078598","0.002543862909078598"
"10906","0.004301346838474274","0.004301346838474274","0.004301346838474274"
"10908","0.03560446947813034","0.03560446947813034","0.03560446947813034"
"10910","0.021865997463464737","0.021865997463464737","0.021865997463464737"
"10912","0.0177865382283926","0.0177865382283926","0.0177865382283926"
"10914","0.011468470096588135","0.011468470096588135","0.011468470096588135"
"10916","0.025318950414657593","0.025318950414657593","0.025318950414657593"
"10918","0.010523669421672821","0.010523669421672821","0.010523669421672821"
"10920","0.01573871821165085","0.01573871821165085","0.01573871821165085"
"10922","0.002392902970314026","0.002392902970314026","0.002392902970314026"
"10924","0.015666507184505463","0.015666507184505463","0.015666507184505463"
"10926","0.0431680902838707","0.0431680902838707","0.0431680902838707"
"10928","0.004507012665271759","0.004507012665271759","0.004507012665271759"
"10930","0.027532920241355896","0.027532920241355896","0.027532920241355896"
"10932","0.04331429302692413","0.04331429302692413","0.04331429302692413"
"10934","0.002037951722741127","0.002037951722741127","0.002037951722741127"
"10936","0.006423603743314743","0.006423603743314743","0.006423603743314743"
"10938","0.04275744780898094","0.04275744780898094","0.04275744780898094"
"10940","0.008366771042346954","0.008366771042346954","0.008366771042346954"
"10942","0.019447699189186096","0.019447699189186096","0.019447699189186096"
"10944","0.00364711694419384","0.00364711694419384","0.00364711694419384"
"10946","0.012290731072425842","0.012290731072425842","0.012290731072425842"
"10948","0.00787632167339325","0.00787632167339325","0.00787632167339325"
"10950","0.004029078409075737","0.004029078409075737","0.004029078409075737"
"10952","0.01695891097187996","0.01695891097187996","0.01695891097187996"
"10954","0.008943572640419006","0.008943572640419006","0.008943572640419006"
"10956","0.012605376541614532","0.012605376541614532","0.012605376541614532"
"10958","0.04244227707386017","0.04244227707386017","0.04244227707386017"
"10960","0.01208743080496788","0.01208743080496788","0.01208743080496788"
"10962","0.0006039608269929886","0.0006039608269929886","0.0006039608269929886"
"10964","0.0015856176614761353","0.0015856176614761353","0.0015856176614761353"
"10966","0.005684554576873779","0.005684554576873779","0.005684554576873779"
"10968","0.023716360330581665","0.023716360330581665","0.023716360330581665"
"10970","0.006200624629855156","0.006200624629855156","0.006200624629855156"
"10972","0.011336617171764374","0.011336617171764374","0.011336617171764374"
"10974","0.018486741930246353","0.018486741930246353","0.018486741930246353"
"10976","0.007470041513442993","0.007470041513442993","0.007470041513442993"
"10978","0.07242625951766968","0.07242625951766968","0.07242625951766968"
"10980","0.007870016619563103","0.007870016619563103","0.007870016619563103"
"10982","0.05011696740984917","0.05011696740984917","0.05011696740984917"
"10984","0.02218339592218399","0.02218339592218399","0.02218339592218399"
"10986","0.001780085265636444","0.001780085265636444","0.001780085265636444"
"10988","0.0026242174208164215","0.0026242174208164215","0.0026242174208164215"
"10990","0.022434234619140625","0.022434234619140625","0.022434234619140625"
"10992","0.015102975070476532","0.015102975070476532","0.015102975070476532"
"10994","0.006777595728635788","0.006777595728635788","0.006777595728635788"
"10996","0.03320211544632912","0.03320211544632912","0.03320211544632912"
"10998","0.02833312749862671","0.02833312749862671","0.02833312749862671"
"11000","0.0019357278943061829","0.0019357278943061829","0.0019357278943061829"
"11002","0.004607627168297768","0.004607627168297768","0.004607627168297768"
"11004","0.015779457986354828","0.015779457986354828","0.015779457986354828"
"11006","0.021128594875335693","0.021128594875335693","0.021128594875335693"
"11008","0.003313884139060974","0.003313884139060974","0.003313884139060974"
"11010","0.006006423383951187","0.006006423383951187","0.006006423383951187"
"11012","0.014488950371742249","0.014488950371742249","0.014488950371742249"
"11014","0.022430524230003357","0.022430524230003357","0.022430524230003357"
"11016","0.051911357790231705","0.051911357790231705","0.051911357790231705"
"11018","0.016123024746775627","0.016123024746775627","0.016123024746775627"
"11020","0.030271336436271667","0.030271336436271667","0.030271336436271667"
"11022","0.008045077323913574","0.008045077323913574","0.008045077323913574"
"11024","0.012016259133815765","0.012016259133815765","0.012016259133815765"
"11026","0.012119956314563751","0.012119956314563751","0.012119956314563751"
"11028","0.002528805285692215","0.002528805285692215","0.002528805285692215"
"11030","0.006328210234642029","0.006328210234642029","0.006328210234642029"
"11032","0.009874265640974045","0.009874265640974045","0.009874265640974045"
"11034","0.01594384014606476","0.01594384014606476","0.01594384014606476"
"11036","0.0022980011999607086","0.0022980011999607086","0.0022980011999607086"
"11038","0.006282586604356766","0.006282586604356766","0.006282586604356766"
"11040","0.0070174336433410645","0.0070174336433410645","0.0070174336433410645"
"11042","0.03412053734064102","0.03412053734064102","0.03412053734064102"
"11044","0.0025465134531259537","0.0025465134531259537","0.0025465134531259537"
"11046","0.0027748048305511475","0.0027748048305511475","0.0027748048305511475"
"11048","0.02645079419016838","0.02645079419016838","0.02645079419016838"
"11050","0.011379929259419441","0.011379929259419441","0.011379929259419441"
"11052","0.009047560393810272","0.009047560393810272","0.009047560393810272"
"11054","0.016419675201177597","0.016419675201177597","0.016419675201177597"
"11056","0.014857474714517593","0.014857474714517593","0.014857474714517593"
"11058","0.0026265718042850494","0.0026265718042850494","0.0026265718042850494"
"11060","0.0037622228264808655","0.0037622228264808655","0.0037622228264808655"
"11062","0.01509442925453186","0.01509442925453186","0.01509442925453186"
"11064","0.0012907981872558594","0.0012907981872558594","0.0012907981872558594"
"11066","0.007737481966614723","0.007737481966614723","0.007737481966614723"
"11068","0.0014124121516942978","0.0014124121516942978","0.0014124121516942978"
"11070","0.012012004852294922","0.012012004852294922","0.012012004852294922"
"11072","0.0016128644347190857","0.0016128644347190857","0.0016128644347190857"
"11074","0.007854638621211052","0.007854638621211052","0.007854638621211052"
"11076","0.007626447826623917","0.007626447826623917","0.007626447826623917"
"11078","0.004310505464673042","0.004310505464673042","0.004310505464673042"
"11080","0.0008004959672689438","0.0008004959672689438","0.0008004959672689438"
"11082","0.026941068470478058","0.026941068470478058","0.026941068470478058"
"11084","0.07144063711166382","0.07144063711166382","0.07144063711166382"
"11086","0.0020932909101247787","0.0020932909101247787","0.0020932909101247787"
"11088","0.03406980633735657","0.03406980633735657","0.03406980633735657"
"11090","0.009482812136411667","0.009482812136411667","0.009482812136411667"
"11092","0.002200409770011902","0.002200409770011902","0.002200409770011902"
"11094","0.0028493832796812057","0.0028493832796812057","0.0028493832796812057"
"11096","0.014443695545196533","0.014443695545196533","0.014443695545196533"
"11098","0.0025264695286750793","0.0025264695286750793","0.0025264695286750793"
"11100","0.009806955233216286","0.009806955233216286","0.009806955233216286"
"11102","0.0005532577633857727","0.0005532577633857727","0.0005532577633857727"
"11104","0.012486863881349564","0.012486863881349564","0.012486863881349564"
"11106","0.005465075373649597","0.005465075373649597","0.005465075373649597"
"11108","0.008593076840043068","0.008593076840043068","0.008593076840043068"
"11110","0.03631987422704697","0.03631987422704697","0.03631987422704697"
"11112","0.0327119380235672","0.0327119380235672","0.0327119380235672"
"11114","0.0065156035125255585","0.0065156035125255585","0.0065156035125255585"
"11116","0.012648224830627441","0.012648224830627441","0.012648224830627441"
"11118","0.026024308055639267","0.026024308055639267","0.026024308055639267"
"11120","0.08113636821508408","0.08113636821508408","0.08113636821508408"
"11122","0.0003653913736343384","0.0003653913736343384","0.0003653913736343384"
"11124","0.034639544785022736","0.034639544785022736","0.034639544785022736"
"11126","0.005668051540851593","0.005668051540851593","0.005668051540851593"
"11128","0.012384556233882904","0.012384556233882904","0.012384556233882904"
"11130","0.0008110273629426956","0.0008110273629426956","0.0008110273629426956"
"11132","0.006046174094080925","0.006046174094080925","0.006046174094080925"
"11134","0.009585725143551826","0.009585725143551826","0.009585725143551826"
"11136","0.047263506799936295","0.047263506799936295","0.047263506799936295"
"11138","0.021907970309257507","0.021907970309257507","0.021907970309257507"
"11140","0.04033005237579346","0.04033005237579346","0.04033005237579346"
"11142","0.028577864170074463","0.028577864170074463","0.028577864170074463"
"11144","0.006058720871806145","0.006058720871806145","0.006058720871806145"
"11146","0.02066735364496708","0.02066735364496708","0.02066735364496708"
"11148","0.020429536700248718","0.020429536700248718","0.020429536700248718"
"11150","0.03755725920200348","0.03755725920200348","0.03755725920200348"
"11152","0.012409865856170654","0.012409865856170654","0.012409865856170654"
"11154","0.021979011595249176","0.021979011595249176","0.021979011595249176"
"11156","0.027241863310337067","0.027241863310337067","0.027241863310337067"
"11158","0.0026214420795440674","0.0026214420795440674","0.0026214420795440674"
"11160","0.005882715806365013","0.005882715806365013","0.005882715806365013"
"11162","0.002220112830400467","0.002220112830400467","0.002220112830400467"
"11164","0.030865788459777832","0.030865788459777832","0.030865788459777832"
"11166","0.008472010493278503","0.008472010493278503","0.008472010493278503"
"11168","0.0014538243412971497","0.0014538243412971497","0.0014538243412971497"
"11170","0.01589089073240757","0.01589089073240757","0.01589089073240757"
"11172","0.004834508523344994","0.004834508523344994","0.004834508523344994"
"11174","0.015944093465805054","0.015944093465805054","0.015944093465805054"
"11176","0.03534184396266937","0.03534184396266937","0.03534184396266937"
"11178","0.0006690956652164459","0.0006690956652164459","0.0006690956652164459"
"11180","0.051880188286304474","0.051880188286304474","0.051880188286304474"
"11182","0.07147250324487686","0.07147250324487686","0.07147250324487686"
"11184","0.0004405267536640167","0.0004405267536640167","0.0004405267536640167"
"11186","0.007351117208600044","0.007351117208600044","0.007351117208600044"
"11188","0.009959384799003601","0.009959384799003601","0.009959384799003601"
"11190","0.001386880874633789","0.001386880874633789","0.001386880874633789"
"11192","0.009053200483322144","0.009053200483322144","0.009053200483322144"
"11194","0.017186233773827553","0.017186233773827553","0.017186233773827553"
"11196","0.0020749736577272415","0.0020749736577272415","0.0020749736577272415"
"11198","0.0001094527542591095","0.0001094527542591095","0.0001094527542591095"
"11200","0.09903742372989655","0.09903742372989655","0.09903742372989655"
"11202","0.0047813281416893005","0.0047813281416893005","0.0047813281416893005"
"11204","0.006849665194749832","0.006849665194749832","0.006849665194749832"
"11206","0.013365857303142548","0.013365857303142548","0.013365857303142548"
"11208","0.007024437189102173","0.007024437189102173","0.007024437189102173"
"11210","0.0004527103155851364","0.0004527103155851364","0.0004527103155851364"
"11212","0.04911576211452484","0.04911576211452484","0.04911576211452484"
"11214","0.004570141434669495","0.004570141434669495","0.004570141434669495"
"11216","0.009807087481021881","0.009807087481021881","0.009807087481021881"
"11218","0.00489889457821846","0.00489889457821846","0.00489889457821846"
"11220","0.0024316534399986267","0.0024316534399986267","0.0024316534399986267"
"11222","0.03969902545213699","0.03969902545213699","0.03969902545213699"
"11224","0.05923180654644966","0.05923180654644966","0.05923180654644966"
"11226","0.0025500450283288956","0.0025500450283288956","0.0025500450283288956"
"11228","0.005134209990501404","0.005134209990501404","0.005134209990501404"
"11230","0.05185902863740921","0.05185902863740921","0.05185902863740921"
"11232","0.00029763393104076385","0.00029763393104076385","0.00029763393104076385"
"11234","0.0023506246507167816","0.0023506246507167816","0.0023506246507167816"
"11236","0.005654234439134598","0.005654234439134598","0.005654234439134598"
"11238","0.01611904613673687","0.01611904613673687","0.01611904613673687"
"11240","0.00022090598940849304","0.00022090598940849304","0.00022090598940849304"
"11242","0.008489688858389854","0.008489688858389854","0.008489688858389854"
"11244","0.0037566423416137695","0.0037566423416137695","0.0037566423416137695"
"11246","0.007970869541168213","0.007970869541168213","0.007970869541168213"
"11248","0.01247042790055275","0.01247042790055275","0.01247042790055275"
"11250","0.002717999741435051","0.002717999741435051","0.002717999741435051"
"11252","0.0005042329430580139","0.0005042329430580139","0.0005042329430580139"
"11254","0.0045960433781147","0.0045960433781147","0.0045960433781147"
"11256","0.007131081074476242","0.007131081074476242","0.007131081074476242"
"11258","0.003876393660902977","0.003876393660902977","0.003876393660902977"
"11260","0.028378475457429886","0.028378475457429886","0.028378475457429886"
"11262","0.0014665443450212479","0.0014665443450212479","0.0014665443450212479"
"11264","0.030346814543008804","0.030346814543008804","0.030346814543008804"
"11266","0.021965185180306435","0.021965185180306435","0.021965185180306435"
"11268","0.0011635180562734604","0.0011635180562734604","0.0011635180562734604"
"11270","0.003379460424184799","0.003379460424184799","0.003379460424184799"
"11272","0.012112967669963837","0.012112967669963837","0.012112967669963837"
"11274","0.0030525196343660355","0.0030525196343660355","0.0030525196343660355"
"11276","0.03919417783617973","0.03919417783617973","0.03919417783617973"
"11278","0.03820819780230522","0.03820819780230522","0.03820819780230522"
"11280","0.02389630302786827","0.02389630302786827","0.02389630302786827"
"11282","0.013966113328933716","0.013966113328933716","0.013966113328933716"
"11284","0.0059079937636852264","0.0059079937636852264","0.0059079937636852264"
"11286","0.032767511904239655","0.032767511904239655","0.032767511904239655"
"11288","0.010997503995895386","0.010997503995895386","0.010997503995895386"
"11290","0.0025177448987960815","0.0025177448987960815","0.0025177448987960815"
"11292","0.0031620245426893234","0.0031620245426893234","0.0031620245426893234"
"11294","0.005595432594418526","0.005595432594418526","0.005595432594418526"
"11296","0.0028471089899539948","0.0028471089899539948","0.0028471089899539948"
"11298","0.004117598757147789","0.004117598757147789","0.004117598757147789"
"11300","0.004986446350812912","0.004986446350812912","0.004986446350812912"
"11302","0.055233366787433624","0.055233366787433624","0.055233366787433624"
"11304","0.016923237591981888","0.016923237591981888","0.016923237591981888"
"11306","0.007639482617378235","0.007639482617378235","0.007639482617378235"
"11308","0.0077217742800712585","0.0077217742800712585","0.0077217742800712585"
"11310","0.004743851721286774","0.004743851721286774","0.004743851721286774"
"11312","0.00306742824614048","0.00306742824614048","0.00306742824614048"
"11314","0.01178961992263794","0.01178961992263794","0.01178961992263794"
"11316","0.0009800847619771957","0.0009800847619771957","0.0009800847619771957"
"11318","0.004335587844252586","0.004335587844252586","0.004335587844252586"
"11320","0.0009157657623291016","0.0009157657623291016","0.0009157657623291016"
"11322","0.005128931254148483","0.005128931254148483","0.005128931254148483"
"11324","0.00828111357986927","0.00828111357986927","0.00828111357986927"
"11326","0.03868933394551277","0.03868933394551277","0.03868933394551277"
"11328","0.008168520405888557","0.008168520405888557","0.008168520405888557"
"11330","0.009145677089691162","0.009145677089691162","0.009145677089691162"
"11332","0.02910618670284748","0.02910618670284748","0.02910618670284748"
"11334","0.006863672286272049","0.006863672286272049","0.006863672286272049"
"11336","0.004239814355969429","0.004239814355969429","0.004239814355969429"
"11338","0.014962833374738693","0.014962833374738693","0.014962833374738693"
"11340","0.06672529131174088","0.06672529131174088","0.06672529131174088"
"11345","0.05593603104352951","0.05593603104352951","0.05593603104352951"
"11347","0.01817193627357483","0.01817193627357483","0.01817193627357483"
"11349","0.008359521627426147","0.008359521627426147","0.008359521627426147"
"11351","0.1056901291012764","0.1056901291012764","0.1056901291012764"
"11353","0.008030794560909271","0.008030794560909271","0.008030794560909271"
"11355","0.018950870260596275","0.018950870260596275","0.018950870260596275"
"11357","0.0013621840626001358","0.0013621840626001358","0.0013621840626001358"
"11359","0.0019387826323509216","0.0019387826323509216","0.0019387826323509216"
"11361","0.021038591861724854","0.021038591861724854","0.021038591861724854"
"11363","0.005589697510004044","0.005589697510004044","0.005589697510004044"
"11365","0.030475255101919174","0.030475255101919174","0.030475255101919174"
"11367","0.0029880590736865997","0.0029880590736865997","0.0029880590736865997"
"11369","0.034560322761535645","0.034560322761535645","0.034560322761535645"
"11371","0.03346222639083862","0.03346222639083862","0.03346222639083862"
"11373","0.003974830731749535","0.003974830731749535","0.003974830731749535"
"11375","0.010079439729452133","0.010079439729452133","0.010079439729452133"
"11377","0.013756707310676575","0.013756707310676575","0.013756707310676575"
"11379","0.007087033241987228","0.007087033241987228","0.007087033241987228"
"11381","0.006651006639003754","0.006651006639003754","0.006651006639003754"
"11383","0.0009737145155668259","0.0009737145155668259","0.0009737145155668259"
"11385","0.003313608467578888","0.003313608467578888","0.003313608467578888"
"11387","0.0026622116565704346","0.0026622116565704346","0.0026622116565704346"
"11389","0.007528729736804962","0.007528729736804962","0.007528729736804962"
"11391","0.01747620850801468","0.01747620850801468","0.01747620850801468"
"11393","0.00782441534101963","0.00782441534101963","0.00782441534101963"
"11395","0.02735011838376522","0.02735011838376522","0.02735011838376522"
"11397","0.02259623073041439","0.02259623073041439","0.02259623073041439"
"11399","0.0003859233111143112","0.0003859233111143112","0.0003859233111143112"
"11401","0.0319361537694931","0.0319361537694931","0.0319361537694931"
"11403","0.010184023529291153","0.010184023529291153","0.010184023529291153"
"11405","0.0004076659679412842","0.0004076659679412842","0.0004076659679412842"
"11407","0.01004190742969513","0.01004190742969513","0.01004190742969513"
"11409","0.005086779594421387","0.005086779594421387","0.005086779594421387"
"11411","0.006158115342259407","0.006158115342259407","0.006158115342259407"
"11413","0.009812254458665848","0.009812254458665848","0.009812254458665848"
"11415","0.003805229440331459","0.003805229440331459","0.003805229440331459"
"11417","0.00910114124417305","0.00910114124417305","0.00910114124417305"
"11419","0.00502379797399044","0.00502379797399044","0.00502379797399044"
"11421","0.01909143477678299","0.01909143477678299","0.01909143477678299"
"11423","0.002277664840221405","0.002277664840221405","0.002277664840221405"
"11425","0.009931471198797226","0.009931471198797226","0.009931471198797226"
"11427","0.004865415394306183","0.004865415394306183","0.004865415394306183"
"11429","0.010117556899785995","0.010117556899785995","0.010117556899785995"
"11431","0.001981668174266815","0.001981668174266815","0.001981668174266815"
"11433","0.002459423616528511","0.002459423616528511","0.002459423616528511"
"11435","0.006668254733085632","0.006668254733085632","0.006668254733085632"
"11437","0.008959934115409851","0.008959934115409851","0.008959934115409851"
"11439","0.020477313548326492","0.020477313548326492","0.020477313548326492"
"11441","0.0188832376152277","0.0188832376152277","0.0188832376152277"
"11443","0.009423749521374702","0.009423749521374702","0.009423749521374702"
"11445","0.013077899813652039","0.013077899813652039","0.013077899813652039"
"11447","0.0012462940067052841","0.0012462940067052841","0.0012462940067052841"
"11449","0.0014818981289863586","0.0014818981289863586","0.0014818981289863586"
"11451","0.09151603281497955","0.09151603281497955","0.09151603281497955"
"11453","0.0006317459046840668","0.0006317459046840668","0.0006317459046840668"
"11455","0.0061623454093933105","0.0061623454093933105","0.0061623454093933105"
"11457","0.0002830512821674347","0.0002830512821674347","0.0002830512821674347"
"11459","0.01621318608522415","0.01621318608522415","0.01621318608522415"
"11461","0.006349474191665649","0.006349474191665649","0.006349474191665649"
"11463","0.004076030105352402","0.004076030105352402","0.004076030105352402"
"11465","0.0022485218942165375","0.0022485218942165375","0.0022485218942165375"
"11467","0.01312478817999363","0.01312478817999363","0.01312478817999363"
"11469","0.004828210920095444","0.004828210920095444","0.004828210920095444"
"11471","0.0062690190970897675","0.0062690190970897675","0.0062690190970897675"
"11473","0.01361355185508728","0.01361355185508728","0.01361355185508728"
"11475","0.002263834699988365","0.002263834699988365","0.002263834699988365"
"11477","0.007979746907949448","0.007979746907949448","0.007979746907949448"
"11479","0.005115235224366188","0.005115235224366188","0.005115235224366188"
"11481","0.010472575202584267","0.010472575202584267","0.010472575202584267"
"11483","0.03030705638229847","0.03030705638229847","0.03030705638229847"
"11485","0.001346612349152565","0.001346612349152565","0.001346612349152565"
"11487","0.002154998481273651","0.002154998481273651","0.002154998481273651"
"11489","0.00816812738776207","0.00816812738776207","0.00816812738776207"
"11491","0.004698481410741806","0.004698481410741806","0.004698481410741806"
"11493","0.018927566707134247","0.018927566707134247","0.018927566707134247"
"11495","0.007899194955825806","0.007899194955825806","0.007899194955825806"
"11497","0.0424918532371521","0.0424918532371521","0.0424918532371521"
"11499","0.007157828658819199","0.007157828658819199","0.007157828658819199"
"11501","0.03992554172873497","0.03992554172873497","0.03992554172873497"
"11503","0.0026265084743499756","0.0026265084743499756","0.0026265084743499756"
"11505","0.01675182580947876","0.01675182580947876","0.01675182580947876"
"11507","0.0025223754346370697","0.0025223754346370697","0.0025223754346370697"
"11509","0.07320693135261536","0.07320693135261536","0.07320693135261536"
"11511","0.0163502786308527","0.0163502786308527","0.0163502786308527"
"11513","0.0034734513610601425","0.0034734513610601425","0.0034734513610601425"
"11515","0.026150865480303764","0.026150865480303764","0.026150865480303764"
"11517","0.14708653092384338","0.14708653092384338","0.14708653092384338"
"11519","0.008192295208573341","0.008192295208573341","0.008192295208573341"
"11521","0.0011021438986063004","0.0011021438986063004","0.0011021438986063004"
"11523","0.053297340869903564","0.053297340869903564","0.053297340869903564"
"11525","0.01864209957420826","0.01864209957420826","0.01864209957420826"
"11527","0.0031207799911499023","0.0031207799911499023","0.0031207799911499023"
"11529","0.009634654968976974","0.009634654968976974","0.009634654968976974"
"11531","0.03911171481013298","0.03911171481013298","0.03911171481013298"
"11533","0.008317889645695686","0.008317889645695686","0.008317889645695686"
"11535","0.0003739781677722931","0.0003739781677722931","0.0003739781677722931"
"11537","0.026532039046287537","0.026532039046287537","0.026532039046287537"
"11539","0.0035430286079645157","0.0035430286079645157","0.0035430286079645157"
"11541","0.003277694806456566","0.003277694806456566","0.003277694806456566"
"11543","0.006278499960899353","0.006278499960899353","0.006278499960899353"
"11545","0.008195651695132256","0.008195651695132256","0.008195651695132256"
"11547","0.006698993965983391","0.006698993965983391","0.006698993965983391"
"11549","0.008717315271496773","0.008717315271496773","0.008717315271496773"
"11551","0.0066912975162267685","0.0066912975162267685","0.0066912975162267685"
"11553","0.05125612020492554","0.05125612020492554","0.05125612020492554"
"11555","0.014885582029819489","0.014885582029819489","0.014885582029819489"
"11557","0.020588763058185577","0.020588763058185577","0.020588763058185577"
"11559","0.005023559555411339","0.005023559555411339","0.005023559555411339"
"11561","0.003400452435016632","0.003400452435016632","0.003400452435016632"
"11563","0.006542328745126724","0.006542328745126724","0.006542328745126724"
"11565","0.0011324118822813034","0.0011324118822813034","0.0011324118822813034"
"11567","0.008135396987199783","0.008135396987199783","0.008135396987199783"
"11569","0.036757826805114746","0.036757826805114746","0.036757826805114746"
"11571","0.0022921916097402573","0.0022921916097402573","0.0022921916097402573"
"11573","0.012324057519435883","0.012324057519435883","0.012324057519435883"
"11575","0.010887254029512405","0.010887254029512405","0.010887254029512405"
"11577","0.0054146405309438705","0.0054146405309438705","0.0054146405309438705"
"11579","0.0021478161215782166","0.0021478161215782166","0.0021478161215782166"
"11581","0.01649000495672226","0.01649000495672226","0.01649000495672226"
"11583","0.0287421103566885","0.0287421103566885","0.0287421103566885"
"11585","0.0017966963350772858","0.0017966963350772858","0.0017966963350772858"
"11587","0.0070070624351501465","0.0070070624351501465","0.0070070624351501465"
"11589","0.0024989377707242966","0.0024989377707242966","0.0024989377707242966"
"11591","0.01607201062142849","0.01607201062142849","0.01607201062142849"
"11593","0.0013045668601989746","0.0013045668601989746","0.0013045668601989746"
"11595","0.029075417667627335","0.029075417667627335","0.029075417667627335"
"11597","0.0038248710334300995","0.0038248710334300995","0.0038248710334300995"
"11599","0.015282779932022095","0.015282779932022095","0.015282779932022095"
"11601","0.03225715458393097","0.03225715458393097","0.03225715458393097"
"11603","0.07093304395675659","0.07093304395675659","0.07093304395675659"
"11605","0.02155979350209236","0.02155979350209236","0.02155979350209236"
"11607","0.04365937411785126","0.04365937411785126","0.04365937411785126"
"11609","0.005460221320390701","0.005460221320390701","0.005460221320390701"
"11611","0.002001127228140831","0.002001127228140831","0.002001127228140831"
"11613","0.05825474485754967","0.05825474485754967","0.05825474485754967"
"11615","0.0026813149452209473","0.0026813149452209473","0.0026813149452209473"
"11617","0.003463553264737129","0.003463553264737129","0.003463553264737129"
"11619","0.0036467332392930984","0.0036467332392930984","0.0036467332392930984"
"11621","0.007526714354753494","0.007526714354753494","0.007526714354753494"
"11623","0.020751699805259705","0.020751699805259705","0.020751699805259705"
"11625","0.009977295994758606","0.009977295994758606","0.009977295994758606"
"11627","0.013338308781385422","0.013338308781385422","0.013338308781385422"
"11629","0.011804293841123581","0.011804293841123581","0.011804293841123581"
"11631","0.005827389657497406","0.005827389657497406","0.005827389657497406"
"11633","0.011702410876750946","0.011702410876750946","0.011702410876750946"
"11635","0.0024387426674365997","0.0024387426674365997","0.0024387426674365997"
"11637","0.0007435530424118042","0.0007435530424118042","0.0007435530424118042"
"11639","0.0009555555880069733","0.0009555555880069733","0.0009555555880069733"
"11641","0.00861755758523941","0.00861755758523941","0.00861755758523941"
"11643","0.003845900297164917","0.003845900297164917","0.003845900297164917"
"11645","0.0016783177852630615","0.0016783177852630615","0.0016783177852630615"
"11647","0.0029966365545988083","0.0029966365545988083","0.0029966365545988083"
"11649","0.009760456159710884","0.009760456159710884","0.009760456159710884"
"11651","0.007272129878401756","0.007272129878401756","0.007272129878401756"
"11653","0.010673187673091888","0.010673187673091888","0.010673187673091888"
"11655","0.003650486469268799","0.003650486469268799","0.003650486469268799"
"11657","0.051110778003931046","0.051110778003931046","0.051110778003931046"
"11659","0.011995716020464897","0.011995716020464897","0.011995716020464897"
"11661","0.009920917451381683","0.009920917451381683","0.009920917451381683"
"11663","0.007044747471809387","0.007044747471809387","0.007044747471809387"
"11665","0.024459922686219215","0.024459922686219215","0.024459922686219215"
"11667","0.0033847764134407043","0.0033847764134407043","0.0033847764134407043"
"11669","0.0014271736145019531","0.0014271736145019531","0.0014271736145019531"
"11671","0.02711552008986473","0.02711552008986473","0.02711552008986473"
"11673","0.020997008308768272","0.020997008308768272","0.020997008308768272"
"11675","0.001575414091348648","0.001575414091348648","0.001575414091348648"
"11677","0.0008269473910331726","0.0008269473910331726","0.0008269473910331726"
"11679","0.0018632188439369202","0.0018632188439369202","0.0018632188439369202"
"11681","0.011540312319993973","0.011540312319993973","0.011540312319993973"
"11683","0.008608212694525719","0.008608212694525719","0.008608212694525719"
"11685","0.015607083216309547","0.015607083216309547","0.015607083216309547"
"11687","0.02217067778110504","0.02217067778110504","0.02217067778110504"
"11689","0.00021829083561897278","0.00021829083561897278","0.00021829083561897278"
"11691","0.01964130997657776","0.01964130997657776","0.01964130997657776"
"11693","0.013114213943481445","0.013114213943481445","0.013114213943481445"
"11695","0.0007671955972909927","0.0007671955972909927","0.0007671955972909927"
"11697","0.01448763720691204","0.01448763720691204","0.01448763720691204"
"11699","0.0541829876601696","0.0541829876601696","0.0541829876601696"
"11701","0.016899535432457924","0.016899535432457924","0.016899535432457924"
"11703","0.09155494719743729","0.09155494719743729","0.09155494719743729"
"11705","0.0003582928329706192","0.0003582928329706192","0.0003582928329706192"
"11707","0.0013278257101774216","0.0013278257101774216","0.0013278257101774216"
"11709","0.022733114659786224","0.022733114659786224","0.022733114659786224"
"11711","0.017747074365615845","0.017747074365615845","0.017747074365615845"
"11713","0.051330022513866425","0.051330022513866425","0.051330022513866425"
"11715","0.00967126339673996","0.00967126339673996","0.00967126339673996"
"11717","0.0030760206282138824","0.0030760206282138824","0.0030760206282138824"
"11719","0.038541633635759354","0.038541633635759354","0.038541633635759354"
"11721","0.0016084983944892883","0.0016084983944892883","0.0016084983944892883"
"11723","0.046516429632902145","0.046516429632902145","0.046516429632902145"
"11725","0.016657259315252304","0.016657259315252304","0.016657259315252304"
"11727","0.04184912145137787","0.04184912145137787","0.04184912145137787"
"11729","0.0012609008699655533","0.0012609008699655533","0.0012609008699655533"
"11731","0.007851049304008484","0.007851049304008484","0.007851049304008484"
"11733","0.01724824868142605","0.01724824868142605","0.01724824868142605"
"11735","0.01737332157790661","0.01737332157790661","0.01737332157790661"
"11737","0.0003602467477321625","0.0003602467477321625","0.0003602467477321625"
"11739","0.046583931893110275","0.046583931893110275","0.046583931893110275"
"11741","0.005580246448516846","0.005580246448516846","0.005580246448516846"
"11743","0.007859192788600922","0.007859192788600922","0.007859192788600922"
"11745","0.010391082614660263","0.010391082614660263","0.010391082614660263"
"11747","0.006876790896058083","0.006876790896058083","0.006876790896058083"
"11749","0.02354089729487896","0.02354089729487896","0.02354089729487896"
"11751","0.004680609330534935","0.004680609330534935","0.004680609330534935"
"11753","0.008995788171887398","0.008995788171887398","0.008995788171887398"
"11755","0.0015833787620067596","0.0015833787620067596","0.0015833787620067596"
"11757","0.0135340616106987","0.0135340616106987","0.0135340616106987"
"11759","0.005340404808521271","0.005340404808521271","0.005340404808521271"
"11761","0.0012550801038742065","0.0012550801038742065","0.0012550801038742065"
"11763","0.12441776692867279","0.12441776692867279","0.12441776692867279"
"11765","0.021960977464914322","0.021960977464914322","0.021960977464914322"
"11767","0.0019160527735948563","0.0019160527735948563","0.0019160527735948563"
"11769","0.004621477797627449","0.004621477797627449","0.004621477797627449"
"11771","0.017257915809750557","0.017257915809750557","0.017257915809750557"
"11773","0.007970737293362617","0.007970737293362617","0.007970737293362617"
"11775","0.006232531741261482","0.006232531741261482","0.006232531741261482"
"11777","0.003106454387307167","0.003106454387307167","0.003106454387307167"
"11779","0.011386606842279434","0.011386606842279434","0.011386606842279434"
"11781","0.029595786705613136","0.029595786705613136","0.029595786705613136"
"11783","0.009673256427049637","0.009673256427049637","0.009673256427049637"
"11785","0.007042262703180313","0.007042262703180313","0.007042262703180313"
"11787","0.025296688079833984","0.025296688079833984","0.025296688079833984"
"11789","0.009942378848791122","0.009942378848791122","0.009942378848791122"
"11791","0.0015984773635864258","0.0015984773635864258","0.0015984773635864258"
"11793","0.010341677814722061","0.010341677814722061","0.010341677814722061"
"11795","0.006131347268819809","0.006131347268819809","0.006131347268819809"
"11797","0.0027250777930021286","0.0027250777930021286","0.0027250777930021286"
"11799","0.06036221235990524","0.06036221235990524","0.06036221235990524"
"11801","0.005741512402892113","0.005741512402892113","0.005741512402892113"
"11803","0.012992404401302338","0.012992404401302338","0.012992404401302338"
"11808","0.0043753087520599365","0.0043753087520599365","0.0043753087520599365"
"11810","0.018302783370018005","0.018302783370018005","0.018302783370018005"
"11812","0.0044468361884355545","0.0044468361884355545","0.0044468361884355545"
"11814","0.00543859601020813","0.00543859601020813","0.00543859601020813"
"11816","0.0010553300380706787","0.0010553300380706787","0.0010553300380706787"
"11818","0.0008354969322681427","0.0008354969322681427","0.0008354969322681427"
"11820","0.0027326103299856186","0.0027326103299856186","0.0027326103299856186"
"11822","0.015155613422393799","0.015155613422393799","0.015155613422393799"
"11824","0.007588326930999756","0.007588326930999756","0.007588326930999756"
"11826","0.02063346654176712","0.02063346654176712","0.02063346654176712"
"11828","0.0007779300212860107","0.0007779300212860107","0.0007779300212860107"
"11830","0.01721489429473877","0.01721489429473877","0.01721489429473877"
"11832","0.03419746086001396","0.03419746086001396","0.03419746086001396"
"11834","0.005666807293891907","0.005666807293891907","0.005666807293891907"
"11836","0.0028410647064447403","0.0028410647064447403","0.0028410647064447403"
"11838","0.04872974753379822","0.04872974753379822","0.04872974753379822"
"11840","0.0060861241072416306","0.0060861241072416306","0.0060861241072416306"
"11842","0.005011001601815224","0.005011001601815224","0.005011001601815224"
"11844","0.0028189271688461304","0.0028189271688461304","0.0028189271688461304"
"11846","0.004373732954263687","0.004373732954263687","0.004373732954263687"
"11848","0.0025906413793563843","0.0025906413793563843","0.0025906413793563843"
"11850","0.01471560075879097","0.01471560075879097","0.01471560075879097"
"11852","0.0012901797890663147","0.0012901797890663147","0.0012901797890663147"
"11854","0.0038603655993938446","0.0038603655993938446","0.0038603655993938446"
"11856","0.0009165666997432709","0.0009165666997432709","0.0009165666997432709"
"11858","0.00918072834610939","0.00918072834610939","0.00918072834610939"
"11860","0.012236714363098145","0.012236714363098145","0.012236714363098145"
"11862","0.0037136897444725037","0.0037136897444725037","0.0037136897444725037"
"11864","0.010622849687933922","0.010622849687933922","0.010622849687933922"
"11866","0.0019620470702648163","0.0019620470702648163","0.0019620470702648163"
"11868","0.012222165241837502","0.012222165241837502","0.012222165241837502"
"11870","0.0005976315587759018","0.0005976315587759018","0.0005976315587759018"
"11872","0.011738568544387817","0.011738568544387817","0.011738568544387817"
"11874","0.0020189881324768066","0.0020189881324768066","0.0020189881324768066"
"11876","0.004331178963184357","0.004331178963184357","0.004331178963184357"
"11878","0.0017647147178649902","0.0017647147178649902","0.0017647147178649902"
"11880","0.004556149244308472","0.004556149244308472","0.004556149244308472"
"11882","0.016012854874134064","0.016012854874134064","0.016012854874134064"
"11884","0.003320641815662384","0.003320641815662384","0.003320641815662384"
"11886","0.015395183116197586","0.015395183116197586","0.015395183116197586"
"11888","0.050656381994485855","0.050656381994485855","0.050656381994485855"
"11890","0.02601940743625164","0.02601940743625164","0.02601940743625164"
"11892","0.0041869208216667175","0.0041869208216667175","0.0041869208216667175"
"11894","0.004911385476589203","0.004911385476589203","0.004911385476589203"
"11896","0.009036608040332794","0.009036608040332794","0.009036608040332794"
"11898","0.05580566078424454","0.05580566078424454","0.05580566078424454"
"11900","0.034631893038749695","0.034631893038749695","0.034631893038749695"
"11902","0.029635485261678696","0.029635485261678696","0.029635485261678696"
"11904","0.0006721094250679016","0.0006721094250679016","0.0006721094250679016"
"11906","0.030485492199659348","0.030485492199659348","0.030485492199659348"
"11908","0.030629964545369148","0.030629964545369148","0.030629964545369148"
"11910","0.0005316007882356644","0.0005316007882356644","0.0005316007882356644"
"11912","0.007731832563877106","0.007731832563877106","0.007731832563877106"
"11914","0.0022822655737400055","0.0022822655737400055","0.0022822655737400055"
"11916","0.0038693323731422424","0.0038693323731422424","0.0038693323731422424"
"11918","0.007267966866493225","0.007267966866493225","0.007267966866493225"
"11920","0.0928456038236618","0.0928456038236618","0.0928456038236618"
"11922","0.007817305624485016","0.007817305624485016","0.007817305624485016"
"11924","0.008764835074543953","0.008764835074543953","0.008764835074543953"
"11926","0.013927033171057701","0.013927033171057701","0.013927033171057701"
"11928","0.007683815434575081","0.007683815434575081","0.007683815434575081"
"11930","0.0038985200226306915","0.0038985200226306915","0.0038985200226306915"
"11932","0.045979056507349014","0.045979056507349014","0.045979056507349014"
"11934","0.03442792221903801","0.03442792221903801","0.03442792221903801"
"11936","0.0013200342655181885","0.0013200342655181885","0.0013200342655181885"
"11938","0.0018828622996807098","0.0018828622996807098","0.0018828622996807098"
"11940","0.0013407450169324875","0.0013407450169324875","0.0013407450169324875"
"11942","0.028694406151771545","0.028694406151771545","0.028694406151771545"
"11944","0.00143330916762352","0.00143330916762352","0.00143330916762352"
"11946","0.000626489520072937","0.000626489520072937","0.000626489520072937"
"11948","0.042452335357666016","0.042452335357666016","0.042452335357666016"
"11950","0.0011139549314975739","0.0011139549314975739","0.0011139549314975739"
"11952","0.011270541697740555","0.011270541697740555","0.011270541697740555"
"11954","0.023593846708536148","0.023593846708536148","0.023593846708536148"
"11956","0.003960026428103447","0.003960026428103447","0.003960026428103447"
"11958","0.07289396226406097","0.07289396226406097","0.07289396226406097"
"11960","0.0021854378283023834","0.0021854378283023834","0.0021854378283023834"
"11962","0.018851689994335175","0.018851689994335175","0.018851689994335175"
"11964","0.01253097876906395","0.01253097876906395","0.01253097876906395"
"11966","0.030579345300793648","0.030579345300793648","0.030579345300793648"
"11968","0.014674730598926544","0.014674730598926544","0.014674730598926544"
"11970","0.000700727105140686","0.000700727105140686","0.000700727105140686"
"11972","0.013609956949949265","0.013609956949949265","0.013609956949949265"
"11974","0.0008827578276395798","0.0008827578276395798","0.0008827578276395798"
"11976","0.007186662405729294","0.007186662405729294","0.007186662405729294"
"11978","0.0014648176729679108","0.0014648176729679108","0.0014648176729679108"
"11980","0.001519830897450447","0.001519830897450447","0.001519830897450447"
"11982","0.02006341516971588","0.02006341516971588","0.02006341516971588"
"11984","0.024978119879961014","0.024978119879961014","0.024978119879961014"
"11986","0.006016358733177185","0.006016358733177185","0.006016358733177185"
"11988","0.029390014708042145","0.029390014708042145","0.029390014708042145"
"11990","0.00026013702154159546","0.00026013702154159546","0.00026013702154159546"
"11992","0.019437897950410843","0.019437897950410843","0.019437897950410843"
"11994","0.006444036960601807","0.006444036960601807","0.006444036960601807"
"11996","0.01901695318520069","0.01901695318520069","0.01901695318520069"
"11998","0.005162907764315605","0.005162907764315605","0.005162907764315605"
"12000","0.005644103512167931","0.005644103512167931","0.005644103512167931"
"12002","0.05082988739013672","0.05082988739013672","0.05082988739013672"
"12004","0.012726366519927979","0.012726366519927979","0.012726366519927979"
"12006","0.01190870814025402","0.01190870814025402","0.01190870814025402"
"12008","0.001764131709933281","0.001764131709933281","0.001764131709933281"
"12010","0.028239421546459198","0.028239421546459198","0.028239421546459198"
"12012","0.007189946249127388","0.007189946249127388","0.007189946249127388"
"12014","0.0003556516021490097","0.0003556516021490097","0.0003556516021490097"
"12016","0.0031331758946180344","0.0031331758946180344","0.0031331758946180344"
"12018","0.0007731318473815918","0.0007731318473815918","0.0007731318473815918"
"12020","0.029353830963373184","0.029353830963373184","0.029353830963373184"
"12022","0.0009612981230020523","0.0009612981230020523","0.0009612981230020523"
"12024","0.06467047333717346","0.06467047333717346","0.06467047333717346"
"12026","0.03394070267677307","0.03394070267677307","0.03394070267677307"
"12028","0.00020229443907737732","0.00020229443907737732","0.00020229443907737732"
"12030","0.003907434642314911","0.003907434642314911","0.003907434642314911"
"12032","0.0010085459798574448","0.0010085459798574448","0.0010085459798574448"
"12034","0.004484349861741066","0.004484349861741066","0.004484349861741066"
"12036","0.002682289108633995","0.002682289108633995","0.002682289108633995"
"12038","0.017066964879631996","0.017066964879631996","0.017066964879631996"
"12040","0.012153711169958115","0.012153711169958115","0.012153711169958115"
"12042","0.00018756836652755737","0.00018756836652755737","0.00018756836652755737"
"12044","0.019984059035778046","0.019984059035778046","0.019984059035778046"
"12046","0.0007326342165470123","0.0007326342165470123","0.0007326342165470123"
"12048","0.0012673065066337585","0.0012673065066337585","0.0012673065066337585"
"12050","0.006777927279472351","0.006777927279472351","0.006777927279472351"
"12052","0.0023130346089601517","0.0023130346089601517","0.0023130346089601517"
"12054","0.02933371067047119","0.02933371067047119","0.02933371067047119"
"12056","0.0010067503899335861","0.0010067503899335861","0.0010067503899335861"
"12058","0.00006239674985408783","0.00006239674985408783","0.00006239674985408783"
"12060","0.006059689447283745","0.006059689447283745","0.006059689447283745"
"12062","0.008471950888633728","0.008471950888633728","0.008471950888633728"
"12064","0.0023649875074625015","0.0023649875074625015","0.0023649875074625015"
"12066","0.004120113328099251","0.004120113328099251","0.004120113328099251"
"12068","0.0008198097348213196","0.0008198097348213196","0.0008198097348213196"
"12070","0.0020538438111543655","0.0020538438111543655","0.0020538438111543655"
"12072","0.002417009323835373","0.002417009323835373","0.002417009323835373"
"12074","0.07483532279729843","0.07483532279729843","0.07483532279729843"
"12076","0.008385792374610901","0.008385792374610901","0.008385792374610901"
"12078","0.03667915612459183","0.03667915612459183","0.03667915612459183"
"12080","0.002830810844898224","0.002830810844898224","0.002830810844898224"
"12082","0.002378178760409355","0.002378178760409355","0.002378178760409355"
"12084","0.003529578447341919","0.003529578447341919","0.003529578447341919"
"12086","0.005812384188175201","0.005812384188175201","0.005812384188175201"
"12088","0.00043080002069473267","0.00043080002069473267","0.00043080002069473267"
"12090","0.005067232996225357","0.005067232996225357","0.005067232996225357"
"12092","0.011829758062958717","0.011829758062958717","0.011829758062958717"
"12094","0.001135634258389473","0.001135634258389473","0.001135634258389473"
"12096","0.0003919638693332672","0.0003919638693332672","0.0003919638693332672"
"12098","0.025788500905036926","0.025788500905036926","0.025788500905036926"
"12100","0.003406587988138199","0.003406587988138199","0.003406587988138199"
"12102","0.003695547580718994","0.003695547580718994","0.003695547580718994"
"12104","0.006488272920250893","0.006488272920250893","0.006488272920250893"
"12106","0.009033100679516792","0.009033100679516792","0.009033100679516792"
"12108","0.012901922687888145","0.012901922687888145","0.012901922687888145"
"12110","0.005499809980392456","0.005499809980392456","0.005499809980392456"
"12112","0.022622521966695786","0.022622521966695786","0.022622521966695786"
"12114","0.003338400274515152","0.003338400274515152","0.003338400274515152"
"12116","0.010585678741335869","0.010585678741335869","0.010585678741335869"
"12118","0.032429903745651245","0.032429903745651245","0.032429903745651245"
"12120","0.007995713502168655","0.007995713502168655","0.007995713502168655"
"12122","0.009810764342546463","0.009810764342546463","0.009810764342546463"
"12124","0.050349172204732895","0.050349172204732895","0.050349172204732895"
"12126","0.00489947572350502","0.00489947572350502","0.00489947572350502"
"12128","0.010282360017299652","0.010282360017299652","0.010282360017299652"
"12130","0.017489606514573097","0.017489606514573097","0.017489606514573097"
"12132","0.005180520936846733","0.005180520936846733","0.005180520936846733"
"12134","0.018249621614813805","0.018249621614813805","0.018249621614813805"
"12136","0.005102148279547691","0.005102148279547691","0.005102148279547691"
"12138","0.003533650189638138","0.003533650189638138","0.003533650189638138"
"12140","0.0280153825879097","0.0280153825879097","0.0280153825879097"
"12142","0.005754094570875168","0.005754094570875168","0.005754094570875168"
"12144","0.030017737299203873","0.030017737299203873","0.030017737299203873"
"12146","0.007077902555465698","0.007077902555465698","0.007077902555465698"
"12148","0.0028849728405475616","0.0028849728405475616","0.0028849728405475616"
"12150","0.006482236087322235","0.006482236087322235","0.006482236087322235"
"12152","0.024887099862098694","0.024887099862098694","0.024887099862098694"
"12154","0.026591278612613678","0.026591278612613678","0.026591278612613678"
"12156","0.04177142679691315","0.04177142679691315","0.04177142679691315"
"12158","0.004554100334644318","0.004554100334644318","0.004554100334644318"
"12160","0.007487991824746132","0.007487991824746132","0.007487991824746132"
"12162","0.008078016340732574","0.008078016340732574","0.008078016340732574"
"12164","0.04515230655670166","0.04515230655670166","0.04515230655670166"
"12166","0.0023858584463596344","0.0023858584463596344","0.0023858584463596344"
"12168","0.05002567917108536","0.05002567917108536","0.05002567917108536"
"12170","0.004970787093043327","0.004970787093043327","0.004970787093043327"
"12172","0.0015513170510530472","0.0015513170510530472","0.0015513170510530472"
"12174","0.06339036673307419","0.06339036673307419","0.06339036673307419"
"12176","0.00902390293776989","0.00902390293776989","0.00902390293776989"
"12178","0.0014212988317012787","0.0014212988317012787","0.0014212988317012787"
"12180","0.057832688093185425","0.057832688093185425","0.057832688093185425"
"12182","0.008618932217359543","0.008618932217359543","0.008618932217359543"
"12184","0.001672603189945221","0.001672603189945221","0.001672603189945221"
"12186","0.05630519986152649","0.05630519986152649","0.05630519986152649"
"12188","0.011895604431629181","0.011895604431629181","0.011895604431629181"
"12190","0.011386392638087273","0.011386392638087273","0.011386392638087273"
"12192","0.04028460383415222","0.04028460383415222","0.04028460383415222"
"12194","0.007860269397497177","0.007860269397497177","0.007860269397497177"
"12196","0.014231866225600243","0.014231866225600243","0.014231866225600243"
"12198","0.05615508556365967","0.05615508556365967","0.05615508556365967"
"12200","0.019195185974240303","0.019195185974240303","0.019195185974240303"
"12202","0.006917357444763184","0.006917357444763184","0.006917357444763184"
"12204","0.041224874556064606","0.041224874556064606","0.041224874556064606"
"12206","0.02779153734445572","0.02779153734445572","0.02779153734445572"
"12208","0.0015749968588352203","0.0015749968588352203","0.0015749968588352203"
"12210","0.014183197170495987","0.014183197170495987","0.014183197170495987"
"12212","0.00293562188744545","0.00293562188744545","0.00293562188744545"
"12214","0.0030982140451669693","0.0030982140451669693","0.0030982140451669693"
"12216","0.035638224333524704","0.035638224333524704","0.035638224333524704"
"12218","0.002012619748711586","0.002012619748711586","0.002012619748711586"
"12220","0.004918456077575684","0.004918456077575684","0.004918456077575684"
"12222","0.00445159524679184","0.00445159524679184","0.00445159524679184"
"12224","0.04019483923912048","0.04019483923912048","0.04019483923912048"
"12226","0.013339495286345482","0.013339495286345482","0.013339495286345482"
"12228","0.0005120858550071716","0.0005120858550071716","0.0005120858550071716"
"12230","0.018389852717518806","0.018389852717518806","0.018389852717518806"
"12232","0.015322700142860413","0.015322700142860413","0.015322700142860413"
"12234","0.018524520099163055","0.018524520099163055","0.018524520099163055"
"12236","0.004471026360988617","0.004471026360988617","0.004471026360988617"
"12238","0.0007084179669618607","0.0007084179669618607","0.0007084179669618607"
"12240","0.014193559065461159","0.014193559065461159","0.014193559065461159"
"12242","0.03949723392724991","0.03949723392724991","0.03949723392724991"
"12244","0.03204972296953201","0.03204972296953201","0.03204972296953201"
"12246","0.0007729493081569672","0.0007729493081569672","0.0007729493081569672"
"12248","0.02685626782476902","0.02685626782476902","0.02685626782476902"
"12250","0.0003185346722602844","0.0003185346722602844","0.0003185346722602844"
"12252","0.015455253422260284","0.015455253422260284","0.015455253422260284"
"12254","0.010951505973935127","0.010951505973935127","0.010951505973935127"
"12256","0.011908559128642082","0.011908559128642082","0.011908559128642082"
"12258","0.011061631143093109","0.011061631143093109","0.011061631143093109"
"12260","0.044810958206653595","0.044810958206653595","0.044810958206653595"
"12262","0.0010662991553544998","0.0010662991553544998","0.0010662991553544998"
"12264","0.004599789157509804","0.004599789157509804","0.004599789157509804"
"12266","0.001568913459777832","0.001568913459777832","0.001568913459777832"
"12271","0.017076175659894943","0.017076175659894943","0.017076175659894943"
"12273","0.0011887159198522568","0.0011887159198522568","0.0011887159198522568"
"12275","0.010407021269202232","0.010407021269202232","0.010407021269202232"
"12277","0.02745656855404377","0.02745656855404377","0.02745656855404377"
"12279","0.003085814416408539","0.003085814416408539","0.003085814416408539"
"12281","0.0033863522112369537","0.0033863522112369537","0.0033863522112369537"
"12283","0.0023821350187063217","0.0023821350187063217","0.0023821350187063217"
"12285","0.004416357725858688","0.004416357725858688","0.004416357725858688"
"12287","0.0007673874497413635","0.0007673874497413635","0.0007673874497413635"
"12289","0.006886787712574005","0.006886787712574005","0.006886787712574005"
"12291","0.020251011475920677","0.020251011475920677","0.020251011475920677"
"12293","0.0025938116014003754","0.0025938116014003754","0.0025938116014003754"
"12295","0.0024465955793857574","0.0024465955793857574","0.0024465955793857574"
"12297","0.001941373571753502","0.001941373571753502","0.001941373571753502"
"12299","0.06749612092971802","0.06749612092971802","0.06749612092971802"
"12301","0.011536221951246262","0.011536221951246262","0.011536221951246262"
"12303","0.034725069999694824","0.034725069999694824","0.034725069999694824"
"12305","0.00915248692035675","0.00915248692035675","0.00915248692035675"
"12307","0.014818863943219185","0.014818863943219185","0.014818863943219185"
"12309","0.005157670006155968","0.005157670006155968","0.005157670006155968"
"12311","0.038182880729436874","0.038182880729436874","0.038182880729436874"
"12313","0.0018459837883710861","0.0018459837883710861","0.0018459837883710861"
"12315","0.0017480943351984024","0.0017480943351984024","0.0017480943351984024"
"12317","0.004223376512527466","0.004223376512527466","0.004223376512527466"
"12319","0.010316532105207443","0.010316532105207443","0.010316532105207443"
"12321","0.0005830954760313034","0.0005830954760313034","0.0005830954760313034"
"12323","0.024011526256799698","0.024011526256799698","0.024011526256799698"
"12325","0.0018241740763187408","0.0018241740763187408","0.0018241740763187408"
"12327","0.0031786393374204636","0.0031786393374204636","0.0031786393374204636"
"12329","0.02835945039987564","0.02835945039987564","0.02835945039987564"
"12331","0.0024220626801252365","0.0024220626801252365","0.0024220626801252365"
"12333","0.012530263513326645","0.012530263513326645","0.012530263513326645"
"12335","0.002591364085674286","0.002591364085674286","0.002591364085674286"
"12337","0.030298292636871338","0.030298292636871338","0.030298292636871338"
"12339","0.002854272723197937","0.002854272723197937","0.002854272723197937"
"12341","0.004537716507911682","0.004537716507911682","0.004537716507911682"
"12343","0.026104867458343506","0.026104867458343506","0.026104867458343506"
"12345","0.000780174508690834","0.000780174508690834","0.000780174508690834"
"12347","0.008916595950722694","0.008916595950722694","0.008916595950722694"
"12349","0.08347392082214355","0.08347392082214355","0.08347392082214355"
"12351","0.003379032015800476","0.003379032015800476","0.003379032015800476"
"12353","0.0056154001504182816","0.0056154001504182816","0.0056154001504182816"
"12355","0.0006007757037878036","0.0006007757037878036","0.0006007757037878036"
"12357","0.03583363816142082","0.03583363816142082","0.03583363816142082"
"12359","0.015544384717941284","0.015544384717941284","0.015544384717941284"
"12361","0.001509387046098709","0.001509387046098709","0.001509387046098709"
"12363","0.00989445112645626","0.00989445112645626","0.00989445112645626"
"12365","0.027952687814831734","0.027952687814831734","0.027952687814831734"
"12367","0.021838217973709106","0.021838217973709106","0.021838217973709106"
"12369","0.05701617896556854","0.05701617896556854","0.05701617896556854"
"12371","0.001978585496544838","0.001978585496544838","0.001978585496544838"
"12373","0.004396863281726837","0.004396863281726837","0.004396863281726837"
"12375","0.0032886192202568054","0.0032886192202568054","0.0032886192202568054"
"12377","0.111631378531456","0.111631378531456","0.111631378531456"
"12379","0.016027264297008514","0.016027264297008514","0.016027264297008514"
"12381","0.003475252538919449","0.003475252538919449","0.003475252538919449"
"12383","0.004181584343314171","0.004181584343314171","0.004181584343314171"
"12385","0.007215656340122223","0.007215656340122223","0.007215656340122223"
"12387","0.0011999141424894333","0.0011999141424894333","0.0011999141424894333"
"12389","0.04069187119603157","0.04069187119603157","0.04069187119603157"
"12391","0.017663558945059776","0.017663558945059776","0.017663558945059776"
"12393","0.04308612644672394","0.04308612644672394","0.04308612644672394"
"12395","0.053262319415807724","0.053262319415807724","0.053262319415807724"
"12397","0.009456509724259377","0.009456509724259377","0.009456509724259377"
"12399","0.012418612837791443","0.012418612837791443","0.012418612837791443"
"12401","0.008364176377654076","0.008364176377654076","0.008364176377654076"
"12403","0.005086889490485191","0.005086889490485191","0.005086889490485191"
"12405","0.04779038578271866","0.04779038578271866","0.04779038578271866"
"12407","0.005856392905116081","0.005856392905116081","0.005856392905116081"
"12409","0.01602601259946823","0.01602601259946823","0.01602601259946823"
"12411","0.000696524977684021","0.000696524977684021","0.000696524977684021"
"12413","0.0008323937654495239","0.0008323937654495239","0.0008323937654495239"
"12415","0.004266291856765747","0.004266291856765747","0.004266291856765747"
"12417","0.00045535527169704437","0.00045535527169704437","0.00045535527169704437"
"12419","0.00786309689283371","0.00786309689283371","0.00786309689283371"
"12421","0.0035174675285816193","0.0035174675285816193","0.0035174675285816193"
"12423","0.0028583258390426636","0.0028583258390426636","0.0028583258390426636"
"12425","0.0013286322355270386","0.0013286322355270386","0.0013286322355270386"
"12427","0.0008042789995670319","0.0008042789995670319","0.0008042789995670319"
"12429","0.016817061230540276","0.016817061230540276","0.016817061230540276"
"12431","0.013731885701417923","0.013731885701417923","0.013731885701417923"
"12433","0.003728363662958145","0.003728363662958145","0.003728363662958145"
"12435","0.03944707289338112","0.03944707289338112","0.03944707289338112"
"12437","0.018532058224081993","0.018532058224081993","0.018532058224081993"
"12439","0.020552007481455803","0.020552007481455803","0.020552007481455803"
"12441","0.007135553285479546","0.007135553285479546","0.007135553285479546"
"12443","0.010316174477338791","0.010316174477338791","0.010316174477338791"
"12445","0.0014653503894805908","0.0014653503894805908","0.0014653503894805908"
"12447","0.0019390024244785309","0.0019390024244785309","0.0019390024244785309"
"12449","0.0020542144775390625","0.0020542144775390625","0.0020542144775390625"
"12451","0.007272901013493538","0.007272901013493538","0.007272901013493538"
"12453","0.011909924447536469","0.011909924447536469","0.011909924447536469"
"12455","0.016813473775982857","0.016813473775982857","0.016813473775982857"
"12457","0.005576042458415031","0.005576042458415031","0.005576042458415031"
"12459","0.03349874168634415","0.03349874168634415","0.03349874168634415"
"12461","0.00031145475804805756","0.00031145475804805756","0.00031145475804805756"
"12463","0.010588988661766052","0.010588988661766052","0.010588988661766052"
"12465","0.01850035972893238","0.01850035972893238","0.01850035972893238"
"12467","0.019451430067420006","0.019451430067420006","0.019451430067420006"
"12469","0.011148963123559952","0.011148963123559952","0.011148963123559952"
"12471","0.0011919345706701279","0.0011919345706701279","0.0011919345706701279"
"12473","0.025206536054611206","0.025206536054611206","0.025206536054611206"
"12475","0.000333394855260849","0.000333394855260849","0.000333394855260849"
"12477","0.009844183921813965","0.009844183921813965","0.009844183921813965"
"12479","0.033044569194316864","0.033044569194316864","0.033044569194316864"
"12481","0.004202559590339661","0.004202559590339661","0.004202559590339661"
"12483","0.00832105241715908","0.00832105241715908","0.00832105241715908"
"12485","0.01085611991584301","0.01085611991584301","0.01085611991584301"
"12487","0.0014348849654197693","0.0014348849654197693","0.0014348849654197693"
"12489","0.016081448644399643","0.016081448644399643","0.016081448644399643"
"12491","0.0035408679395914078","0.0035408679395914078","0.0035408679395914078"
"12493","0.013157693669199944","0.013157693669199944","0.013157693669199944"
"12495","0.0010288823395967484","0.0010288823395967484","0.0010288823395967484"
"12497","0.030347950756549835","0.030347950756549835","0.030347950756549835"
"12499","0.016357924789190292","0.016357924789190292","0.016357924789190292"
"12501","0.0006404593586921692","0.0006404593586921692","0.0006404593586921692"
"12503","0.01174706220626831","0.01174706220626831","0.01174706220626831"
"12505","0.002708403393626213","0.002708403393626213","0.002708403393626213"
"12507","0.002736050635576248","0.002736050635576248","0.002736050635576248"
"12509","0.009956512600183487","0.009956512600183487","0.009956512600183487"
"12511","0.0037098582834005356","0.0037098582834005356","0.0037098582834005356"
"12513","0.016017667949199677","0.016017667949199677","0.016017667949199677"
"12515","0.00335896760225296","0.00335896760225296","0.00335896760225296"
"12517","0.04605584591627121","0.04605584591627121","0.04605584591627121"
"12519","0.0005677752196788788","0.0005677752196788788","0.0005677752196788788"
"12521","0.024911019951105118","0.024911019951105118","0.024911019951105118"
"12523","0.05303674191236496","0.05303674191236496","0.05303674191236496"
"12525","0.0037980172783136368","0.0037980172783136368","0.0037980172783136368"
"12527","0.0340314581990242","0.0340314581990242","0.0340314581990242"
"12529","0.03257758170366287","0.03257758170366287","0.03257758170366287"
"12531","0.005781795829534531","0.005781795829534531","0.005781795829534531"
"12533","0.014525100588798523","0.014525100588798523","0.014525100588798523"
"12535","0.0006511174142360687","0.0006511174142360687","0.0006511174142360687"
"12537","0.00026274845004081726","0.00026274845004081726","0.00026274845004081726"
"12539","0.020885063335299492","0.020885063335299492","0.020885063335299492"
"12541","0.039157092571258545","0.039157092571258545","0.039157092571258545"
"12543","0.0006368011236190796","0.0006368011236190796","0.0006368011236190796"
"12545","0.0023003369569778442","0.0023003369569778442","0.0023003369569778442"
"12547","0.0028277840465307236","0.0028277840465307236","0.0028277840465307236"
"12549","0.001620875671505928","0.001620875671505928","0.001620875671505928"
"12551","0.008697206154465675","0.008697206154465675","0.008697206154465675"
"12553","0.00687711127102375","0.00687711127102375","0.00687711127102375"
"12555","0.009572222828865051","0.009572222828865051","0.009572222828865051"
"12557","0.0019291490316390991","0.0019291490316390991","0.0019291490316390991"
"12559","0.007083460688591003","0.007083460688591003","0.007083460688591003"
"12561","0.0026889462023973465","0.0026889462023973465","0.0026889462023973465"
"12563","0.006517356261610985","0.006517356261610985","0.006517356261610985"
"12565","0.002926630899310112","0.002926630899310112","0.002926630899310112"
"12567","0.00993780605494976","0.00993780605494976","0.00993780605494976"
"12569","0.01812678948044777","0.01812678948044777","0.01812678948044777"
"12571","0.002515884116292","0.002515884116292","0.002515884116292"
"12573","0.0008889827877283096","0.0008889827877283096","0.0008889827877283096"
"12575","0.007859377190470695","0.007859377190470695","0.007859377190470695"
"12577","0.006390534341335297","0.006390534341335297","0.006390534341335297"
"12579","0.029702143743634224","0.029702143743634224","0.029702143743634224"
"12581","0.04647642746567726","0.04647642746567726","0.04647642746567726"
"12583","0.0003491602838039398","0.0003491602838039398","0.0003491602838039398"
"12585","0.015427365899085999","0.015427365899085999","0.015427365899085999"
"12587","0.003651915118098259","0.003651915118098259","0.003651915118098259"
"12589","0.0016950927674770355","0.0016950927674770355","0.0016950927674770355"
"12591","0.005029179155826569","0.005029179155826569","0.005029179155826569"
"12593","0.008643852546811104","0.008643852546811104","0.008643852546811104"
"12595","0.0036912579089403152","0.0036912579089403152","0.0036912579089403152"
"12597","0.024692026898264885","0.024692026898264885","0.024692026898264885"
"12599","0.008964881300926208","0.008964881300926208","0.008964881300926208"
"12601","0.15803271532058716","0.15803271532058716","0.15803271532058716"
"12603","0.0024566911160945892","0.0024566911160945892","0.0024566911160945892"
"12605","0.017213888466358185","0.017213888466358185","0.017213888466358185"
"12607","0.00939561054110527","0.00939561054110527","0.00939561054110527"
"12609","0.013676365837454796","0.013676365837454796","0.013676365837454796"
"12611","0.012010794132947922","0.012010794132947922","0.012010794132947922"
"12613","0.031567804515361786","0.031567804515361786","0.031567804515361786"
"12615","0.0006211511790752411","0.0006211511790752411","0.0006211511790752411"
"12617","0.0006919726729393005","0.0006919726729393005","0.0006919726729393005"
"12619","0.10500369966030121","0.10500369966030121","0.10500369966030121"
"12621","0.00348006933927536","0.00348006933927536","0.00348006933927536"
"12623","0.02246936783194542","0.02246936783194542","0.02246936783194542"
"12625","0.013101758435368538","0.013101758435368538","0.013101758435368538"
"12627","0.0014593582600355148","0.0014593582600355148","0.0014593582600355148"
"12629","0.02515314519405365","0.02515314519405365","0.02515314519405365"
"12631","0.002167271450161934","0.002167271450161934","0.002167271450161934"
"12633","0.028402656316757202","0.028402656316757202","0.028402656316757202"
"12635","0.017254626378417015","0.017254626378417015","0.017254626378417015"
"12637","0.00008791685104370117","0.00008791685104370117","0.00008791685104370117"
"12639","0.1126495748758316","0.1126495748758316","0.1126495748758316"
"12641","0.0011214576661586761","0.0011214576661586761","0.0011214576661586761"
"12643","0.013346536085009575","0.013346536085009575","0.013346536085009575"
"12645","0.0023903828114271164","0.0023903828114271164","0.0023903828114271164"
"12647","0.003108041360974312","0.003108041360974312","0.003108041360974312"
"12649","0.0008140988647937775","0.0008140988647937775","0.0008140988647937775"
"12651","0.01381346583366394","0.01381346583366394","0.01381346583366394"
"12653","0.014062561094760895","0.014062561094760895","0.014062561094760895"
"12655","0.010801484808325768","0.010801484808325768","0.010801484808325768"
"12657","0.03990304470062256","0.03990304470062256","0.03990304470062256"
"12659","0.00019651837646961212","0.00019651837646961212","0.00019651837646961212"
"12661","0.0012034475803375244","0.0012034475803375244","0.0012034475803375244"
"12663","0.038372837007045746","0.038372837007045746","0.038372837007045746"
"12665","0.010549509897828102","0.010549509897828102","0.010549509897828102"
"12667","0.008107371628284454","0.008107371628284454","0.008107371628284454"
"12669","0.00273948535323143","0.00273948535323143","0.00273948535323143"
"12671","0.005566319450736046","0.005566319450736046","0.005566319450736046"
"12673","0.01042383722960949","0.01042383722960949","0.01042383722960949"
"12675","0.03622710704803467","0.03622710704803467","0.03622710704803467"
"12677","0.030222179368138313","0.030222179368138313","0.030222179368138313"
"12679","0.0014663077890872955","0.0014663077890872955","0.0014663077890872955"
"12681","0.05163281783461571","0.05163281783461571","0.05163281783461571"
"12683","0.012036925181746483","0.012036925181746483","0.012036925181746483"
"12685","0.007695794105529785","0.007695794105529785","0.007695794105529785"
"12687","0.009431488811969757","0.009431488811969757","0.009431488811969757"
"12689","0.000478917732834816","0.000478917732834816","0.000478917732834816"
"12691","0.011109709739685059","0.011109709739685059","0.011109709739685059"
"12693","0.019169878214597702","0.019169878214597702","0.019169878214597702"
"12695","0.012080026790499687","0.012080026790499687","0.012080026790499687"
"12697","0.004069667309522629","0.004069667309522629","0.004069667309522629"
"12699","0.0005124565213918686","0.0005124565213918686","0.0005124565213918686"
"12701","0.0005080439150333405","0.0005080439150333405","0.0005080439150333405"
"12703","0.0007282905280590057","0.0007282905280590057","0.0007282905280590057"
"12705","0.0015281308442354202","0.0015281308442354202","0.0015281308442354202"
"12707","0.010829208418726921","0.010829208418726921","0.010829208418726921"
"12709","0.013270236551761627","0.013270236551761627","0.013270236551761627"
"12711","0.00021287240087985992","0.00021287240087985992","0.00021287240087985992"
"12713","0.0033995267003774643","0.0033995267003774643","0.0033995267003774643"
"12715","0.046892549842596054","0.046892549842596054","0.046892549842596054"
"12717","0.005736842751502991","0.005736842751502991","0.005736842751502991"
"12719","0.017609940841794014","0.017609940841794014","0.017609940841794014"
"12721","0.0008240900933742523","0.0008240900933742523","0.0008240900933742523"
"12723","0.0015948545187711716","0.0015948545187711716","0.0015948545187711716"
"12725","0.004034189507365227","0.004034189507365227","0.004034189507365227"
"12727","0.020214589312672615","0.020214589312672615","0.020214589312672615"
"12729","0.006709150969982147","0.006709150969982147","0.006709150969982147"
"12734","0.0015820898115634918","0.0015820898115634918","0.0015820898115634918"
"12736","0.005813758820295334","0.005813758820295334","0.005813758820295334"
"12738","0.013125605881214142","0.013125605881214142","0.013125605881214142"
"12740","0.0021506622433662415","0.0021506622433662415","0.0021506622433662415"
"12742","0.008403362706303596","0.008403362706303596","0.008403362706303596"
"12744","0.015691649168729782","0.015691649168729782","0.015691649168729782"
"12746","0.1189054399728775","0.1189054399728775","0.1189054399728775"
"12748","0.0011907406151294708","0.0011907406151294708","0.0011907406151294708"
"12750","0.007073309272527695","0.007073309272527695","0.007073309272527695"
"12752","0.004547370597720146","0.004547370597720146","0.004547370597720146"
"12754","0.0013565309345722198","0.0013565309345722198","0.0013565309345722198"
"12756","0.014487192034721375","0.014487192034721375","0.014487192034721375"
"12758","0.0258525051176548","0.0258525051176548","0.0258525051176548"
"12760","0.01635669730603695","0.01635669730603695","0.01635669730603695"
"12762","0.00706900842487812","0.00706900842487812","0.00706900842487812"
"12764","0.02774270623922348","0.02774270623922348","0.02774270623922348"
"12766","0.00550159253180027","0.00550159253180027","0.00550159253180027"
"12768","0.0021900273859500885","0.0021900273859500885","0.0021900273859500885"
"12770","0.013907819986343384","0.013907819986343384","0.013907819986343384"
"12772","0.0008329693228006363","0.0008329693228006363","0.0008329693228006363"
"12774","0.011406982317566872","0.011406982317566872","0.011406982317566872"
"12776","0.008019834756851196","0.008019834756851196","0.008019834756851196"
"12778","0.02727610059082508","0.02727610059082508","0.02727610059082508"
"12780","0.006226010620594025","0.006226010620594025","0.006226010620594025"
"12782","0.10502484440803528","0.10502484440803528","0.10502484440803528"
"12784","0.0013171341270208359","0.0013171341270208359","0.0013171341270208359"
"12786","0.00035299360752105713","0.00035299360752105713","0.00035299360752105713"
"12788","0.001433907076716423","0.001433907076716423","0.001433907076716423"
"12790","0.003948934376239777","0.003948934376239777","0.003948934376239777"
"12792","0.010202065110206604","0.010202065110206604","0.010202065110206604"
"12794","0.0012507587671279907","0.0012507587671279907","0.0012507587671279907"
"12796","0.0037201493978500366","0.0037201493978500366","0.0037201493978500366"
"12798","0.019791729748249054","0.019791729748249054","0.019791729748249054"
"12800","0.005661528557538986","0.005661528557538986","0.005661528557538986"
"12802","0.015358060598373413","0.015358060598373413","0.015358060598373413"
"12804","0.01931837759912014","0.01931837759912014","0.01931837759912014"
"12806","0.0014061294496059418","0.0014061294496059418","0.0014061294496059418"
"12808","0.004128200933337212","0.004128200933337212","0.004128200933337212"
"12810","0.006685413420200348","0.006685413420200348","0.006685413420200348"
"12812","0.0009479913860559464","0.0009479913860559464","0.0009479913860559464"
"12814","0.004652632400393486","0.004652632400393486","0.004652632400393486"
"12816","0.0005960874259471893","0.0005960874259471893","0.0005960874259471893"
"12818","0.004944639280438423","0.004944639280438423","0.004944639280438423"
"12820","0.008063850924372673","0.008063850924372673","0.008063850924372673"
"12822","0.011931121349334717","0.011931121349334717","0.011931121349334717"
"12824","0.055136047303676605","0.055136047303676605","0.055136047303676605"
"12826","0.0047319866716861725","0.0047319866716861725","0.0047319866716861725"
"12828","0.0070610661059618","0.0070610661059618","0.0070610661059618"
"12830","0.029362527653574944","0.029362527653574944","0.029362527653574944"
"12832","0.008881740272045135","0.008881740272045135","0.008881740272045135"
"12834","0.05357141047716141","0.05357141047716141","0.05357141047716141"
"12836","0.0006530638784170151","0.0006530638784170151","0.0006530638784170151"
"12838","0.04344412684440613","0.04344412684440613","0.04344412684440613"
"12840","0.00884123332798481","0.00884123332798481","0.00884123332798481"
"12842","0.000761738047003746","0.000761738047003746","0.000761738047003746"
"12844","0.0005892440676689148","0.0005892440676689148","0.0005892440676689148"
"12846","0.01589488983154297","0.01589488983154297","0.01589488983154297"
"12848","0.000618763267993927","0.000618763267993927","0.000618763267993927"
"12850","0.021099403500556946","0.021099403500556946","0.021099403500556946"
"12852","0.0038797464221715927","0.0038797464221715927","0.0038797464221715927"
"12854","0.040414802730083466","0.040414802730083466","0.040414802730083466"
"12856","0.00577399879693985","0.00577399879693985","0.00577399879693985"
"12858","0.0030017979443073273","0.0030017979443073273","0.0030017979443073273"
"12860","0.02367909997701645","0.02367909997701645","0.02367909997701645"
"12862","0.04252390190958977","0.04252390190958977","0.04252390190958977"
"12864","0.0013702400028705597","0.0013702400028705597","0.0013702400028705597"
"12866","0.016770659014582634","0.016770659014582634","0.016770659014582634"
"12868","0.00970865786075592","0.00970865786075592","0.00970865786075592"
"12870","0.02426338940858841","0.02426338940858841","0.02426338940858841"
"12872","0.06431278586387634","0.06431278586387634","0.06431278586387634"
"12874","0.003735871985554695","0.003735871985554695","0.003735871985554695"
"12876","0.0018038153648376465","0.0018038153648376465","0.0018038153648376465"
"12878","0.017729848623275757","0.017729848623275757","0.017729848623275757"
"12880","0.11302746832370758","0.11302746832370758","0.11302746832370758"
"12882","0.0018077250570058823","0.0018077250570058823","0.0018077250570058823"
"12884","0.039298489689826965","0.039298489689826965","0.039298489689826965"
"12886","0.0009105410426855087","0.0009105410426855087","0.0009105410426855087"
"12888","0.010733572766184807","0.010733572766184807","0.010733572766184807"
"12890","0.009028613567352295","0.009028613567352295","0.009028613567352295"
"12892","0.024960774928331375","0.024960774928331375","0.024960774928331375"
"12894","0.0015140753239393234","0.0015140753239393234","0.0015140753239393234"
"12896","0.0012950189411640167","0.0012950189411640167","0.0012950189411640167"
"12898","0.007907014340162277","0.007907014340162277","0.007907014340162277"
"12900","0.0012314040213823318","0.0012314040213823318","0.0012314040213823318"
"12902","0.015452641993761063","0.015452641993761063","0.015452641993761063"
"12904","0.00026301853358745575","0.00026301853358745575","0.00026301853358745575"
"12906","0.003469955176115036","0.003469955176115036","0.003469955176115036"
"12908","0.0005938466638326645","0.0005938466638326645","0.0005938466638326645"
"12910","0.003570050001144409","0.003570050001144409","0.003570050001144409"
"12912","0.0005799569189548492","0.0005799569189548492","0.0005799569189548492"
"12914","0.005134955048561096","0.005134955048561096","0.005134955048561096"
"12916","0.004848688840866089","0.004848688840866089","0.004848688840866089"
"12918","0.010440915822982788","0.010440915822982788","0.010440915822982788"
"12920","0.00217529758810997","0.00217529758810997","0.00217529758810997"
"12922","0.001160861924290657","0.001160861924290657","0.001160861924290657"
"12924","0.0005170926451683044","0.0005170926451683044","0.0005170926451683044"
"12926","0.0026578009128570557","0.0026578009128570557","0.0026578009128570557"
"12928","0.0027411282062530518","0.0027411282062530518","0.0027411282062530518"
"12930","0.014899594709277153","0.014899594709277153","0.014899594709277153"
"12932","0.04513584449887276","0.04513584449887276","0.04513584449887276"
"12934","0.01536385715007782","0.01536385715007782","0.01536385715007782"
"12936","0.0004513990134000778","0.0004513990134000778","0.0004513990134000778"
"12938","0.009456031024456024","0.009456031024456024","0.009456031024456024"
"12940","0.008099481463432312","0.008099481463432312","0.008099481463432312"
"12942","0.0019086748361587524","0.0019086748361587524","0.0019086748361587524"
"12944","0.0015494711697101593","0.0015494711697101593","0.0015494711697101593"
"12946","0.02162032388150692","0.02162032388150692","0.02162032388150692"
"12948","0.009762588888406754","0.009762588888406754","0.009762588888406754"
"12950","0.0024740900844335556","0.0024740900844335556","0.0024740900844335556"
"12952","0.022780468687415123","0.022780468687415123","0.022780468687415123"
"12954","0.009566837921738625","0.009566837921738625","0.009566837921738625"
"12956","0.008998893201351166","0.008998893201351166","0.008998893201351166"
"12958","0.00047757476568222046","0.00047757476568222046","0.00047757476568222046"
"12960","0.009819753468036652","0.009819753468036652","0.009819753468036652"
"12962","0.002259444445371628","0.002259444445371628","0.002259444445371628"
"12964","0.0020004399120807648","0.0020004399120807648","0.0020004399120807648"
"12966","0.02497345395386219","0.02497345395386219","0.02497345395386219"
"12968","0.003006754443049431","0.003006754443049431","0.003006754443049431"
"12970","0.006290914490818977","0.006290914490818977","0.006290914490818977"
"12972","0.02204786241054535","0.02204786241054535","0.02204786241054535"
"12974","0.003928696736693382","0.003928696736693382","0.003928696736693382"
"12976","0.0027656666934490204","0.0027656666934490204","0.0027656666934490204"
"12978","0.006977923214435577","0.006977923214435577","0.006977923214435577"
"12980","0.06150435656309128","0.06150435656309128","0.06150435656309128"
"12982","0.003421112895011902","0.003421112895011902","0.003421112895011902"
"12984","0.001636812463402748","0.001636812463402748","0.001636812463402748"
"12986","0.0007118918001651764","0.0007118918001651764","0.0007118918001651764"
"12988","0.0009246878325939178","0.0009246878325939178","0.0009246878325939178"
"12990","0.0019855499267578125","0.0019855499267578125","0.0019855499267578125"
"12992","0.027657289057970047","0.027657289057970047","0.027657289057970047"
"12994","0.029972050338983536","0.029972050338983536","0.029972050338983536"
"12996","0.0003142021596431732","0.0003142021596431732","0.0003142021596431732"
"12998","0.0006023366004228592","0.0006023366004228592","0.0006023366004228592"
"13000","0.001977069303393364","0.001977069303393364","0.001977069303393364"
"13002","0.031644463539123535","0.031644463539123535","0.031644463539123535"
"13004","0.0005341321229934692","0.0005341321229934692","0.0005341321229934692"
"13006","0.0022914335131645203","0.0022914335131645203","0.0022914335131645203"
"13008","0.030520431697368622","0.030520431697368622","0.030520431697368622"
"13010","0.003907063975930214","0.003907063975930214","0.003907063975930214"
"13012","0.0006061885505914688","0.0006061885505914688","0.0006061885505914688"
"13014","0.006509795784950256","0.006509795784950256","0.006509795784950256"
"13016","0.0014743730425834656","0.0014743730425834656","0.0014743730425834656"
"13018","0.0035910513252019882","0.0035910513252019882","0.0035910513252019882"
"13020","0.028374269604682922","0.028374269604682922","0.028374269604682922"
"13022","0.0016374103724956512","0.0016374103724956512","0.0016374103724956512"
"13024","0.0025361739099025726","0.0025361739099025726","0.0025361739099025726"
"13026","0.0005005747079849243","0.0005005747079849243","0.0005005747079849243"
"13028","0.008091501891613007","0.008091501891613007","0.008091501891613007"
"13030","0.05803421139717102","0.05803421139717102","0.05803421139717102"
"13032","0.01800895482301712","0.01800895482301712","0.01800895482301712"
"13034","0.046353671699762344","0.046353671699762344","0.046353671699762344"
"13036","0.02196924015879631","0.02196924015879631","0.02196924015879631"
"13038","0.0031574945896863937","0.0031574945896863937","0.0031574945896863937"
"13040","0.007116856053471565","0.007116856053471565","0.007116856053471565"
"13042","0.0014438070356845856","0.0014438070356845856","0.0014438070356845856"
"13044","0.04291244596242905","0.04291244596242905","0.04291244596242905"
"13046","0.005934445187449455","0.005934445187449455","0.005934445187449455"
"13048","0.04185090214014053","0.04185090214014053","0.04185090214014053"
"13050","0.003489641472697258","0.003489641472697258","0.003489641472697258"
"13052","0.021725209429860115","0.021725209429860115","0.021725209429860115"
"13054","0.001998286694288254","0.001998286694288254","0.001998286694288254"
"13056","0.02676449343562126","0.02676449343562126","0.02676449343562126"
"13058","0.0005250144749879837","0.0005250144749879837","0.0005250144749879837"
"13060","0.004381049424409866","0.004381049424409866","0.004381049424409866"
"13062","0.02822481468319893","0.02822481468319893","0.02822481468319893"
"13064","0.006346073001623154","0.006346073001623154","0.006346073001623154"
"13066","0.0010835807770490646","0.0010835807770490646","0.0010835807770490646"
"13068","0.0004915352910757065","0.0004915352910757065","0.0004915352910757065"
"13070","0.0012723281979560852","0.0012723281979560852","0.0012723281979560852"
"13072","0.0007943771779537201","0.0007943771779537201","0.0007943771779537201"
"13074","0.025196008384227753","0.025196008384227753","0.025196008384227753"
"13076","0.0016303583979606628","0.0016303583979606628","0.0016303583979606628"
"13078","0.004269439727067947","0.004269439727067947","0.004269439727067947"
"13080","0.011665362864732742","0.011665362864732742","0.011665362864732742"
"13082","0.011432269588112831","0.011432269588112831","0.011432269588112831"
"13084","0.005514470860362053","0.005514470860362053","0.005514470860362053"
"13086","0.0047704800963401794","0.0047704800963401794","0.0047704800963401794"
"13088","0.0017032772302627563","0.0017032772302627563","0.0017032772302627563"
"13090","0.009072601795196533","0.009072601795196533","0.009072601795196533"
"13092","0.007164306938648224","0.007164306938648224","0.007164306938648224"
"13094","0.03521416336297989","0.03521416336297989","0.03521416336297989"
"13096","0.013623479753732681","0.013623479753732681","0.013623479753732681"
"13098","0.016047494485974312","0.016047494485974312","0.016047494485974312"
"13100","0.00789090059697628","0.00789090059697628","0.00789090059697628"
"13102","0.005739917978644371","0.005739917978644371","0.005739917978644371"
"13104","0.07469820976257324","0.07469820976257324","0.07469820976257324"
"13106","0.0036496948450803757","0.0036496948450803757","0.0036496948450803757"
"13108","0.024594401940703392","0.024594401940703392","0.024594401940703392"
"13110","0.0023080557584762573","0.0023080557584762573","0.0023080557584762573"
"13112","0.03867466002702713","0.03867466002702713","0.03867466002702713"
"13114","0.0025473888963460922","0.0025473888963460922","0.0025473888963460922"
"13116","0.0032666828483343124","0.0032666828483343124","0.0032666828483343124"
"13118","0.07947540283203125","0.07947540283203125","0.07947540283203125"
"13120","0.0004642624408006668","0.0004642624408006668","0.0004642624408006668"
"13122","0.0059288740158081055","0.0059288740158081055","0.0059288740158081055"
"13124","0.007724933326244354","0.007724933326244354","0.007724933326244354"
"13126","0.0027983561158180237","0.0027983561158180237","0.0027983561158180237"
"13128","0.00756584107875824","0.00756584107875824","0.00756584107875824"
"13130","0.005540080368518829","0.005540080368518829","0.005540080368518829"
"13132","0.007137952372431755","0.007137952372431755","0.007137952372431755"
"13134","0.0015525221824645996","0.0015525221824645996","0.0015525221824645996"
"13136","0.03258503973484039","0.03258503973484039","0.03258503973484039"
"13138","0.005898654460906982","0.005898654460906982","0.005898654460906982"
"13140","0.009389813989400864","0.009389813989400864","0.009389813989400864"
"13142","0.04347478970885277","0.04347478970885277","0.04347478970885277"
"13144","0.0028023403137922287","0.0028023403137922287","0.0028023403137922287"
"13146","0.004965111613273621","0.004965111613273621","0.004965111613273621"
"13148","0.0015752948820590973","0.0015752948820590973","0.0015752948820590973"
"13150","0.0014184247702360153","0.0014184247702360153","0.0014184247702360153"
"13152","0.007397051900625229","0.007397051900625229","0.007397051900625229"
"13154","0.09798295795917511","0.09798295795917511","0.09798295795917511"
"13156","0.0003014020621776581","0.0003014020621776581","0.0003014020621776581"
"13158","0.002289384603500366","0.002289384603500366","0.002289384603500366"
"13160","0.002517594024538994","0.002517594024538994","0.002517594024538994"
"13162","0.0031910985708236694","0.0031910985708236694","0.0031910985708236694"
"13164","0.009514294564723969","0.009514294564723969","0.009514294564723969"
"13166","0.011783702298998833","0.011783702298998833","0.011783702298998833"
"13168","0.00964994728565216","0.00964994728565216","0.00964994728565216"
"13170","0.001112164929509163","0.001112164929509163","0.001112164929509163"
"13172","0.0077644530683755875","0.0077644530683755875","0.0077644530683755875"
"13174","0.0026950743049383163","0.0026950743049383163","0.0026950743049383163"
"13176","0.006283259019255638","0.006283259019255638","0.006283259019255638"
"13178","0.0057320259511470795","0.0057320259511470795","0.0057320259511470795"
"13180","0.016555003821849823","0.016555003821849823","0.016555003821849823"
"13182","0.0029382258653640747","0.0029382258653640747","0.0029382258653640747"
"13184","0.019930990412831306","0.019930990412831306","0.019930990412831306"
"13186","0.005473421886563301","0.005473421886563301","0.005473421886563301"
"13188","0.011010784655809402","0.011010784655809402","0.011010784655809402"
"13190","0.0007959324866533279","0.0007959324866533279","0.0007959324866533279"
"13192","0.011889137327671051","0.011889137327671051","0.011889137327671051"
"13197","0.03841327875852585","0.03841327875852585","0.03841327875852585"
"13199","0.0061261095106601715","0.0061261095106601715","0.0061261095106601715"
"13201","0.002329770475625992","0.002329770475625992","0.002329770475625992"
"13203","0.0018484517931938171","0.0018484517931938171","0.0018484517931938171"
"13205","0.005148904398083687","0.005148904398083687","0.005148904398083687"
"13207","0.00261804461479187","0.00261804461479187","0.00261804461479187"
"13209","0.002957494929432869","0.002957494929432869","0.002957494929432869"
"13211","0.003295125439763069","0.003295125439763069","0.003295125439763069"
"13213","0.01290530152618885","0.01290530152618885","0.01290530152618885"
"13215","0.0022365693002939224","0.0022365693002939224","0.0022365693002939224"
"13217","0.009078554809093475","0.009078554809093475","0.009078554809093475"
"13219","0.02331247180700302","0.02331247180700302","0.02331247180700302"
"13221","0.011976247653365135","0.011976247653365135","0.011976247653365135"
"13223","0.0010973364114761353","0.0010973364114761353","0.0010973364114761353"
"13225","0.0013755187392234802","0.0013755187392234802","0.0013755187392234802"
"13227","0.0011614393442869186","0.0011614393442869186","0.0011614393442869186"
"13229","0.009232725948095322","0.009232725948095322","0.009232725948095322"
"13231","0.00023513101041316986","0.00023513101041316986","0.00023513101041316986"
"13233","0.0015971213579177856","0.0015971213579177856","0.0015971213579177856"
"13235","0.006629038602113724","0.006629038602113724","0.006629038602113724"
"13237","0.004215538501739502","0.004215538501739502","0.004215538501739502"
"13239","0.004190824925899506","0.004190824925899506","0.004190824925899506"
"13241","0.0017652064561843872","0.0017652064561843872","0.0017652064561843872"
"13243","0.00410105474293232","0.00410105474293232","0.00410105474293232"
"13245","0.012677200138568878","0.012677200138568878","0.012677200138568878"
"13247","0.011223964393138885","0.011223964393138885","0.011223964393138885"
"13249","0.005206257104873657","0.005206257104873657","0.005206257104873657"
"13251","0.00040551647543907166","0.00040551647543907166","0.00040551647543907166"
"13253","0.007140457630157471","0.007140457630157471","0.007140457630157471"
"13255","0.012904148548841476","0.012904148548841476","0.012904148548841476"
"13257","0.004535997286438942","0.004535997286438942","0.004535997286438942"
"13259","0.04401344805955887","0.04401344805955887","0.04401344805955887"
"13261","0.002813383936882019","0.002813383936882019","0.002813383936882019"
"13263","0.03368155658245087","0.03368155658245087","0.03368155658245087"
"13265","0.024980122223496437","0.024980122223496437","0.024980122223496437"
"13267","0.028233228251338005","0.028233228251338005","0.028233228251338005"
"13269","0.012515947222709656","0.012515947222709656","0.012515947222709656"
"13271","0.010557938367128372","0.010557938367128372","0.010557938367128372"
"13273","0.00017219595611095428","0.00017219595611095428","0.00017219595611095428"
"13275","0.00759076327085495","0.00759076327085495","0.00759076327085495"
"13277","0.006726093590259552","0.006726093590259552","0.006726093590259552"
"13279","0.008462745696306229","0.008462745696306229","0.008462745696306229"
"13281","0.00009809620678424835","0.00009809620678424835","0.00009809620678424835"
"13283","0.0041288770735263824","0.0041288770735263824","0.0041288770735263824"
"13285","0.021419698372483253","0.021419698372483253","0.021419698372483253"
"13287","0.004280444234609604","0.004280444234609604","0.004280444234609604"
"13289","0.015910083428025246","0.015910083428025246","0.015910083428025246"
"13291","0.0006837174296379089","0.0006837174296379089","0.0006837174296379089"
"13293","0.032166987657547","0.032166987657547","0.032166987657547"
"13295","0.07145675271749496","0.07145675271749496","0.07145675271749496"
"13297","0.0007855109870433807","0.0007855109870433807","0.0007855109870433807"
"13299","0.003670400008559227","0.003670400008559227","0.003670400008559227"
"13301","0.009178977459669113","0.009178977459669113","0.009178977459669113"
"13303","0.0006496850401163101","0.0006496850401163101","0.0006496850401163101"
"13305","0.00022725388407707214","0.00022725388407707214","0.00022725388407707214"
"13307","0.0008650645613670349","0.0008650645613670349","0.0008650645613670349"
"13309","0.004735291004180908","0.004735291004180908","0.004735291004180908"
"13311","0.0017177462577819824","0.0017177462577819824","0.0017177462577819824"
"13313","0.03761961683630943","0.03761961683630943","0.03761961683630943"
"13315","0.008550412952899933","0.008550412952899933","0.008550412952899933"
"13317","0.0026994477957487106","0.0026994477957487106","0.0026994477957487106"
"13319","0.0034786220639944077","0.0034786220639944077","0.0034786220639944077"
"13321","0.0016604270786046982","0.0016604270786046982","0.0016604270786046982"
"13323","0.007421454414725304","0.007421454414725304","0.007421454414725304"
"13325","0.0024945884943008423","0.0024945884943008423","0.0024945884943008423"
"13327","0.007500596344470978","0.007500596344470978","0.007500596344470978"
"13329","0.00653882697224617","0.00653882697224617","0.00653882697224617"
"13331","0.0006882250308990479","0.0006882250308990479","0.0006882250308990479"
"13333","0.0009132418781518936","0.0009132418781518936","0.0009132418781518936"
"13335","0.024211497977375984","0.024211497977375984","0.024211497977375984"
"13337","0.0032608453184366226","0.0032608453184366226","0.0032608453184366226"
"13339","0.0025600772351026535","0.0025600772351026535","0.0025600772351026535"
"13341","0.0024922452867031097","0.0024922452867031097","0.0024922452867031097"
"13343","0.0003994721919298172","0.0003994721919298172","0.0003994721919298172"
"13345","0.004845300689339638","0.004845300689339638","0.004845300689339638"
"13347","0.007325019687414169","0.007325019687414169","0.007325019687414169"
"13349","0.02183564379811287","0.02183564379811287","0.02183564379811287"
"13351","0.03688428923487663","0.03688428923487663","0.03688428923487663"
"13353","0.024362236261367798","0.024362236261367798","0.024362236261367798"
"13355","0.00021653063595294952","0.00021653063595294952","0.00021653063595294952"
"13357","0.012484751641750336","0.012484751641750336","0.012484751641750336"
"13359","0.0020174533128738403","0.0020174533128738403","0.0020174533128738403"
"13361","0.0003732088953256607","0.0003732088953256607","0.0003732088953256607"
"13363","0.007368594408035278","0.007368594408035278","0.007368594408035278"
"13365","0.0036408845335245132","0.0036408845335245132","0.0036408845335245132"
"13367","0.009213564917445183","0.009213564917445183","0.009213564917445183"
"13369","0.01012340560555458","0.01012340560555458","0.01012340560555458"
"13371","0.006366010755300522","0.006366010755300522","0.006366010755300522"
"13373","0.00946045108139515","0.00946045108139515","0.00946045108139515"
"13375","0.0004201401025056839","0.0004201401025056839","0.0004201401025056839"
"13377","0.002219822257757187","0.002219822257757187","0.002219822257757187"
"13379","0.004619814455509186","0.004619814455509186","0.004619814455509186"
"13381","0.0011925678700208664","0.0011925678700208664","0.0011925678700208664"
"13383","0.0012300815433263779","0.0012300815433263779","0.0012300815433263779"
"13385","0.00024498067796230316","0.00024498067796230316","0.00024498067796230316"
"13387","0.005116602405905724","0.005116602405905724","0.005116602405905724"
"13389","0.003818035125732422","0.003818035125732422","0.003818035125732422"
"13391","0.0027869604527950287","0.0027869604527950287","0.0027869604527950287"
"13393","0.020793071016669273","0.020793071016669273","0.020793071016669273"
"13395","0.008257314562797546","0.008257314562797546","0.008257314562797546"
"13397","0.00440606102347374","0.00440606102347374","0.00440606102347374"
"13399","0.030187193304300308","0.030187193304300308","0.030187193304300308"
"13401","0.0005218628793954849","0.0005218628793954849","0.0005218628793954849"
"13403","0.006050765514373779","0.006050765514373779","0.006050765514373779"
"13405","0.0014377143234014511","0.0014377143234014511","0.0014377143234014511"
"13407","0.00029830634593963623","0.00029830634593963623","0.00029830634593963623"
"13409","0.00394427590072155","0.00394427590072155","0.00394427590072155"
"13411","0.010505961254239082","0.010505961254239082","0.010505961254239082"
"13413","0.0030926596373319626","0.0030926596373319626","0.0030926596373319626"
"13415","0.001408090814948082","0.001408090814948082","0.001408090814948082"
"13417","0.007419401779770851","0.007419401779770851","0.007419401779770851"
"13419","0.0019983239471912384","0.0019983239471912384","0.0019983239471912384"
"13421","0.03429987281560898","0.03429987281560898","0.03429987281560898"
"13423","0.04704312980175018","0.04704312980175018","0.04704312980175018"
"13425","0.0020831823348999023","0.0020831823348999023","0.0020831823348999023"
"13427","0.0014385748654603958","0.0014385748654603958","0.0014385748654603958"
"13429","0.0011540129780769348","0.0011540129780769348","0.0011540129780769348"
"13431","0.011151636019349098","0.011151636019349098","0.011151636019349098"
"13433","0.008301084861159325","0.008301084861159325","0.008301084861159325"
"13435","0.0002915114164352417","0.0002915114164352417","0.0002915114164352417"
"13437","0.0011917799711227417","0.0011917799711227417","0.0011917799711227417"
"13439","0.02033546008169651","0.02033546008169651","0.02033546008169651"
"13441","0.006428122520446777","0.006428122520446777","0.006428122520446777"
"13443","0.0029438845813274384","0.0029438845813274384","0.0029438845813274384"
"13445","0.03781545162200928","0.03781545162200928","0.03781545162200928"
"13447","0.003349319100379944","0.003349319100379944","0.003349319100379944"
"13449","0.0008188765496015549","0.0008188765496015549","0.0008188765496015549"
"13451","0.016206376254558563","0.016206376254558563","0.016206376254558563"
"13453","0.0018934011459350586","0.0018934011459350586","0.0018934011459350586"
"13455","0.006493479013442993","0.006493479013442993","0.006493479013442993"
"13457","0.02160918526351452","0.02160918526351452","0.02160918526351452"
"13459","0.008992306888103485","0.008992306888103485","0.008992306888103485"
"13461","0.0006775911897420883","0.0006775911897420883","0.0006775911897420883"
"13463","0.03538347780704498","0.03538347780704498","0.03538347780704498"
"13465","0.00021152012050151825","0.00021152012050151825","0.00021152012050151825"
"13467","0.0016837771981954575","0.0016837771981954575","0.0016837771981954575"
"13469","0.011337187141180038","0.011337187141180038","0.011337187141180038"
"13471","0.0040265098214149475","0.0040265098214149475","0.0040265098214149475"
"13473","0.03819936513900757","0.03819936513900757","0.03819936513900757"
"13475","0.0003216452896595001","0.0003216452896595001","0.0003216452896595001"
"13477","0.0005995165556669235","0.0005995165556669235","0.0005995165556669235"
"13479","0.0015420503914356232","0.0015420503914356232","0.0015420503914356232"
"13481","0.01189432479441166","0.01189432479441166","0.01189432479441166"
"13483","0.005666995421051979","0.005666995421051979","0.005666995421051979"
"13485","0.0032039284706115723","0.0032039284706115723","0.0032039284706115723"
"13487","0.002411115914583206","0.002411115914583206","0.002411115914583206"
"13489","0.009253403171896935","0.009253403171896935","0.009253403171896935"
"13491","0.008019302040338516","0.008019302040338516","0.008019302040338516"
"13493","0.06448541581630707","0.06448541581630707","0.06448541581630707"
"13495","0.022227168083190918","0.022227168083190918","0.022227168083190918"
"13497","0.0004509296268224716","0.0004509296268224716","0.0004509296268224716"
"13499","0.0010570958256721497","0.0010570958256721497","0.0010570958256721497"
"13501","0.0007010623812675476","0.0007010623812675476","0.0007010623812675476"
"13503","0.00428413599729538","0.00428413599729538","0.00428413599729538"
"13505","0.00031422823667526245","0.00031422823667526245","0.00031422823667526245"
"13507","0.001746268942952156","0.001746268942952156","0.001746268942952156"
"13509","0.0008390601724386215","0.0008390601724386215","0.0008390601724386215"
"13511","0.012287573888897896","0.012287573888897896","0.012287573888897896"
"13513","0.03233860433101654","0.03233860433101654","0.03233860433101654"
"13515","0.005116621032357216","0.005116621032357216","0.005116621032357216"
"13517","0.007688507437705994","0.007688507437705994","0.007688507437705994"
"13519","0.012838264927268028","0.012838264927268028","0.012838264927268028"
"13521","0.025812217965722084","0.025812217965722084","0.025812217965722084"
"13523","0.003241525962948799","0.003241525962948799","0.003241525962948799"
"13525","0.010404815897345543","0.010404815897345543","0.010404815897345543"
"13527","0.030798839405179024","0.030798839405179024","0.030798839405179024"
"13529","0.02223791368305683","0.02223791368305683","0.02223791368305683"
"13531","0.012630509212613106","0.012630509212613106","0.012630509212613106"
"13533","0.006035752594470978","0.006035752594470978","0.006035752594470978"
"13535","0.01208147406578064","0.01208147406578064","0.01208147406578064"
"13537","0.00010065920650959015","0.00010065920650959015","0.00010065920650959015"
"13539","0.0261842031031847","0.0261842031031847","0.0261842031031847"
"13541","0.0005972757935523987","0.0005972757935523987","0.0005972757935523987"
"13543","0.004533594474196434","0.004533594474196434","0.004533594474196434"
"13545","0.045981209725141525","0.045981209725141525","0.045981209725141525"
"13547","0.0008212588727474213","0.0008212588727474213","0.0008212588727474213"
"13549","0.0025951191782951355","0.0025951191782951355","0.0025951191782951355"
"13551","0.09097813069820404","0.09097813069820404","0.09097813069820404"
"13553","0.009227171540260315","0.009227171540260315","0.009227171540260315"
"13555","0.0031223148107528687","0.0031223148107528687","0.0031223148107528687"
"13557","0.0035793017596006393","0.0035793017596006393","0.0035793017596006393"
"13559","0.003908244892954826","0.003908244892954826","0.003908244892954826"
"13561","0.002585824579000473","0.002585824579000473","0.002585824579000473"
"13563","0.005037620663642883","0.005037620663642883","0.005037620663642883"
"13565","0.03284697234630585","0.03284697234630585","0.03284697234630585"
"13567","0.00012197904288768768","0.00012197904288768768","0.00012197904288768768"
"13569","0.00014753267168998718","0.00014753267168998718","0.00014753267168998718"
"13571","0.027092374861240387","0.027092374861240387","0.027092374861240387"
"13573","0.010504759848117828","0.010504759848117828","0.010504759848117828"
"13575","0.0015326254069805145","0.0015326254069805145","0.0015326254069805145"
"13577","0.026351632550358772","0.026351632550358772","0.026351632550358772"
"13579","0.0593489445745945","0.0593489445745945","0.0593489445745945"
"13581","0.0005277879536151886","0.0005277879536151886","0.0005277879536151886"
"13583","0.0008001066744327545","0.0008001066744327545","0.0008001066744327545"
"13585","0.0009554699063301086","0.0009554699063301086","0.0009554699063301086"
"13587","0.008099332451820374","0.008099332451820374","0.008099332451820374"
"13589","0.0011769644916057587","0.0011769644916057587","0.0011769644916057587"
"13591","0.0023796111345291138","0.0023796111345291138","0.0023796111345291138"
"13593","0.0019937772303819656","0.0019937772303819656","0.0019937772303819656"
"13595","0.003988049924373627","0.003988049924373627","0.003988049924373627"
"13597","0.0010700616985559464","0.0010700616985559464","0.0010700616985559464"
"13599","0.03468518704175949","0.03468518704175949","0.03468518704175949"
"13601","0.0035318955779075623","0.0035318955779075623","0.0035318955779075623"
"13603","0.0026852786540985107","0.0026852786540985107","0.0026852786540985107"
"13605","0.0005367454141378403","0.0005367454141378403","0.0005367454141378403"
"13607","0.02146272361278534","0.02146272361278534","0.02146272361278534"
"13609","0.0018371623009443283","0.0018371623009443283","0.0018371623009443283"
"13611","0.01395372860133648","0.01395372860133648","0.01395372860133648"
"13613","0.0010493677109479904","0.0010493677109479904","0.0010493677109479904"
"13615","0.0037641674280166626","0.0037641674280166626","0.0037641674280166626"
"13617","0.0038765259087085724","0.0038765259087085724","0.0038765259087085724"
"13619","0.016873549669981003","0.016873549669981003","0.016873549669981003"
"13621","0.0018280278891324997","0.0018280278891324997","0.0018280278891324997"
"13623","0.001399856060743332","0.001399856060743332","0.001399856060743332"
"13625","0.0028418321162462234","0.0028418321162462234","0.0028418321162462234"
"13627","0.04857533052563667","0.04857533052563667","0.04857533052563667"
"13629","0.00699126161634922","0.00699126161634922","0.00699126161634922"
"13631","0.005395926535129547","0.005395926535129547","0.005395926535129547"
"13633","0.009907996281981468","0.009907996281981468","0.009907996281981468"
"13635","0.005713317543268204","0.005713317543268204","0.005713317543268204"
"13637","0.009713970124721527","0.009713970124721527","0.009713970124721527"
"13639","0.010837983340024948","0.010837983340024948","0.010837983340024948"
"13641","0.01836928352713585","0.01836928352713585","0.01836928352713585"
"13643","0.0022923704236745834","0.0022923704236745834","0.0022923704236745834"
"13645","0.00878765806555748","0.00878765806555748","0.00878765806555748"
"13647","0.001349160447716713","0.001349160447716713","0.001349160447716713"
"13649","0.016019368544220924","0.016019368544220924","0.016019368544220924"
"13651","0.001944180577993393","0.001944180577993393","0.001944180577993393"
"13653","0.00045005418360233307","0.00045005418360233307","0.00045005418360233307"
"13655","0.0008196942508220673","0.0008196942508220673","0.0008196942508220673"
"13660","0.004372045397758484","0.004372045397758484","0.004372045397758484"
"13662","0.0008857045322656631","0.0008857045322656631","0.0008857045322656631"
"13664","0.06512735038995743","0.06512735038995743","0.06512735038995743"
"13666","0.008186101913452148","0.008186101913452148","0.008186101913452148"
"13668","0.0025838203728199005","0.0025838203728199005","0.0025838203728199005"
"13670","0.005332959815859795","0.005332959815859795","0.005332959815859795"
"13672","0.002966690808534622","0.002966690808534622","0.002966690808534622"
"13674","0.0008475463837385178","0.0008475463837385178","0.0008475463837385178"
"13676","0.005726238712668419","0.005726238712668419","0.005726238712668419"
"13678","0.006537649780511856","0.006537649780511856","0.006537649780511856"
"13680","0.00015308335423469543","0.00015308335423469543","0.00015308335423469543"
"13682","0.005139783024787903","0.005139783024787903","0.005139783024787903"
"13684","0.0010434668511152267","0.0010434668511152267","0.0010434668511152267"
"13686","0.007205545902252197","0.007205545902252197","0.007205545902252197"
"13688","0.006271695718169212","0.006271695718169212","0.006271695718169212"
"13690","0.003029828891158104","0.003029828891158104","0.003029828891158104"
"13692","0.0013535600155591965","0.0013535600155591965","0.0013535600155591965"
"13694","0.0024274755269289017","0.0024274755269289017","0.0024274755269289017"
"13696","0.0005922168493270874","0.0005922168493270874","0.0005922168493270874"
"13698","0.03457033634185791","0.03457033634185791","0.03457033634185791"
"13700","0.0018922239542007446","0.0018922239542007446","0.0018922239542007446"
"13702","0.0015155058354139328","0.0015155058354139328","0.0015155058354139328"
"13704","0.0006746668368577957","0.0006746668368577957","0.0006746668368577957"
"13706","0.003034215420484543","0.003034215420484543","0.003034215420484543"
"13708","0.00237341970205307","0.00237341970205307","0.00237341970205307"
"13710","0.001571454107761383","0.001571454107761383","0.001571454107761383"
"13712","0.011103099212050438","0.011103099212050438","0.011103099212050438"
"13714","0.00026142410933971405","0.00026142410933971405","0.00026142410933971405"
"13716","0.02348662167787552","0.02348662167787552","0.02348662167787552"
"13718","0.005274707451462746","0.005274707451462746","0.005274707451462746"
"13720","0.003482123836874962","0.003482123836874962","0.003482123836874962"
"13722","0.02204819954931736","0.02204819954931736","0.02204819954931736"
"13724","0.042426660656929016","0.042426660656929016","0.042426660656929016"
"13726","0.015285927802324295","0.015285927802324295","0.015285927802324295"
"13728","0.00030452385544776917","0.00030452385544776917","0.00030452385544776917"
"13730","0.0021411441266536713","0.0021411441266536713","0.0021411441266536713"
"13732","0.0013602487742900848","0.0013602487742900848","0.0013602487742900848"
"13734","0.0033509396016597748","0.0033509396016597748","0.0033509396016597748"
"13736","0.002052517607808113","0.002052517607808113","0.002052517607808113"
"13738","0.0047700610011816025","0.0047700610011816025","0.0047700610011816025"
"13740","0.0011143926531076431","0.0011143926531076431","0.0011143926531076431"
"13742","0.012782011181116104","0.012782011181116104","0.012782011181116104"
"13744","0.0024248361587524414","0.0024248361587524414","0.0024248361587524414"
"13746","0.0022567324340343475","0.0022567324340343475","0.0022567324340343475"
"13748","0.006087351590394974","0.006087351590394974","0.006087351590394974"
"13750","0.0007769204676151276","0.0007769204676151276","0.0007769204676151276"
"13752","0.003596123307943344","0.003596123307943344","0.003596123307943344"
"13754","0.003967436030507088","0.003967436030507088","0.003967436030507088"
"13756","0.0006774980574846268","0.0006774980574846268","0.0006774980574846268"
"13758","0.0022436603903770447","0.0022436603903770447","0.0022436603903770447"
"13760","0.05381740257143974","0.05381740257143974","0.05381740257143974"
"13762","0.01675470359623432","0.01675470359623432","0.01675470359623432"
"13764","0.007380429655313492","0.007380429655313492","0.007380429655313492"
"13766","0.004928441718220711","0.004928441718220711","0.004928441718220711"
"13768","0.0012803319841623306","0.0012803319841623306","0.0012803319841623306"
"13770","0.01684042252600193","0.01684042252600193","0.01684042252600193"
"13772","0.0017013009637594223","0.0017013009637594223","0.0017013009637594223"
"13774","0.0026580914855003357","0.0026580914855003357","0.0026580914855003357"
"13776","0.027036448940634727","0.027036448940634727","0.027036448940634727"
"13778","0.010465942323207855","0.010465942323207855","0.010465942323207855"
"13780","0.017395110800862312","0.017395110800862312","0.017395110800862312"
"13782","0.00025451555848121643","0.00025451555848121643","0.00025451555848121643"
"13784","0.0016642715781927109","0.0016642715781927109","0.0016642715781927109"
"13786","0.00269974023103714","0.00269974023103714","0.00269974023103714"
"13788","0.00409797765314579","0.00409797765314579","0.00409797765314579"
"13790","0.004195304587483406","0.004195304587483406","0.004195304587483406"
"13792","0.0263077300041914","0.0263077300041914","0.0263077300041914"
"13794","0.013592096045613289","0.013592096045613289","0.013592096045613289"
"13796","0.01772935502231121","0.01772935502231121","0.01772935502231121"
"13798","0.00026349909603595734","0.00026349909603595734","0.00026349909603595734"
"13800","0.0031575579196214676","0.0031575579196214676","0.0031575579196214676"
"13802","0.0017073191702365875","0.0017073191702365875","0.0017073191702365875"
"13804","0.0018356014043092728","0.0018356014043092728","0.0018356014043092728"
"13806","0.005255244672298431","0.005255244672298431","0.005255244672298431"
"13808","0.008672177791595459","0.008672177791595459","0.008672177791595459"
"13810","0.05563712865114212","0.05563712865114212","0.05563712865114212"
"13812","0.001567356288433075","0.001567356288433075","0.001567356288433075"
"13814","0.013223519548773766","0.013223519548773766","0.013223519548773766"
"13816","0.000253947451710701","0.000253947451710701","0.000253947451710701"
"13818","0.0018890295177698135","0.0018890295177698135","0.0018890295177698135"
"13820","0.004581822082400322","0.004581822082400322","0.004581822082400322"
"13822","0.001956827938556671","0.001956827938556671","0.001956827938556671"
"13824","0.004093766212463379","0.004093766212463379","0.004093766212463379"
"13826","0.006511734798550606","0.006511734798550606","0.006511734798550606"
"13828","0.006281808018684387","0.006281808018684387","0.006281808018684387"
"13830","0.00394311361014843","0.00394311361014843","0.00394311361014843"
"13832","0.0017376095056533813","0.0017376095056533813","0.0017376095056533813"
"13834","0.00028451159596443176","0.00028451159596443176","0.00028451159596443176"
"13836","0.002110511064529419","0.002110511064529419","0.002110511064529419"
"13838","0.006252150982618332","0.006252150982618332","0.006252150982618332"
"13840","0.01525658369064331","0.01525658369064331","0.01525658369064331"
"13842","0.0010012127459049225","0.0010012127459049225","0.0010012127459049225"
"13844","0.0010542795062065125","0.0010542795062065125","0.0010542795062065125"
"13846","0.001901131123304367","0.001901131123304367","0.001901131123304367"
"13848","0.02105027250945568","0.02105027250945568","0.02105027250945568"
"13850","0.013934198766946793","0.013934198766946793","0.013934198766946793"
"13852","0.016634628176689148","0.016634628176689148","0.016634628176689148"
"13854","0.0031383875757455826","0.0031383875757455826","0.0031383875757455826"
"13856","0.002792399376630783","0.002792399376630783","0.002792399376630783"
"13858","0.0007261186838150024","0.0007261186838150024","0.0007261186838150024"
"13860","0.0020820163190364838","0.0020820163190364838","0.0020820163190364838"
"13862","0.0033190306276082993","0.0033190306276082993","0.0033190306276082993"
"13864","0.019456341862678528","0.019456341862678528","0.019456341862678528"
"13866","0.03256046026945114","0.03256046026945114","0.03256046026945114"
"13868","0.0007437001913785934","0.0007437001913785934","0.0007437001913785934"
"13870","0.043741077184677124","0.043741077184677124","0.043741077184677124"
"13872","0.0020537767559289932","0.0020537767559289932","0.0020537767559289932"
"13874","0.005234930664300919","0.005234930664300919","0.005234930664300919"
"13876","0.007892470806837082","0.007892470806837082","0.007892470806837082"
"13878","0.004025574773550034","0.004025574773550034","0.004025574773550034"
"13880","0.14480432868003845","0.14480432868003845","0.14480432868003845"
"13882","0.002092638984322548","0.002092638984322548","0.002092638984322548"
"13884","0.000390373170375824","0.000390373170375824","0.000390373170375824"
"13886","0.06051785126328468","0.06051785126328468","0.06051785126328468"
"13888","0.0004907473921775818","0.0004907473921775818","0.0004907473921775818"
"13890","0.0005427021533250809","0.0005427021533250809","0.0005427021533250809"
"13892","0.022642649710178375","0.022642649710178375","0.022642649710178375"
"13894","0.00024680234491825104","0.00024680234491825104","0.00024680234491825104"
"13896","0.008741341531276703","0.008741341531276703","0.008741341531276703"
"13898","0.040010664612054825","0.040010664612054825","0.040010664612054825"
"13900","0.0030484870076179504","0.0030484870076179504","0.0030484870076179504"
"13902","0.0019742995500564575","0.0019742995500564575","0.0019742995500564575"
"13904","0.001892630010843277","0.001892630010843277","0.001892630010843277"
"13906","0.00799701176583767","0.00799701176583767","0.00799701176583767"
"13908","0.004623644053936005","0.004623644053936005","0.004623644053936005"
"13910","0.016588585451245308","0.016588585451245308","0.016588585451245308"
"13912","0.00006829388439655304","0.00006829388439655304","0.00006829388439655304"
"13914","0.05026693269610405","0.05026693269610405","0.05026693269610405"
"13916","0.0015508290380239487","0.0015508290380239487","0.0015508290380239487"
"13918","0.002808777615427971","0.002808777615427971","0.002808777615427971"
"13920","0.0009243115782737732","0.0009243115782737732","0.0009243115782737732"
"13922","0.001070961356163025","0.001070961356163025","0.001070961356163025"
"13924","0.0004760082811117172","0.0004760082811117172","0.0004760082811117172"
"13926","0.0003720726817846298","0.0003720726817846298","0.0003720726817846298"
"13928","0.013768918812274933","0.013768918812274933","0.013768918812274933"
"13930","0.0015241969376802444","0.0015241969376802444","0.0015241969376802444"
"13932","0.015701793134212494","0.015701793134212494","0.015701793134212494"
"13934","0.01047174446284771","0.01047174446284771","0.01047174446284771"
"13936","0.00961996428668499","0.00961996428668499","0.00961996428668499"
"13938","0.0017674248665571213","0.0017674248665571213","0.0017674248665571213"
"13940","0.007518880069255829","0.007518880069255829","0.007518880069255829"
"13942","0.018091555684804916","0.018091555684804916","0.018091555684804916"
"13944","0.006456116214394569","0.006456116214394569","0.006456116214394569"
"13946","0.004857048392295837","0.004857048392295837","0.004857048392295837"
"13948","0.0010041743516921997","0.0010041743516921997","0.0010041743516921997"
"13950","0.00887129083275795","0.00887129083275795","0.00887129083275795"
"13952","0.013618497177958488","0.013618497177958488","0.013618497177958488"
"13954","0.03636251389980316","0.03636251389980316","0.03636251389980316"
"13956","0.0003101751208305359","0.0003101751208305359","0.0003101751208305359"
"13958","0.002695024013519287","0.002695024013519287","0.002695024013519287"
"13960","0.006481748074293137","0.006481748074293137","0.006481748074293137"
"13962","0.003291308879852295","0.003291308879852295","0.003291308879852295"
"13964","0.0014047380536794662","0.0014047380536794662","0.0014047380536794662"
"13966","0.06593906134366989","0.06593906134366989","0.06593906134366989"
"13968","0.0022039897739887238","0.0022039897739887238","0.0022039897739887238"
"13970","0.007373282685875893","0.007373282685875893","0.007373282685875893"
"13972","0.047015730291604996","0.047015730291604996","0.047015730291604996"
"13974","0.002016887068748474","0.002016887068748474","0.002016887068748474"
"13976","0.006431668996810913","0.006431668996810913","0.006431668996810913"
"13978","0.011828837916254997","0.011828837916254997","0.011828837916254997"
"13980","0.0003957841545343399","0.0003957841545343399","0.0003957841545343399"
"13982","0.008171945810317993","0.008171945810317993","0.008171945810317993"
"13984","0.022703515365719795","0.022703515365719795","0.022703515365719795"
"13986","0.00773199275135994","0.00773199275135994","0.00773199275135994"
"13988","0.0048386529088020325","0.0048386529088020325","0.0048386529088020325"
"13990","0.002075621858239174","0.002075621858239174","0.002075621858239174"
"13992","0.0011367835104465485","0.0011367835104465485","0.0011367835104465485"
"13994","0.004950810223817825","0.004950810223817825","0.004950810223817825"
"13996","0.0338197760283947","0.0338197760283947","0.0338197760283947"
"13998","0.0002658125013113022","0.0002658125013113022","0.0002658125013113022"
"14000","0.0022893529385328293","0.0022893529385328293","0.0022893529385328293"
"14002","0.00560496561229229","0.00560496561229229","0.00560496561229229"
"14004","0.011791523545980453","0.011791523545980453","0.011791523545980453"
"14006","0.0022302381694316864","0.0022302381694316864","0.0022302381694316864"
"14008","0.002143189311027527","0.002143189311027527","0.002143189311027527"
"14010","0.0005627423524856567","0.0005627423524856567","0.0005627423524856567"
"14012","0.003288811072707176","0.003288811072707176","0.003288811072707176"
"14014","0.010129250586032867","0.010129250586032867","0.010129250586032867"
"14016","0.04299468174576759","0.04299468174576759","0.04299468174576759"
"14018","0.002415163442492485","0.002415163442492485","0.002415163442492485"
"14020","0.00025385618209838867","0.00025385618209838867","0.00025385618209838867"
"14022","0.007266199216246605","0.007266199216246605","0.007266199216246605"
"14024","0.0061018206179142","0.0061018206179142","0.0061018206179142"
"14026","0.01310265064239502","0.01310265064239502","0.01310265064239502"
"14028","0.016174154356122017","0.016174154356122017","0.016174154356122017"
"14030","0.0013004504144191742","0.0013004504144191742","0.0013004504144191742"
"14032","0.001573767513036728","0.001573767513036728","0.001573767513036728"
"14034","0.0011084582656621933","0.0011084582656621933","0.0011084582656621933"
"14036","0.0008227881044149399","0.0008227881044149399","0.0008227881044149399"
"14038","0.00021332129836082458","0.00021332129836082458","0.00021332129836082458"
"14040","0.0009865853935480118","0.0009865853935480118","0.0009865853935480118"
"14042","0.005608338862657547","0.005608338862657547","0.005608338862657547"
"14044","0.06527750194072723","0.06527750194072723","0.06527750194072723"
"14046","0.014350997284054756","0.014350997284054756","0.014350997284054756"
"14048","0.0062087662518024445","0.0062087662518024445","0.0062087662518024445"
"14050","0.0016668345779180527","0.0016668345779180527","0.0016668345779180527"
"14052","0.002650504931807518","0.002650504931807518","0.002650504931807518"
"14054","0.002943923696875572","0.002943923696875572","0.002943923696875572"
"14056","0.0002861376851797104","0.0002861376851797104","0.0002861376851797104"
"14058","0.021405914798378944","0.021405914798378944","0.021405914798378944"
"14060","0.0022738054394721985","0.0022738054394721985","0.0022738054394721985"
"14062","0.014984166249632835","0.014984166249632835","0.014984166249632835"
"14064","0.0020089931786060333","0.0020089931786060333","0.0020089931786060333"
"14066","0.0011126641184091568","0.0011126641184091568","0.0011126641184091568"
"14068","0.03433369845151901","0.03433369845151901","0.03433369845151901"
"14070","0.010693321004509926","0.010693321004509926","0.010693321004509926"
"14072","0.0052711740136146545","0.0052711740136146545","0.0052711740136146545"
"14074","0.020239083096385002","0.020239083096385002","0.020239083096385002"
"14076","0.06920281052589417","0.06920281052589417","0.06920281052589417"
"14078","0.010264880955219269","0.010264880955219269","0.010264880955219269"
"14080","0.0012984201312065125","0.0012984201312065125","0.0012984201312065125"
"14082","0.009517095983028412","0.009517095983028412","0.009517095983028412"
"14084","0.007449831813573837","0.007449831813573837","0.007449831813573837"
"14086","0.055801697075366974","0.055801697075366974","0.055801697075366974"
"14088","0.0004207175225019455","0.0004207175225019455","0.0004207175225019455"
"14090","0.0005544759333133698","0.0005544759333133698","0.0005544759333133698"
"14092","0.0004044901579618454","0.0004044901579618454","0.0004044901579618454"
"14094","0.023062389343976974","0.023062389343976974","0.023062389343976974"
"14096","0.010303743183612823","0.010303743183612823","0.010303743183612823"
"14098","0.030931467190384865","0.030931467190384865","0.030931467190384865"
"14100","0.005072250962257385","0.005072250962257385","0.005072250962257385"
"14102","0.0035360846668481827","0.0035360846668481827","0.0035360846668481827"
"14104","0.009125219658017159","0.009125219658017159","0.009125219658017159"
"14106","0.013570807874202728","0.013570807874202728","0.013570807874202728"
"14108","0.0015903115272521973","0.0015903115272521973","0.0015903115272521973"
"14110","0.02321022003889084","0.02321022003889084","0.02321022003889084"
"14112","0.003447212278842926","0.003447212278842926","0.003447212278842926"
"14114","0.016053002327680588","0.016053002327680588","0.016053002327680588"
"14116","0.01699795573949814","0.01699795573949814","0.01699795573949814"
"14118","0.0024069342762231827","0.0024069342762231827","0.0024069342762231827"
"14123","0.00030989013612270355","0.00030989013612270355","0.00030989013612270355"
"14125","0.002111479640007019","0.002111479640007019","0.002111479640007019"
"14127","0.0010902024805545807","0.0010902024805545807","0.0010902024805545807"
"14129","0.0026921890676021576","0.0026921890676021576","0.0026921890676021576"
"14131","0.005099700763821602","0.005099700763821602","0.005099700763821602"
"14133","0.001238074153661728","0.001238074153661728","0.001238074153661728"
"14135","0.004179883748292923","0.004179883748292923","0.004179883748292923"
"14137","0.0017672590911388397","0.0017672590911388397","0.0017672590911388397"
"14139","0.015711864456534386","0.015711864456534386","0.015711864456534386"
"14141","0.0015074200928211212","0.0015074200928211212","0.0015074200928211212"
"14143","0.012063443660736084","0.012063443660736084","0.012063443660736084"
"14145","0.0014676079154014587","0.0014676079154014587","0.0014676079154014587"
"14147","0.0006778743118047714","0.0006778743118047714","0.0006778743118047714"
"14149","0.07532523572444916","0.07532523572444916","0.07532523572444916"
"14151","0.0008876696228981018","0.0008876696228981018","0.0008876696228981018"
"14153","0.002914395183324814","0.002914395183324814","0.002914395183324814"
"14155","0.0031075607985258102","0.0031075607985258102","0.0031075607985258102"
"14157","0.0013139434158802032","0.0013139434158802032","0.0013139434158802032"
"14159","0.00698213092982769","0.00698213092982769","0.00698213092982769"
"14161","0.0009672101587057114","0.0009672101587057114","0.0009672101587057114"
"14163","0.002758841961622238","0.002758841961622238","0.002758841961622238"
"14165","0.0035206004977226257","0.0035206004977226257","0.0035206004977226257"
"14167","0.013134103268384933","0.013134103268384933","0.013134103268384933"
"14169","0.03912729397416115","0.03912729397416115","0.03912729397416115"
"14171","0.005614511668682098","0.005614511668682098","0.005614511668682098"
"14173","0.003035185858607292","0.003035185858607292","0.003035185858607292"
"14175","0.02841881662607193","0.02841881662607193","0.02841881662607193"
"14177","0.009367763996124268","0.009367763996124268","0.009367763996124268"
"14179","0.007499800994992256","0.007499800994992256","0.007499800994992256"
"14181","0.008071895688772202","0.008071895688772202","0.008071895688772202"
"14183","0.0012947916984558105","0.0012947916984558105","0.0012947916984558105"
"14185","0.05405382066965103","0.05405382066965103","0.05405382066965103"
"14187","0.026389462873339653","0.026389462873339653","0.026389462873339653"
"14189","0.01947479322552681","0.01947479322552681","0.01947479322552681"
"14191","0.0066467393189668655","0.0066467393189668655","0.0066467393189668655"
"14193","0.10314245522022247","0.10314245522022247","0.10314245522022247"
"14195","0.010219534859061241","0.010219534859061241","0.010219534859061241"
"14197","0.004700452089309692","0.004700452089309692","0.004700452089309692"
"14199","0.0007131211459636688","0.0007131211459636688","0.0007131211459636688"
"14201","0.005381118506193161","0.005381118506193161","0.005381118506193161"
"14203","0.00009731203317642212","0.00009731203317642212","0.00009731203317642212"
"14205","0.00014100223779678345","0.00014100223779678345","0.00014100223779678345"
"14207","0.0038436874747276306","0.0038436874747276306","0.0038436874747276306"
"14209","0.004815535619854927","0.004815535619854927","0.004815535619854927"
"14211","0.008146211504936218","0.008146211504936218","0.008146211504936218"
"14213","0.0007604453712701797","0.0007604453712701797","0.0007604453712701797"
"14215","0.0015997439622879028","0.0015997439622879028","0.0015997439622879028"
"14217","0.003979282453656197","0.003979282453656197","0.003979282453656197"
"14219","0.04457636550068855","0.04457636550068855","0.04457636550068855"
"14221","0.0037169307470321655","0.0037169307470321655","0.0037169307470321655"
"14223","0.028057310730218887","0.028057310730218887","0.028057310730218887"
"14225","0.01764935813844204","0.01764935813844204","0.01764935813844204"
"14227","0.009839637205004692","0.009839637205004692","0.009839637205004692"
"14229","0.0019043274223804474","0.0019043274223804474","0.0019043274223804474"
"14231","0.029605211690068245","0.029605211690068245","0.029605211690068245"
"14233","0.0018686391413211823","0.0018686391413211823","0.0018686391413211823"
"14235","0.014635404571890831","0.014635404571890831","0.014635404571890831"
"14237","0.0036942865699529648","0.0036942865699529648","0.0036942865699529648"
"14239","0.0014242958277463913","0.0014242958277463913","0.0014242958277463913"
"14241","0.0004788283258676529","0.0004788283258676529","0.0004788283258676529"
"14243","0.00999314896762371","0.00999314896762371","0.00999314896762371"
"14245","0.006945215165615082","0.006945215165615082","0.006945215165615082"
"14247","0.0005715377628803253","0.0005715377628803253","0.0005715377628803253"
"14249","0.0022662989795207977","0.0022662989795207977","0.0022662989795207977"
"14251","0.0022148601710796356","0.0022148601710796356","0.0022148601710796356"
"14253","0.01620902679860592","0.01620902679860592","0.01620902679860592"
"14255","0.02613155171275139","0.02613155171275139","0.02613155171275139"
"14257","0.0003595445305109024","0.0003595445305109024","0.0003595445305109024"
"14259","0.002759914845228195","0.002759914845228195","0.002759914845228195"
"14261","0.0010976549237966537","0.0010976549237966537","0.0010976549237966537"
"14263","0.05804057419300079","0.05804057419300079","0.05804057419300079"
"14265","0.0009960643947124481","0.0009960643947124481","0.0009960643947124481"
"14267","0.0020078420639038086","0.0020078420639038086","0.0020078420639038086"
"14269","0.017987914383411407","0.017987914383411407","0.017987914383411407"
"14271","0.014327289536595345","0.014327289536595345","0.014327289536595345"
"14273","0.007063483819365501","0.007063483819365501","0.007063483819365501"
"14275","0.0037154164165258408","0.0037154164165258408","0.0037154164165258408"
"14277","0.0007423907518386841","0.0007423907518386841","0.0007423907518386841"
"14279","0.0018612071871757507","0.0018612071871757507","0.0018612071871757507"
"14281","0.0002471432089805603","0.0002471432089805603","0.0002471432089805603"
"14283","0.03274613618850708","0.03274613618850708","0.03274613618850708"
"14285","0.07311855256557465","0.07311855256557465","0.07311855256557465"
"14287","0.022163715213537216","0.022163715213537216","0.022163715213537216"
"14289","0.02121725119650364","0.02121725119650364","0.02121725119650364"
"14291","0.0019516460597515106","0.0019516460597515106","0.0019516460597515106"
"14293","0.008327921852469444","0.008327921852469444","0.008327921852469444"
"14295","0.0010518357157707214","0.0010518357157707214","0.0010518357157707214"
"14297","0.005426179617643356","0.005426179617643356","0.005426179617643356"
"14299","0.024958167225122452","0.024958167225122452","0.024958167225122452"
"14301","0.003054562956094742","0.003054562956094742","0.003054562956094742"
"14303","0.004387915134429932","0.004387915134429932","0.004387915134429932"
"14305","0.02397717535495758","0.02397717535495758","0.02397717535495758"
"14307","0.009975668042898178","0.009975668042898178","0.009975668042898178"
"14309","0.007088400423526764","0.007088400423526764","0.007088400423526764"
"14311","0.027854004874825478","0.027854004874825478","0.027854004874825478"
"14313","0.0024184323847293854","0.0024184323847293854","0.0024184323847293854"
"14315","0.0010766945779323578","0.0010766945779323578","0.0010766945779323578"
"14317","0.08204829692840576","0.08204829692840576","0.08204829692840576"
"14319","0.0007575210183858871","0.0007575210183858871","0.0007575210183858871"
"14321","0.027801986783742905","0.027801986783742905","0.027801986783742905"
"14323","0.004392853006720543","0.004392853006720543","0.004392853006720543"
"14325","0.024738013744354248","0.024738013744354248","0.024738013744354248"
"14327","0.031350813806056976","0.031350813806056976","0.031350813806056976"
"14329","0.0020058266818523407","0.0020058266818523407","0.0020058266818523407"
"14331","0.0034175049513578415","0.0034175049513578415","0.0034175049513578415"
"14333","0.005313664674758911","0.005313664674758911","0.005313664674758911"
"14335","0.006315959617495537","0.006315959617495537","0.006315959617495537"
"14337","0.033014409244060516","0.033014409244060516","0.033014409244060516"
"14339","0.003025343641638756","0.003025343641638756","0.003025343641638756"
"14341","0.0008054506033658981","0.0008054506033658981","0.0008054506033658981"
"14343","0.005376432090997696","0.005376432090997696","0.005376432090997696"
"14345","0.000716526061296463","0.000716526061296463","0.000716526061296463"
"14347","0.006097150966525078","0.006097150966525078","0.006097150966525078"
"14349","0.01998049020767212","0.01998049020767212","0.01998049020767212"
"14351","0.02258596196770668","0.02258596196770668","0.02258596196770668"
"14353","0.020557934418320656","0.020557934418320656","0.020557934418320656"
"14355","0.015490256249904633","0.015490256249904633","0.015490256249904633"
"14357","0.007081067189574242","0.007081067189574242","0.007081067189574242"
"14359","0.0397554449737072","0.0397554449737072","0.0397554449737072"
"14361","0.022437850013375282","0.022437850013375282","0.022437850013375282"
"14363","0.0007833298295736313","0.0007833298295736313","0.0007833298295736313"
"14365","0.005406128242611885","0.005406128242611885","0.005406128242611885"
"14367","0.003777412697672844","0.003777412697672844","0.003777412697672844"
"14369","0.0008804034441709518","0.0008804034441709518","0.0008804034441709518"
"14371","0.0010727718472480774","0.0010727718472480774","0.0010727718472480774"
"14373","0.007349744439125061","0.007349744439125061","0.007349744439125061"
"14375","0.0011972617357969284","0.0011972617357969284","0.0011972617357969284"
"14377","0.0007422976195812225","0.0007422976195812225","0.0007422976195812225"
"14379","0.0006956402212381363","0.0006956402212381363","0.0006956402212381363"
"14381","0.0012878812849521637","0.0012878812849521637","0.0012878812849521637"
"14383","0.025180630385875702","0.025180630385875702","0.025180630385875702"
"14385","0.06480809301137924","0.06480809301137924","0.06480809301137924"
"14387","0.0035979021340608597","0.0035979021340608597","0.0035979021340608597"
"14389","0.007955772802233696","0.007955772802233696","0.007955772802233696"
"14391","0.011821160092949867","0.011821160092949867","0.011821160092949867"
"14393","0.008279506117105484","0.008279506117105484","0.008279506117105484"
"14395","0.008150050416588783","0.008150050416588783","0.008150050416588783"
"14397","0.0014629792422056198","0.0014629792422056198","0.0014629792422056198"
"14399","0.000697847455739975","0.000697847455739975","0.000697847455739975"
"14401","0.011732600629329681","0.011732600629329681","0.011732600629329681"
"14403","0.019624359905719757","0.019624359905719757","0.019624359905719757"
"14405","0.0028206221759319305","0.0028206221759319305","0.0028206221759319305"
"14407","0.0037326645106077194","0.0037326645106077194","0.0037326645106077194"
"14409","0.04825453460216522","0.04825453460216522","0.04825453460216522"
"14411","0.0017138123512268066","0.0017138123512268066","0.0017138123512268066"
"14413","0.002824433147907257","0.002824433147907257","0.002824433147907257"
"14415","0.010836740955710411","0.010836740955710411","0.010836740955710411"
"14417","0.0025606583803892136","0.0025606583803892136","0.0025606583803892136"
"14419","0.04143776744604111","0.04143776744604111","0.04143776744604111"
"14421","0.0008167233318090439","0.0008167233318090439","0.0008167233318090439"
"14423","0.002436358481645584","0.002436358481645584","0.002436358481645584"
"14425","0.029702838510274887","0.029702838510274887","0.029702838510274887"
"14427","0.027895327657461166","0.027895327657461166","0.027895327657461166"
"14429","0.035715751349925995","0.035715751349925995","0.035715751349925995"
"14431","0.0012341886758804321","0.0012341886758804321","0.0012341886758804321"
"14433","0.009510058909654617","0.009510058909654617","0.009510058909654617"
"14435","0.00039733201265335083","0.00039733201265335083","0.00039733201265335083"
"14437","0.013463348150253296","0.013463348150253296","0.013463348150253296"
"14439","0.00682460330426693","0.00682460330426693","0.00682460330426693"
"14441","0.002168988808989525","0.002168988808989525","0.002168988808989525"
"14443","0.011939384043216705","0.011939384043216705","0.011939384043216705"
"14445","0.0028580259531736374","0.0028580259531736374","0.0028580259531736374"
"14447","0.024222061038017273","0.024222061038017273","0.024222061038017273"
"14449","0.002382934093475342","0.002382934093475342","0.002382934093475342"
"14451","0.004677608609199524","0.004677608609199524","0.004677608609199524"
"14453","0.0035186931490898132","0.0035186931490898132","0.0035186931490898132"
"14455","0.0012442786246538162","0.0012442786246538162","0.0012442786246538162"
"14457","0.006569383665919304","0.006569383665919304","0.006569383665919304"
"14459","0.0005375761538743973","0.0005375761538743973","0.0005375761538743973"
"14461","0.009437624365091324","0.009437624365091324","0.009437624365091324"
"14463","0.0008133836090564728","0.0008133836090564728","0.0008133836090564728"
"14465","0.0002474561333656311","0.0002474561333656311","0.0002474561333656311"
"14467","0.001470649614930153","0.001470649614930153","0.001470649614930153"
"14469","0.037101682275533676","0.037101682275533676","0.037101682275533676"
"14471","0.05709134414792061","0.05709134414792061","0.05709134414792061"
"14473","0.02729870192706585","0.02729870192706585","0.02729870192706585"
"14475","0.0004685744643211365","0.0004685744643211365","0.0004685744643211365"
"14477","0.0013682860881090164","0.0013682860881090164","0.0013682860881090164"
"14479","0.03818465769290924","0.03818465769290924","0.03818465769290924"
"14481","0.0014390647411346436","0.0014390647411346436","0.0014390647411346436"
"14483","0.003400888293981552","0.003400888293981552","0.003400888293981552"
"14485","0.05404681712388992","0.05404681712388992","0.05404681712388992"
"14487","0.00516865961253643","0.00516865961253643","0.00516865961253643"
"14489","0.06174962967634201","0.06174962967634201","0.06174962967634201"
"14491","0.07000454515218735","0.07000454515218735","0.07000454515218735"
"14493","0.01845516636967659","0.01845516636967659","0.01845516636967659"
"14495","0.007606813684105873","0.007606813684105873","0.007606813684105873"
"14497","0.021832238882780075","0.021832238882780075","0.021832238882780075"
"14499","0.0013598129153251648","0.0013598129153251648","0.0013598129153251648"
"14501","0.0006758067756891251","0.0006758067756891251","0.0006758067756891251"
"14503","0.011845486238598824","0.011845486238598824","0.011845486238598824"
"14505","0.005586050450801849","0.005586050450801849","0.005586050450801849"
"14507","0.0012006741017103195","0.0012006741017103195","0.0012006741017103195"
"14509","0.0048790425062179565","0.0048790425062179565","0.0048790425062179565"
"14511","0.0004992261528968811","0.0004992261528968811","0.0004992261528968811"
"14513","0.0019878875464200974","0.0019878875464200974","0.0019878875464200974"
"14515","0.006131760776042938","0.006131760776042938","0.006131760776042938"
"14517","0.0033694952726364136","0.0033694952726364136","0.0033694952726364136"
"14519","0.0527159608900547","0.0527159608900547","0.0527159608900547"
"14521","0.0009389631450176239","0.0009389631450176239","0.0009389631450176239"
"14523","0.0004937481135129929","0.0004937481135129929","0.0004937481135129929"
"14525","0.0014364421367645264","0.0014364421367645264","0.0014364421367645264"
"14527","0.001666659489274025","0.001666659489274025","0.001666659489274025"
"14529","0.031245676800608635","0.031245676800608635","0.031245676800608635"
"14531","0.0016058143228292465","0.0016058143228292465","0.0016058143228292465"
"14533","0.021481335163116455","0.021481335163116455","0.021481335163116455"
"14535","0.015407651662826538","0.015407651662826538","0.015407651662826538"
"14537","0.0005201846361160278","0.0005201846361160278","0.0005201846361160278"
"14539","0.028878895565867424","0.028878895565867424","0.028878895565867424"
"14541","0.010753132402896881","0.010753132402896881","0.010753132402896881"
"14543","0.021871229633688927","0.021871229633688927","0.021871229633688927"
"14545","0.012711413204669952","0.012711413204669952","0.012711413204669952"
"14547","0.0742264986038208","0.0742264986038208","0.0742264986038208"
"14549","0.055767834186553955","0.055767834186553955","0.055767834186553955"
"14551","0.005198951810598373","0.005198951810598373","0.005198951810598373"
"14553","0.002317730337381363","0.002317730337381363","0.002317730337381363"
"14555","0.0019614901393651962","0.0019614901393651962","0.0019614901393651962"
"14557","0.00081644207239151","0.00081644207239151","0.00081644207239151"
"14559","0.002248082309961319","0.002248082309961319","0.002248082309961319"
"14561","0.01621316559612751","0.01621316559612751","0.01621316559612751"
"14563","0.0007961355149745941","0.0007961355149745941","0.0007961355149745941"
"14565","0.0005683340132236481","0.0005683340132236481","0.0005683340132236481"
"14567","0.00862928107380867","0.00862928107380867","0.00862928107380867"
"14569","0.005261514335870743","0.005261514335870743","0.005261514335870743"
"14571","0.0006172303110361099","0.0006172303110361099","0.0006172303110361099"
"14573","0.012822002172470093","0.012822002172470093","0.012822002172470093"
"14575","0.010111438110470772","0.010111438110470772","0.010111438110470772"
"14577","0.009864963591098785","0.009864963591098785","0.009864963591098785"
"14579","0.002538789063692093","0.002538789063692093","0.002538789063692093"
"14581","0.036826662719249725","0.036826662719249725","0.036826662719249725"
"14586","0.002825504168868065","0.002825504168868065","0.002825504168868065"
"14588","0.0152018703520298","0.0152018703520298","0.0152018703520298"
"14590","0.0020175445824861526","0.0020175445824861526","0.0020175445824861526"
"14592","0.06218993663787842","0.06218993663787842","0.06218993663787842"
"14594","0.0017036572098731995","0.0017036572098731995","0.0017036572098731995"
"14596","0.006874514743685722","0.006874514743685722","0.006874514743685722"
"14598","0.008019756525754929","0.008019756525754929","0.008019756525754929"
"14600","0.0013739243149757385","0.0013739243149757385","0.0013739243149757385"
"14602","0.0005714930593967438","0.0005714930593967438","0.0005714930593967438"
"14604","0.044163383543491364","0.044163383543491364","0.044163383543491364"
"14606","0.027202343568205833","0.027202343568205833","0.027202343568205833"
"14608","0.0011698529124259949","0.0011698529124259949","0.0011698529124259949"
"14610","0.00518585741519928","0.00518585741519928","0.00518585741519928"
"14612","0.0016173720359802246","0.0016173720359802246","0.0016173720359802246"
"14614","0.0221550352871418","0.0221550352871418","0.0221550352871418"
"14616","0.006979752331972122","0.006979752331972122","0.006979752331972122"
"14618","0.0681702271103859","0.0681702271103859","0.0681702271103859"
"14620","0.0037186704576015472","0.0037186704576015472","0.0037186704576015472"
"14622","0.001582261174917221","0.001582261174917221","0.001582261174917221"
"14624","0.0010394267737865448","0.0010394267737865448","0.0010394267737865448"
"14626","0.01386999897658825","0.01386999897658825","0.01386999897658825"
"14628","0.03361091762781143","0.03361091762781143","0.03361091762781143"
"14630","0.003106318414211273","0.003106318414211273","0.003106318414211273"
"14632","0.004329303279519081","0.004329303279519081","0.004329303279519081"
"14634","0.0017194300889968872","0.0017194300889968872","0.0017194300889968872"
"14636","0.0023709144443273544","0.0023709144443273544","0.0023709144443273544"
"14638","0.035485923290252686","0.035485923290252686","0.035485923290252686"
"14640","0.04489034041762352","0.04489034041762352","0.04489034041762352"
"14642","0.011113002896308899","0.011113002896308899","0.011113002896308899"
"14644","0.0019502416253089905","0.0019502416253089905","0.0019502416253089905"
"14646","0.0066831279546022415","0.0066831279546022415","0.0066831279546022415"
"14648","0.028293825685977936","0.028293825685977936","0.028293825685977936"
"14650","0.0017212014645338058","0.0017212014645338058","0.0017212014645338058"
"14652","0.0004966910928487778","0.0004966910928487778","0.0004966910928487778"
"14654","0.0011748075485229492","0.0011748075485229492","0.0011748075485229492"
"14656","0.0015696212649345398","0.0015696212649345398","0.0015696212649345398"
"14658","0.0031044259667396545","0.0031044259667396545","0.0031044259667396545"
"14660","0.004267923533916473","0.004267923533916473","0.004267923533916473"
"14662","0.02028323896229267","0.02028323896229267","0.02028323896229267"
"14664","0.0008821394294500351","0.0008821394294500351","0.0008821394294500351"
"14666","0.010938117280602455","0.010938117280602455","0.010938117280602455"
"14668","0.00072433240711689","0.00072433240711689","0.00072433240711689"
"14670","0.0033912546932697296","0.0033912546932697296","0.0033912546932697296"
"14672","0.004897404462099075","0.004897404462099075","0.004897404462099075"
"14674","0.0008356999605894089","0.0008356999605894089","0.0008356999605894089"
"14676","0.02190069854259491","0.02190069854259491","0.02190069854259491"
"14678","0.004489928483963013","0.004489928483963013","0.004489928483963013"
"14680","0.014406323432922363","0.014406323432922363","0.014406323432922363"
"14682","0.0005852300673723221","0.0005852300673723221","0.0005852300673723221"
"14684","0.004495495930314064","0.004495495930314064","0.004495495930314064"
"14686","0.0015278905630111694","0.0015278905630111694","0.0015278905630111694"
"14688","0.007700830698013306","0.007700830698013306","0.007700830698013306"
"14690","0.0029522422701120377","0.0029522422701120377","0.0029522422701120377"
"14692","0.0075982715934515","0.0075982715934515","0.0075982715934515"
"14694","0.019889509305357933","0.019889509305357933","0.019889509305357933"
"14696","0.0003573354333639145","0.0003573354333639145","0.0003573354333639145"
"14698","0.0003253147006034851","0.0003253147006034851","0.0003253147006034851"
"14700","0.01566242426633835","0.01566242426633835","0.01566242426633835"
"14702","0.03161247819662094","0.03161247819662094","0.03161247819662094"
"14704","0.003340715542435646","0.003340715542435646","0.003340715542435646"
"14706","0.009779578074812889","0.009779578074812889","0.009779578074812889"
"14708","0.006208539009094238","0.006208539009094238","0.006208539009094238"
"14710","0.0031569786369800568","0.0031569786369800568","0.0031569786369800568"
"14712","0.015803787857294083","0.015803787857294083","0.015803787857294083"
"14714","0.04572591930627823","0.04572591930627823","0.04572591930627823"
"14716","0.003546513617038727","0.003546513617038727","0.003546513617038727"
"14718","0.011114299297332764","0.011114299297332764","0.011114299297332764"
"14720","0.002852514386177063","0.002852514386177063","0.002852514386177063"
"14722","0.00044691748917102814","0.00044691748917102814","0.00044691748917102814"
"14724","0.018926210701465607","0.018926210701465607","0.018926210701465607"
"14726","0.00580235943198204","0.00580235943198204","0.00580235943198204"
"14728","0.008782058954238892","0.008782058954238892","0.008782058954238892"
"14730","0.003903442993760109","0.003903442993760109","0.003903442993760109"
"14732","0.003323100507259369","0.003323100507259369","0.003323100507259369"
"14734","0.024257270619273186","0.024257270619273186","0.024257270619273186"
"14736","0.011447388678789139","0.011447388678789139","0.011447388678789139"
"14738","0.005354877561330795","0.005354877561330795","0.005354877561330795"
"14740","0.0032537635415792465","0.0032537635415792465","0.0032537635415792465"
"14742","0.0009270217269659042","0.0009270217269659042","0.0009270217269659042"
"14744","0.060251399874687195","0.060251399874687195","0.060251399874687195"
"14746","0.0027634575963020325","0.0027634575963020325","0.0027634575963020325"
"14748","0.0038158055394887924","0.0038158055394887924","0.0038158055394887924"
"14750","0.03820197656750679","0.03820197656750679","0.03820197656750679"
"14752","0.00019370205700397491","0.00019370205700397491","0.00019370205700397491"
"14754","0.006662841886281967","0.006662841886281967","0.006662841886281967"
"14756","0.001522611826658249","0.001522611826658249","0.001522611826658249"
"14758","0.02835688926279545","0.02835688926279545","0.02835688926279545"
"14760","0.004889851436018944","0.004889851436018944","0.004889851436018944"
"14762","0.018360542133450508","0.018360542133450508","0.018360542133450508"
"14764","0.009260158985853195","0.009260158985853195","0.009260158985853195"
"14766","0.0037851184606552124","0.0037851184606552124","0.0037851184606552124"
"14768","0.006073344498872757","0.006073344498872757","0.006073344498872757"
"14770","0.0005758423358201981","0.0005758423358201981","0.0005758423358201981"
"14772","0.0026155151426792145","0.0026155151426792145","0.0026155151426792145"
"14774","0.0003109686076641083","0.0003109686076641083","0.0003109686076641083"
"14776","0.0077722519636154175","0.0077722519636154175","0.0077722519636154175"
"14778","0.023518672212958336","0.023518672212958336","0.023518672212958336"
"14780","0.003979170694947243","0.003979170694947243","0.003979170694947243"
"14782","0.0007005296647548676","0.0007005296647548676","0.0007005296647548676"
"14784","0.0032922308892011642","0.0032922308892011642","0.0032922308892011642"
"14786","0.005803536623716354","0.005803536623716354","0.005803536623716354"
"14788","0.0023779943585395813","0.0023779943585395813","0.0023779943585395813"
"14790","0.029515577480196953","0.029515577480196953","0.029515577480196953"
"14792","0.0007805582135915756","0.0007805582135915756","0.0007805582135915756"
"14794","0.0013987179845571518","0.0013987179845571518","0.0013987179845571518"
"14796","0.0029046423733234406","0.0029046423733234406","0.0029046423733234406"
"14798","0.03637297824025154","0.03637297824025154","0.03637297824025154"
"14800","0.015102818608283997","0.015102818608283997","0.015102818608283997"
"14802","0.0013022013008594513","0.0013022013008594513","0.0013022013008594513"
"14804","0.004866465926170349","0.004866465926170349","0.004866465926170349"
"14806","0.0021629072725772858","0.0021629072725772858","0.0021629072725772858"
"14808","0.0015572663396596909","0.0015572663396596909","0.0015572663396596909"
"14810","0.04515884816646576","0.04515884816646576","0.04515884816646576"
"14812","0.026744775474071503","0.026744775474071503","0.026744775474071503"
"14814","0.0007814653217792511","0.0007814653217792511","0.0007814653217792511"
"14816","0.003416767343878746","0.003416767343878746","0.003416767343878746"
"14818","0.010074900463223457","0.010074900463223457","0.010074900463223457"
"14820","0.011235961690545082","0.011235961690545082","0.011235961690545082"
"14822","0.011945134028792381","0.011945134028792381","0.011945134028792381"
"14824","0.006030049175024033","0.006030049175024033","0.006030049175024033"
"14826","0.0006460156291723251","0.0006460156291723251","0.0006460156291723251"
"14828","0.0016914308071136475","0.0016914308071136475","0.0016914308071136475"
"14830","0.004345603287220001","0.004345603287220001","0.004345603287220001"
"14832","0.0005860272794961929","0.0005860272794961929","0.0005860272794961929"
"14834","0.0044086650013923645","0.0044086650013923645","0.0044086650013923645"
"14836","0.0007115323096513748","0.0007115323096513748","0.0007115323096513748"
"14838","0.0007134173065423965","0.0007134173065423965","0.0007134173065423965"
"14840","0.003213360905647278","0.003213360905647278","0.003213360905647278"
"14842","0.012714695185422897","0.012714695185422897","0.012714695185422897"
"14844","0.0027922000735998154","0.0027922000735998154","0.0027922000735998154"
"14846","0.008009590208530426","0.008009590208530426","0.008009590208530426"
"14848","0.011863484978675842","0.011863484978675842","0.011863484978675842"
"14850","0.006825082004070282","0.006825082004070282","0.006825082004070282"
"14852","0.003519626334309578","0.003519626334309578","0.003519626334309578"
"14854","0.009424528107047081","0.009424528107047081","0.009424528107047081"
"14856","0.004527784883975983","0.004527784883975983","0.004527784883975983"
"14858","0.009855758398771286","0.009855758398771286","0.009855758398771286"
"14860","0.0013929717242717743","0.0013929717242717743","0.0013929717242717743"
"14862","0.017986955121159554","0.017986955121159554","0.017986955121159554"
"14864","0.09380558133125305","0.09380558133125305","0.09380558133125305"
"14866","0.0013256017118692398","0.0013256017118692398","0.0013256017118692398"
"14868","0.002205461263656616","0.002205461263656616","0.002205461263656616"
"14870","0.0026945844292640686","0.0026945844292640686","0.0026945844292640686"
"14872","0.0005727186799049377","0.0005727186799049377","0.0005727186799049377"
"14874","0.0014228522777557373","0.0014228522777557373","0.0014228522777557373"
"14876","0.03837843984365463","0.03837843984365463","0.03837843984365463"
"14878","0.009000943973660469","0.009000943973660469","0.009000943973660469"
"14880","0.0212133526802063","0.0212133526802063","0.0212133526802063"
"14882","0.001547282561659813","0.001547282561659813","0.001547282561659813"
"14884","0.0027661528438329697","0.0027661528438329697","0.0027661528438329697"
"14886","0.0011229366064071655","0.0011229366064071655","0.0011229366064071655"
"14888","0.0030870530754327774","0.0030870530754327774","0.0030870530754327774"
"14890","0.004102839156985283","0.004102839156985283","0.004102839156985283"
"14892","0.000779932364821434","0.000779932364821434","0.000779932364821434"
"14894","0.011104702949523926","0.011104702949523926","0.011104702949523926"
"14896","0.0016971267759799957","0.0016971267759799957","0.0016971267759799957"
"14898","0.000890590250492096","0.000890590250492096","0.000890590250492096"
"14900","0.0037427935749292374","0.0037427935749292374","0.0037427935749292374"
"14902","0.00831502303481102","0.00831502303481102","0.00831502303481102"
"14904","0.008413063362240791","0.008413063362240791","0.008413063362240791"
"14906","0.022324731573462486","0.022324731573462486","0.022324731573462486"
"14908","0.002606164664030075","0.002606164664030075","0.002606164664030075"
"14910","0.004124816507101059","0.004124816507101059","0.004124816507101059"
"14912","0.047441817820072174","0.047441817820072174","0.047441817820072174"
"14914","0.0033349283039569855","0.0033349283039569855","0.0033349283039569855"
"14916","0.0003680810332298279","0.0003680810332298279","0.0003680810332298279"
"14918","0.013808032497763634","0.013808032497763634","0.013808032497763634"
"14920","0.004522688686847687","0.004522688686847687","0.004522688686847687"
"14922","0.0054987892508506775","0.0054987892508506775","0.0054987892508506775"
"14924","0.00008382275700569153","0.00008382275700569153","0.00008382275700569153"
"14926","0.014167958870530128","0.014167958870530128","0.014167958870530128"
"14928","0.007090624421834946","0.007090624421834946","0.007090624421834946"
"14930","0.04768146574497223","0.04768146574497223","0.04768146574497223"
"14932","0.022040780633687973","0.022040780633687973","0.022040780633687973"
"14934","0.005488075315952301","0.005488075315952301","0.005488075315952301"
"14936","0.05623127520084381","0.05623127520084381","0.05623127520084381"
"14938","0.09644792973995209","0.09644792973995209","0.09644792973995209"
"14940","0.010016143321990967","0.010016143321990967","0.010016143321990967"
"14942","0.011350363492965698","0.011350363492965698","0.011350363492965698"
"14944","0.00022881291806697845","0.00022881291806697845","0.00022881291806697845"
"14946","0.001277705654501915","0.001277705654501915","0.001277705654501915"
"14948","0.001302490010857582","0.001302490010857582","0.001302490010857582"
"14950","0.0012733638286590576","0.0012733638286590576","0.0012733638286590576"
"14952","0.0012310966849327087","0.0012310966849327087","0.0012310966849327087"
"14954","0.007912103086709976","0.007912103086709976","0.007912103086709976"
"14956","0.009045727550983429","0.009045727550983429","0.009045727550983429"
"14958","0.00846325233578682","0.00846325233578682","0.00846325233578682"
"14960","0.0009628608822822571","0.0009628608822822571","0.0009628608822822571"
"14962","0.00304470956325531","0.00304470956325531","0.00304470956325531"
"14964","0.0027780141681432724","0.0027780141681432724","0.0027780141681432724"
"14966","0.00007941387593746185","0.00007941387593746185","0.00007941387593746185"
"14968","0.005494026467204094","0.005494026467204094","0.005494026467204094"
"14970","0.0018333178013563156","0.0018333178013563156","0.0018333178013563156"
"14972","0.00582486018538475","0.00582486018538475","0.00582486018538475"
"14974","0.010559312999248505","0.010559312999248505","0.010559312999248505"
"14976","0.01754573918879032","0.01754573918879032","0.01754573918879032"
"14978","0.0004434604197740555","0.0004434604197740555","0.0004434604197740555"
"14980","0.0002461671829223633","0.0002461671829223633","0.0002461671829223633"
"14982","0.001514919102191925","0.001514919102191925","0.001514919102191925"
"14984","0.006610076874494553","0.006610076874494553","0.006610076874494553"
"14986","0.0005021877586841583","0.0005021877586841583","0.0005021877586841583"
"14988","0.016939297318458557","0.016939297318458557","0.016939297318458557"
"14990","0.009869763627648354","0.009869763627648354","0.009869763627648354"
"14992","0.030303440988063812","0.030303440988063812","0.030303440988063812"
"14994","0.04049935191869736","0.04049935191869736","0.04049935191869736"
"14996","0.00344146229326725","0.00344146229326725","0.00344146229326725"
"14998","0.05248286575078964","0.05248286575078964","0.05248286575078964"
"15000","0.0012100990861654282","0.0012100990861654282","0.0012100990861654282"
"15002","0.0006716419011354446","0.0006716419011354446","0.0006716419011354446"
"15004","0.009673213586211205","0.009673213586211205","0.009673213586211205"
"15006","0.00391286239027977","0.00391286239027977","0.00391286239027977"
"15008","0.04029170423746109","0.04029170423746109","0.04029170423746109"
"15010","0.0021534860134124756","0.0021534860134124756","0.0021534860134124756"
"15012","0.0016574952751398087","0.0016574952751398087","0.0016574952751398087"
"15014","0.0021722763776779175","0.0021722763776779175","0.0021722763776779175"
"15016","0.00005132146179676056","0.00005132146179676056","0.00005132146179676056"
"15018","0.0003497004508972168","0.0003497004508972168","0.0003497004508972168"
"15020","0.0008412003517150879","0.0008412003517150879","0.0008412003517150879"
"15022","0.005779396742582321","0.005779396742582321","0.005779396742582321"
"15024","0.007859963923692703","0.007859963923692703","0.007859963923692703"
"15026","0.002007409930229187","0.002007409930229187","0.002007409930229187"
"15028","0.015198875218629837","0.015198875218629837","0.015198875218629837"
"15030","0.004144661128520966","0.004144661128520966","0.004144661128520966"
"15032","0.002478407695889473","0.002478407695889473","0.002478407695889473"
"15034","0.010860970243811607","0.010860970243811607","0.010860970243811607"
"15036","0.003624243661761284","0.003624243661761284","0.003624243661761284"
"15038","0.0006131362169981003","0.0006131362169981003","0.0006131362169981003"
"15040","0.003863587975502014","0.003863587975502014","0.003863587975502014"
"15042","0.00031219981610774994","0.00031219981610774994","0.00031219981610774994"
"15044","0.0016892775893211365","0.0016892775893211365","0.0016892775893211365"
"15049","0.0017663445323705673","0.0017663445323705673","0.0017663445323705673"
"15051","0.0006564930081367493","0.0006564930081367493","0.0006564930081367493"
"15053","0.0033762268722057343","0.0033762268722057343","0.0033762268722057343"
"15055","0.0020900238305330276","0.0020900238305330276","0.0020900238305330276"
"15057","0.0024928655475378036","0.0024928655475378036","0.0024928655475378036"
"15059","0.007467105984687805","0.007467105984687805","0.007467105984687805"
"15061","0.007667062804102898","0.007667062804102898","0.007667062804102898"
"15063","0.0010488741099834442","0.0010488741099834442","0.0010488741099834442"
"15065","0.04058629646897316","0.04058629646897316","0.04058629646897316"
"15067","0.03950102627277374","0.03950102627277374","0.03950102627277374"
"15069","0.0032532643526792526","0.0032532643526792526","0.0032532643526792526"
"15071","0.00022653304040431976","0.00022653304040431976","0.00022653304040431976"
"15073","0.0007403045892715454","0.0007403045892715454","0.0007403045892715454"
"15075","0.00025852397084236145","0.00025852397084236145","0.00025852397084236145"
"15077","0.003292972221970558","0.003292972221970558","0.003292972221970558"
"15079","0.004946330562233925","0.004946330562233925","0.004946330562233925"
"15081","0.0002916809171438217","0.0002916809171438217","0.0002916809171438217"
"15083","0.06848150491714478","0.06848150491714478","0.06848150491714478"
"15085","0.005388714373111725","0.005388714373111725","0.005388714373111725"
"15087","0.01166510209441185","0.01166510209441185","0.01166510209441185"
"15089","0.001565348356962204","0.001565348356962204","0.001565348356962204"
"15091","0.00031842663884162903","0.00031842663884162903","0.00031842663884162903"
"15093","0.0026095863431692123","0.0026095863431692123","0.0026095863431692123"
"15095","0.051058605313301086","0.051058605313301086","0.051058605313301086"
"15097","0.005656549707055092","0.005656549707055092","0.005656549707055092"
"15099","0.005001252517104149","0.005001252517104149","0.005001252517104149"
"15101","0.0009344760328531265","0.0009344760328531265","0.0009344760328531265"
"15103","0.002136126160621643","0.002136126160621643","0.002136126160621643"
"15105","0.008530650287866592","0.008530650287866592","0.008530650287866592"
"15107","0.0001630876213312149","0.0001630876213312149","0.0001630876213312149"
"15109","0.0004400089383125305","0.0004400089383125305","0.0004400089383125305"
"15111","0.02355347014963627","0.02355347014963627","0.02355347014963627"
"15113","0.004124894738197327","0.004124894738197327","0.004124894738197327"
"15115","0.005586765706539154","0.005586765706539154","0.005586765706539154"
"15117","0.005666285753250122","0.005666285753250122","0.005666285753250122"
"15119","0.0006377082318067551","0.0006377082318067551","0.0006377082318067551"
"15121","0.012176647782325745","0.012176647782325745","0.012176647782325745"
"15123","0.0016681589186191559","0.0016681589186191559","0.0016681589186191559"
"15125","0.019193856045603752","0.019193856045603752","0.019193856045603752"
"15127","0.0094179417937994","0.0094179417937994","0.0094179417937994"
"15129","0.008991731330752373","0.008991731330752373","0.008991731330752373"
"15131","0.03338887542486191","0.03338887542486191","0.03338887542486191"
"15133","0.0007740110158920288","0.0007740110158920288","0.0007740110158920288"
"15135","0.03478604555130005","0.03478604555130005","0.03478604555130005"
"15137","0.022324111312627792","0.022324111312627792","0.022324111312627792"
"15139","0.011725666001439095","0.011725666001439095","0.011725666001439095"
"15141","0.00017416849732398987","0.00017416849732398987","0.00017416849732398987"
"15143","0.0004047192633152008","0.0004047192633152008","0.0004047192633152008"
"15145","0.0018472932279109955","0.0018472932279109955","0.0018472932279109955"
"15147","0.00010760128498077393","0.00010760128498077393","0.00010760128498077393"