"Step","test-model_251519 - Loss","test-model_251519 - Loss__MIN","test-model_251519 - Loss__MAX"
"0","0.1903228759765625","0.1903228759765625","0.1903228759765625"
"10","0.15616607666015625","0.15616607666015625","0.15616607666015625"
"18","0.1785430908203125","0.1785430908203125","0.1785430908203125"
"22","0.18932342529296875","0.18932342529296875","0.18932342529296875"
"28","0.1809539794921875","0.1809539794921875","0.1809539794921875"
"32","0.15839385986328125","0.15839385986328125","0.15839385986328125"
"34","0.16009902954101562","0.16009902954101562","0.16009902954101562"
"36","0.21917724609375","0.21917724609375","0.21917724609375"
"38","0.16613006591796875","0.16613006591796875","0.16613006591796875"
"42","0.1593780517578125","0.1593780517578125","0.1593780517578125"
"50","0.12026214599609375","0.12026214599609375","0.12026214599609375"
"52","0.145965576171875","0.145965576171875","0.145965576171875"
"66","0.1237945556640625","0.1237945556640625","0.1237945556640625"
"68","0.12125015258789062","0.12125015258789062","0.12125015258789062"
"70","0.1804046630859375","0.1804046630859375","0.1804046630859375"
"72","0.15681076049804688","0.15681076049804688","0.15681076049804688"
"78","0.17169189453125","0.17169189453125","0.17169189453125"
"84","0.17889404296875","0.17889404296875","0.17889404296875"
"88","0.16999435424804688","0.16999435424804688","0.16999435424804688"
"92","0.20795440673828125","0.20795440673828125","0.20795440673828125"
"96","0.17041778564453125","0.17041778564453125","0.17041778564453125"
"100","0.13341903686523438","0.13341903686523438","0.13341903686523438"
"102","0.15213775634765625","0.15213775634765625","0.15213775634765625"
"104","0.12587738037109375","0.12587738037109375","0.12587738037109375"
"112","0.1728973388671875","0.1728973388671875","0.1728973388671875"
"114","0.13734054565429688","0.13734054565429688","0.13734054565429688"
"116","0.10939407348632812","0.10939407348632812","0.10939407348632812"
"118","0.13499069213867188","0.13499069213867188","0.13499069213867188"
"124","0.1548309326171875","0.1548309326171875","0.1548309326171875"
"126","0.171478271484375","0.171478271484375","0.171478271484375"
"132","0.13933563232421875","0.13933563232421875","0.13933563232421875"
"136","0.15233612060546875","0.15233612060546875","0.15233612060546875"
"140","0.1834259033203125","0.1834259033203125","0.1834259033203125"
"142","0.1128997802734375","0.1128997802734375","0.1128997802734375"
"144","0.15912628173828125","0.15912628173828125","0.15912628173828125"
"146","0.157440185546875","0.157440185546875","0.157440185546875"
"148","0.15052032470703125","0.15052032470703125","0.15052032470703125"
"152","0.11402511596679688","0.11402511596679688","0.11402511596679688"
"154","0.11841964721679688","0.11841964721679688","0.11841964721679688"
"158","0.19456863403320312","0.19456863403320312","0.19456863403320312"
"164","0.11080551147460938","0.11080551147460938","0.11080551147460938"
"166","0.18605804443359375","0.18605804443359375","0.18605804443359375"
"174","0.11922073364257812","0.11922073364257812","0.11922073364257812"
"176","0.12752532958984375","0.12752532958984375","0.12752532958984375"
"182","0.16328811645507812","0.16328811645507812","0.16328811645507812"
"186","0.10545730590820312","0.10545730590820312","0.10545730590820312"
"188","0.15541839599609375","0.15541839599609375","0.15541839599609375"
"192","0.1484832763671875","0.1484832763671875","0.1484832763671875"
"198","0.1268157958984375","0.1268157958984375","0.1268157958984375"
"204","0.1852569580078125","0.1852569580078125","0.1852569580078125"
"210","0.14281463623046875","0.14281463623046875","0.14281463623046875"
"214","0.130706787109375","0.130706787109375","0.130706787109375"
"216","0.1565093994140625","0.1565093994140625","0.1565093994140625"
"234","0.154205322265625","0.154205322265625","0.154205322265625"
"236","0.11370849609375","0.11370849609375","0.11370849609375"
"242","0.19692230224609375","0.19692230224609375","0.19692230224609375"
"246","0.15673828125","0.15673828125","0.15673828125"
"250","0.164642333984375","0.164642333984375","0.164642333984375"
"254","0.11081695556640625","0.11081695556640625","0.11081695556640625"
"270","0.1837158203125","0.1837158203125","0.1837158203125"
"272","0.2003173828125","0.2003173828125","0.2003173828125"
"276","0.152313232421875","0.152313232421875","0.152313232421875"
"278","0.1365966796875","0.1365966796875","0.1365966796875"
"284","0.14041519165039062","0.14041519165039062","0.14041519165039062"
"286","0.1504364013671875","0.1504364013671875","0.1504364013671875"
"290","0.11143302917480469","0.11143302917480469","0.11143302917480469"
"292","0.1545257568359375","0.1545257568359375","0.1545257568359375"
"296","0.15648651123046875","0.15648651123046875","0.15648651123046875"
"298","0.2172698974609375","0.2172698974609375","0.2172698974609375"
"300","0.17635345458984375","0.17635345458984375","0.17635345458984375"
"304","0.13098526000976562","0.13098526000976562","0.13098526000976562"
"306","0.1390228271484375","0.1390228271484375","0.1390228271484375"
"308","0.14179229736328125","0.14179229736328125","0.14179229736328125"
"312","0.10823822021484375","0.10823822021484375","0.10823822021484375"
"314","0.178619384765625","0.178619384765625","0.178619384765625"
"318","0.13533782958984375","0.13533782958984375","0.13533782958984375"
"324","0.13338851928710938","0.13338851928710938","0.13338851928710938"
"326","0.12237167358398438","0.12237167358398438","0.12237167358398438"
"332","0.18164825439453125","0.18164825439453125","0.18164825439453125"
"334","0.16892623901367188","0.16892623901367188","0.16892623901367188"
"340","0.14330291748046875","0.14330291748046875","0.14330291748046875"
"342","0.17242431640625","0.17242431640625","0.17242431640625"
"344","0.14986038208007812","0.14986038208007812","0.14986038208007812"
"346","0.170684814453125","0.170684814453125","0.170684814453125"
"348","0.1695556640625","0.1695556640625","0.1695556640625"
"350","0.1885223388671875","0.1885223388671875","0.1885223388671875"
"354","0.183990478515625","0.183990478515625","0.183990478515625"
"368","0.1263713836669922","0.1263713836669922","0.1263713836669922"
"370","0.17127227783203125","0.17127227783203125","0.17127227783203125"
"374","0.1923370361328125","0.1923370361328125","0.1923370361328125"
"378","0.14743804931640625","0.14743804931640625","0.14743804931640625"
"384","0.13938522338867188","0.13938522338867188","0.13938522338867188"
"388","0.13205718994140625","0.13205718994140625","0.13205718994140625"
"392","0.142791748046875","0.142791748046875","0.142791748046875"
"394","0.0951080322265625","0.0951080322265625","0.0951080322265625"
"418","0.10382843017578125","0.10382843017578125","0.10382843017578125"
"422","0.1849365234375","0.1849365234375","0.1849365234375"
"426","0.12787246704101562","0.12787246704101562","0.12787246704101562"
"442","0.10901641845703125","0.10901641845703125","0.10901641845703125"
"446","0.129425048828125","0.129425048828125","0.129425048828125"
"448","0.1795654296875","0.1795654296875","0.1795654296875"
"450","0.18071746826171875","0.18071746826171875","0.18071746826171875"
"452","0.20148849487304688","0.20148849487304688","0.20148849487304688"
"454","0.1610260009765625","0.1610260009765625","0.1610260009765625"
"458","0.1380615234375","0.1380615234375","0.1380615234375"
"460","0.153167724609375","0.153167724609375","0.153167724609375"
"466","0.12913894653320312","0.12913894653320312","0.12913894653320312"
"468","0.150665283203125","0.150665283203125","0.150665283203125"
"470","0.12619400024414062","0.12619400024414062","0.12619400024414062"
"480","0.17155075073242188","0.17155075073242188","0.17155075073242188"
"486","0.13479232788085938","0.13479232788085938","0.13479232788085938"
"488","0.15703392028808594","0.15703392028808594","0.15703392028808594"
"492","0.140228271484375","0.140228271484375","0.140228271484375"
"497","0.18060302734375","0.18060302734375","0.18060302734375"
"501","0.12723541259765625","0.12723541259765625","0.12723541259765625"
"509","0.14960479736328125","0.14960479736328125","0.14960479736328125"
"511","0.11106109619140625","0.11106109619140625","0.11106109619140625"
"519","0.166107177734375","0.166107177734375","0.166107177734375"
"533","0.14083099365234375","0.14083099365234375","0.14083099365234375"
"537","0.17971420288085938","0.17971420288085938","0.17971420288085938"
"541","0.11798095703125","0.11798095703125","0.11798095703125"
"547","0.1321868896484375","0.1321868896484375","0.1321868896484375"
"549","0.20416259765625","0.20416259765625","0.20416259765625"
"555","0.12218475341796875","0.12218475341796875","0.12218475341796875"
"557","0.14281463623046875","0.14281463623046875","0.14281463623046875"
"563","0.14113616943359375","0.14113616943359375","0.14113616943359375"
"569","0.13873291015625","0.13873291015625","0.13873291015625"
"581","0.1353302001953125","0.1353302001953125","0.1353302001953125"
"585","0.1977691650390625","0.1977691650390625","0.1977691650390625"
"591","0.1486663818359375","0.1486663818359375","0.1486663818359375"
"603","0.14566802978515625","0.14566802978515625","0.14566802978515625"
"607","0.18637847900390625","0.18637847900390625","0.18637847900390625"
"609","0.17086029052734375","0.17086029052734375","0.17086029052734375"
"611","0.21654510498046875","0.21654510498046875","0.21654510498046875"
"613","0.126861572265625","0.126861572265625","0.126861572265625"
"619","0.2252655029296875","0.2252655029296875","0.2252655029296875"
"621","0.18332672119140625","0.18332672119140625","0.18332672119140625"
"629","0.17899703979492188","0.17899703979492188","0.17899703979492188"
"631","0.1598663330078125","0.1598663330078125","0.1598663330078125"
"635","0.1593475341796875","0.1593475341796875","0.1593475341796875"
"637","0.145263671875","0.145263671875","0.145263671875"
"641","0.14278411865234375","0.14278411865234375","0.14278411865234375"
"651","0.13726806640625","0.13726806640625","0.13726806640625"
"663","0.1776275634765625","0.1776275634765625","0.1776275634765625"
"665","0.1468048095703125","0.1468048095703125","0.1468048095703125"
"673","0.1338348388671875","0.1338348388671875","0.1338348388671875"
"675","0.12512969970703125","0.12512969970703125","0.12512969970703125"
"677","0.12438583374023438","0.12438583374023438","0.12438583374023438"
"689","0.13397216796875","0.13397216796875","0.13397216796875"
"695","0.16136932373046875","0.16136932373046875","0.16136932373046875"
"699","0.14896774291992188","0.14896774291992188","0.14896774291992188"
"703","0.1767578125","0.1767578125","0.1767578125"
"707","0.08500289916992188","0.08500289916992188","0.08500289916992188"
"713","0.14406585693359375","0.14406585693359375","0.14406585693359375"
"723","0.14507293701171875","0.14507293701171875","0.14507293701171875"
"725","0.1380157470703125","0.1380157470703125","0.1380157470703125"
"731","0.1277008056640625","0.1277008056640625","0.1277008056640625"
"735","0.15581512451171875","0.15581512451171875","0.15581512451171875"
"737","0.14658355712890625","0.14658355712890625","0.14658355712890625"
"741","0.14166259765625","0.14166259765625","0.14166259765625"
"745","0.13624191284179688","0.13624191284179688","0.13624191284179688"
"755","0.1762542724609375","0.1762542724609375","0.1762542724609375"
"757","0.1417083740234375","0.1417083740234375","0.1417083740234375"
"765","0.179718017578125","0.179718017578125","0.179718017578125"
"779","0.121002197265625","0.121002197265625","0.121002197265625"
"781","0.16707611083984375","0.16707611083984375","0.16707611083984375"
"785","0.13740921020507812","0.13740921020507812","0.13740921020507812"
"791","0.18599700927734375","0.18599700927734375","0.18599700927734375"
"795","0.1609344482421875","0.1609344482421875","0.1609344482421875"
"803","0.16556549072265625","0.16556549072265625","0.16556549072265625"
"811","0.1882476806640625","0.1882476806640625","0.1882476806640625"
"813","0.1304931640625","0.1304931640625","0.1304931640625"
"815","0.16020965576171875","0.16020965576171875","0.16020965576171875"
"821","0.15018463134765625","0.15018463134765625","0.15018463134765625"
"829","0.16237258911132812","0.16237258911132812","0.16237258911132812"
"851","0.153594970703125","0.153594970703125","0.153594970703125"
"853","0.1739959716796875","0.1739959716796875","0.1739959716796875"
"855","0.11467742919921875","0.11467742919921875","0.11467742919921875"
"857","0.14311599731445312","0.14311599731445312","0.14311599731445312"
"861","0.1363677978515625","0.1363677978515625","0.1363677978515625"
"871","0.12956619262695312","0.12956619262695312","0.12956619262695312"
"883","0.15576171875","0.15576171875","0.15576171875"
"885","0.17476654052734375","0.17476654052734375","0.17476654052734375"
"895","0.138519287109375","0.138519287109375","0.138519287109375"
"903","0.12926864624023438","0.12926864624023438","0.12926864624023438"
"909","0.179107666015625","0.179107666015625","0.179107666015625"
"911","0.14862823486328125","0.14862823486328125","0.14862823486328125"
"915","0.12080001831054688","0.12080001831054688","0.12080001831054688"
"917","0.12239837646484375","0.12239837646484375","0.12239837646484375"
"921","0.14410018920898438","0.14410018920898438","0.14410018920898438"
"923","0.10052490234375","0.10052490234375","0.10052490234375"
"925","0.2037353515625","0.2037353515625","0.2037353515625"
"927","0.15407562255859375","0.15407562255859375","0.15407562255859375"
"931","0.13051605224609375","0.13051605224609375","0.13051605224609375"
"937","0.16223907470703125","0.16223907470703125","0.16223907470703125"
"941","0.12274932861328125","0.12274932861328125","0.12274932861328125"
"945","0.1772308349609375","0.1772308349609375","0.1772308349609375"
"951","0.18150711059570312","0.18150711059570312","0.18150711059570312"
"955","0.14327239990234375","0.14327239990234375","0.14327239990234375"
"965","0.18541717529296875","0.18541717529296875","0.18541717529296875"
"967","0.14626312255859375","0.14626312255859375","0.14626312255859375"
"977","0.10516357421875","0.10516357421875","0.10516357421875"
"979","0.15239715576171875","0.15239715576171875","0.15239715576171875"
"981","0.13181304931640625","0.13181304931640625","0.13181304931640625"
"989","0.126129150390625","0.126129150390625","0.126129150390625"
"991","0.1501312255859375","0.1501312255859375","0.1501312255859375"
"993","0.1683349609375","0.1683349609375","0.1683349609375"
"995","0.169342041015625","0.169342041015625","0.169342041015625"
"997","0.1599578857421875","0.1599578857421875","0.1599578857421875"
"999","0.11803436279296875","0.11803436279296875","0.11803436279296875"
"1003","0.17150115966796875","0.17150115966796875","0.17150115966796875"
"1005","0.14778900146484375","0.14778900146484375","0.14778900146484375"
"1007","0.17954254150390625","0.17954254150390625","0.17954254150390625"
"1013","0.1364593505859375","0.1364593505859375","0.1364593505859375"
"1023","0.169464111328125","0.169464111328125","0.169464111328125"
"1025","0.19855499267578125","0.19855499267578125","0.19855499267578125"
"1027","0.14958953857421875","0.14958953857421875","0.14958953857421875"
"1029","0.11507034301757812","0.11507034301757812","0.11507034301757812"
"1031","0.14703750610351562","0.14703750610351562","0.14703750610351562"
"1035","0.13620758056640625","0.13620758056640625","0.13620758056640625"
"1039","0.15344619750976562","0.15344619750976562","0.15344619750976562"
"1053","0.18004608154296875","0.18004608154296875","0.18004608154296875"
"1055","0.17894744873046875","0.17894744873046875","0.17894744873046875"
"1065","0.14026641845703125","0.14026641845703125","0.14026641845703125"
"1069","0.13119888305664062","0.13119888305664062","0.13119888305664062"
"1075","0.12468719482421875","0.12468719482421875","0.12468719482421875"
"1085","0.1581573486328125","0.1581573486328125","0.1581573486328125"
"1087","0.16226959228515625","0.16226959228515625","0.16226959228515625"
"1091","0.2086639404296875","0.2086639404296875","0.2086639404296875"
"1099","0.1041412353515625","0.1041412353515625","0.1041412353515625"
"1101","0.1589202880859375","0.1589202880859375","0.1589202880859375"
"1103","0.14922332763671875","0.14922332763671875","0.14922332763671875"
"1105","0.1451416015625","0.1451416015625","0.1451416015625"
"1121","0.1422119140625","0.1422119140625","0.1422119140625"
"1129","0.20479965209960938","0.20479965209960938","0.20479965209960938"
"1131","0.14339447021484375","0.14339447021484375","0.14339447021484375"
"1137","0.10441970825195312","0.10441970825195312","0.10441970825195312"
"1149","0.13888931274414062","0.13888931274414062","0.13888931274414062"
"1151","0.1417388916015625","0.1417388916015625","0.1417388916015625"
"1155","0.13629150390625","0.13629150390625","0.13629150390625"
"1157","0.13010025024414062","0.13010025024414062","0.13010025024414062"
"1163","0.13471221923828125","0.13471221923828125","0.13471221923828125"
"1165","0.13823699951171875","0.13823699951171875","0.13823699951171875"
"1167","0.13834381103515625","0.13834381103515625","0.13834381103515625"
"1169","0.13300704956054688","0.13300704956054688","0.13300704956054688"
"1171","0.13387298583984375","0.13387298583984375","0.13387298583984375"
"1173","0.16802215576171875","0.16802215576171875","0.16802215576171875"
"1175","0.1279144287109375","0.1279144287109375","0.1279144287109375"
"1179","0.14263916015625","0.14263916015625","0.14263916015625"
"1183","0.16189193725585938","0.16189193725585938","0.16189193725585938"
"1185","0.15006256103515625","0.15006256103515625","0.15006256103515625"
"1187","0.17559051513671875","0.17559051513671875","0.17559051513671875"
"1191","0.14677810668945312","0.14677810668945312","0.14677810668945312"
"1193","0.155609130859375","0.155609130859375","0.155609130859375"
"1195","0.1928253173828125","0.1928253173828125","0.1928253173828125"
"1197","0.141143798828125","0.141143798828125","0.141143798828125"
"1199","0.14620590209960938","0.14620590209960938","0.14620590209960938"
"1209","0.17122650146484375","0.17122650146484375","0.17122650146484375"
"1213","0.17039871215820312","0.17039871215820312","0.17039871215820312"
"1217","0.13671875","0.13671875","0.13671875"
"1219","0.12116241455078125","0.12116241455078125","0.12116241455078125"
"1227","0.13665771484375","0.13665771484375","0.13665771484375"
"1229","0.153594970703125","0.153594970703125","0.153594970703125"
"1233","0.16808319091796875","0.16808319091796875","0.16808319091796875"
"1235","0.12474822998046875","0.12474822998046875","0.12474822998046875"
"1239","0.10682296752929688","0.10682296752929688","0.10682296752929688"
"1245","0.16567230224609375","0.16567230224609375","0.16567230224609375"
"1247","0.1927642822265625","0.1927642822265625","0.1927642822265625"
"1251","0.1404876708984375","0.1404876708984375","0.1404876708984375"
"1253","0.14571380615234375","0.14571380615234375","0.14571380615234375"
"1257","0.158660888671875","0.158660888671875","0.158660888671875"
"1269","0.14443206787109375","0.14443206787109375","0.14443206787109375"
"1271","0.16595458984375","0.16595458984375","0.16595458984375"
"1273","0.11753082275390625","0.11753082275390625","0.11753082275390625"
"1287","0.1534271240234375","0.1534271240234375","0.1534271240234375"
"1289","0.1394805908203125","0.1394805908203125","0.1394805908203125"
"1293","0.09972381591796875","0.09972381591796875","0.09972381591796875"
"1295","0.13872528076171875","0.13872528076171875","0.13872528076171875"
"1297","0.14087677001953125","0.14087677001953125","0.14087677001953125"
"1299","0.13996124267578125","0.13996124267578125","0.13996124267578125"
"1301","0.17681121826171875","0.17681121826171875","0.17681121826171875"
"1303","0.11613845825195312","0.11613845825195312","0.11613845825195312"
"1305","0.1268157958984375","0.1268157958984375","0.1268157958984375"
"1307","0.14142608642578125","0.14142608642578125","0.14142608642578125"
"1325","0.2111663818359375","0.2111663818359375","0.2111663818359375"
"1327","0.12853240966796875","0.12853240966796875","0.12853240966796875"
"1335","0.12178802490234375","0.12178802490234375","0.12178802490234375"
"1337","0.12459564208984375","0.12459564208984375","0.12459564208984375"
"1343","0.1457977294921875","0.1457977294921875","0.1457977294921875"
"1351","0.1717987060546875","0.1717987060546875","0.1717987060546875"
"1353","0.17798614501953125","0.17798614501953125","0.17798614501953125"
"1367","0.15293121337890625","0.15293121337890625","0.15293121337890625"
"1373","0.12735748291015625","0.12735748291015625","0.12735748291015625"
"1383","0.14678192138671875","0.14678192138671875","0.14678192138671875"
"1385","0.17391204833984375","0.17391204833984375","0.17391204833984375"
"1387","0.16620635986328125","0.16620635986328125","0.16620635986328125"
"1391","0.1597900390625","0.1597900390625","0.1597900390625"
"1395","0.1282958984375","0.1282958984375","0.1282958984375"
"1401","0.14420700073242188","0.14420700073242188","0.14420700073242188"
"1405","0.13856887817382812","0.13856887817382812","0.13856887817382812"
"1407","0.18362808227539062","0.18362808227539062","0.18362808227539062"
"1427","0.15267181396484375","0.15267181396484375","0.15267181396484375"
"1431","0.1582489013671875","0.1582489013671875","0.1582489013671875"
"1439","0.15216827392578125","0.15216827392578125","0.15216827392578125"
"1441","0.153472900390625","0.153472900390625","0.153472900390625"
"1445","0.1737060546875","0.1737060546875","0.1737060546875"
"1449","0.12347984313964844","0.12347984313964844","0.12347984313964844"
"1453","0.244659423828125","0.244659423828125","0.244659423828125"
"1455","0.14699554443359375","0.14699554443359375","0.14699554443359375"
"1459","0.10686492919921875","0.10686492919921875","0.10686492919921875"
"1463","0.1627044677734375","0.1627044677734375","0.1627044677734375"
"1469","0.1911773681640625","0.1911773681640625","0.1911773681640625"
"1494","0.1619415283203125","0.1619415283203125","0.1619415283203125"
"1496","0.10924530029296875","0.10924530029296875","0.10924530029296875"
"1508","0.14688873291015625","0.14688873291015625","0.14688873291015625"
"1514","0.11316680908203125","0.11316680908203125","0.11316680908203125"
"1520","0.15952301025390625","0.15952301025390625","0.15952301025390625"
"1524","0.17156982421875","0.17156982421875","0.17156982421875"
"1526","0.13356781005859375","0.13356781005859375","0.13356781005859375"
"1530","0.1266021728515625","0.1266021728515625","0.1266021728515625"
"1532","0.14252471923828125","0.14252471923828125","0.14252471923828125"
"1542","0.15428543090820312","0.15428543090820312","0.15428543090820312"
"1544","0.122100830078125","0.122100830078125","0.122100830078125"
"1550","0.157318115234375","0.157318115234375","0.157318115234375"
"1552","0.11998748779296875","0.11998748779296875","0.11998748779296875"
"1556","0.12785720825195312","0.12785720825195312","0.12785720825195312"
"1568","0.13062286376953125","0.13062286376953125","0.13062286376953125"
"1582","0.1358642578125","0.1358642578125","0.1358642578125"
"1584","0.11125946044921875","0.11125946044921875","0.11125946044921875"
"1594","0.1926116943359375","0.1926116943359375","0.1926116943359375"
"1608","0.1079254150390625","0.1079254150390625","0.1079254150390625"
"1614","0.1768035888671875","0.1768035888671875","0.1768035888671875"
"1618","0.17009353637695312","0.17009353637695312","0.17009353637695312"
"1620","0.111480712890625","0.111480712890625","0.111480712890625"
"1630","0.14545440673828125","0.14545440673828125","0.14545440673828125"
"1658","0.1663055419921875","0.1663055419921875","0.1663055419921875"
"1660","0.13891220092773438","0.13891220092773438","0.13891220092773438"
"1670","0.18761062622070312","0.18761062622070312","0.18761062622070312"
"1680","0.1942291259765625","0.1942291259765625","0.1942291259765625"
"1682","0.17437744140625","0.17437744140625","0.17437744140625"
"1684","0.17316055297851562","0.17316055297851562","0.17316055297851562"
"1702","0.11554336547851562","0.11554336547851562","0.11554336547851562"
"1712","0.175262451171875","0.175262451171875","0.175262451171875"
"1714","0.17340850830078125","0.17340850830078125","0.17340850830078125"
"1720","0.113861083984375","0.113861083984375","0.113861083984375"
"1728","0.10193634033203125","0.10193634033203125","0.10193634033203125"
"1732","0.17050933837890625","0.17050933837890625","0.17050933837890625"
"1746","0.13251876831054688","0.13251876831054688","0.13251876831054688"
"1752","0.1411590576171875","0.1411590576171875","0.1411590576171875"
"1756","0.15155792236328125","0.15155792236328125","0.15155792236328125"
"1760","0.14940261840820312","0.14940261840820312","0.14940261840820312"
"1762","0.16257858276367188","0.16257858276367188","0.16257858276367188"
"1768","0.218505859375","0.218505859375","0.218505859375"
"1770","0.1177825927734375","0.1177825927734375","0.1177825927734375"
"1774","0.148345947265625","0.148345947265625","0.148345947265625"
"1776","0.1397705078125","0.1397705078125","0.1397705078125"
"1782","0.17634963989257812","0.17634963989257812","0.17634963989257812"
"1788","0.16422271728515625","0.16422271728515625","0.16422271728515625"
"1796","0.13028717041015625","0.13028717041015625","0.13028717041015625"
"1802","0.144927978515625","0.144927978515625","0.144927978515625"
"1806","0.20285415649414062","0.20285415649414062","0.20285415649414062"
"1812","0.17598342895507812","0.17598342895507812","0.17598342895507812"
"1816","0.18392181396484375","0.18392181396484375","0.18392181396484375"
"1818","0.154571533203125","0.154571533203125","0.154571533203125"
"1824","0.1515350341796875","0.1515350341796875","0.1515350341796875"
"1830","0.1358184814453125","0.1358184814453125","0.1358184814453125"
"1832","0.16682815551757812","0.16682815551757812","0.16682815551757812"
"1838","0.133087158203125","0.133087158203125","0.133087158203125"
"1844","0.142181396484375","0.142181396484375","0.142181396484375"
"1846","0.13770294189453125","0.13770294189453125","0.13770294189453125"
"1848","0.0964813232421875","0.0964813232421875","0.0964813232421875"
"1854","0.11383438110351562","0.11383438110351562","0.11383438110351562"
"1856","0.157318115234375","0.157318115234375","0.157318115234375"
"1868","0.11717987060546875","0.11717987060546875","0.11717987060546875"
"1882","0.14904022216796875","0.14904022216796875","0.14904022216796875"
"1884","0.136871337890625","0.136871337890625","0.136871337890625"
"1892","0.1256561279296875","0.1256561279296875","0.1256561279296875"
"1896","0.1703643798828125","0.1703643798828125","0.1703643798828125"
"1898","0.119903564453125","0.119903564453125","0.119903564453125"
"1900","0.1603546142578125","0.1603546142578125","0.1603546142578125"
"1902","0.1717071533203125","0.1717071533203125","0.1717071533203125"
"1904","0.1790771484375","0.1790771484375","0.1790771484375"
"1912","0.16473770141601562","0.16473770141601562","0.16473770141601562"
"1914","0.10730171203613281","0.10730171203613281","0.10730171203613281"
"1918","0.12462615966796875","0.12462615966796875","0.12462615966796875"
"1922","0.1590728759765625","0.1590728759765625","0.1590728759765625"
"1928","0.11529922485351562","0.11529922485351562","0.11529922485351562"
"1930","0.15452194213867188","0.15452194213867188","0.15452194213867188"
"1934","0.14746856689453125","0.14746856689453125","0.14746856689453125"
"1948","0.1535797119140625","0.1535797119140625","0.1535797119140625"
"1952","0.13304901123046875","0.13304901123046875","0.13304901123046875"
"1956","0.13384628295898438","0.13384628295898438","0.13384628295898438"
"1960","0.13996505737304688","0.13996505737304688","0.13996505737304688"
"1966","0.1402740478515625","0.1402740478515625","0.1402740478515625"
"1974","0.14583587646484375","0.14583587646484375","0.14583587646484375"
"1982","0.143890380859375","0.143890380859375","0.143890380859375"
"1984","0.111175537109375","0.111175537109375","0.111175537109375"
"1986","0.13101959228515625","0.13101959228515625","0.13101959228515625"
"1992","0.126922607421875","0.126922607421875","0.126922607421875"
"1998","0.15450668334960938","0.15450668334960938","0.15450668334960938"
"2000","0.14627838134765625","0.14627838134765625","0.14627838134765625"
"2002","0.1612091064453125","0.1612091064453125","0.1612091064453125"
"2006","0.16571807861328125","0.16571807861328125","0.16571807861328125"
"2008","0.1481781005859375","0.1481781005859375","0.1481781005859375"
"2010","0.1610107421875","0.1610107421875","0.1610107421875"
"2014","0.15774917602539062","0.15774917602539062","0.15774917602539062"
"2020","0.13179779052734375","0.13179779052734375","0.13179779052734375"
"2022","0.12671279907226562","0.12671279907226562","0.12671279907226562"
"2024","0.15570831298828125","0.15570831298828125","0.15570831298828125"
"2026","0.11986923217773438","0.11986923217773438","0.11986923217773438"
"2028","0.18198394775390625","0.18198394775390625","0.18198394775390625"
"2030","0.17387771606445312","0.17387771606445312","0.17387771606445312"
"2034","0.13544464111328125","0.13544464111328125","0.13544464111328125"
"2042","0.1716766357421875","0.1716766357421875","0.1716766357421875"
"2044","0.14398956298828125","0.14398956298828125","0.14398956298828125"
"2046","0.2096099853515625","0.2096099853515625","0.2096099853515625"
"2054","0.10918426513671875","0.10918426513671875","0.10918426513671875"
"2056","0.14592742919921875","0.14592742919921875","0.14592742919921875"
"2058","0.18276214599609375","0.18276214599609375","0.18276214599609375"
"2060","0.14054489135742188","0.14054489135742188","0.14054489135742188"
"2062","0.14567947387695312","0.14567947387695312","0.14567947387695312"
"2066","0.14704513549804688","0.14704513549804688","0.14704513549804688"
"2082","0.13995361328125","0.13995361328125","0.13995361328125"
"2086","0.12799835205078125","0.12799835205078125","0.12799835205078125"
"2088","0.15427780151367188","0.15427780151367188","0.15427780151367188"
"2090","0.15709686279296875","0.15709686279296875","0.15709686279296875"
"2094","0.1851806640625","0.1851806640625","0.1851806640625"
"2102","0.12476348876953125","0.12476348876953125","0.12476348876953125"
"2104","0.13797760009765625","0.13797760009765625","0.13797760009765625"
"2112","0.12423324584960938","0.12423324584960938","0.12423324584960938"
"2114","0.14244842529296875","0.14244842529296875","0.14244842529296875"
"2116","0.17658233642578125","0.17658233642578125","0.17658233642578125"
"2118","0.12974166870117188","0.12974166870117188","0.12974166870117188"
"2122","0.12593841552734375","0.12593841552734375","0.12593841552734375"
"2126","0.15288543701171875","0.15288543701171875","0.15288543701171875"
"2128","0.1938018798828125","0.1938018798828125","0.1938018798828125"
"2130","0.155059814453125","0.155059814453125","0.155059814453125"
"2134","0.18067169189453125","0.18067169189453125","0.18067169189453125"
"2136","0.12445068359375","0.12445068359375","0.12445068359375"
"2138","0.1332836151123047","0.1332836151123047","0.1332836151123047"
"2146","0.18227005004882812","0.18227005004882812","0.18227005004882812"
"2152","0.19368743896484375","0.19368743896484375","0.19368743896484375"
"2154","0.14283370971679688","0.14283370971679688","0.14283370971679688"
"2162","0.20093536376953125","0.20093536376953125","0.20093536376953125"
"2168","0.1766510009765625","0.1766510009765625","0.1766510009765625"
"2174","0.19875335693359375","0.19875335693359375","0.19875335693359375"
"2180","0.127593994140625","0.127593994140625","0.127593994140625"
"2186","0.15016937255859375","0.15016937255859375","0.15016937255859375"
"2198","0.1637115478515625","0.1637115478515625","0.1637115478515625"
"2200","0.16082000732421875","0.16082000732421875","0.16082000732421875"
"2208","0.1477508544921875","0.1477508544921875","0.1477508544921875"
"2212","0.13516998291015625","0.13516998291015625","0.13516998291015625"
"2216","0.13877105712890625","0.13877105712890625","0.13877105712890625"
"2220","0.13246917724609375","0.13246917724609375","0.13246917724609375"
"2230","0.13784027099609375","0.13784027099609375","0.13784027099609375"
"2232","0.1260528564453125","0.1260528564453125","0.1260528564453125"
"2234","0.12012481689453125","0.12012481689453125","0.12012481689453125"
"2238","0.1197052001953125","0.1197052001953125","0.1197052001953125"
"2246","0.11832046508789062","0.11832046508789062","0.11832046508789062"
"2260","0.18773269653320312","0.18773269653320312","0.18773269653320312"
"2262","0.1128692626953125","0.1128692626953125","0.1128692626953125"
"2264","0.12583160400390625","0.12583160400390625","0.12583160400390625"
"2266","0.1346435546875","0.1346435546875","0.1346435546875"
"2268","0.12834930419921875","0.12834930419921875","0.12834930419921875"
"2270","0.16790771484375","0.16790771484375","0.16790771484375"
"2276","0.12415313720703125","0.12415313720703125","0.12415313720703125"
"2278","0.13411331176757812","0.13411331176757812","0.13411331176757812"
"2280","0.12901687622070312","0.12901687622070312","0.12901687622070312"
"2286","0.12422943115234375","0.12422943115234375","0.12422943115234375"
"2290","0.10719680786132812","0.10719680786132812","0.10719680786132812"
"2294","0.15613555908203125","0.15613555908203125","0.15613555908203125"
"2300","0.12237930297851562","0.12237930297851562","0.12237930297851562"
"2312","0.14769744873046875","0.14769744873046875","0.14769744873046875"
"2314","0.0984954833984375","0.0984954833984375","0.0984954833984375"
"2316","0.14658355712890625","0.14658355712890625","0.14658355712890625"
"2322","0.1906890869140625","0.1906890869140625","0.1906890869140625"
"2324","0.14238739013671875","0.14238739013671875","0.14238739013671875"
"2332","0.11970901489257812","0.11970901489257812","0.11970901489257812"
"2334","0.141357421875","0.141357421875","0.141357421875"
"2336","0.14674758911132812","0.14674758911132812","0.14674758911132812"
"2340","0.14893341064453125","0.14893341064453125","0.14893341064453125"
"2350","0.1620330810546875","0.1620330810546875","0.1620330810546875"
"2352","0.15814971923828125","0.15814971923828125","0.15814971923828125"
"2370","0.1614990234375","0.1614990234375","0.1614990234375"
"2378","0.11514663696289062","0.11514663696289062","0.11514663696289062"
"2388","0.17607879638671875","0.17607879638671875","0.17607879638671875"
"2392","0.11728668212890625","0.11728668212890625","0.11728668212890625"
"2406","0.1375732421875","0.1375732421875","0.1375732421875"
"2410","0.12158584594726562","0.12158584594726562","0.12158584594726562"
"2414","0.133056640625","0.133056640625","0.133056640625"
"2428","0.13903045654296875","0.13903045654296875","0.13903045654296875"
"2430","0.15357208251953125","0.15357208251953125","0.15357208251953125"
"2438","0.14662933349609375","0.14662933349609375","0.14662933349609375"
"2442","0.16989898681640625","0.16989898681640625","0.16989898681640625"
"2444","0.13351821899414062","0.13351821899414062","0.13351821899414062"
"2450","0.15233612060546875","0.15233612060546875","0.15233612060546875"
"2454","0.15250015258789062","0.15250015258789062","0.15250015258789062"
"2456","0.12017059326171875","0.12017059326171875","0.12017059326171875"
"2462","0.20491790771484375","0.20491790771484375","0.20491790771484375"
"2464","0.15106201171875","0.15106201171875","0.15106201171875"
"2466","0.16443252563476562","0.16443252563476562","0.16443252563476562"
"2468","0.15795516967773438","0.15795516967773438","0.15795516967773438"
"2470","0.12758255004882812","0.12758255004882812","0.12758255004882812"
"2472","0.15196609497070312","0.15196609497070312","0.15196609497070312"
"2474","0.1541595458984375","0.1541595458984375","0.1541595458984375"
"2479","0.10634994506835938","0.10634994506835938","0.10634994506835938"
"2481","0.11157608032226562","0.11157608032226562","0.11157608032226562"
"2485","0.15932464599609375","0.15932464599609375","0.15932464599609375"
"2487","0.1424407958984375","0.1424407958984375","0.1424407958984375"
"2501","0.12919235229492188","0.12919235229492188","0.12919235229492188"
"2503","0.10224151611328125","0.10224151611328125","0.10224151611328125"
"2511","0.1597442626953125","0.1597442626953125","0.1597442626953125"
"2513","0.14873504638671875","0.14873504638671875","0.14873504638671875"
"2519","0.14595413208007812","0.14595413208007812","0.14595413208007812"
"2525","0.1219329833984375","0.1219329833984375","0.1219329833984375"
"2527","0.14945220947265625","0.14945220947265625","0.14945220947265625"
"2531","0.11097335815429688","0.11097335815429688","0.11097335815429688"
"2533","0.16847991943359375","0.16847991943359375","0.16847991943359375"
"2539","0.12184906005859375","0.12184906005859375","0.12184906005859375"
"2545","0.14832496643066406","0.14832496643066406","0.14832496643066406"
"2547","0.16390228271484375","0.16390228271484375","0.16390228271484375"
"2551","0.1488494873046875","0.1488494873046875","0.1488494873046875"
"2555","0.12939834594726562","0.12939834594726562","0.12939834594726562"
"2565","0.15079879760742188","0.15079879760742188","0.15079879760742188"
"2567","0.13801193237304688","0.13801193237304688","0.13801193237304688"
"2569","0.10240840911865234","0.10240840911865234","0.10240840911865234"
"2575","0.1988372802734375","0.1988372802734375","0.1988372802734375"
"2579","0.09191131591796875","0.09191131591796875","0.09191131591796875"
"2581","0.17858123779296875","0.17858123779296875","0.17858123779296875"
"2583","0.09277725219726562","0.09277725219726562","0.09277725219726562"
"2585","0.18410491943359375","0.18410491943359375","0.18410491943359375"
"2591","0.13617706298828125","0.13617706298828125","0.13617706298828125"
"2597","0.12351608276367188","0.12351608276367188","0.12351608276367188"
"2611","0.14655303955078125","0.14655303955078125","0.14655303955078125"
"2617","0.15912628173828125","0.15912628173828125","0.15912628173828125"
"2629","0.16365814208984375","0.16365814208984375","0.16365814208984375"
"2631","0.16597747802734375","0.16597747802734375","0.16597747802734375"
"2633","0.1150360107421875","0.1150360107421875","0.1150360107421875"
"2635","0.17847442626953125","0.17847442626953125","0.17847442626953125"
"2639","0.10465240478515625","0.10465240478515625","0.10465240478515625"
"2649","0.15352249145507812","0.15352249145507812","0.15352249145507812"
"2653","0.10582351684570312","0.10582351684570312","0.10582351684570312"
"2657","0.12482070922851562","0.12482070922851562","0.12482070922851562"
"2659","0.13219451904296875","0.13219451904296875","0.13219451904296875"
"2661","0.12370681762695312","0.12370681762695312","0.12370681762695312"
"2663","0.137298583984375","0.137298583984375","0.137298583984375"
"2669","0.10456085205078125","0.10456085205078125","0.10456085205078125"
"2673","0.13784027099609375","0.13784027099609375","0.13784027099609375"
"2675","0.11856460571289062","0.11856460571289062","0.11856460571289062"
"2693","0.15357208251953125","0.15357208251953125","0.15357208251953125"
"2695","0.14894485473632812","0.14894485473632812","0.14894485473632812"
"2701","0.17882537841796875","0.17882537841796875","0.17882537841796875"
"2705","0.1676177978515625","0.1676177978515625","0.1676177978515625"
"2707","0.10987091064453125","0.10987091064453125","0.10987091064453125"
"2709","0.163726806640625","0.163726806640625","0.163726806640625"
"2711","0.13240432739257812","0.13240432739257812","0.13240432739257812"
"2713","0.1730499267578125","0.1730499267578125","0.1730499267578125"
"2727","0.14981842041015625","0.14981842041015625","0.14981842041015625"
"2729","0.14282989501953125","0.14282989501953125","0.14282989501953125"
"2733","0.14384078979492188","0.14384078979492188","0.14384078979492188"
"2737","0.129913330078125","0.129913330078125","0.129913330078125"
"2741","0.13365554809570312","0.13365554809570312","0.13365554809570312"
"2743","0.1282501220703125","0.1282501220703125","0.1282501220703125"
"2747","0.1475067138671875","0.1475067138671875","0.1475067138671875"
"2749","0.0942535400390625","0.0942535400390625","0.0942535400390625"
"2755","0.101654052734375","0.101654052734375","0.101654052734375"
"2763","0.13420867919921875","0.13420867919921875","0.13420867919921875"
"2765","0.12314605712890625","0.12314605712890625","0.12314605712890625"
"2779","0.11169815063476562","0.11169815063476562","0.11169815063476562"
"2781","0.165740966796875","0.165740966796875","0.165740966796875"
"2791","0.117889404296875","0.117889404296875","0.117889404296875"
"2793","0.15005111694335938","0.15005111694335938","0.15005111694335938"
"2797","0.09070205688476562","0.09070205688476562","0.09070205688476562"
"2799","0.12144660949707031","0.12144660949707031","0.12144660949707031"
"2801","0.14572525024414062","0.14572525024414062","0.14572525024414062"
"2803","0.10890960693359375","0.10890960693359375","0.10890960693359375"
"2805","0.1456756591796875","0.1456756591796875","0.1456756591796875"
"2815","0.1578216552734375","0.1578216552734375","0.1578216552734375"
"2817","0.1279449462890625","0.1279449462890625","0.1279449462890625"
"2819","0.11851692199707031","0.11851692199707031","0.11851692199707031"
"2821","0.10708999633789062","0.10708999633789062","0.10708999633789062"
"2825","0.13671112060546875","0.13671112060546875","0.13671112060546875"
"2829","0.13176727294921875","0.13176727294921875","0.13176727294921875"
"2835","0.10578155517578125","0.10578155517578125","0.10578155517578125"
"2843","0.10963058471679688","0.10963058471679688","0.10963058471679688"
"2845","0.13986968994140625","0.13986968994140625","0.13986968994140625"
"2857","0.15024566650390625","0.15024566650390625","0.15024566650390625"
"2865","0.1372222900390625","0.1372222900390625","0.1372222900390625"
"2875","0.08455657958984375","0.08455657958984375","0.08455657958984375"
"2879","0.12738800048828125","0.12738800048828125","0.12738800048828125"
"2881","0.15615081787109375","0.15615081787109375","0.15615081787109375"
"2891","0.0948944091796875","0.0948944091796875","0.0948944091796875"
"2897","0.13048934936523438","0.13048934936523438","0.13048934936523438"
"2901","0.12346267700195312","0.12346267700195312","0.12346267700195312"
"2903","0.127227783203125","0.127227783203125","0.127227783203125"
"2905","0.111297607421875","0.111297607421875","0.111297607421875"
"2907","0.11659622192382812","0.11659622192382812","0.11659622192382812"
"2913","0.07976531982421875","0.07976531982421875","0.07976531982421875"
"2923","0.09862136840820312","0.09862136840820312","0.09862136840820312"
"2925","0.17816162109375","0.17816162109375","0.17816162109375"
"2927","0.12293243408203125","0.12293243408203125","0.12293243408203125"
"2931","0.135986328125","0.135986328125","0.135986328125"
"2937","0.14413833618164062","0.14413833618164062","0.14413833618164062"
"2939","0.1358318328857422","0.1358318328857422","0.1358318328857422"
"2945","0.1084747314453125","0.1084747314453125","0.1084747314453125"
"2949","0.10074996948242188","0.10074996948242188","0.10074996948242188"
"2953","0.1354961395263672","0.1354961395263672","0.1354961395263672"
"2957","0.11609077453613281","0.11609077453613281","0.11609077453613281"
"2969","0.11699295043945312","0.11699295043945312","0.11699295043945312"
"2979","0.07908439636230469","0.07908439636230469","0.07908439636230469"
"2981","0.1048431396484375","0.1048431396484375","0.1048431396484375"
"2983","0.1121063232421875","0.1121063232421875","0.1121063232421875"
"2985","0.12156486511230469","0.12156486511230469","0.12156486511230469"
"2989","0.15607643127441406","0.15607643127441406","0.15607643127441406"
"2997","0.08406734466552734","0.08406734466552734","0.08406734466552734"
"3009","0.09228229522705078","0.09228229522705078","0.09228229522705078"
"3011","0.127288818359375","0.127288818359375","0.127288818359375"
"3019","0.1218099594116211","0.1218099594116211","0.1218099594116211"
"3023","0.1112527847290039","0.1112527847290039","0.1112527847290039"
"3025","0.11606979370117188","0.11606979370117188","0.11606979370117188"
"3031","0.14052200317382812","0.14052200317382812","0.14052200317382812"
"3033","0.12025070190429688","0.12025070190429688","0.12025070190429688"
"3045","0.14450836181640625","0.14450836181640625","0.14450836181640625"
"3059","0.1260242462158203","0.1260242462158203","0.1260242462158203"
"3067","0.09651947021484375","0.09651947021484375","0.09651947021484375"
"3071","0.1291351318359375","0.1291351318359375","0.1291351318359375"
"3073","0.07667875289916992","0.07667875289916992","0.07667875289916992"
"3079","0.12587356567382812","0.12587356567382812","0.12587356567382812"
"3083","0.1083984375","0.1083984375","0.1083984375"
"3087","0.08047294616699219","0.08047294616699219","0.08047294616699219"
"3089","0.12694549560546875","0.12694549560546875","0.12694549560546875"
"3091","0.1028289794921875","0.1028289794921875","0.1028289794921875"
"3101","0.145782470703125","0.145782470703125","0.145782470703125"
"3103","0.14297103881835938","0.14297103881835938","0.14297103881835938"
"3105","0.16106414794921875","0.16106414794921875","0.16106414794921875"
"3107","0.08092880249023438","0.08092880249023438","0.08092880249023438"
"3109","0.13845443725585938","0.13845443725585938","0.13845443725585938"
"3111","0.09784317016601562","0.09784317016601562","0.09784317016601562"
"3113","0.09409332275390625","0.09409332275390625","0.09409332275390625"
"3119","0.07777786254882812","0.07777786254882812","0.07777786254882812"
"3121","0.0890045166015625","0.0890045166015625","0.0890045166015625"
"3125","0.08921623229980469","0.08921623229980469","0.08921623229980469"
"3129","0.11552906036376953","0.11552906036376953","0.11552906036376953"
"3131","0.09563350677490234","0.09563350677490234","0.09563350677490234"
"3139","0.1283092498779297","0.1283092498779297","0.1283092498779297"
"3145","0.16096878051757812","0.16096878051757812","0.16096878051757812"
"3147","0.133026123046875","0.133026123046875","0.133026123046875"
"3153","0.14890289306640625","0.14890289306640625","0.14890289306640625"
"3157","0.08917236328125","0.08917236328125","0.08917236328125"
"3159","0.13019180297851562","0.13019180297851562","0.13019180297851562"
"3161","0.08239364624023438","0.08239364624023438","0.08239364624023438"
"3163","0.15910720825195312","0.15910720825195312","0.15910720825195312"
"3179","0.08045196533203125","0.08045196533203125","0.08045196533203125"
"3185","0.13014602661132812","0.13014602661132812","0.13014602661132812"
"3187","0.16408538818359375","0.16408538818359375","0.16408538818359375"
"3193","0.0691375732421875","0.0691375732421875","0.0691375732421875"
"3201","0.11147308349609375","0.11147308349609375","0.11147308349609375"
"3205","0.0982217788696289","0.0982217788696289","0.0982217788696289"
"3209","0.11832809448242188","0.11832809448242188","0.11832809448242188"
"3215","0.16170883178710938","0.16170883178710938","0.16170883178710938"
"3217","0.08052825927734375","0.08052825927734375","0.08052825927734375"
"3223","0.1262216567993164","0.1262216567993164","0.1262216567993164"
"3225","0.06116008758544922","0.06116008758544922","0.06116008758544922"
"3229","0.12085342407226562","0.12085342407226562","0.12085342407226562"
"3235","0.10395431518554688","0.10395431518554688","0.10395431518554688"
"3239","0.11040496826171875","0.11040496826171875","0.11040496826171875"
"3241","0.10872268676757812","0.10872268676757812","0.10872268676757812"
"3243","0.11470222473144531","0.11470222473144531","0.11470222473144531"
"3245","0.11629867553710938","0.11629867553710938","0.11629867553710938"
"3249","0.09668803215026855","0.09668803215026855","0.09668803215026855"
"3253","0.14958572387695312","0.14958572387695312","0.14958572387695312"
"3255","0.1053619384765625","0.1053619384765625","0.1053619384765625"
"3263","0.1456451416015625","0.1456451416015625","0.1456451416015625"
"3271","0.08976364135742188","0.08976364135742188","0.08976364135742188"
"3275","0.06694984436035156","0.06694984436035156","0.06694984436035156"
"3279","0.15407180786132812","0.15407180786132812","0.15407180786132812"
"3281","0.13753032684326172","0.13753032684326172","0.13753032684326172"
"3283","0.0664224624633789","0.0664224624633789","0.0664224624633789"
"3291","0.101837158203125","0.101837158203125","0.101837158203125"
"3293","0.12377548217773438","0.12377548217773438","0.12377548217773438"
"3295","0.11261558532714844","0.11261558532714844","0.11261558532714844"
"3297","0.11752700805664062","0.11752700805664062","0.11752700805664062"
"3301","0.11079788208007812","0.11079788208007812","0.11079788208007812"
"3303","0.08904266357421875","0.08904266357421875","0.08904266357421875"
"3305","0.08136558532714844","0.08136558532714844","0.08136558532714844"
"3309","0.10655975341796875","0.10655975341796875","0.10655975341796875"
"3313","0.1682586669921875","0.1682586669921875","0.1682586669921875"
"3323","0.1252593994140625","0.1252593994140625","0.1252593994140625"
"3325","0.1515522003173828","0.1515522003173828","0.1515522003173828"
"3339","0.0635223388671875","0.0635223388671875","0.0635223388671875"
"3349","0.1616668701171875","0.1616668701171875","0.1616668701171875"
"3353","0.11763477325439453","0.11763477325439453","0.11763477325439453"
"3355","0.12540245056152344","0.12540245056152344","0.12540245056152344"
"3359","0.1304645538330078","0.1304645538330078","0.1304645538330078"
"3363","0.08927154541015625","0.08927154541015625","0.08927154541015625"
"3367","0.15772247314453125","0.15772247314453125","0.15772247314453125"
"3373","0.11315727233886719","0.11315727233886719","0.11315727233886719"
"3377","0.11249351501464844","0.11249351501464844","0.11249351501464844"
"3381","0.12720870971679688","0.12720870971679688","0.12720870971679688"
"3389","0.09085845947265625","0.09085845947265625","0.09085845947265625"
"3391","0.11804389953613281","0.11804389953613281","0.11804389953613281"
"3393","0.10469818115234375","0.10469818115234375","0.10469818115234375"
"3405","0.120635986328125","0.120635986328125","0.120635986328125"
"3409","0.11240005493164062","0.11240005493164062","0.11240005493164062"
"3413","0.09481430053710938","0.09481430053710938","0.09481430053710938"
"3415","0.1625347137451172","0.1625347137451172","0.1625347137451172"
"3419","0.14926528930664062","0.14926528930664062","0.14926528930664062"
"3423","0.07924842834472656","0.07924842834472656","0.07924842834472656"
"3427","0.10453414916992188","0.10453414916992188","0.10453414916992188"
"3431","0.1664886474609375","0.1664886474609375","0.1664886474609375"
"3433","0.16800689697265625","0.16800689697265625","0.16800689697265625"
"3435","0.06438064575195312","0.06438064575195312","0.06438064575195312"
"3437","0.1546478271484375","0.1546478271484375","0.1546478271484375"
"3441","0.10067605972290039","0.10067605972290039","0.10067605972290039"
"3445","0.11893844604492188","0.11893844604492188","0.11893844604492188"
"3449","0.1069040298461914","0.1069040298461914","0.1069040298461914"
"3453","0.18084335327148438","0.18084335327148438","0.18084335327148438"
"3457","0.07625007629394531","0.07625007629394531","0.07625007629394531"
"3459","0.13100767135620117","0.13100767135620117","0.13100767135620117"
"3461","0.1047201156616211","0.1047201156616211","0.1047201156616211"
"3463","0.1244964599609375","0.1244964599609375","0.1244964599609375"
"3472","0.06645584106445312","0.06645584106445312","0.06645584106445312"
"3476","0.11285209655761719","0.11285209655761719","0.11285209655761719"
"3480","0.1009063720703125","0.1009063720703125","0.1009063720703125"
"3486","0.1001739501953125","0.1001739501953125","0.1001739501953125"
"3488","0.124053955078125","0.124053955078125","0.124053955078125"
"3494","0.10554265975952148","0.10554265975952148","0.10554265975952148"
"3512","0.145538330078125","0.145538330078125","0.145538330078125"
"3516","0.0784912109375","0.0784912109375","0.0784912109375"
"3518","0.08507728576660156","0.08507728576660156","0.08507728576660156"
"3520","0.12358474731445312","0.12358474731445312","0.12358474731445312"
"3532","0.0721588134765625","0.0721588134765625","0.0721588134765625"
"3534","0.09990310668945312","0.09990310668945312","0.09990310668945312"
"3536","0.14911651611328125","0.14911651611328125","0.14911651611328125"
"3538","0.08148193359375","0.08148193359375","0.08148193359375"
"3548","0.13238525390625","0.13238525390625","0.13238525390625"
"3550","0.1232147216796875","0.1232147216796875","0.1232147216796875"
"3552","0.054377079010009766","0.054377079010009766","0.054377079010009766"
"3558","0.11727142333984375","0.11727142333984375","0.11727142333984375"
"3570","0.10531425476074219","0.10531425476074219","0.10531425476074219"
"3572","0.07512664794921875","0.07512664794921875","0.07512664794921875"
"3574","0.12138748168945312","0.12138748168945312","0.12138748168945312"
"3576","0.09749603271484375","0.09749603271484375","0.09749603271484375"
"3578","0.12091827392578125","0.12091827392578125","0.12091827392578125"
"3582","0.09984588623046875","0.09984588623046875","0.09984588623046875"
"3588","0.07839012145996094","0.07839012145996094","0.07839012145996094"
"3592","0.10437774658203125","0.10437774658203125","0.10437774658203125"
"3594","0.13637161254882812","0.13637161254882812","0.13637161254882812"
"3596","0.13554763793945312","0.13554763793945312","0.13554763793945312"
"3598","0.08354949951171875","0.08354949951171875","0.08354949951171875"
"3600","0.10346412658691406","0.10346412658691406","0.10346412658691406"
"3604","0.07778072357177734","0.07778072357177734","0.07778072357177734"
"3608","0.15092849731445312","0.15092849731445312","0.15092849731445312"
"3612","0.09958648681640625","0.09958648681640625","0.09958648681640625"
"3614","0.14760398864746094","0.14760398864746094","0.14760398864746094"
"3616","0.110382080078125","0.110382080078125","0.110382080078125"
"3618","0.0998992919921875","0.0998992919921875","0.0998992919921875"
"3624","0.11464309692382812","0.11464309692382812","0.11464309692382812"
"3628","0.08092498779296875","0.08092498779296875","0.08092498779296875"
"3630","0.08150482177734375","0.08150482177734375","0.08150482177734375"
"3632","0.12407302856445312","0.12407302856445312","0.12407302856445312"
"3636","0.10661125183105469","0.10661125183105469","0.10661125183105469"
"3638","0.13501548767089844","0.13501548767089844","0.13501548767089844"
"3640","0.09615135192871094","0.09615135192871094","0.09615135192871094"
"3650","0.10922050476074219","0.10922050476074219","0.10922050476074219"
"3652","0.07966995239257812","0.07966995239257812","0.07966995239257812"
"3654","0.16913604736328125","0.16913604736328125","0.16913604736328125"
"3656","0.08772850036621094","0.08772850036621094","0.08772850036621094"
"3658","0.08769798278808594","0.08769798278808594","0.08769798278808594"
"3668","0.11482048034667969","0.11482048034667969","0.11482048034667969"
"3672","0.13604354858398438","0.13604354858398438","0.13604354858398438"
"3676","0.10379409790039062","0.10379409790039062","0.10379409790039062"
"3678","0.10137271881103516","0.10137271881103516","0.10137271881103516"
"3680","0.11543750762939453","0.11543750762939453","0.11543750762939453"
"3684","0.06523656845092773","0.06523656845092773","0.06523656845092773"
"3692","0.099853515625","0.099853515625","0.099853515625"
"3698","0.15668201446533203","0.15668201446533203","0.15668201446533203"
"3702","0.08964824676513672","0.08964824676513672","0.08964824676513672"
"3704","0.13453388214111328","0.13453388214111328","0.13453388214111328"
"3724","0.07831764221191406","0.07831764221191406","0.07831764221191406"
"3730","0.10597991943359375","0.10597991943359375","0.10597991943359375"
"3734","0.0662689208984375","0.0662689208984375","0.0662689208984375"
"3736","0.12059497833251953","0.12059497833251953","0.12059497833251953"
"3742","0.08585357666015625","0.08585357666015625","0.08585357666015625"
"3746","0.10189056396484375","0.10189056396484375","0.10189056396484375"
"3750","0.10773658752441406","0.10773658752441406","0.10773658752441406"
"3760","0.14282989501953125","0.14282989501953125","0.14282989501953125"
"3762","0.09506607055664062","0.09506607055664062","0.09506607055664062"
"3766","0.08784103393554688","0.08784103393554688","0.08784103393554688"
"3768","0.14324569702148438","0.14324569702148438","0.14324569702148438"
"3776","0.08877754211425781","0.08877754211425781","0.08877754211425781"
"3778","0.08302021026611328","0.08302021026611328","0.08302021026611328"
"3788","0.09843063354492188","0.09843063354492188","0.09843063354492188"
"3790","0.11179733276367188","0.11179733276367188","0.11179733276367188"
"3798","0.14129400253295898","0.14129400253295898","0.14129400253295898"
"3806","0.08281707763671875","0.08281707763671875","0.08281707763671875"
"3810","0.12189483642578125","0.12189483642578125","0.12189483642578125"
"3818","0.10251808166503906","0.10251808166503906","0.10251808166503906"
"3822","0.04699993133544922","0.04699993133544922","0.04699993133544922"
"3832","0.1012887954711914","0.1012887954711914","0.1012887954711914"
"3862","0.12267303466796875","0.12267303466796875","0.12267303466796875"
"3866","0.09403228759765625","0.09403228759765625","0.09403228759765625"
"3868","0.08234405517578125","0.08234405517578125","0.08234405517578125"
"3870","0.1490650177001953","0.1490650177001953","0.1490650177001953"
"3878","0.11392498016357422","0.11392498016357422","0.11392498016357422"
"3890","0.1203165054321289","0.1203165054321289","0.1203165054321289"
"3894","0.048745155334472656","0.048745155334472656","0.048745155334472656"
"3900","0.13857269287109375","0.13857269287109375","0.13857269287109375"
"3902","0.09152793884277344","0.09152793884277344","0.09152793884277344"
"3908","0.10484504699707031","0.10484504699707031","0.10484504699707031"
"3914","0.10084676742553711","0.10084676742553711","0.10084676742553711"
"3920","0.13055801391601562","0.13055801391601562","0.13055801391601562"
"3924","0.10137939453125","0.10137939453125","0.10137939453125"
"3930","0.05343961715698242","0.05343961715698242","0.05343961715698242"
"3932","0.11979508399963379","0.11979508399963379","0.11979508399963379"
"3944","0.0679771900177002","0.0679771900177002","0.0679771900177002"
"3956","0.13266754150390625","0.13266754150390625","0.13266754150390625"
"3962","0.10262393951416016","0.10262393951416016","0.10262393951416016"
"3966","0.0757819414138794","0.0757819414138794","0.0757819414138794"
"3970","0.09424257278442383","0.09424257278442383","0.09424257278442383"
"3976","0.07630062103271484","0.07630062103271484","0.07630062103271484"
"3978","0.14404892921447754","0.14404892921447754","0.14404892921447754"
"3982","0.11772823333740234","0.11772823333740234","0.11772823333740234"
"3994","0.06448745727539062","0.06448745727539062","0.06448745727539062"
"4000","0.15409469604492188","0.15409469604492188","0.15409469604492188"
"4006","0.1203460693359375","0.1203460693359375","0.1203460693359375"
"4010","0.08988189697265625","0.08988189697265625","0.08988189697265625"
"4012","0.06256484985351562","0.06256484985351562","0.06256484985351562"
"4016","0.06555557250976562","0.06555557250976562","0.06555557250976562"
"4022","0.1338481903076172","0.1338481903076172","0.1338481903076172"
"4024","0.11956596374511719","0.11956596374511719","0.11956596374511719"
"4028","0.07541465759277344","0.07541465759277344","0.07541465759277344"
"4032","0.11208724975585938","0.11208724975585938","0.11208724975585938"
"4034","0.15559768676757812","0.15559768676757812","0.15559768676757812"
"4036","0.08165931701660156","0.08165931701660156","0.08165931701660156"
"4040","0.09251785278320312","0.09251785278320312","0.09251785278320312"
"4044","0.07805061340332031","0.07805061340332031","0.07805061340332031"
"4054","0.11841583251953125","0.11841583251953125","0.11841583251953125"
"4060","0.08895492553710938","0.08895492553710938","0.08895492553710938"
"4062","0.11361122131347656","0.11361122131347656","0.11361122131347656"
"4064","0.05340385437011719","0.05340385437011719","0.05340385437011719"
"4068","0.10396862030029297","0.10396862030029297","0.10396862030029297"
"4072","0.09951591491699219","0.09951591491699219","0.09951591491699219"
"4078","0.11477375030517578","0.11477375030517578","0.11477375030517578"
"4080","0.07492351531982422","0.07492351531982422","0.07492351531982422"
"4086","0.09567070007324219","0.09567070007324219","0.09567070007324219"
"4090","0.13872909545898438","0.13872909545898438","0.13872909545898438"
"4094","0.0779867172241211","0.0779867172241211","0.0779867172241211"
"4096","0.11144542694091797","0.11144542694091797","0.11144542694091797"
"4104","0.10215377807617188","0.10215377807617188","0.10215377807617188"
"4106","0.069793701171875","0.069793701171875","0.069793701171875"
"4108","0.11207199096679688","0.11207199096679688","0.11207199096679688"
"4110","0.10437393188476562","0.10437393188476562","0.10437393188476562"
"4122","0.11145401000976562","0.11145401000976562","0.11145401000976562"
"4146","0.08031749725341797","0.08031749725341797","0.08031749725341797"
"4148","0.1282367706298828","0.1282367706298828","0.1282367706298828"
"4152","0.13298606872558594","0.13298606872558594","0.13298606872558594"
"4158","0.08962631225585938","0.08962631225585938","0.08962631225585938"
"4164","0.08979034423828125","0.08979034423828125","0.08979034423828125"
"4166","0.1335906982421875","0.1335906982421875","0.1335906982421875"
"4172","0.17486190795898438","0.17486190795898438","0.17486190795898438"
"4176","0.06114625930786133","0.06114625930786133","0.06114625930786133"
"4182","0.08825874328613281","0.08825874328613281","0.08825874328613281"
"4188","0.08185768127441406","0.08185768127441406","0.08185768127441406"
"4190","0.11938858032226562","0.11938858032226562","0.11938858032226562"
"4192","0.10328483581542969","0.10328483581542969","0.10328483581542969"
"4196","0.10873985290527344","0.10873985290527344","0.10873985290527344"
"4198","0.07090163230895996","0.07090163230895996","0.07090163230895996"
"4204","0.1332559585571289","0.1332559585571289","0.1332559585571289"
"4208","0.10528182983398438","0.10528182983398438","0.10528182983398438"
"4212","0.09167289733886719","0.09167289733886719","0.09167289733886719"
"4214","0.10048675537109375","0.10048675537109375","0.10048675537109375"
"4216","0.11380958557128906","0.11380958557128906","0.11380958557128906"
"4220","0.09898090362548828","0.09898090362548828","0.09898090362548828"
"4222","0.08880186080932617","0.08880186080932617","0.08880186080932617"
"4224","0.1394023895263672","0.1394023895263672","0.1394023895263672"
"4232","0.1433238983154297","0.1433238983154297","0.1433238983154297"
"4234","0.16309356689453125","0.16309356689453125","0.16309356689453125"
"4236","0.0855875015258789","0.0855875015258789","0.0855875015258789"
"4246","0.07616186141967773","0.07616186141967773","0.07616186141967773"
"4252","0.046568870544433594","0.046568870544433594","0.046568870544433594"
"4254","0.1128087043762207","0.1128087043762207","0.1128087043762207"
"4260","0.11581707000732422","0.11581707000732422","0.11581707000732422"
"4272","0.0761260986328125","0.0761260986328125","0.0761260986328125"
"4274","0.09430885314941406","0.09430885314941406","0.09430885314941406"
"4278","0.08766937255859375","0.08766937255859375","0.08766937255859375"
"4280","0.09794235229492188","0.09794235229492188","0.09794235229492188"
"4282","0.07393646240234375","0.07393646240234375","0.07393646240234375"
"4284","0.060970306396484375","0.060970306396484375","0.060970306396484375"
"4286","0.10833263397216797","0.10833263397216797","0.10833263397216797"
"4288","0.09289932250976562","0.09289932250976562","0.09289932250976562"
"4294","0.09207725524902344","0.09207725524902344","0.09207725524902344"
"4298","0.10124588012695312","0.10124588012695312","0.10124588012695312"
"4300","0.13484954833984375","0.13484954833984375","0.13484954833984375"
"4304","0.10318946838378906","0.10318946838378906","0.10318946838378906"
"4312","0.07224845886230469","0.07224845886230469","0.07224845886230469"
"4316","0.08558273315429688","0.08558273315429688","0.08558273315429688"
"4318","0.04915332794189453","0.04915332794189453","0.04915332794189453"
"4324","0.0933218002319336","0.0933218002319336","0.0933218002319336"
"4328","0.08773422241210938","0.08773422241210938","0.08773422241210938"
"4330","0.13913345336914062","0.13913345336914062","0.13913345336914062"
"4336","0.10189056396484375","0.10189056396484375","0.10189056396484375"
"4340","0.10265541076660156","0.10265541076660156","0.10265541076660156"
"4342","0.10918045043945312","0.10918045043945312","0.10918045043945312"
"4344","0.12131118774414062","0.12131118774414062","0.12131118774414062"
"4354","0.07076692581176758","0.07076692581176758","0.07076692581176758"
"4358","0.1149592399597168","0.1149592399597168","0.1149592399597168"
"4368","0.07212448120117188","0.07212448120117188","0.07212448120117188"
"4372","0.16852188110351562","0.16852188110351562","0.16852188110351562"
"4376","0.0896148681640625","0.0896148681640625","0.0896148681640625"
"4380","0.06383419036865234","0.06383419036865234","0.06383419036865234"
"4382","0.09476757049560547","0.09476757049560547","0.09476757049560547"
"4386","0.15301895141601562","0.15301895141601562","0.15301895141601562"
"4388","0.07844305038452148","0.07844305038452148","0.07844305038452148"
"4390","0.09366798400878906","0.09366798400878906","0.09366798400878906"
"4396","0.07509613037109375","0.07509613037109375","0.07509613037109375"
"4398","0.08912086486816406","0.08912086486816406","0.08912086486816406"
"4400","0.08893728256225586","0.08893728256225586","0.08893728256225586"
"4406","0.1246485710144043","0.1246485710144043","0.1246485710144043"
"4408","0.1114349365234375","0.1114349365234375","0.1114349365234375"
"4410","0.14150619506835938","0.14150619506835938","0.14150619506835938"
"4412","0.096832275390625","0.096832275390625","0.096832275390625"
"4414","0.09857368469238281","0.09857368469238281","0.09857368469238281"
"4418","0.0693666934967041","0.0693666934967041","0.0693666934967041"
"4426","0.11805343627929688","0.11805343627929688","0.11805343627929688"
"4428","0.12317800521850586","0.12317800521850586","0.12317800521850586"
"4430","0.1259765625","0.1259765625","0.1259765625"
"4436","0.15360069274902344","0.15360069274902344","0.15360069274902344"
"4438","0.03224611282348633","0.03224611282348633","0.03224611282348633"
"4450","0.0965423583984375","0.0965423583984375","0.0965423583984375"
"4452","0.07261943817138672","0.07261943817138672","0.07261943817138672"
"4479","0.10394668579101562","0.10394668579101562","0.10394668579101562"
"4481","0.1650686264038086","0.1650686264038086","0.1650686264038086"
"4509","0.09608078002929688","0.09608078002929688","0.09608078002929688"
"4511","0.09297561645507812","0.09297561645507812","0.09297561645507812"
"4513","0.05671405792236328","0.05671405792236328","0.05671405792236328"
"4519","0.1029348373413086","0.1029348373413086","0.1029348373413086"
"4529","0.14519977569580078","0.14519977569580078","0.14519977569580078"
"4531","0.07116127014160156","0.07116127014160156","0.07116127014160156"
"4535","0.10654926300048828","0.10654926300048828","0.10654926300048828"
"4537","0.13121986389160156","0.13121986389160156","0.13121986389160156"
"4541","0.1219482421875","0.1219482421875","0.1219482421875"
"4543","0.07046318054199219","0.07046318054199219","0.07046318054199219"
"4545","0.10468482971191406","0.10468482971191406","0.10468482971191406"
"4553","0.10263442993164062","0.10263442993164062","0.10263442993164062"
"4557","0.09643173217773438","0.09643173217773438","0.09643173217773438"
"4559","0.10999393463134766","0.10999393463134766","0.10999393463134766"
"4561","0.07180309295654297","0.07180309295654297","0.07180309295654297"
"4565","0.08192324638366699","0.08192324638366699","0.08192324638366699"
"4567","0.12369918823242188","0.12369918823242188","0.12369918823242188"
"4575","0.12987327575683594","0.12987327575683594","0.12987327575683594"
"4579","0.10005950927734375","0.10005950927734375","0.10005950927734375"
"4581","0.059072017669677734","0.059072017669677734","0.059072017669677734"
"4583","0.09937191009521484","0.09937191009521484","0.09937191009521484"
"4591","0.053673744201660156","0.053673744201660156","0.053673744201660156"
"4593","0.1100921630859375","0.1100921630859375","0.1100921630859375"
"4595","0.07601547241210938","0.07601547241210938","0.07601547241210938"
"4599","0.09828948974609375","0.09828948974609375","0.09828948974609375"
"4605","0.07556533813476562","0.07556533813476562","0.07556533813476562"
"4607","0.146209716796875","0.146209716796875","0.146209716796875"
"4619","0.08500194549560547","0.08500194549560547","0.08500194549560547"
"4621","0.06810188293457031","0.06810188293457031","0.06810188293457031"
"4637","0.0512995719909668","0.0512995719909668","0.0512995719909668"
"4655","0.07799673080444336","0.07799673080444336","0.07799673080444336"
"4657","0.17116260528564453","0.17116260528564453","0.17116260528564453"
"4665","0.1263580322265625","0.1263580322265625","0.1263580322265625"
"4671","0.12957429885864258","0.12957429885864258","0.12957429885864258"
"4683","0.09702873229980469","0.09702873229980469","0.09702873229980469"
"4687","0.06458282470703125","0.06458282470703125","0.06458282470703125"
"4691","0.09081745147705078","0.09081745147705078","0.09081745147705078"
"4695","0.1381359100341797","0.1381359100341797","0.1381359100341797"
"4701","0.0870504379272461","0.0870504379272461","0.0870504379272461"
"4707","0.07304048538208008","0.07304048538208008","0.07304048538208008"
"4711","0.14234161376953125","0.14234161376953125","0.14234161376953125"
"4713","0.12839317321777344","0.12839317321777344","0.12839317321777344"
"4719","0.09516048431396484","0.09516048431396484","0.09516048431396484"
"4723","0.09818267822265625","0.09818267822265625","0.09818267822265625"
"4727","0.07985115051269531","0.07985115051269531","0.07985115051269531"
"4729","0.1405048370361328","0.1405048370361328","0.1405048370361328"
"4733","0.129608154296875","0.129608154296875","0.129608154296875"
"4741","0.09799385070800781","0.09799385070800781","0.09799385070800781"
"4757","0.07986259460449219","0.07986259460449219","0.07986259460449219"
"4761","0.10156011581420898","0.10156011581420898","0.10156011581420898"
"4763","0.11608123779296875","0.11608123779296875","0.11608123779296875"
"4765","0.07453346252441406","0.07453346252441406","0.07453346252441406"
"4769","0.04972195625305176","0.04972195625305176","0.04972195625305176"
"4771","0.07996368408203125","0.07996368408203125","0.07996368408203125"
"4775","0.1688690185546875","0.1688690185546875","0.1688690185546875"
"4779","0.07155036926269531","0.07155036926269531","0.07155036926269531"
"4781","0.07735776901245117","0.07735776901245117","0.07735776901245117"
"4783","0.05187511444091797","0.05187511444091797","0.05187511444091797"
"4789","0.13813042640686035","0.13813042640686035","0.13813042640686035"
"4791","0.0866689682006836","0.0866689682006836","0.0866689682006836"
"4795","0.15559101104736328","0.15559101104736328","0.15559101104736328"
"4801","0.13026046752929688","0.13026046752929688","0.13026046752929688"
"4803","0.11437034606933594","0.11437034606933594","0.11437034606933594"
"4805","0.0879058837890625","0.0879058837890625","0.0879058837890625"
"4807","0.13915348052978516","0.13915348052978516","0.13915348052978516"
"4811","0.10129547119140625","0.10129547119140625","0.10129547119140625"
"4815","0.07181549072265625","0.07181549072265625","0.07181549072265625"
"4823","0.15711212158203125","0.15711212158203125","0.15711212158203125"
"4825","0.14123153686523438","0.14123153686523438","0.14123153686523438"
"4827","0.09796142578125","0.09796142578125","0.09796142578125"
"4835","0.04345512390136719","0.04345512390136719","0.04345512390136719"
"4845","0.07358932495117188","0.07358932495117188","0.07358932495117188"
"4849","0.06818461418151855","0.06818461418151855","0.06818461418151855"
"4851","0.059391021728515625","0.059391021728515625","0.059391021728515625"
"4853","0.09569549560546875","0.09569549560546875","0.09569549560546875"
"4855","0.09383392333984375","0.09383392333984375","0.09383392333984375"
"4857","0.0854339599609375","0.0854339599609375","0.0854339599609375"
"4859","0.061046600341796875","0.061046600341796875","0.061046600341796875"
"4863","0.09331989288330078","0.09331989288330078","0.09331989288330078"
"4865","0.04537010192871094","0.04537010192871094","0.04537010192871094"
"4869","0.1256728172302246","0.1256728172302246","0.1256728172302246"
"4871","0.055799126625061035","0.055799126625061035","0.055799126625061035"
"4873","0.1960906982421875","0.1960906982421875","0.1960906982421875"
"4877","0.067474365234375","0.067474365234375","0.067474365234375"
"4899","0.05865621566772461","0.05865621566772461","0.05865621566772461"
"4911","0.06008625030517578","0.06008625030517578","0.06008625030517578"
"4919","0.09401988983154297","0.09401988983154297","0.09401988983154297"
"4921","0.10290241241455078","0.10290241241455078","0.10290241241455078"
"4923","0.10197830200195312","0.10197830200195312","0.10197830200195312"
"4929","0.04143810272216797","0.04143810272216797","0.04143810272216797"
"4933","0.08225631713867188","0.08225631713867188","0.08225631713867188"
"4935","0.11942434310913086","0.11942434310913086","0.11942434310913086"
"4941","0.0761113166809082","0.0761113166809082","0.0761113166809082"
"4947","0.07760095596313477","0.07760095596313477","0.07760095596313477"
"4953","0.08644866943359375","0.08644866943359375","0.08644866943359375"
"4959","0.07444953918457031","0.07444953918457031","0.07444953918457031"
"4961","0.10498809814453125","0.10498809814453125","0.10498809814453125"
"4969","0.08412551879882812","0.08412551879882812","0.08412551879882812"
"4975","0.16454505920410156","0.16454505920410156","0.16454505920410156"
"4977","0.04846954345703125","0.04846954345703125","0.04846954345703125"
"4985","0.12192916870117188","0.12192916870117188","0.12192916870117188"
"4989","0.1636486053466797","0.1636486053466797","0.1636486053466797"
"4991","0.1716461181640625","0.1716461181640625","0.1716461181640625"
"4997","0.1305694580078125","0.1305694580078125","0.1305694580078125"
"5001","0.13104629516601562","0.13104629516601562","0.13104629516601562"
"5013","0.1230783462524414","0.1230783462524414","0.1230783462524414"
"5015","0.1212310791015625","0.1212310791015625","0.1212310791015625"
"5017","0.0988168716430664","0.0988168716430664","0.0988168716430664"
"5025","0.10417842864990234","0.10417842864990234","0.10417842864990234"
"5035","0.10553359985351562","0.10553359985351562","0.10553359985351562"
"5037","0.08269882202148438","0.08269882202148438","0.08269882202148438"
"5051","0.0938730239868164","0.0938730239868164","0.0938730239868164"
"5055","0.05778312683105469","0.05778312683105469","0.05778312683105469"
"5057","0.16884469985961914","0.16884469985961914","0.16884469985961914"
"5059","0.1038808822631836","0.1038808822631836","0.1038808822631836"
"5067","0.049826622009277344","0.049826622009277344","0.049826622009277344"
"5069","0.11885833740234375","0.11885833740234375","0.11885833740234375"
"5073","0.08746480941772461","0.08746480941772461","0.08746480941772461"
"5075","0.14007949829101562","0.14007949829101562","0.14007949829101562"
"5077","0.10471045970916748","0.10471045970916748","0.10471045970916748"
"5081","0.1028432846069336","0.1028432846069336","0.1028432846069336"
"5083","0.08064651489257812","0.08064651489257812","0.08064651489257812"
"5089","0.09721541404724121","0.09721541404724121","0.09721541404724121"
"5093","0.07328319549560547","0.07328319549560547","0.07328319549560547"
"5095","0.09082412719726562","0.09082412719726562","0.09082412719726562"
"5097","0.08306550979614258","0.08306550979614258","0.08306550979614258"
"5099","0.07477855682373047","0.07477855682373047","0.07477855682373047"
"5103","0.03570747375488281","0.03570747375488281","0.03570747375488281"
"5111","0.08329463005065918","0.08329463005065918","0.08329463005065918"
"5113","0.06872749328613281","0.06872749328613281","0.06872749328613281"
"5117","0.07658195495605469","0.07658195495605469","0.07658195495605469"
"5125","0.09884023666381836","0.09884023666381836","0.09884023666381836"
"5127","0.11082184314727783","0.11082184314727783","0.11082184314727783"
"5129","0.1103363037109375","0.1103363037109375","0.1103363037109375"
"5135","0.08563232421875","0.08563232421875","0.08563232421875"
"5137","0.07579898834228516","0.07579898834228516","0.07579898834228516"
"5139","0.07403945922851562","0.07403945922851562","0.07403945922851562"
"5141","0.12230682373046875","0.12230682373046875","0.12230682373046875"
"5145","0.09752058982849121","0.09752058982849121","0.09752058982849121"
"5151","0.05170726776123047","0.05170726776123047","0.05170726776123047"
"5159","0.11664319038391113","0.11664319038391113","0.11664319038391113"
"5161","0.0466156005859375","0.0466156005859375","0.0466156005859375"
"5163","0.18505859375","0.18505859375","0.18505859375"
"5167","0.08113670349121094","0.08113670349121094","0.08113670349121094"
"5171","0.16227102279663086","0.16227102279663086","0.16227102279663086"
"5175","0.11345767974853516","0.11345767974853516","0.11345767974853516"
"5177","0.06443214416503906","0.06443214416503906","0.06443214416503906"
"5179","0.05725860595703125","0.05725860595703125","0.05725860595703125"
"5181","0.02766561508178711","0.02766561508178711","0.02766561508178711"
"5183","0.0937652587890625","0.0937652587890625","0.0937652587890625"
"5185","0.088287353515625","0.088287353515625","0.088287353515625"
"5187","0.13845443725585938","0.13845443725585938","0.13845443725585938"
"5189","0.08248043060302734","0.08248043060302734","0.08248043060302734"
"5195","0.09939908981323242","0.09939908981323242","0.09939908981323242"
"5199","0.08642578125","0.08642578125","0.08642578125"
"5201","0.09963083267211914","0.09963083267211914","0.09963083267211914"
"5203","0.11727142333984375","0.11727142333984375","0.11727142333984375"
"5213","0.10689926147460938","0.10689926147460938","0.10689926147460938"
"5221","0.12332797050476074","0.12332797050476074","0.12332797050476074"
"5227","0.07387542724609375","0.07387542724609375","0.07387542724609375"
"5239","0.05622142553329468","0.05622142553329468","0.05622142553329468"
"5245","0.10552453994750977","0.10552453994750977","0.10552453994750977"
"5247","0.13296151161193848","0.13296151161193848","0.13296151161193848"
"5257","0.028902649879455566","0.028902649879455566","0.028902649879455566"
"5263","0.0869293212890625","0.0869293212890625","0.0869293212890625"
"5273","0.07000017166137695","0.07000017166137695","0.07000017166137695"
"5277","0.07246208190917969","0.07246208190917969","0.07246208190917969"
"5279","0.09924125671386719","0.09924125671386719","0.09924125671386719"
"5297","0.13173866271972656","0.13173866271972656","0.13173866271972656"
"5307","0.06817197799682617","0.06817197799682617","0.06817197799682617"
"5309","0.043781280517578125","0.043781280517578125","0.043781280517578125"
"5313","0.04868602752685547","0.04868602752685547","0.04868602752685547"
"5325","0.08069467544555664","0.08069467544555664","0.08069467544555664"
"5327","0.06945610046386719","0.06945610046386719","0.06945610046386719"
"5331","0.08897781372070312","0.08897781372070312","0.08897781372070312"
"5335","0.0912618637084961","0.0912618637084961","0.0912618637084961"
"5339","0.04371452331542969","0.04371452331542969","0.04371452331542969"
"5341","0.10307502746582031","0.10307502746582031","0.10307502746582031"
"5349","0.10554695129394531","0.10554695129394531","0.10554695129394531"
"5355","0.16185474395751953","0.16185474395751953","0.16185474395751953"
"5359","0.17163658142089844","0.17163658142089844","0.17163658142089844"
"5361","0.10474014282226562","0.10474014282226562","0.10474014282226562"
"5367","0.037700653076171875","0.037700653076171875","0.037700653076171875"
"5375","0.12800979614257812","0.12800979614257812","0.12800979614257812"
"5381","0.13045597076416016","0.13045597076416016","0.13045597076416016"
"5383","0.11328125","0.11328125","0.11328125"
"5391","0.05829143524169922","0.05829143524169922","0.05829143524169922"
"5413","0.06476593017578125","0.06476593017578125","0.06476593017578125"
"5415","0.1249847412109375","0.1249847412109375","0.1249847412109375"
"5419","0.0996699333190918","0.0996699333190918","0.0996699333190918"
"5423","0.08188629150390625","0.08188629150390625","0.08188629150390625"
"5425","0.10994434356689453","0.10994434356689453","0.10994434356689453"
"5429","0.0626516342163086","0.0626516342163086","0.0626516342163086"
"5433","0.09307479858398438","0.09307479858398438","0.09307479858398438"
"5439","0.03432273864746094","0.03432273864746094","0.03432273864746094"
"5443","0.07635259628295898","0.07635259628295898","0.07635259628295898"
"5447","0.07942581176757812","0.07942581176757812","0.07942581176757812"
"5452","0.13431167602539062","0.13431167602539062","0.13431167602539062"
"5454","0.06941032409667969","0.06941032409667969","0.06941032409667969"
"5456","0.06474161148071289","0.06474161148071289","0.06474161148071289"
"5458","0.09808921813964844","0.09808921813964844","0.09808921813964844"
"5464","0.0493922233581543","0.0493922233581543","0.0493922233581543"
"5468","0.03754138946533203","0.03754138946533203","0.03754138946533203"
"5476","0.0999828577041626","0.0999828577041626","0.0999828577041626"
"5482","0.05677318572998047","0.05677318572998047","0.05677318572998047"
"5484","0.09307384490966797","0.09307384490966797","0.09307384490966797"
"5488","0.04287242889404297","0.04287242889404297","0.04287242889404297"
"5494","0.07362127304077148","0.07362127304077148","0.07362127304077148"
"5496","0.08576440811157227","0.08576440811157227","0.08576440811157227"
"5500","0.07531213760375977","0.07531213760375977","0.07531213760375977"
"5502","0.05694580078125","0.05694580078125","0.05694580078125"
"5504","0.08899521827697754","0.08899521827697754","0.08899521827697754"
"5518","0.08638286590576172","0.08638286590576172","0.08638286590576172"
"5522","0.06126880645751953","0.06126880645751953","0.06126880645751953"
"5542","0.08357715606689453","0.08357715606689453","0.08357715606689453"
"5552","0.06043386459350586","0.06043386459350586","0.06043386459350586"
"5556","0.056225717067718506","0.056225717067718506","0.056225717067718506"
"5564","0.11580038070678711","0.11580038070678711","0.11580038070678711"
"5580","0.11522054672241211","0.11522054672241211","0.11522054672241211"
"5598","0.12570858001708984","0.12570858001708984","0.12570858001708984"
"5600","0.060891151428222656","0.060891151428222656","0.060891151428222656"
"5602","0.06790924072265625","0.06790924072265625","0.06790924072265625"
"5604","0.061321258544921875","0.061321258544921875","0.061321258544921875"
"5606","0.05459022521972656","0.05459022521972656","0.05459022521972656"
"5612","0.06116676330566406","0.06116676330566406","0.06116676330566406"
"5614","0.09340095520019531","0.09340095520019531","0.09340095520019531"
"5616","0.07851982116699219","0.07851982116699219","0.07851982116699219"
"5618","0.06675338745117188","0.06675338745117188","0.06675338745117188"
"5622","0.09316062927246094","0.09316062927246094","0.09316062927246094"
"5626","0.16542625427246094","0.16542625427246094","0.16542625427246094"
"5630","0.09616851806640625","0.09616851806640625","0.09616851806640625"
"5638","0.11824321746826172","0.11824321746826172","0.11824321746826172"
"5648","0.1258373260498047","0.1258373260498047","0.1258373260498047"
"5650","0.11194133758544922","0.11194133758544922","0.11194133758544922"
"5656","0.07950401306152344","0.07950401306152344","0.07950401306152344"
"5660","0.0477147102355957","0.0477147102355957","0.0477147102355957"
"5668","0.14092063903808594","0.14092063903808594","0.14092063903808594"
"5682","0.06113100051879883","0.06113100051879883","0.06113100051879883"
"5684","0.1160893440246582","0.1160893440246582","0.1160893440246582"
"5686","0.08287787437438965","0.08287787437438965","0.08287787437438965"
"5690","0.07011890411376953","0.07011890411376953","0.07011890411376953"
"5696","0.09183406829833984","0.09183406829833984","0.09183406829833984"
"5700","0.0665593147277832","0.0665593147277832","0.0665593147277832"
"5702","0.0713186264038086","0.0713186264038086","0.0713186264038086"
"5706","0.04447770118713379","0.04447770118713379","0.04447770118713379"
"5712","0.04842042922973633","0.04842042922973633","0.04842042922973633"
"5716","0.08988571166992188","0.08988571166992188","0.08988571166992188"
"5718","0.08823776245117188","0.08823776245117188","0.08823776245117188"
"5720","0.06311893463134766","0.06311893463134766","0.06311893463134766"
"5724","0.09287452697753906","0.09287452697753906","0.09287452697753906"
"5730","0.137054443359375","0.137054443359375","0.137054443359375"
"5736","0.09186458587646484","0.09186458587646484","0.09186458587646484"
"5738","0.07697296142578125","0.07697296142578125","0.07697296142578125"
"5742","0.08988189697265625","0.08988189697265625","0.08988189697265625"
"5744","0.06635284423828125","0.06635284423828125","0.06635284423828125"
"5748","0.11829996109008789","0.11829996109008789","0.11829996109008789"
"5754","0.03020477294921875","0.03020477294921875","0.03020477294921875"
"5756","0.10763740539550781","0.10763740539550781","0.10763740539550781"
"5760","0.06963777542114258","0.06963777542114258","0.06963777542114258"
"5766","0.09121370315551758","0.09121370315551758","0.09121370315551758"
"5772","0.18675613403320312","0.18675613403320312","0.18675613403320312"
"5776","0.09025859832763672","0.09025859832763672","0.09025859832763672"
"5782","0.054757118225097656","0.054757118225097656","0.054757118225097656"
"5786","0.074249267578125","0.074249267578125","0.074249267578125"
"5788","0.09202861785888672","0.09202861785888672","0.09202861785888672"
"5804","0.1124887466430664","0.1124887466430664","0.1124887466430664"
"5806","0.05323600769042969","0.05323600769042969","0.05323600769042969"
"5808","0.11235618591308594","0.11235618591308594","0.11235618591308594"
"5810","0.045247793197631836","0.045247793197631836","0.045247793197631836"
"5822","0.0977783203125","0.0977783203125","0.0977783203125"
"5826","0.09763526916503906","0.09763526916503906","0.09763526916503906"
"5830","0.07050037384033203","0.07050037384033203","0.07050037384033203"
"5836","0.16199684143066406","0.16199684143066406","0.16199684143066406"
"5840","0.0896902084350586","0.0896902084350586","0.0896902084350586"
"5850","0.09870195388793945","0.09870195388793945","0.09870195388793945"
"5852","0.07340431213378906","0.07340431213378906","0.07340431213378906"
"5854","0.037628173828125","0.037628173828125","0.037628173828125"
"5860","0.10526275634765625","0.10526275634765625","0.10526275634765625"
"5866","0.10158252716064453","0.10158252716064453","0.10158252716064453"
"5870","0.1131744384765625","0.1131744384765625","0.1131744384765625"
"5872","0.07362794876098633","0.07362794876098633","0.07362794876098633"
"5874","0.1129302978515625","0.1129302978515625","0.1129302978515625"
"5876","0.0666511058807373","0.0666511058807373","0.0666511058807373"
"5878","0.14641857147216797","0.14641857147216797","0.14641857147216797"
"5880","0.035742759704589844","0.035742759704589844","0.035742759704589844"
"5894","0.03218197822570801","0.03218197822570801","0.03218197822570801"
"5896","0.047196388244628906","0.047196388244628906","0.047196388244628906"
"5900","0.05153918266296387","0.05153918266296387","0.05153918266296387"
"5910","0.06771087646484375","0.06771087646484375","0.06771087646484375"
"5918","0.041130781173706055","0.041130781173706055","0.041130781173706055"
"5924","0.07387709617614746","0.07387709617614746","0.07387709617614746"
"5926","0.13865280151367188","0.13865280151367188","0.13865280151367188"
"5934","0.06646537780761719","0.06646537780761719","0.06646537780761719"
"5944","0.06386709213256836","0.06386709213256836","0.06386709213256836"
"5946","0.06042766571044922","0.06042766571044922","0.06042766571044922"
"5950","0.08476662635803223","0.08476662635803223","0.08476662635803223"
"5960","0.06084775924682617","0.06084775924682617","0.06084775924682617"
"5968","0.03268420696258545","0.03268420696258545","0.03268420696258545"
"5972","0.1122903823852539","0.1122903823852539","0.1122903823852539"
"5980","0.07648491859436035","0.07648491859436035","0.07648491859436035"
"5984","0.07229673862457275","0.07229673862457275","0.07229673862457275"
"5994","0.048007965087890625","0.048007965087890625","0.048007965087890625"
"5996","0.04631972312927246","0.04631972312927246","0.04631972312927246"
"6000","0.13585233688354492","0.13585233688354492","0.13585233688354492"
"6002","0.08165740966796875","0.08165740966796875","0.08165740966796875"
"6010","0.08672976493835449","0.08672976493835449","0.08672976493835449"
"6024","0.037734031677246094","0.037734031677246094","0.037734031677246094"
"6028","0.04881477355957031","0.04881477355957031","0.04881477355957031"
"6036","0.070220947265625","0.070220947265625","0.070220947265625"
"6038","0.02495288848876953","0.02495288848876953","0.02495288848876953"
"6050","0.10037612915039062","0.10037612915039062","0.10037612915039062"
"6052","0.11054801940917969","0.11054801940917969","0.11054801940917969"
"6054","0.07100248336791992","0.07100248336791992","0.07100248336791992"
"6064","0.12978440523147583","0.12978440523147583","0.12978440523147583"
"6066","0.04508328437805176","0.04508328437805176","0.04508328437805176"
"6072","0.037959128618240356","0.037959128618240356","0.037959128618240356"
"6076","0.0523797869682312","0.0523797869682312","0.0523797869682312"
"6078","0.0623893141746521","0.0623893141746521","0.0623893141746521"
"6080","0.12353134155273438","0.12353134155273438","0.12353134155273438"
"6082","0.09740018844604492","0.09740018844604492","0.09740018844604492"
"6086","0.19023895263671875","0.19023895263671875","0.19023895263671875"
"6088","0.07484889030456543","0.07484889030456543","0.07484889030456543"
"6094","0.14761924743652344","0.14761924743652344","0.14761924743652344"
"6098","0.08715629577636719","0.08715629577636719","0.08715629577636719"
"6102","0.11254429817199707","0.11254429817199707","0.11254429817199707"
"6104","0.16518688201904297","0.16518688201904297","0.16518688201904297"
"6106","0.03937578201293945","0.03937578201293945","0.03937578201293945"
"6110","0.11220169067382812","0.11220169067382812","0.11220169067382812"
"6122","0.041997432708740234","0.041997432708740234","0.041997432708740234"
"6132","0.06764698028564453","0.06764698028564453","0.06764698028564453"
"6136","0.059766292572021484","0.059766292572021484","0.059766292572021484"
"6138","0.08451652526855469","0.08451652526855469","0.08451652526855469"
"6140","0.11133956909179688","0.11133956909179688","0.11133956909179688"
"6142","0.04883074760437012","0.04883074760437012","0.04883074760437012"
"6150","0.12970542907714844","0.12970542907714844","0.12970542907714844"
"6154","0.10171318054199219","0.10171318054199219","0.10171318054199219"
"6156","0.10004091262817383","0.10004091262817383","0.10004091262817383"
"6158","0.10246902704238892","0.10246902704238892","0.10246902704238892"
"6164","0.09215974807739258","0.09215974807739258","0.09215974807739258"
"6166","0.060558319091796875","0.060558319091796875","0.060558319091796875"
"6184","0.08104157447814941","0.08104157447814941","0.08104157447814941"
"6186","0.07617557048797607","0.07617557048797607","0.07617557048797607"
"6188","0.1356487274169922","0.1356487274169922","0.1356487274169922"
"6200","0.04945552349090576","0.04945552349090576","0.04945552349090576"
"6204","0.15926837921142578","0.15926837921142578","0.15926837921142578"
"6210","0.08920478820800781","0.08920478820800781","0.08920478820800781"
"6212","0.08821773529052734","0.08821773529052734","0.08821773529052734"
"6218","0.07267379760742188","0.07267379760742188","0.07267379760742188"
"6222","0.16518211364746094","0.16518211364746094","0.16518211364746094"
"6224","0.0693817138671875","0.0693817138671875","0.0693817138671875"
"6234","0.12214374542236328","0.12214374542236328","0.12214374542236328"
"6240","0.11459636688232422","0.11459636688232422","0.11459636688232422"
"6246","0.050823211669921875","0.050823211669921875","0.050823211669921875"
"6252","0.033890604972839355","0.033890604972839355","0.033890604972839355"
"6260","0.21016216278076172","0.21016216278076172","0.21016216278076172"
"6262","0.14196348190307617","0.14196348190307617","0.14196348190307617"
"6266","0.08464431762695312","0.08464431762695312","0.08464431762695312"
"6268","0.029186248779296875","0.029186248779296875","0.029186248779296875"
"6278","0.09061717987060547","0.09061717987060547","0.09061717987060547"
"6282","0.07705307006835938","0.07705307006835938","0.07705307006835938"
"6286","0.08697128295898438","0.08697128295898438","0.08697128295898438"
"6288","0.043789029121398926","0.043789029121398926","0.043789029121398926"
"6294","0.1176002025604248","0.1176002025604248","0.1176002025604248"
"6300","0.05512171983718872","0.05512171983718872","0.05512171983718872"
"6308","0.04610776901245117","0.04610776901245117","0.04610776901245117"
"6316","0.06839179992675781","0.06839179992675781","0.06839179992675781"
"6318","0.050940513610839844","0.050940513610839844","0.050940513610839844"
"6324","0.09491443634033203","0.09491443634033203","0.09491443634033203"
"6328","0.09065771102905273","0.09065771102905273","0.09065771102905273"
"6330","0.11302042007446289","0.11302042007446289","0.11302042007446289"
"6332","0.08349418640136719","0.08349418640136719","0.08349418640136719"
"6340","0.05272388458251953","0.05272388458251953","0.05272388458251953"
"6344","0.028184890747070312","0.028184890747070312","0.028184890747070312"
"6352","0.11667251586914062","0.11667251586914062","0.11667251586914062"
"6360","0.06296586990356445","0.06296586990356445","0.06296586990356445"
"6364","0.0626382827758789","0.0626382827758789","0.0626382827758789"
"6370","0.09018945693969727","0.09018945693969727","0.09018945693969727"
"6372","0.09344768524169922","0.09344768524169922","0.09344768524169922"
"6394","0.04462409019470215","0.04462409019470215","0.04462409019470215"
"6400","0.05015897750854492","0.05015897750854492","0.05015897750854492"
"6416","0.11602902412414551","0.11602902412414551","0.11602902412414551"
"6420","0.06692123413085938","0.06692123413085938","0.06692123413085938"
"6422","0.1568760871887207","0.1568760871887207","0.1568760871887207"
"6430","0.08227252960205078","0.08227252960205078","0.08227252960205078"
"6432","0.10576379299163818","0.10576379299163818","0.10576379299163818"
"6434","0.08628416061401367","0.08628416061401367","0.08628416061401367"
"6445","0.07060003280639648","0.07060003280639648","0.07060003280639648"
"6447","0.05548834800720215","0.05548834800720215","0.05548834800720215"
"6449","0.10586071014404297","0.10586071014404297","0.10586071014404297"
"6451","0.07628822326660156","0.07628822326660156","0.07628822326660156"
"6463","0.08577966690063477","0.08577966690063477","0.08577966690063477"
"6467","0.10701417922973633","0.10701417922973633","0.10701417922973633"
"6469","0.06279516220092773","0.06279516220092773","0.06279516220092773"
"6479","0.10944712162017822","0.10944712162017822","0.10944712162017822"
"6481","0.09535932540893555","0.09535932540893555","0.09535932540893555"
"6483","0.09540176391601562","0.09540176391601562","0.09540176391601562"
"6495","0.09693527221679688","0.09693527221679688","0.09693527221679688"
"6497","0.08842945098876953","0.08842945098876953","0.08842945098876953"
"6499","0.08782577514648438","0.08782577514648438","0.08782577514648438"
"6503","0.07848834991455078","0.07848834991455078","0.07848834991455078"
"6513","0.07832908630371094","0.07832908630371094","0.07832908630371094"
"6515","0.0807180404663086","0.0807180404663086","0.0807180404663086"
"6517","0.06367802619934082","0.06367802619934082","0.06367802619934082"
"6523","0.042901039123535156","0.042901039123535156","0.042901039123535156"
"6545","0.07782793045043945","0.07782793045043945","0.07782793045043945"
"6547","0.07944393157958984","0.07944393157958984","0.07944393157958984"
"6551","0.08057498931884766","0.08057498931884766","0.08057498931884766"
"6567","0.12603187561035156","0.12603187561035156","0.12603187561035156"
"6569","0.15915906429290771","0.15915906429290771","0.15915906429290771"
"6573","0.09408485889434814","0.09408485889434814","0.09408485889434814"
"6575","0.12240934371948242","0.12240934371948242","0.12240934371948242"
"6581","0.04899883270263672","0.04899883270263672","0.04899883270263672"
"6583","0.07391273975372314","0.07391273975372314","0.07391273975372314"
"6585","0.08675289154052734","0.08675289154052734","0.08675289154052734"
"6591","0.05046224594116211","0.05046224594116211","0.05046224594116211"
"6599","0.07322311401367188","0.07322311401367188","0.07322311401367188"
"6605","0.11881065368652344","0.11881065368652344","0.11881065368652344"
"6607","0.09015655517578125","0.09015655517578125","0.09015655517578125"
"6613","0.12923717498779297","0.12923717498779297","0.12923717498779297"
"6615","0.0863351821899414","0.0863351821899414","0.0863351821899414"
"6629","0.05432701110839844","0.05432701110839844","0.05432701110839844"
"6633","0.09476661682128906","0.09476661682128906","0.09476661682128906"
"6639","0.09311294555664062","0.09311294555664062","0.09311294555664062"
"6641","0.09062957763671875","0.09062957763671875","0.09062957763671875"
"6645","0.030894756317138672","0.030894756317138672","0.030894756317138672"
"6653","0.07889270782470703","0.07889270782470703","0.07889270782470703"
"6657","0.031009674072265625","0.031009674072265625","0.031009674072265625"
"6659","0.04317474365234375","0.04317474365234375","0.04317474365234375"
"6663","0.11835086345672607","0.11835086345672607","0.11835086345672607"
"6665","0.06773185729980469","0.06773185729980469","0.06773185729980469"
"6677","0.10211634635925293","0.10211634635925293","0.10211634635925293"
"6685","0.05855977535247803","0.05855977535247803","0.05855977535247803"
"6691","0.0694112777709961","0.0694112777709961","0.0694112777709961"
"6693","0.048336029052734375","0.048336029052734375","0.048336029052734375"
"6695","0.09887361526489258","0.09887361526489258","0.09887361526489258"
"6701","0.05960202217102051","0.05960202217102051","0.05960202217102051"
"6703","0.05421710014343262","0.05421710014343262","0.05421710014343262"
"6707","0.055675506591796875","0.055675506591796875","0.055675506591796875"
"6713","0.053185462951660156","0.053185462951660156","0.053185462951660156"
"6719","0.04787731170654297","0.04787731170654297","0.04787731170654297"
"6727","0.09714007377624512","0.09714007377624512","0.09714007377624512"
"6733","0.11788558959960938","0.11788558959960938","0.11788558959960938"
"6735","0.056121826171875","0.056121826171875","0.056121826171875"
"6739","0.05296611785888672","0.05296611785888672","0.05296611785888672"
"6741","0.057333946228027344","0.057333946228027344","0.057333946228027344"
"6749","0.06453704833984375","0.06453704833984375","0.06453704833984375"
"6751","0.09876823425292969","0.09876823425292969","0.09876823425292969"
"6753","0.036940813064575195","0.036940813064575195","0.036940813064575195"
"6755","0.08965206146240234","0.08965206146240234","0.08965206146240234"
"6759","0.18020057678222656","0.18020057678222656","0.18020057678222656"
"6761","0.058791160583496094","0.058791160583496094","0.058791160583496094"
"6765","0.06514930725097656","0.06514930725097656","0.06514930725097656"
"6767","0.1356182098388672","0.1356182098388672","0.1356182098388672"
"6771","0.11069869995117188","0.11069869995117188","0.11069869995117188"
"6773","0.1284022331237793","0.1284022331237793","0.1284022331237793"
"6785","0.08915853500366211","0.08915853500366211","0.08915853500366211"
"6787","0.1522064208984375","0.1522064208984375","0.1522064208984375"
"6791","0.09499549865722656","0.09499549865722656","0.09499549865722656"
"6795","0.12004375457763672","0.12004375457763672","0.12004375457763672"
"6803","0.08156633377075195","0.08156633377075195","0.08156633377075195"
"6805","0.02188253402709961","0.02188253402709961","0.02188253402709961"
"6807","0.04295921325683594","0.04295921325683594","0.04295921325683594"
"6817","0.04219388961791992","0.04219388961791992","0.04219388961791992"
"6819","0.06756782531738281","0.06756782531738281","0.06756782531738281"
"6821","0.10697078704833984","0.10697078704833984","0.10697078704833984"
"6823","0.05335283279418945","0.05335283279418945","0.05335283279418945"
"6827","0.0982370376586914","0.0982370376586914","0.0982370376586914"
"6837","0.07280349731445312","0.07280349731445312","0.07280349731445312"
"6853","0.0906667709350586","0.0906667709350586","0.0906667709350586"
"6855","0.10490131378173828","0.10490131378173828","0.10490131378173828"
"6859","0.09546136856079102","0.09546136856079102","0.09546136856079102"
"6863","0.06098365783691406","0.06098365783691406","0.06098365783691406"
"6865","0.02763676643371582","0.02763676643371582","0.02763676643371582"
"6867","0.046675920486450195","0.046675920486450195","0.046675920486450195"
"6871","0.12790703773498535","0.12790703773498535","0.12790703773498535"
"6877","0.1432657241821289","0.1432657241821289","0.1432657241821289"
"6879","0.06756114959716797","0.06756114959716797","0.06756114959716797"
"6881","0.07582521438598633","0.07582521438598633","0.07582521438598633"
"6891","0.0940859317779541","0.0940859317779541","0.0940859317779541"
"6899","0.04570198059082031","0.04570198059082031","0.04570198059082031"
"6901","0.14815902709960938","0.14815902709960938","0.14815902709960938"
"6903","0.05565619468688965","0.05565619468688965","0.05565619468688965"
"6905","0.07198727130889893","0.07198727130889893","0.07198727130889893"
"6909","0.13603591918945312","0.13603591918945312","0.13603591918945312"
"6913","0.03649711608886719","0.03649711608886719","0.03649711608886719"
"6923","0.1077880859375","0.1077880859375","0.1077880859375"
"6925","0.06125950813293457","0.06125950813293457","0.06125950813293457"
"6935","0.056751251220703125","0.056751251220703125","0.056751251220703125"
"6937","0.056937217712402344","0.056937217712402344","0.056937217712402344"
"6951","0.05130743980407715","0.05130743980407715","0.05130743980407715"
"6963","0.05366706848144531","0.05366706848144531","0.05366706848144531"
"6965","0.044440269470214844","0.044440269470214844","0.044440269470214844"
"6971","0.05068254470825195","0.05068254470825195","0.05068254470825195"
"6973","0.07157468795776367","0.07157468795776367","0.07157468795776367"
"6979","0.03431057929992676","0.03431057929992676","0.03431057929992676"
"6987","0.05122017860412598","0.05122017860412598","0.05122017860412598"
"6989","0.06473541259765625","0.06473541259765625","0.06473541259765625"
"6991","0.06374430656433105","0.06374430656433105","0.06374430656433105"
"6993","0.12468910217285156","0.12468910217285156","0.12468910217285156"
"6999","0.09258460998535156","0.09258460998535156","0.09258460998535156"
"7005","0.10386788845062256","0.10386788845062256","0.10386788845062256"
"7007","0.06076860427856445","0.06076860427856445","0.06076860427856445"
"7009","0.08767814934253693","0.08767814934253693","0.08767814934253693"
"7011","0.12203121185302734","0.12203121185302734","0.12203121185302734"
"7013","0.17612361907958984","0.17612361907958984","0.17612361907958984"
"7015","0.05193805694580078","0.05193805694580078","0.05193805694580078"
"7027","0.08230733871459961","0.08230733871459961","0.08230733871459961"
"7033","0.11773014068603516","0.11773014068603516","0.11773014068603516"
"7043","0.05354022979736328","0.05354022979736328","0.05354022979736328"
"7049","0.0919504165649414","0.0919504165649414","0.0919504165649414"
"7051","0.047483086585998535","0.047483086585998535","0.047483086585998535"
"7057","0.05895376205444336","0.05895376205444336","0.05895376205444336"
"7067","0.06942892074584961","0.06942892074584961","0.06942892074584961"
"7071","0.10280227661132812","0.10280227661132812","0.10280227661132812"
"7077","0.05886077880859375","0.05886077880859375","0.05886077880859375"
"7079","0.06549429893493652","0.06549429893493652","0.06549429893493652"
"7081","0.05054807662963867","0.05054807662963867","0.05054807662963867"
"7087","0.061038970947265625","0.061038970947265625","0.061038970947265625"
"7091","0.04448127746582031","0.04448127746582031","0.04448127746582031"
"7093","0.060927629470825195","0.060927629470825195","0.060927629470825195"
"7107","0.11368274688720703","0.11368274688720703","0.11368274688720703"
"7113","0.09220409393310547","0.09220409393310547","0.09220409393310547"
"7115","0.10815262794494629","0.10815262794494629","0.10815262794494629"
"7135","0.08221197128295898","0.08221197128295898","0.08221197128295898"
"7145","0.08754730224609375","0.08754730224609375","0.08754730224609375"
"7147","0.05058020353317261","0.05058020353317261","0.05058020353317261"
"7153","0.06575357913970947","0.06575357913970947","0.06575357913970947"
"7155","0.033419132232666016","0.033419132232666016","0.033419132232666016"
"7159","0.12580013275146484","0.12580013275146484","0.12580013275146484"
"7163","0.09201717376708984","0.09201717376708984","0.09201717376708984"
"7169","0.04765033721923828","0.04765033721923828","0.04765033721923828"
"7171","0.06630086898803711","0.06630086898803711","0.06630086898803711"
"7175","0.05137193202972412","0.05137193202972412","0.05137193202972412"
"7177","0.0955045223236084","0.0955045223236084","0.0955045223236084"
"7185","0.041520118713378906","0.041520118713378906","0.041520118713378906"
"7187","0.09686040878295898","0.09686040878295898","0.09686040878295898"
"7189","0.05950450897216797","0.05950450897216797","0.05950450897216797"
"7193","0.10555839538574219","0.10555839538574219","0.10555839538574219"
"7197","0.07634162902832031","0.07634162902832031","0.07634162902832031"
"7199","0.10086441040039062","0.10086441040039062","0.10086441040039062"
"7203","0.04985189437866211","0.04985189437866211","0.04985189437866211"
"7209","0.0940505862236023","0.0940505862236023","0.0940505862236023"
"7211","0.03984272480010986","0.03984272480010986","0.03984272480010986"
"7215","0.03448522090911865","0.03448522090911865","0.03448522090911865"
"7219","0.10184097290039062","0.10184097290039062","0.10184097290039062"
"7221","0.09644889831542969","0.09644889831542969","0.09644889831542969"
"7223","0.06522512435913086","0.06522512435913086","0.06522512435913086"
"7225","0.07018899917602539","0.07018899917602539","0.07018899917602539"
"7229","0.05094718933105469","0.05094718933105469","0.05094718933105469"
"7231","0.04051637649536133","0.04051637649536133","0.04051637649536133"
"7237","0.06410980224609375","0.06410980224609375","0.06410980224609375"
"7241","0.0870354175567627","0.0870354175567627","0.0870354175567627"
"7247","0.1549060344696045","0.1549060344696045","0.1549060344696045"
"7251","0.06175637245178223","0.06175637245178223","0.06175637245178223"
"7257","0.05775296688079834","0.05775296688079834","0.05775296688079834"
"7259","0.09419488906860352","0.09419488906860352","0.09419488906860352"
"7267","0.0805509090423584","0.0805509090423584","0.0805509090423584"
"7269","0.05187809467315674","0.05187809467315674","0.05187809467315674"
"7277","0.037672996520996094","0.037672996520996094","0.037672996520996094"
"7279","0.07468223571777344","0.07468223571777344","0.07468223571777344"
"7283","0.06503617763519287","0.06503617763519287","0.06503617763519287"
"7287","0.09341716766357422","0.09341716766357422","0.09341716766357422"
"7293","0.07228994369506836","0.07228994369506836","0.07228994369506836"
"7301","0.15264511108398438","0.15264511108398438","0.15264511108398438"
"7305","0.052847862243652344","0.052847862243652344","0.052847862243652344"
"7309","0.06937694549560547","0.06937694549560547","0.06937694549560547"
"7313","0.03893864154815674","0.03893864154815674","0.03893864154815674"
"7317","0.1040654182434082","0.1040654182434082","0.1040654182434082"
"7319","0.042301177978515625","0.042301177978515625","0.042301177978515625"
"7325","0.09975552558898926","0.09975552558898926","0.09975552558898926"
"7327","0.022022724151611328","0.022022724151611328","0.022022724151611328"
"7331","0.03912782669067383","0.03912782669067383","0.03912782669067383"
"7333","0.04084652662277222","0.04084652662277222","0.04084652662277222"
"7337","0.05437326431274414","0.05437326431274414","0.05437326431274414"
"7341","0.0553441047668457","0.0553441047668457","0.0553441047668457"
"7347","0.0813288688659668","0.0813288688659668","0.0813288688659668"
"7355","0.02021026611328125","0.02021026611328125","0.02021026611328125"
"7367","0.06145524978637695","0.06145524978637695","0.06145524978637695"
"7371","0.07876062393188477","0.07876062393188477","0.07876062393188477"
"7373","0.054566383361816406","0.054566383361816406","0.054566383361816406"
"7375","0.15398883819580078","0.15398883819580078","0.15398883819580078"
"7377","0.04595065116882324","0.04595065116882324","0.04595065116882324"
"7379","0.06989288330078125","0.06989288330078125","0.06989288330078125"
"7381","0.052303314208984375","0.052303314208984375","0.052303314208984375"
"7387","0.053984880447387695","0.053984880447387695","0.053984880447387695"
"7393","0.13962197303771973","0.13962197303771973","0.13962197303771973"
"7399","0.056288957595825195","0.056288957595825195","0.056288957595825195"
"7419","0.08985674381256104","0.08985674381256104","0.08985674381256104"
"7423","0.13602542877197266","0.13602542877197266","0.13602542877197266"
"7436","0.09055852890014648","0.09055852890014648","0.09055852890014648"
"7450","0.029340744018554688","0.029340744018554688","0.029340744018554688"
"7452","0.14159584045410156","0.14159584045410156","0.14159584045410156"
"7462","0.10392618179321289","0.10392618179321289","0.10392618179321289"
"7464","0.055995404720306396","0.055995404720306396","0.055995404720306396"
"7470","0.0710856020450592","0.0710856020450592","0.0710856020450592"
"7478","0.06451714038848877","0.06451714038848877","0.06451714038848877"
"7482","0.0723724365234375","0.0723724365234375","0.0723724365234375"
"7484","0.11864805221557617","0.11864805221557617","0.11864805221557617"
"7488","0.09507560729980469","0.09507560729980469","0.09507560729980469"
"7490","0.052371978759765625","0.052371978759765625","0.052371978759765625"
"7492","0.05992317199707031","0.05992317199707031","0.05992317199707031"
"7494","0.0869283676147461","0.0869283676147461","0.0869283676147461"
"7498","0.053714871406555176","0.053714871406555176","0.053714871406555176"
"7504","0.042585670948028564","0.042585670948028564","0.042585670948028564"
"7506","0.10109329223632812","0.10109329223632812","0.10109329223632812"
"7508","0.08166360855102539","0.08166360855102539","0.08166360855102539"
"7512","0.0546879768371582","0.0546879768371582","0.0546879768371582"
"7516","0.07545661926269531","0.07545661926269531","0.07545661926269531"
"7520","0.023916244506835938","0.023916244506835938","0.023916244506835938"
"7522","0.05374935269355774","0.05374935269355774","0.05374935269355774"
"7524","0.012950658798217773","0.012950658798217773","0.012950658798217773"
"7532","0.03788846731185913","0.03788846731185913","0.03788846731185913"
"7536","0.08935928344726562","0.08935928344726562","0.08935928344726562"
"7540","0.02969503402709961","0.02969503402709961","0.02969503402709961"
"7544","0.07469415664672852","0.07469415664672852","0.07469415664672852"
"7552","0.07743215560913086","0.07743215560913086","0.07743215560913086"
"7554","0.039058804512023926","0.039058804512023926","0.039058804512023926"
"7556","0.0907747745513916","0.0907747745513916","0.0907747745513916"
"7558","0.10729527473449707","0.10729527473449707","0.10729527473449707"
"7560","0.06911575794219971","0.06911575794219971","0.06911575794219971"
"7562","0.06460970640182495","0.06460970640182495","0.06460970640182495"
"7564","0.07490015029907227","0.07490015029907227","0.07490015029907227"
"7566","0.057215213775634766","0.057215213775634766","0.057215213775634766"
"7570","0.11639976501464844","0.11639976501464844","0.11639976501464844"
"7572","0.10455012321472168","0.10455012321472168","0.10455012321472168"
"7576","0.062030792236328125","0.062030792236328125","0.062030792236328125"
"7590","0.11408662796020508","0.11408662796020508","0.11408662796020508"
"7602","0.037549495697021484","0.037549495697021484","0.037549495697021484"
"7606","0.06138324737548828","0.06138324737548828","0.06138324737548828"
"7612","0.05524158477783203","0.05524158477783203","0.05524158477783203"
"7620","0.03625607490539551","0.03625607490539551","0.03625607490539551"
"7624","0.022179484367370605","0.022179484367370605","0.022179484367370605"
"7630","0.09490346908569336","0.09490346908569336","0.09490346908569336"
"7646","0.08682072162628174","0.08682072162628174","0.08682072162628174"
"7648","0.10890674591064453","0.10890674591064453","0.10890674591064453"
"7652","0.05575281381607056","0.05575281381607056","0.05575281381607056"
"7654","0.061255455017089844","0.061255455017089844","0.061255455017089844"
"7660","0.04469841718673706","0.04469841718673706","0.04469841718673706"
"7666","0.15767288208007812","0.15767288208007812","0.15767288208007812"
"7670","0.08185482025146484","0.08185482025146484","0.08185482025146484"
"7672","0.08960676193237305","0.08960676193237305","0.08960676193237305"
"7676","0.06376060843467712","0.06376060843467712","0.06376060843467712"
"7682","0.08713102340698242","0.08713102340698242","0.08713102340698242"
"7684","0.06208479404449463","0.06208479404449463","0.06208479404449463"
"7688","0.044216156005859375","0.044216156005859375","0.044216156005859375"
"7690","0.1364126205444336","0.1364126205444336","0.1364126205444336"
"7694","0.056853294372558594","0.056853294372558594","0.056853294372558594"
"7696","0.1455078125","0.1455078125","0.1455078125"
"7700","0.017379045486450195","0.017379045486450195","0.017379045486450195"
"7704","0.05364799499511719","0.05364799499511719","0.05364799499511719"
"7722","0.06548714637756348","0.06548714637756348","0.06548714637756348"
"7724","0.1222085952758789","0.1222085952758789","0.1222085952758789"
"7730","0.08073234558105469","0.08073234558105469","0.08073234558105469"
"7734","0.09804153442382812","0.09804153442382812","0.09804153442382812"
"7738","0.1253223419189453","0.1253223419189453","0.1253223419189453"
"7744","0.12848114967346191","0.12848114967346191","0.12848114967346191"
"7746","0.14011192321777344","0.14011192321777344","0.14011192321777344"
"7748","0.060623764991760254","0.060623764991760254","0.060623764991760254"
"7750","0.1464681625366211","0.1464681625366211","0.1464681625366211"
"7760","0.10015106201171875","0.10015106201171875","0.10015106201171875"
"7764","0.10555171966552734","0.10555171966552734","0.10555171966552734"
"7766","0.11618661880493164","0.11618661880493164","0.11618661880493164"
"7778","0.08381509780883789","0.08381509780883789","0.08381509780883789"
"7780","0.07323646545410156","0.07323646545410156","0.07323646545410156"
"7782","0.07706832885742188","0.07706832885742188","0.07706832885742188"
"7786","0.054099082946777344","0.054099082946777344","0.054099082946777344"
"7790","0.09730148315429688","0.09730148315429688","0.09730148315429688"
"7794","0.04283332824707031","0.04283332824707031","0.04283332824707031"
"7798","0.12343978881835938","0.12343978881835938","0.12343978881835938"
"7802","0.07180500030517578","0.07180500030517578","0.07180500030517578"
"7808","0.04985761642456055","0.04985761642456055","0.04985761642456055"
"7810","0.10143280029296875","0.10143280029296875","0.10143280029296875"
"7812","0.03809690475463867","0.03809690475463867","0.03809690475463867"
"7814","0.06624794006347656","0.06624794006347656","0.06624794006347656"
"7818","0.04634284973144531","0.04634284973144531","0.04634284973144531"
"7822","0.05585026741027832","0.05585026741027832","0.05585026741027832"
"7832","0.05507230758666992","0.05507230758666992","0.05507230758666992"
"7840","0.06903362274169922","0.06903362274169922","0.06903362274169922"
"7844","0.05300331115722656","0.05300331115722656","0.05300331115722656"
"7848","0.039750099182128906","0.039750099182128906","0.039750099182128906"
"7852","0.07179880142211914","0.07179880142211914","0.07179880142211914"
"7858","0.0725935697555542","0.0725935697555542","0.0725935697555542"
"7862","0.041487932205200195","0.041487932205200195","0.041487932205200195"
"7864","0.08986806869506836","0.08986806869506836","0.08986806869506836"
"7866","0.08371829986572266","0.08371829986572266","0.08371829986572266"
"7870","0.10725116729736328","0.10725116729736328","0.10725116729736328"
"7874","0.06887054443359375","0.06887054443359375","0.06887054443359375"
"7886","0.04929018020629883","0.04929018020629883","0.04929018020629883"
"7888","0.16561508178710938","0.16561508178710938","0.16561508178710938"
"7890","0.08721709251403809","0.08721709251403809","0.08721709251403809"
"7892","0.08435845375061035","0.08435845375061035","0.08435845375061035"
"7898","0.050644636154174805","0.050644636154174805","0.050644636154174805"
"7900","0.0689476728439331","0.0689476728439331","0.0689476728439331"
"7906","0.06127043068408966","0.06127043068408966","0.06127043068408966"
"7908","0.06692647933959961","0.06692647933959961","0.06692647933959961"
"7910","0.034423828125","0.034423828125","0.034423828125"
"7912","0.06853914260864258","0.06853914260864258","0.06853914260864258"
"7916","0.08680450916290283","0.08680450916290283","0.08680450916290283"
"7924","0.07098913192749023","0.07098913192749023","0.07098913192749023"
"7926","0.07788562774658203","0.07788562774658203","0.07788562774658203"
"7930","0.10402107238769531","0.10402107238769531","0.10402107238769531"
"7934","0.07567358016967773","0.07567358016967773","0.07567358016967773"
"7936","0.06896591186523438","0.06896591186523438","0.06896591186523438"
"7940","0.08646821975708008","0.08646821975708008","0.08646821975708008"
"7944","0.08131122589111328","0.08131122589111328","0.08131122589111328"
"7946","0.0813755989074707","0.0813755989074707","0.0813755989074707"
"7956","0.07457256317138672","0.07457256317138672","0.07457256317138672"
"7960","0.08588600158691406","0.08588600158691406","0.08588600158691406"
"7972","0.08079862594604492","0.08079862594604492","0.08079862594604492"
"7974","0.08573102951049805","0.08573102951049805","0.08573102951049805"
"7976","0.07594871520996094","0.07594871520996094","0.07594871520996094"
"7980","0.0735330581665039","0.0735330581665039","0.0735330581665039"
"7982","0.08942413330078125","0.08942413330078125","0.08942413330078125"
"7986","0.08620929718017578","0.08620929718017578","0.08620929718017578"
"8002","0.03419780731201172","0.03419780731201172","0.03419780731201172"
"8004","0.07655048370361328","0.07655048370361328","0.07655048370361328"
"8006","0.06392151117324829","0.06392151117324829","0.06392151117324829"
"8010","0.07899260520935059","0.07899260520935059","0.07899260520935059"
"8020","0.06789469718933105","0.06789469718933105","0.06789469718933105"
"8024","0.0365147590637207","0.0365147590637207","0.0365147590637207"
"8026","0.03464365005493164","0.03464365005493164","0.03464365005493164"
"8028","0.05172395706176758","0.05172395706176758","0.05172395706176758"
"8040","0.08646988868713379","0.08646988868713379","0.08646988868713379"
"8042","0.05690956115722656","0.05690956115722656","0.05690956115722656"
"8048","0.1312551498413086","0.1312551498413086","0.1312551498413086"
"8056","0.03953266143798828","0.03953266143798828","0.03953266143798828"
"8058","0.05989629030227661","0.05989629030227661","0.05989629030227661"
"8066","0.0791330337524414","0.0791330337524414","0.0791330337524414"
"8072","0.09367561340332031","0.09367561340332031","0.09367561340332031"
"8074","0.08916723728179932","0.08916723728179932","0.08916723728179932"
"8082","0.14532756805419922","0.14532756805419922","0.14532756805419922"
"8088","0.062239646911621094","0.062239646911621094","0.062239646911621094"
"8104","0.09032726287841797","0.09032726287841797","0.09032726287841797"
"8130","0.08644390106201172","0.08644390106201172","0.08644390106201172"
"8132","0.0423772931098938","0.0423772931098938","0.0423772931098938"
"8134","0.07117843627929688","0.07117843627929688","0.07117843627929688"
"8142","0.051901817321777344","0.051901817321777344","0.051901817321777344"
"8144","0.1432814598083496","0.1432814598083496","0.1432814598083496"
"8156","0.031210899353027344","0.031210899353027344","0.031210899353027344"
"8172","0.12380993366241455","0.12380993366241455","0.12380993366241455"
"8194","0.04993772506713867","0.04993772506713867","0.04993772506713867"
"8198","0.08316481113433838","0.08316481113433838","0.08316481113433838"
"8202","0.024839162826538086","0.024839162826538086","0.024839162826538086"
"8204","0.03242194652557373","0.03242194652557373","0.03242194652557373"
"8206","0.07144641876220703","0.07144641876220703","0.07144641876220703"
"8208","0.04307126998901367","0.04307126998901367","0.04307126998901367"
"8216","0.0517120361328125","0.0517120361328125","0.0517120361328125"
"8218","0.09494304656982422","0.09494304656982422","0.09494304656982422"
"8224","0.1574251651763916","0.1574251651763916","0.1574251651763916"
"8226","0.0709695816040039","0.0709695816040039","0.0709695816040039"
"8228","0.13415908813476562","0.13415908813476562","0.13415908813476562"
"8232","0.09170031547546387","0.09170031547546387","0.09170031547546387"
"8234","0.02474883198738098","0.02474883198738098","0.02474883198738098"
"8250","0.07499146461486816","0.07499146461486816","0.07499146461486816"
"8252","0.08952021598815918","0.08952021598815918","0.08952021598815918"
"8254","0.0986330509185791","0.0986330509185791","0.0986330509185791"
"8258","0.09462451934814453","0.09462451934814453","0.09462451934814453"
"8262","0.060970306396484375","0.060970306396484375","0.060970306396484375"
"8276","0.06814146041870117","0.06814146041870117","0.06814146041870117"
"8286","0.09943318367004395","0.09943318367004395","0.09943318367004395"
"8304","0.08000558614730835","0.08000558614730835","0.08000558614730835"
"8306","0.07221198081970215","0.07221198081970215","0.07221198081970215"
"8308","0.14714407920837402","0.14714407920837402","0.14714407920837402"
"8310","0.04429769515991211","0.04429769515991211","0.04429769515991211"
"8312","0.04635059833526611","0.04635059833526611","0.04635059833526611"
"8314","0.09432196617126465","0.09432196617126465","0.09432196617126465"
"8318","0.0563509464263916","0.0563509464263916","0.0563509464263916"
"8320","0.046402812004089355","0.046402812004089355","0.046402812004089355"
"8322","0.16015243530273438","0.16015243530273438","0.16015243530273438"
"8324","0.12412643432617188","0.12412643432617188","0.12412643432617188"
"8326","0.08252143859863281","0.08252143859863281","0.08252143859863281"
"8328","0.08951091766357422","0.08951091766357422","0.08951091766357422"
"8348","0.02071833610534668","0.02071833610534668","0.02071833610534668"
"8350","0.08013534545898438","0.08013534545898438","0.08013534545898438"
"8354","0.0766744613647461","0.0766744613647461","0.0766744613647461"
"8364","0.035243868827819824","0.035243868827819824","0.035243868827819824"
"8374","0.024351119995117188","0.024351119995117188","0.024351119995117188"
"8378","0.0630422830581665","0.0630422830581665","0.0630422830581665"
"8386","0.1363048553466797","0.1363048553466797","0.1363048553466797"
"8392","0.054178714752197266","0.054178714752197266","0.054178714752197266"
"8396","0.05181479454040527","0.05181479454040527","0.05181479454040527"
"8400","0.08671033382415771","0.08671033382415771","0.08671033382415771"
"8418","0.04892897605895996","0.04892897605895996","0.04892897605895996"
"8420","0.03854703903198242","0.03854703903198242","0.03854703903198242"
"8425","0.11904382705688477","0.11904382705688477","0.11904382705688477"
"8431","0.03423595428466797","0.03423595428466797","0.03423595428466797"
"8433","0.10003280639648438","0.10003280639648438","0.10003280639648438"
"8447","0.06281566619873047","0.06281566619873047","0.06281566619873047"
"8451","0.04331350326538086","0.04331350326538086","0.04331350326538086"
"8453","0.05007064342498779","0.05007064342498779","0.05007064342498779"
"8471","0.021787405014038086","0.021787405014038086","0.021787405014038086"
"8475","0.09425044059753418","0.09425044059753418","0.09425044059753418"
"8477","0.06097698211669922","0.06097698211669922","0.06097698211669922"
"8479","0.0479242205619812","0.0479242205619812","0.0479242205619812"
"8481","0.03535088896751404","0.03535088896751404","0.03535088896751404"
"8483","0.07833683490753174","0.07833683490753174","0.07833683490753174"
"8485","0.045684099197387695","0.045684099197387695","0.045684099197387695"
"8487","0.017937183380126953","0.017937183380126953","0.017937183380126953"
"8489","0.07861518859863281","0.07861518859863281","0.07861518859863281"
"8503","0.03786945343017578","0.03786945343017578","0.03786945343017578"
"8507","0.08076667785644531","0.08076667785644531","0.08076667785644531"
"8511","0.04515331983566284","0.04515331983566284","0.04515331983566284"
"8515","0.08871805667877197","0.08871805667877197","0.08871805667877197"
"8521","0.06454277038574219","0.06454277038574219","0.06454277038574219"
"8527","0.08989644050598145","0.08989644050598145","0.08989644050598145"
"8529","0.09992730617523193","0.09992730617523193","0.09992730617523193"
"8541","0.08149027824401855","0.08149027824401855","0.08149027824401855"
"8551","0.03137683868408203","0.03137683868408203","0.03137683868408203"
"8563","0.027971863746643066","0.027971863746643066","0.027971863746643066"
"8565","0.029815196990966797","0.029815196990966797","0.029815196990966797"
"8567","0.07510507106781006","0.07510507106781006","0.07510507106781006"
"8571","0.09154152870178223","0.09154152870178223","0.09154152870178223"
"8575","0.030932188034057617","0.030932188034057617","0.030932188034057617"
"8577","0.015266656875610352","0.015266656875610352","0.015266656875610352"
"8581","0.07753372192382812","0.07753372192382812","0.07753372192382812"
"8587","0.04088401794433594","0.04088401794433594","0.04088401794433594"
"8589","0.01862788200378418","0.01862788200378418","0.01862788200378418"
"8603","0.10462236404418945","0.10462236404418945","0.10462236404418945"
"8617","0.041377246379852295","0.041377246379852295","0.041377246379852295"
"8621","0.058470845222473145","0.058470845222473145","0.058470845222473145"
"8623","0.05733013153076172","0.05733013153076172","0.05733013153076172"
"8635","0.059234619140625","0.059234619140625","0.059234619140625"
"8643","0.06760978698730469","0.06760978698730469","0.06760978698730469"
"8651","0.0871284008026123","0.0871284008026123","0.0871284008026123"
"8653","0.1125640869140625","0.1125640869140625","0.1125640869140625"
"8655","0.17809677124023438","0.17809677124023438","0.17809677124023438"
"8663","0.060407042503356934","0.060407042503356934","0.060407042503356934"
"8665","0.0560530424118042","0.0560530424118042","0.0560530424118042"
"8669","0.053481876850128174","0.053481876850128174","0.053481876850128174"
"8679","0.05486229062080383","0.05486229062080383","0.05486229062080383"
"8683","0.07863807678222656","0.07863807678222656","0.07863807678222656"
"8685","0.028403759002685547","0.028403759002685547","0.028403759002685547"
"8697","0.06924152374267578","0.06924152374267578","0.06924152374267578"
"8701","0.04287290573120117","0.04287290573120117","0.04287290573120117"
"8703","0.0896604061126709","0.0896604061126709","0.0896604061126709"
"8707","0.07723838090896606","0.07723838090896606","0.07723838090896606"
"8709","0.027663111686706543","0.027663111686706543","0.027663111686706543"
"8715","0.04108572006225586","0.04108572006225586","0.04108572006225586"
"8717","0.164628267288208","0.164628267288208","0.164628267288208"
"8719","0.092776358127594","0.092776358127594","0.092776358127594"
"8723","0.061472415924072266","0.061472415924072266","0.061472415924072266"
"8725","0.06888294219970703","0.06888294219970703","0.06888294219970703"
"8729","0.18955039978027344","0.18955039978027344","0.18955039978027344"
"8731","0.07628941535949707","0.07628941535949707","0.07628941535949707"
"8735","0.040604591369628906","0.040604591369628906","0.040604591369628906"
"8743","0.07742881774902344","0.07742881774902344","0.07742881774902344"
"8745","0.10792970657348633","0.10792970657348633","0.10792970657348633"
"8765","0.04334831237792969","0.04334831237792969","0.04334831237792969"
"8773","0.03294950723648071","0.03294950723648071","0.03294950723648071"
"8775","0.09850409626960754","0.09850409626960754","0.09850409626960754"
"8777","0.08408665657043457","0.08408665657043457","0.08408665657043457"
"8781","0.026076555252075195","0.026076555252075195","0.026076555252075195"
"8785","0.06036210060119629","0.06036210060119629","0.06036210060119629"
"8789","0.027590155601501465","0.027590155601501465","0.027590155601501465"
"8791","0.03306937217712402","0.03306937217712402","0.03306937217712402"
"8795","0.035823822021484375","0.035823822021484375","0.035823822021484375"
"8799","0.0682377815246582","0.0682377815246582","0.0682377815246582"
"8807","0.040901198983192444","0.040901198983192444","0.040901198983192444"
"8809","0.07776308059692383","0.07776308059692383","0.07776308059692383"
"8811","0.12428665161132812","0.12428665161132812","0.12428665161132812"
"8827","0.05006837844848633","0.05006837844848633","0.05006837844848633"
"8831","0.04011416435241699","0.04011416435241699","0.04011416435241699"
"8835","0.1253068447113037","0.1253068447113037","0.1253068447113037"
"8837","0.08398199081420898","0.08398199081420898","0.08398199081420898"
"8839","0.03542017936706543","0.03542017936706543","0.03542017936706543"
"8843","0.07784509658813477","0.07784509658813477","0.07784509658813477"
"8847","0.03154802322387695","0.03154802322387695","0.03154802322387695"
"8849","0.0765223503112793","0.0765223503112793","0.0765223503112793"
"8851","0.06845283508300781","0.06845283508300781","0.06845283508300781"
"8853","0.112884521484375","0.112884521484375","0.112884521484375"
"8857","0.047942161560058594","0.047942161560058594","0.047942161560058594"
"8865","0.06919145584106445","0.06919145584106445","0.06919145584106445"
"8867","0.058481454849243164","0.058481454849243164","0.058481454849243164"
"8875","0.10986614227294922","0.10986614227294922","0.10986614227294922"
"8877","0.040883779525756836","0.040883779525756836","0.040883779525756836"
"8881","0.06960487365722656","0.06960487365722656","0.06960487365722656"
"8885","0.03341102600097656","0.03341102600097656","0.03341102600097656"
"8891","0.08869683742523193","0.08869683742523193","0.08869683742523193"
"8901","0.13860130310058594","0.13860130310058594","0.13860130310058594"
"8905","0.05171012878417969","0.05171012878417969","0.05171012878417969"
"8913","0.0893111377954483","0.0893111377954483","0.0893111377954483"
"8917","0.02868938446044922","0.02868938446044922","0.02868938446044922"
"8921","0.06615734100341797","0.06615734100341797","0.06615734100341797"
"8923","0.035368919372558594","0.035368919372558594","0.035368919372558594"
"8933","0.0738687515258789","0.0738687515258789","0.0738687515258789"
"8943","0.06352710723876953","0.06352710723876953","0.06352710723876953"
"8957","0.08752799034118652","0.08752799034118652","0.08752799034118652"
"8963","0.02155447006225586","0.02155447006225586","0.02155447006225586"
"8967","0.10701465606689453","0.10701465606689453","0.10701465606689453"
"8969","0.03907126188278198","0.03907126188278198","0.03907126188278198"
"8979","0.021472185850143433","0.021472185850143433","0.021472185850143433"
"8983","0.0584564208984375","0.0584564208984375","0.0584564208984375"
"8989","0.05035686492919922","0.05035686492919922","0.05035686492919922"
"8999","0.10416316986083984","0.10416316986083984","0.10416316986083984"
"9001","0.03119683265686035","0.03119683265686035","0.03119683265686035"
"9005","0.025176942348480225","0.025176942348480225","0.025176942348480225"
"9009","0.021216392517089844","0.021216392517089844","0.021216392517089844"
"9013","0.0478215217590332","0.0478215217590332","0.0478215217590332"
"9015","0.07582557201385498","0.07582557201385498","0.07582557201385498"
"9019","0.0625530481338501","0.0625530481338501","0.0625530481338501"
"9031","0.05292987823486328","0.05292987823486328","0.05292987823486328"
"9033","0.08565235137939453","0.08565235137939453","0.08565235137939453"
"9037","0.08374786376953125","0.08374786376953125","0.08374786376953125"
"9047","0.022465229034423828","0.022465229034423828","0.022465229034423828"
"9051","0.05047774314880371","0.05047774314880371","0.05047774314880371"
"9065","0.026103734970092773","0.026103734970092773","0.026103734970092773"
"9067","0.1161966323852539","0.1161966323852539","0.1161966323852539"
"9069","0.0380343496799469","0.0380343496799469","0.0380343496799469"
"9071","0.03665435314178467","0.03665435314178467","0.03665435314178467"
"9073","0.031526803970336914","0.031526803970336914","0.031526803970336914"
"9079","0.09163069725036621","0.09163069725036621","0.09163069725036621"
"9081","0.015096187591552734","0.015096187591552734","0.015096187591552734"
"9091","0.06741881370544434","0.06741881370544434","0.06741881370544434"
"9095","0.03977155685424805","0.03977155685424805","0.03977155685424805"
"9105","0.1447763442993164","0.1447763442993164","0.1447763442993164"
"9109","0.09426248073577881","0.09426248073577881","0.09426248073577881"
"9111","0.06242561340332031","0.06242561340332031","0.06242561340332031"
"9113","0.03540754318237305","0.03540754318237305","0.03540754318237305"
"9121","0.029848098754882812","0.029848098754882812","0.029848098754882812"
"9125","0.03192460536956787","0.03192460536956787","0.03192460536956787"
"9133","0.022983074188232422","0.022983074188232422","0.022983074188232422"
"9137","0.07386255264282227","0.07386255264282227","0.07386255264282227"
"9143","0.05774879455566406","0.05774879455566406","0.05774879455566406"
"9145","0.0529484748840332","0.0529484748840332","0.0529484748840332"
"9147","0.03518950939178467","0.03518950939178467","0.03518950939178467"
"9153","0.10528278350830078","0.10528278350830078","0.10528278350830078"
"9155","0.04060792922973633","0.04060792922973633","0.04060792922973633"
"9157","0.02639162540435791","0.02639162540435791","0.02639162540435791"
"9159","0.06880831718444824","0.06880831718444824","0.06880831718444824"
"9161","0.08709049224853516","0.08709049224853516","0.08709049224853516"
"9167","0.07698023319244385","0.07698023319244385","0.07698023319244385"
"9173","0.0570034384727478","0.0570034384727478","0.0570034384727478"
"9179","0.037225887179374695","0.037225887179374695","0.037225887179374695"
"9181","0.039966583251953125","0.039966583251953125","0.039966583251953125"
"9183","0.04079782962799072","0.04079782962799072","0.04079782962799072"
"9185","0.06700444221496582","0.06700444221496582","0.06700444221496582"
"9189","0.05795258283615112","0.05795258283615112","0.05795258283615112"
"9191","0.05803954601287842","0.05803954601287842","0.05803954601287842"
"9199","0.04396319389343262","0.04396319389343262","0.04396319389343262"
"9201","0.174432635307312","0.174432635307312","0.174432635307312"
"9209","0.14886188507080078","0.14886188507080078","0.14886188507080078"
"9217","0.05903732776641846","0.05903732776641846","0.05903732776641846"
"9219","0.03381413221359253","0.03381413221359253","0.03381413221359253"
"9235","0.03700375556945801","0.03700375556945801","0.03700375556945801"
"9239","0.04228830337524414","0.04228830337524414","0.04228830337524414"
"9241","0.14571928977966309","0.14571928977966309","0.14571928977966309"
"9243","0.03540825843811035","0.03540825843811035","0.03540825843811035"
"9245","0.08282899856567383","0.08282899856567383","0.08282899856567383"
"9259","0.05415940284729004","0.05415940284729004","0.05415940284729004"
"9263","0.021498724818229675","0.021498724818229675","0.021498724818229675"
"9265","0.045865535736083984","0.045865535736083984","0.045865535736083984"
"9269","0.04009854793548584","0.04009854793548584","0.04009854793548584"
"9277","0.08869436383247375","0.08869436383247375","0.08869436383247375"
"9279","0.025606781244277954","0.025606781244277954","0.025606781244277954"
"9281","0.06630754470825195","0.06630754470825195","0.06630754470825195"
"9287","0.10826684534549713","0.10826684534549713","0.10826684534549713"
"9289","0.03997915983200073","0.03997915983200073","0.03997915983200073"
"9293","0.08468544483184814","0.08468544483184814","0.08468544483184814"
"9297","0.04556438326835632","0.04556438326835632","0.04556438326835632"
"9301","0.06252998113632202","0.06252998113632202","0.06252998113632202"
"9305","0.09480786323547363","0.09480786323547363","0.09480786323547363"
"9311","0.05503344535827637","0.05503344535827637","0.05503344535827637"
"9315","0.05375814437866211","0.05375814437866211","0.05375814437866211"
"9321","0.05731940269470215","0.05731940269470215","0.05731940269470215"
"9323","0.08887457847595215","0.08887457847595215","0.08887457847595215"
"9327","0.1277332305908203","0.1277332305908203","0.1277332305908203"
"9329","0.08879733085632324","0.08879733085632324","0.08879733085632324"
"9333","0.07578730583190918","0.07578730583190918","0.07578730583190918"
"9337","0.052256762981414795","0.052256762981414795","0.052256762981414795"
"9343","0.10304546356201172","0.10304546356201172","0.10304546356201172"
"9345","0.06316119432449341","0.06316119432449341","0.06316119432449341"
"9349","0.04074287414550781","0.04074287414550781","0.04074287414550781"
"9357","0.12367141246795654","0.12367141246795654","0.12367141246795654"
"9359","0.04709267616271973","0.04709267616271973","0.04709267616271973"
"9367","0.06712150573730469","0.06712150573730469","0.06712150573730469"
"9371","0.05625009536743164","0.05625009536743164","0.05625009536743164"
"9373","0.055205345153808594","0.055205345153808594","0.055205345153808594"
"9375","0.06829607486724854","0.06829607486724854","0.06829607486724854"
"9379","0.022264480590820312","0.022264480590820312","0.022264480590820312"
"9381","0.03346395492553711","0.03346395492553711","0.03346395492553711"
"9387","0.02923870086669922","0.02923870086669922","0.02923870086669922"
"9403","0.05011558532714844","0.05011558532714844","0.05011558532714844"
"9405","0.0771341323852539","0.0771341323852539","0.0771341323852539"
"9418","0.08826828002929688","0.08826828002929688","0.08826828002929688"
"9422","0.08873224258422852","0.08873224258422852","0.08873224258422852"
"9426","0.03248953819274902","0.03248953819274902","0.03248953819274902"
"9438","0.11274576187133789","0.11274576187133789","0.11274576187133789"
"9440","0.1288912296295166","0.1288912296295166","0.1288912296295166"
"9446","0.11909914016723633","0.11909914016723633","0.11909914016723633"
"9450","0.11621427536010742","0.11621427536010742","0.11621427536010742"
"9454","0.07611656188964844","0.07611656188964844","0.07611656188964844"
"9456","0.07286256551742554","0.07286256551742554","0.07286256551742554"
"9460","0.0379941463470459","0.0379941463470459","0.0379941463470459"
"9468","0.09526634216308594","0.09526634216308594","0.09526634216308594"
"9470","0.0722513198852539","0.0722513198852539","0.0722513198852539"
"9482","0.039829254150390625","0.039829254150390625","0.039829254150390625"
"9484","0.010680854320526123","0.010680854320526123","0.010680854320526123"
"9488","0.09235227108001709","0.09235227108001709","0.09235227108001709"
"9492","0.08339434862136841","0.08339434862136841","0.08339434862136841"
"9496","0.048680782318115234","0.048680782318115234","0.048680782318115234"
"9498","0.08413839340209961","0.08413839340209961","0.08413839340209961"
"9500","0.06370306015014648","0.06370306015014648","0.06370306015014648"
"9514","0.019434213638305664","0.019434213638305664","0.019434213638305664"
"9530","0.08658790588378906","0.08658790588378906","0.08658790588378906"
"9532","0.05658912658691406","0.05658912658691406","0.05658912658691406"
"9534","0.05199027061462402","0.05199027061462402","0.05199027061462402"
"9536","0.10321664810180664","0.10321664810180664","0.10321664810180664"
"9542","0.060516357421875","0.060516357421875","0.060516357421875"
"9546","0.1126561164855957","0.1126561164855957","0.1126561164855957"
"9548","0.014556646347045898","0.014556646347045898","0.014556646347045898"
"9554","0.05537700653076172","0.05537700653076172","0.05537700653076172"
"9556","0.06449413299560547","0.06449413299560547","0.06449413299560547"
"9572","0.051784515380859375","0.051784515380859375","0.051784515380859375"
"9574","0.027213096618652344","0.027213096618652344","0.027213096618652344"
"9576","0.06102943420410156","0.06102943420410156","0.06102943420410156"
"9578","0.03667259216308594","0.03667259216308594","0.03667259216308594"
"9580","0.06555747985839844","0.06555747985839844","0.06555747985839844"
"9586","0.10507011413574219","0.10507011413574219","0.10507011413574219"
"9588","0.05414712429046631","0.05414712429046631","0.05414712429046631"
"9590","0.07150936126708984","0.07150936126708984","0.07150936126708984"
"9596","0.03944289684295654","0.03944289684295654","0.03944289684295654"
"9598","0.0644981861114502","0.0644981861114502","0.0644981861114502"
"9600","0.019124507904052734","0.019124507904052734","0.019124507904052734"
"9608","0.02650165557861328","0.02650165557861328","0.02650165557861328"
"9610","0.03429985046386719","0.03429985046386719","0.03429985046386719"
"9614","0.12478494644165039","0.12478494644165039","0.12478494644165039"
"9620","0.06914329528808594","0.06914329528808594","0.06914329528808594"
"9628","0.0902700424194336","0.0902700424194336","0.0902700424194336"
"9630","0.05099552869796753","0.05099552869796753","0.05099552869796753"
"9638","0.018194854259490967","0.018194854259490967","0.018194854259490967"
"9642","0.08079338073730469","0.08079338073730469","0.08079338073730469"
"9654","0.042845726013183594","0.042845726013183594","0.042845726013183594"
"9662","0.021996736526489258","0.021996736526489258","0.021996736526489258"
"9666","0.032176852226257324","0.032176852226257324","0.032176852226257324"
"9668","0.036072343587875366","0.036072343587875366","0.036072343587875366"
"9674","0.07196617126464844","0.07196617126464844","0.07196617126464844"
"9676","0.06313276290893555","0.06313276290893555","0.06313276290893555"
"9678","0.022579669952392578","0.022579669952392578","0.022579669952392578"
"9682","0.10911305248737335","0.10911305248737335","0.10911305248737335"
"9688","0.07508528232574463","0.07508528232574463","0.07508528232574463"
"9692","0.053197383880615234","0.053197383880615234","0.053197383880615234"
"9706","0.015106528997421265","0.015106528997421265","0.015106528997421265"
"9708","0.0935208797454834","0.0935208797454834","0.0935208797454834"
"9716","0.095365509390831","0.095365509390831","0.095365509390831"
"9720","0.10453152656555176","0.10453152656555176","0.10453152656555176"
"9732","0.040581464767456055","0.040581464767456055","0.040581464767456055"
"9734","0.049962520599365234","0.049962520599365234","0.049962520599365234"
"9750","0.03633379936218262","0.03633379936218262","0.03633379936218262"
"9754","0.039624810218811035","0.039624810218811035","0.039624810218811035"
"9770","0.05381166934967041","0.05381166934967041","0.05381166934967041"
"9780","0.04270893335342407","0.04270893335342407","0.04270893335342407"
"9786","0.0780949592590332","0.0780949592590332","0.0780949592590332"
"9788","0.04385817050933838","0.04385817050933838","0.04385817050933838"
"9802","0.05139690637588501","0.05139690637588501","0.05139690637588501"
"9810","0.06691142171621323","0.06691142171621323","0.06691142171621323"
"9816","0.07873189449310303","0.07873189449310303","0.07873189449310303"
"9822","0.018246442079544067","0.018246442079544067","0.018246442079544067"
"9832","0.1233525276184082","0.1233525276184082","0.1233525276184082"
"9834","0.13355576992034912","0.13355576992034912","0.13355576992034912"
"9842","0.09153604507446289","0.09153604507446289","0.09153604507446289"
"9848","0.09596693515777588","0.09596693515777588","0.09596693515777588"
"9852","0.03707464039325714","0.03707464039325714","0.03707464039325714"
"9856","0.03384369611740112","0.03384369611740112","0.03384369611740112"
"9858","0.09680652618408203","0.09680652618408203","0.09680652618408203"
"9862","0.05659151077270508","0.05659151077270508","0.05659151077270508"
"9864","0.043128013610839844","0.043128013610839844","0.043128013610839844"
"9866","0.032534003257751465","0.032534003257751465","0.032534003257751465"
"9868","0.11312055587768555","0.11312055587768555","0.11312055587768555"
"9872","0.05573612451553345","0.05573612451553345","0.05573612451553345"
"9876","0.04368019104003906","0.04368019104003906","0.04368019104003906"
"9880","0.05734610557556152","0.05734610557556152","0.05734610557556152"
"9890","0.029706954956054688","0.029706954956054688","0.029706954956054688"
"9900","0.055867165327072144","0.055867165327072144","0.055867165327072144"
"9904","0.0910036563873291","0.0910036563873291","0.0910036563873291"
"9910","0.07550960779190063","0.07550960779190063","0.07550960779190063"
"9914","0.15259313583374023","0.15259313583374023","0.15259313583374023"
"9916","0.041919708251953125","0.041919708251953125","0.041919708251953125"
"9918","0.1385507583618164","0.1385507583618164","0.1385507583618164"
"9922","0.06277990341186523","0.06277990341186523","0.06277990341186523"
"9930","0.12598633766174316","0.12598633766174316","0.12598633766174316"
"9932","0.019406557083129883","0.019406557083129883","0.019406557083129883"
"9944","0.07495665550231934","0.07495665550231934","0.07495665550231934"
"9948","0.020007073879241943","0.020007073879241943","0.020007073879241943"
"9954","0.061626553535461426","0.061626553535461426","0.061626553535461426"
"9956","0.09321758151054382","0.09321758151054382","0.09321758151054382"
"9958","0.054566770792007446","0.054566770792007446","0.054566770792007446"
"9960","0.0668337345123291","0.0668337345123291","0.0668337345123291"
"9964","0.08790040016174316","0.08790040016174316","0.08790040016174316"
"9966","0.08631646633148193","0.08631646633148193","0.08631646633148193"
"9978","0.03405618667602539","0.03405618667602539","0.03405618667602539"
"9986","0.02326500415802002","0.02326500415802002","0.02326500415802002"
"9988","0.05078205466270447","0.05078205466270447","0.05078205466270447"
"9996","0.046108365058898926","0.046108365058898926","0.046108365058898926"
"10010","0.027116239070892334","0.027116239070892334","0.027116239070892334"
"10012","0.03402853012084961","0.03402853012084961","0.03402853012084961"
"10014","0.021707534790039062","0.021707534790039062","0.021707534790039062"
"10018","0.0458221435546875","0.0458221435546875","0.0458221435546875"
"10026","0.09613513946533203","0.09613513946533203","0.09613513946533203"
"10028","0.08106088638305664","0.08106088638305664","0.08106088638305664"
"10030","0.08968925476074219","0.08968925476074219","0.08968925476074219"
"10038","0.08118796348571777","0.08118796348571777","0.08118796348571777"
"10048","0.06588780879974365","0.06588780879974365","0.06588780879974365"
"10052","0.0359189510345459","0.0359189510345459","0.0359189510345459"
"10060","0.01399540901184082","0.01399540901184082","0.01399540901184082"
"10062","0.030628085136413574","0.030628085136413574","0.030628085136413574"
"10066","0.03123760223388672","0.03123760223388672","0.03123760223388672"
"10068","0.022240877151489258","0.022240877151489258","0.022240877151489258"
"10072","0.03525519371032715","0.03525519371032715","0.03525519371032715"
"10076","0.06786394119262695","0.06786394119262695","0.06786394119262695"
"10078","0.04192638397216797","0.04192638397216797","0.04192638397216797"
"10090","0.02119600772857666","0.02119600772857666","0.02119600772857666"
"10098","0.01645350456237793","0.01645350456237793","0.01645350456237793"
"10100","0.038831233978271484","0.038831233978271484","0.038831233978271484"
"10104","0.06267642974853516","0.06267642974853516","0.06267642974853516"
"10106","0.04030197858810425","0.04030197858810425","0.04030197858810425"
"10110","0.03991591930389404","0.03991591930389404","0.03991591930389404"
"10112","0.015044867992401123","0.015044867992401123","0.015044867992401123"
"10118","0.08485245704650879","0.08485245704650879","0.08485245704650879"
"10122","0.03454899787902832","0.03454899787902832","0.03454899787902832"
"10126","0.07231330871582031","0.07231330871582031","0.07231330871582031"
"10130","0.02253091335296631","0.02253091335296631","0.02253091335296631"
"10132","0.034853219985961914","0.034853219985961914","0.034853219985961914"
"10136","0.05453014373779297","0.05453014373779297","0.05453014373779297"
"10138","0.04620441794395447","0.04620441794395447","0.04620441794395447"
"10142","0.04788878560066223","0.04788878560066223","0.04788878560066223"
"10146","0.020650148391723633","0.020650148391723633","0.020650148391723633"
"10150","0.014741232618689537","0.014741232618689537","0.014741232618689537"
"10152","0.05942634493112564","0.05942634493112564","0.05942634493112564"
"10154","0.03486752510070801","0.03486752510070801","0.03486752510070801"
"10160","0.036795854568481445","0.036795854568481445","0.036795854568481445"
"10162","0.0398063063621521","0.0398063063621521","0.0398063063621521"
"10164","0.07930374145507812","0.07930374145507812","0.07930374145507812"
"10168","0.08951616287231445","0.08951616287231445","0.08951616287231445"
"10172","0.015551090240478516","0.015551090240478516","0.015551090240478516"
"10178","0.10619115829467773","0.10619115829467773","0.10619115829467773"
"10182","0.07066524028778076","0.07066524028778076","0.07066524028778076"
"10186","0.06490898132324219","0.06490898132324219","0.06490898132324219"
"10190","0.06682395935058594","0.06682395935058594","0.06682395935058594"
"10202","0.06331080198287964","0.06331080198287964","0.06331080198287964"
"10208","0.039987802505493164","0.039987802505493164","0.039987802505493164"
"10212","0.06438875198364258","0.06438875198364258","0.06438875198364258"
"10216","0.03925764560699463","0.03925764560699463","0.03925764560699463"
"10232","0.017496585845947266","0.017496585845947266","0.017496585845947266"
"10238","0.045168161392211914","0.045168161392211914","0.045168161392211914"
"10240","0.043512940406799316","0.043512940406799316","0.043512940406799316"
"10250","0.05187228322029114","0.05187228322029114","0.05187228322029114"
"10256","0.05801081657409668","0.05801081657409668","0.05801081657409668"
"10264","0.0887296199798584","0.0887296199798584","0.0887296199798584"
"10268","0.05709344148635864","0.05709344148635864","0.05709344148635864"
"10276","0.09335184097290039","0.09335184097290039","0.09335184097290039"
"10280","0.08141148090362549","0.08141148090362549","0.08141148090362549"
"10286","0.11422300338745117","0.11422300338745117","0.11422300338745117"
"10290","0.10178536176681519","0.10178536176681519","0.10178536176681519"
"10292","0.06935977935791016","0.06935977935791016","0.06935977935791016"
"10298","0.024416208267211914","0.024416208267211914","0.024416208267211914"
"10302","0.10345512628555298","0.10345512628555298","0.10345512628555298"
"10310","0.13138961791992188","0.13138961791992188","0.13138961791992188"
"10314","0.06869363784790039","0.06869363784790039","0.06869363784790039"
"10316","0.0536189079284668","0.0536189079284668","0.0536189079284668"
"10320","0.03504776954650879","0.03504776954650879","0.03504776954650879"
"10326","0.0344390869140625","0.0344390869140625","0.0344390869140625"
"10330","0.08181381225585938","0.08181381225585938","0.08181381225585938"
"10346","0.0489501953125","0.0489501953125","0.0489501953125"
"10348","0.0425795316696167","0.0425795316696167","0.0425795316696167"
"10352","0.0716562271118164","0.0716562271118164","0.0716562271118164"
"10358","0.06897354125976562","0.06897354125976562","0.06897354125976562"
"10360","0.056398868560791016","0.056398868560791016","0.056398868560791016"
"10364","0.029751300811767578","0.029751300811767578","0.029751300811767578"
"10366","0.02520585060119629","0.02520585060119629","0.02520585060119629"
"10370","0.11405730247497559","0.11405730247497559","0.11405730247497559"
"10374","0.017703890800476074","0.017703890800476074","0.017703890800476074"
"10376","0.06914043426513672","0.06914043426513672","0.06914043426513672"
"10388","0.063945472240448","0.063945472240448","0.063945472240448"
"10390","0.046300530433654785","0.046300530433654785","0.046300530433654785"
"10392","0.04006749391555786","0.04006749391555786","0.04006749391555786"
"10394","0.0147780179977417","0.0147780179977417","0.0147780179977417"
"10396","0.02310800552368164","0.02310800552368164","0.02310800552368164"
"10402","0.05190920829772949","0.05190920829772949","0.05190920829772949"
"10415","0.08129358291625977","0.08129358291625977","0.08129358291625977"
"10419","0.12099075317382812","0.12099075317382812","0.12099075317382812"
"10421","0.0658368468284607","0.0658368468284607","0.0658368468284607"
"10423","0.0797567367553711","0.0797567367553711","0.0797567367553711"
"10431","0.008800998330116272","0.008800998330116272","0.008800998330116272"
"10433","0.032845497131347656","0.032845497131347656","0.032845497131347656"
"10435","0.10150283575057983","0.10150283575057983","0.10150283575057983"
"10437","0.018565773963928223","0.018565773963928223","0.018565773963928223"
"10439","0.0579986572265625","0.0579986572265625","0.0579986572265625"
"10441","0.03840136528015137","0.03840136528015137","0.03840136528015137"
"10447","0.06524038314819336","0.06524038314819336","0.06524038314819336"
"10453","0.09572315216064453","0.09572315216064453","0.09572315216064453"
"10455","0.04061603546142578","0.04061603546142578","0.04061603546142578"
"10457","0.03152763843536377","0.03152763843536377","0.03152763843536377"
"10463","0.02786295861005783","0.02786295861005783","0.02786295861005783"
"10465","0.024078935384750366","0.024078935384750366","0.024078935384750366"
"10469","0.06931209564208984","0.06931209564208984","0.06931209564208984"
"10477","0.01659274846315384","0.01659274846315384","0.01659274846315384"
"10481","0.06766700744628906","0.06766700744628906","0.06766700744628906"
"10485","0.05332636833190918","0.05332636833190918","0.05332636833190918"
"10487","0.015865325927734375","0.015865325927734375","0.015865325927734375"
"10495","0.0506134033203125","0.0506134033203125","0.0506134033203125"
"10499","0.09078681468963623","0.09078681468963623","0.09078681468963623"
"10501","0.12494134902954102","0.12494134902954102","0.12494134902954102"
"10511","0.030445098876953125","0.030445098876953125","0.030445098876953125"
"10513","0.052409470081329346","0.052409470081329346","0.052409470081329346"
"10517","0.06036567687988281","0.06036567687988281","0.06036567687988281"
"10529","0.051097869873046875","0.051097869873046875","0.051097869873046875"
"10531","0.03463497757911682","0.03463497757911682","0.03463497757911682"
"10533","0.04592067003250122","0.04592067003250122","0.04592067003250122"
"10543","0.05714094638824463","0.05714094638824463","0.05714094638824463"
"10551","0.0702066421508789","0.0702066421508789","0.0702066421508789"
"10553","0.030777692794799805","0.030777692794799805","0.030777692794799805"
"10555","0.022051572799682617","0.022051572799682617","0.022051572799682617"
"10557","0.024132728576660156","0.024132728576660156","0.024132728576660156"
"10565","0.03814765810966492","0.03814765810966492","0.03814765810966492"
"10567","0.053019046783447266","0.053019046783447266","0.053019046783447266"
"10569","0.01862594485282898","0.01862594485282898","0.01862594485282898"
"10577","0.03456735610961914","0.03456735610961914","0.03456735610961914"
"10579","0.059094786643981934","0.059094786643981934","0.059094786643981934"
"10581","0.047560155391693115","0.047560155391693115","0.047560155391693115"
"10587","0.03272736072540283","0.03272736072540283","0.03272736072540283"
"10595","0.03729560971260071","0.03729560971260071","0.03729560971260071"
"10601","0.012366890907287598","0.012366890907287598","0.012366890907287598"
"10603","0.09238946437835693","0.09238946437835693","0.09238946437835693"
"10605","0.06536483764648438","0.06536483764648438","0.06536483764648438"
"10607","0.04473578929901123","0.04473578929901123","0.04473578929901123"
"10621","0.025994539260864258","0.025994539260864258","0.025994539260864258"
"10625","0.0733482837677002","0.0733482837677002","0.0733482837677002"
"10627","0.032260701060295105","0.032260701060295105","0.032260701060295105"
"10631","0.040697574615478516","0.040697574615478516","0.040697574615478516"
"10637","0.01329183578491211","0.01329183578491211","0.01329183578491211"
"10641","0.03432774543762207","0.03432774543762207","0.03432774543762207"
"10659","0.02666616439819336","0.02666616439819336","0.02666616439819336"
"10663","0.07872140407562256","0.07872140407562256","0.07872140407562256"
"10669","0.045989036560058594","0.045989036560058594","0.045989036560058594"
"10671","0.062177419662475586","0.062177419662475586","0.062177419662475586"
"10677","0.08737143874168396","0.08737143874168396","0.08737143874168396"
"10687","0.02925705909729004","0.02925705909729004","0.02925705909729004"
"10691","0.03576594591140747","0.03576594591140747","0.03576594591140747"
"10695","0.13525962829589844","0.13525962829589844","0.13525962829589844"
"10697","0.05594128370285034","0.05594128370285034","0.05594128370285034"
"10699","0.03410094231367111","0.03410094231367111","0.03410094231367111"
"10701","0.022464752197265625","0.022464752197265625","0.022464752197265625"
"10703","0.02787107229232788","0.02787107229232788","0.02787107229232788"
"10705","0.036182135343551636","0.036182135343551636","0.036182135343551636"
"10713","0.04281187057495117","0.04281187057495117","0.04281187057495117"
"10717","0.1581430435180664","0.1581430435180664","0.1581430435180664"
"10719","0.06529951095581055","0.06529951095581055","0.06529951095581055"
"10725","0.029840290546417236","0.029840290546417236","0.029840290546417236"
"10729","0.010320141911506653","0.010320141911506653","0.010320141911506653"
"10731","0.008625388145446777","0.008625388145446777","0.008625388145446777"
"10733","0.03666570782661438","0.03666570782661438","0.03666570782661438"
"10737","0.06867226958274841","0.06867226958274841","0.06867226958274841"
"10743","0.07341635227203369","0.07341635227203369","0.07341635227203369"
"10745","0.012251734733581543","0.012251734733581543","0.012251734733581543"
"10749","0.03265273571014404","0.03265273571014404","0.03265273571014404"
"10753","0.04520440101623535","0.04520440101623535","0.04520440101623535"
"10755","0.08333379030227661","0.08333379030227661","0.08333379030227661"
"10771","0.02723407745361328","0.02723407745361328","0.02723407745361328"
"10785","0.06965327262878418","0.06965327262878418","0.06965327262878418"
"10791","0.040995121002197266","0.040995121002197266","0.040995121002197266"
"10797","0.06705796718597412","0.06705796718597412","0.06705796718597412"
"10799","0.02399587631225586","0.02399587631225586","0.02399587631225586"
"10801","0.02745532989501953","0.02745532989501953","0.02745532989501953"
"10809","0.04322624206542969","0.04322624206542969","0.04322624206542969"
"10811","0.047420501708984375","0.047420501708984375","0.047420501708984375"
"10813","0.12445974349975586","0.12445974349975586","0.12445974349975586"
"10817","0.06037220358848572","0.06037220358848572","0.06037220358848572"
"10819","0.021230697631835938","0.021230697631835938","0.021230697631835938"
"10821","0.08966267108917236","0.08966267108917236","0.08966267108917236"
"10823","0.05016326904296875","0.05016326904296875","0.05016326904296875"
"10825","0.04413807392120361","0.04413807392120361","0.04413807392120361"
"10829","0.028888702392578125","0.028888702392578125","0.028888702392578125"
"10831","0.044449567794799805","0.044449567794799805","0.044449567794799805"
"10835","0.06474065780639648","0.06474065780639648","0.06474065780639648"
"10839","0.055474281311035156","0.055474281311035156","0.055474281311035156"
"10843","0.09038472175598145","0.09038472175598145","0.09038472175598145"
"10845","0.07400965690612793","0.07400965690612793","0.07400965690612793"
"10857","0.10689377784729004","0.10689377784729004","0.10689377784729004"
"10865","0.025798797607421875","0.025798797607421875","0.025798797607421875"
"10871","0.06023001670837402","0.06023001670837402","0.06023001670837402"
"10875","0.06629025936126709","0.06629025936126709","0.06629025936126709"
"10879","0.09195375442504883","0.09195375442504883","0.09195375442504883"
"10887","0.034322142601013184","0.034322142601013184","0.034322142601013184"
"10889","0.019220471382141113","0.019220471382141113","0.019220471382141113"
"10895","0.013035774230957031","0.013035774230957031","0.013035774230957031"
"10901","0.1014394760131836","0.1014394760131836","0.1014394760131836"
"10903","0.01616835594177246","0.01616835594177246","0.01616835594177246"
"10907","0.04694223403930664","0.04694223403930664","0.04694223403930664"
"10909","0.027901768684387207","0.027901768684387207","0.027901768684387207"
"10911","0.07989263534545898","0.07989263534545898","0.07989263534545898"
"10919","0.04460740089416504","0.04460740089416504","0.04460740089416504"
"10921","0.014124631881713867","0.014124631881713867","0.014124631881713867"
"10923","0.05926626920700073","0.05926626920700073","0.05926626920700073"
"10925","0.021318674087524414","0.021318674087524414","0.021318674087524414"
"10929","0.03856039047241211","0.03856039047241211","0.03856039047241211"
"10931","0.06296706199645996","0.06296706199645996","0.06296706199645996"
"10941","0.032248497009277344","0.032248497009277344","0.032248497009277344"
"10945","0.05333852767944336","0.05333852767944336","0.05333852767944336"
"10949","0.043701786547899246","0.043701786547899246","0.043701786547899246"
"10951","0.03623497486114502","0.03623497486114502","0.03623497486114502"
"10957","0.026765644550323486","0.026765644550323486","0.026765644550323486"
"10959","0.06938260793685913","0.06938260793685913","0.06938260793685913"
"10963","0.03629791736602783","0.03629791736602783","0.03629791736602783"
"10969","0.05954182147979736","0.05954182147979736","0.05954182147979736"
"10971","0.03806304931640625","0.03806304931640625","0.03806304931640625"
"10979","0.05167552828788757","0.05167552828788757","0.05167552828788757"
"10995","0.017876267433166504","0.017876267433166504","0.017876267433166504"
"10999","0.03749513626098633","0.03749513626098633","0.03749513626098633"
"11003","0.04772377014160156","0.04772377014160156","0.04772377014160156"
"11005","0.011095017194747925","0.011095017194747925","0.011095017194747925"
"11019","0.010942339897155762","0.010942339897155762","0.010942339897155762"
"11021","0.037269383668899536","0.037269383668899536","0.037269383668899536"
"11027","0.09437994658946991","0.09437994658946991","0.09437994658946991"
"11029","0.014140605926513672","0.014140605926513672","0.014140605926513672"
"11033","0.014516651630401611","0.014516651630401611","0.014516651630401611"
"11053","0.0728628933429718","0.0728628933429718","0.0728628933429718"
"11061","0.07449173927307129","0.07449173927307129","0.07449173927307129"
"11065","0.0560382604598999","0.0560382604598999","0.0560382604598999"
"11067","0.06921660155057907","0.06921660155057907","0.06921660155057907"
"11073","0.04037298262119293","0.04037298262119293","0.04037298262119293"
"11079","0.1207503080368042","0.1207503080368042","0.1207503080368042"
"11083","0.004194498062133789","0.004194498062133789","0.004194498062133789"
"11099","0.04041928052902222","0.04041928052902222","0.04041928052902222"
"11103","0.030323415994644165","0.030323415994644165","0.030323415994644165"
"11121","0.058410704135894775","0.058410704135894775","0.058410704135894775"
"11123","0.026887893676757812","0.026887893676757812","0.026887893676757812"
"11127","0.04798746109008789","0.04798746109008789","0.04798746109008789"
"11129","0.03986930847167969","0.03986930847167969","0.03986930847167969"
"11135","0.19592496752738953","0.19592496752738953","0.19592496752738953"
"11147","0.05310344696044922","0.05310344696044922","0.05310344696044922"
"11151","0.025275468826293945","0.025275468826293945","0.025275468826293945"
"11155","0.035340338945388794","0.035340338945388794","0.035340338945388794"
"11163","0.014527201652526855","0.014527201652526855","0.014527201652526855"
"11173","0.03986525535583496","0.03986525535583496","0.03986525535583496"
"11179","0.14560675621032715","0.14560675621032715","0.14560675621032715"
"11195","0.09693646430969238","0.09693646430969238","0.09693646430969238"
"11199","0.018459677696228027","0.018459677696228027","0.018459677696228027"
"11207","0.04286527633666992","0.04286527633666992","0.04286527633666992"
"11209","0.02727377414703369","0.02727377414703369","0.02727377414703369"
"11217","0.1042170524597168","0.1042170524597168","0.1042170524597168"
"11219","0.06140357255935669","0.06140357255935669","0.06140357255935669"
"11225","0.01752007007598877","0.01752007007598877","0.01752007007598877"
"11229","0.009199857711791992","0.009199857711791992","0.009199857711791992"
"11231","0.019768953323364258","0.019768953323364258","0.019768953323364258"
"11237","0.03228204697370529","0.03228204697370529","0.03228204697370529"
"11241","0.029731974005699158","0.029731974005699158","0.029731974005699158"
"11247","0.010805606842041016","0.010805606842041016","0.010805606842041016"
"11249","0.04255819320678711","0.04255819320678711","0.04255819320678711"
"11253","0.037758827209472656","0.037758827209472656","0.037758827209472656"
"11259","0.06403002142906189","0.06403002142906189","0.06403002142906189"
"11261","0.007649421691894531","0.007649421691894531","0.007649421691894531"
"11265","0.06706038117408752","0.06706038117408752","0.06706038117408752"
"11267","0.029230453073978424","0.029230453073978424","0.029230453073978424"
"11269","0.06862673908472061","0.06862673908472061","0.06862673908472061"
"11273","0.01573852449655533","0.01573852449655533","0.01573852449655533"
"11275","0.0333867073059082","0.0333867073059082","0.0333867073059082"
"11283","0.07309728860855103","0.07309728860855103","0.07309728860855103"
"11289","0.05034762620925903","0.05034762620925903","0.05034762620925903"
"11291","0.03100639581680298","0.03100639581680298","0.03100639581680298"
"11299","0.04612612724304199","0.04612612724304199","0.04612612724304199"
"11301","0.04144763946533203","0.04144763946533203","0.04144763946533203"
"11313","0.023394107818603516","0.023394107818603516","0.023394107818603516"
"11317","0.0335003137588501","0.0335003137588501","0.0335003137588501"
"11321","0.06587356328964233","0.06587356328964233","0.06587356328964233"
"11323","0.09626924991607666","0.09626924991607666","0.09626924991607666"
"11327","0.0631597638130188","0.0631597638130188","0.0631597638130188"
"11329","0.03254595398902893","0.03254595398902893","0.03254595398902893"
"11335","0.09190422296524048","0.09190422296524048","0.09190422296524048"
"11339","0.01125788688659668","0.01125788688659668","0.01125788688659668"
"11343","0.07557857036590576","0.07557857036590576","0.07557857036590576"
"11349","0.09700441360473633","0.09700441360473633","0.09700441360473633"
"11351","0.03742271661758423","0.03742271661758423","0.03742271661758423"
"11355","0.06254509091377258","0.06254509091377258","0.06254509091377258"
"11357","0.011628538370132446","0.011628538370132446","0.011628538370132446"
"11359","0.06687808036804199","0.06687808036804199","0.06687808036804199"
"11361","0.0276520773768425","0.0276520773768425","0.0276520773768425"
"11365","0.12182289361953735","0.12182289361953735","0.12182289361953735"
"11373","0.028397798538208008","0.028397798538208008","0.028397798538208008"
"11379","0.06070607900619507","0.06070607900619507","0.06070607900619507"
"11381","0.07678365707397461","0.07678365707397461","0.07678365707397461"
"11398","0.05080127716064453","0.05080127716064453","0.05080127716064453"
"11402","0.017026439309120178","0.017026439309120178","0.017026439309120178"
"11406","0.03562808036804199","0.03562808036804199","0.03562808036804199"
"11410","0.1322372555732727","0.1322372555732727","0.1322372555732727"
"11418","0.04652261734008789","0.04652261734008789","0.04652261734008789"
"11424","0.02093815803527832","0.02093815803527832","0.02093815803527832"
"11438","0.0468297004699707","0.0468297004699707","0.0468297004699707"
"11444","0.06649374961853027","0.06649374961853027","0.06649374961853027"
"11448","0.04539424180984497","0.04539424180984497","0.04539424180984497"
"11452","0.07252383232116699","0.07252383232116699","0.07252383232116699"
"11456","0.03459954261779785","0.03459954261779785","0.03459954261779785"
"11464","0.04291665554046631","0.04291665554046631","0.04291665554046631"
"11472","0.04136323928833008","0.04136323928833008","0.04136323928833008"
"11476","0.06352114677429199","0.06352114677429199","0.06352114677429199"
"11478","0.02575993537902832","0.02575993537902832","0.02575993537902832"
"11484","0.04681515693664551","0.04681515693664551","0.04681515693664551"
"11490","0.0355452299118042","0.0355452299118042","0.0355452299118042"
"11502","0.06826841831207275","0.06826841831207275","0.06826841831207275"
"11506","0.08995729684829712","0.08995729684829712","0.08995729684829712"
"11518","0.011366024613380432","0.011366024613380432","0.011366024613380432"
"11524","0.04066699743270874","0.04066699743270874","0.04066699743270874"
"11530","0.03037583827972412","0.03037583827972412","0.03037583827972412"
"11538","0.06600093841552734","0.06600093841552734","0.06600093841552734"
"11540","0.06795522570610046","0.06795522570610046","0.06795522570610046"
"11542","0.09513568878173828","0.09513568878173828","0.09513568878173828"
"11546","0.03379732370376587","0.03379732370376587","0.03379732370376587"
"11548","0.04365360736846924","0.04365360736846924","0.04365360736846924"
"11550","0.02922046184539795","0.02922046184539795","0.02922046184539795"
"11556","0.03068406879901886","0.03068406879901886","0.03068406879901886"
"11558","0.05965113639831543","0.05965113639831543","0.05965113639831543"
"11564","0.03966312110424042","0.03966312110424042","0.03966312110424042"
"11566","0.05323600769042969","0.05323600769042969","0.05323600769042969"
"11574","0.02793598175048828","0.02793598175048828","0.02793598175048828"
"11580","0.08082902431488037","0.08082902431488037","0.08082902431488037"
"11582","0.01758044958114624","0.01758044958114624","0.01758044958114624"
"11588","0.053529322147369385","0.053529322147369385","0.053529322147369385"
"11590","0.0265200138092041","0.0265200138092041","0.0265200138092041"
"11592","0.08990943431854248","0.08990943431854248","0.08990943431854248"
"11606","0.0172579288482666","0.0172579288482666","0.0172579288482666"
"11626","0.10188484191894531","0.10188484191894531","0.10188484191894531"
"11628","0.01861393451690674","0.01861393451690674","0.01861393451690674"
"11630","0.06073951721191406","0.06073951721191406","0.06073951721191406"
"11636","0.06146213412284851","0.06146213412284851","0.06146213412284851"
"11638","0.08421003818511963","0.08421003818511963","0.08421003818511963"
"11640","0.05936959385871887","0.05936959385871887","0.05936959385871887"
"11644","0.09019407629966736","0.09019407629966736","0.09019407629966736"
"11646","0.04013967514038086","0.04013967514038086","0.04013967514038086"
"11650","0.13303327560424805","0.13303327560424805","0.13303327560424805"
"11652","0.035982608795166016","0.035982608795166016","0.035982608795166016"
"11670","0.02257673442363739","0.02257673442363739","0.02257673442363739"
"11672","0.02311152219772339","0.02311152219772339","0.02311152219772339"
"11674","0.0655168741941452","0.0655168741941452","0.0655168741941452"
"11678","0.09007624536752701","0.09007624536752701","0.09007624536752701"
"11680","0.20733261108398438","0.20733261108398438","0.20733261108398438"
"11684","0.021514177322387695","0.021514177322387695","0.021514177322387695"
"11696","0.013471364974975586","0.013471364974975586","0.013471364974975586"
"11698","0.05385659635066986","0.05385659635066986","0.05385659635066986"
"11702","0.10353033244609833","0.10353033244609833","0.10353033244609833"
"11706","0.019556522369384766","0.019556522369384766","0.019556522369384766"
"11708","0.014899373054504395","0.014899373054504395","0.014899373054504395"
"11716","0.029605790972709656","0.029605790972709656","0.029605790972709656"
"11728","0.08650097995996475","0.08650097995996475","0.08650097995996475"
"11730","0.10836971551179886","0.10836971551179886","0.10836971551179886"
"11732","0.022475481033325195","0.022475481033325195","0.022475481033325195"
"11736","0.030501410365104675","0.030501410365104675","0.030501410365104675"
"11740","0.059706807136535645","0.059706807136535645","0.059706807136535645"
"11746","0.05002140998840332","0.05002140998840332","0.05002140998840332"
"11748","0.11241154372692108","0.11241154372692108","0.11241154372692108"
"11754","0.18979036808013916","0.18979036808013916","0.18979036808013916"
"11760","0.043350815773010254","0.043350815773010254","0.043350815773010254"
"11762","0.06021556258201599","0.06021556258201599","0.06021556258201599"
"11764","0.13208866119384766","0.13208866119384766","0.13208866119384766"
"11770","0.07900357246398926","0.07900357246398926","0.07900357246398926"
"11774","0.07451486587524414","0.07451486587524414","0.07451486587524414"
"11784","0.030020147562026978","0.030020147562026978","0.030020147562026978"
"11786","0.03275942802429199","0.03275942802429199","0.03275942802429199"
"11788","0.056624531745910645","0.056624531745910645","0.056624531745910645"
"11794","0.026447534561157227","0.026447534561157227","0.026447534561157227"
"11798","0.014328837394714355","0.014328837394714355","0.014328837394714355"
"11802","0.02437281608581543","0.02437281608581543","0.02437281608581543"
"11808","0.008323073387145996","0.008323073387145996","0.008323073387145996"
"11814","0.03869771957397461","0.03869771957397461","0.03869771957397461"
"11816","0.060895681381225586","0.060895681381225586","0.060895681381225586"
"11826","0.04642009735107422","0.04642009735107422","0.04642009735107422"
"11838","0.02707129716873169","0.02707129716873169","0.02707129716873169"
"11844","0.011766403913497925","0.011766403913497925","0.011766403913497925"
"11852","0.031308114528656006","0.031308114528656006","0.031308114528656006"
"11854","0.10370427370071411","0.10370427370071411","0.10370427370071411"
"11856","0.018399715423583984","0.018399715423583984","0.018399715423583984"
"11862","0.06739294528961182","0.06739294528961182","0.06739294528961182"
"11866","0.057633161544799805","0.057633161544799805","0.057633161544799805"
"11874","0.026211977005004883","0.026211977005004883","0.026211977005004883"
"11876","0.03961580991744995","0.03961580991744995","0.03961580991744995"
"11878","0.040433406829833984","0.040433406829833984","0.040433406829833984"
"11880","0.047106027603149414","0.047106027603149414","0.047106027603149414"
"11890","0.012002706527709961","0.012002706527709961","0.012002706527709961"
"11896","0.07946896553039551","0.07946896553039551","0.07946896553039551"
"11902","0.01998114585876465","0.01998114585876465","0.01998114585876465"
"11908","0.041592538356781006","0.041592538356781006","0.041592538356781006"
"11910","0.044953346252441406","0.044953346252441406","0.044953346252441406"
"11916","0.0697866678237915","0.0697866678237915","0.0697866678237915"
"11918","0.038456812500953674","0.038456812500953674","0.038456812500953674"
"11920","0.013926029205322266","0.013926029205322266","0.013926029205322266"
"11924","0.09867899119853973","0.09867899119853973","0.09867899119853973"
"11926","0.04936318099498749","0.04936318099498749","0.04936318099498749"
"11928","0.05537748336791992","0.05537748336791992","0.05537748336791992"
"11930","0.014571070671081543","0.014571070671081543","0.014571070671081543"
"11936","0.059621334075927734","0.059621334075927734","0.059621334075927734"
"11940","0.047342538833618164","0.047342538833618164","0.047342538833618164"
"11944","0.01666119694709778","0.01666119694709778","0.01666119694709778"
"11946","0.026796817779541016","0.026796817779541016","0.026796817779541016"
"11948","0.010760754346847534","0.010760754346847534","0.010760754346847534"
"11954","0.026044905185699463","0.026044905185699463","0.026044905185699463"
"11956","0.011195659637451172","0.011195659637451172","0.011195659637451172"
"11958","0.01375368982553482","0.01375368982553482","0.01375368982553482"
"11968","0.05109047889709473","0.05109047889709473","0.05109047889709473"
"11972","0.05615270137786865","0.05615270137786865","0.05615270137786865"
"11974","0.08735370635986328","0.08735370635986328","0.08735370635986328"
"11978","0.013168184086680412","0.013168184086680412","0.013168184086680412"
"11980","0.012600183486938477","0.012600183486938477","0.012600183486938477"
"11986","0.0232008695602417","0.0232008695602417","0.0232008695602417"
"11990","0.10661113262176514","0.10661113262176514","0.10661113262176514"
"11992","0.10400664806365967","0.10400664806365967","0.10400664806365967"
"11994","0.04224717617034912","0.04224717617034912","0.04224717617034912"
"11996","0.023184359073638916","0.023184359073638916","0.023184359073638916"
"12004","0.020470917224884033","0.020470917224884033","0.020470917224884033"
"12026","0.047191619873046875","0.047191619873046875","0.047191619873046875"
"12028","0.0449223518371582","0.0449223518371582","0.0449223518371582"
"12034","0.01808905601501465","0.01808905601501465","0.01808905601501465"
"12036","0.05828399583697319","0.05828399583697319","0.05828399583697319"
"12050","0.07498818635940552","0.07498818635940552","0.07498818635940552"
"12054","0.04871605336666107","0.04871605336666107","0.04871605336666107"
"12058","0.037325382232666016","0.037325382232666016","0.037325382232666016"
"12064","0.012093663215637207","0.012093663215637207","0.012093663215637207"
"12072","0.023288816213607788","0.023288816213607788","0.023288816213607788"
"12078","0.013911724090576172","0.013911724090576172","0.013911724090576172"
"12080","0.033420681953430176","0.033420681953430176","0.033420681953430176"
"12082","0.03642547130584717","0.03642547130584717","0.03642547130584717"
"12084","0.10339280962944031","0.10339280962944031","0.10339280962944031"
"12088","0.0762861967086792","0.0762861967086792","0.0762861967086792"
"12092","0.06097680330276489","0.06097680330276489","0.06097680330276489"
"12098","0.016727149486541748","0.016727149486541748","0.016727149486541748"
"12100","0.10012170672416687","0.10012170672416687","0.10012170672416687"
"12120","0.0748625099658966","0.0748625099658966","0.0748625099658966"
"12122","0.0670546442270279","0.0670546442270279","0.0670546442270279"
"12144","0.06370878219604492","0.06370878219604492","0.06370878219604492"
"12150","0.0774318277835846","0.0774318277835846","0.0774318277835846"
"12154","0.06272454559803009","0.06272454559803009","0.06272454559803009"
"12156","0.14292779564857483","0.14292779564857483","0.14292779564857483"
"12162","0.05159330368041992","0.05159330368041992","0.05159330368041992"
"12172","0.08657455444335938","0.08657455444335938","0.08657455444335938"
"12176","0.04526175558567047","0.04526175558567047","0.04526175558567047"
"12188","0.04313800111413002","0.04313800111413002","0.04313800111413002"
"12190","0.02771654725074768","0.02771654725074768","0.02771654725074768"
"12192","0.045195579528808594","0.045195579528808594","0.045195579528808594"
"12194","0.014630913734436035","0.014630913734436035","0.014630913734436035"
"12198","0.09604731947183609","0.09604731947183609","0.09604731947183609"
"12200","0.07414931058883667","0.07414931058883667","0.07414931058883667"
"12208","0.008009493350982666","0.008009493350982666","0.008009493350982666"
"12210","0.05431274324655533","0.05431274324655533","0.05431274324655533"
"12214","0.07702121138572693","0.07702121138572693","0.07702121138572693"
"12228","0.10332441329956055","0.10332441329956055","0.10332441329956055"
"12238","0.046791598200798035","0.046791598200798035","0.046791598200798035"
"12242","0.04687102138996124","0.04687102138996124","0.04687102138996124"
"12244","0.032851219177246094","0.032851219177246094","0.032851219177246094"
"12248","0.018602192401885986","0.018602192401885986","0.018602192401885986"
"12264","0.037165865302085876","0.037165865302085876","0.037165865302085876"
"12266","0.047728776931762695","0.047728776931762695","0.047728776931762695"
"12270","0.07798099517822266","0.07798099517822266","0.07798099517822266"
"12276","0.02486318349838257","0.02486318349838257","0.02486318349838257"
"12286","0.12369251251220703","0.12369251251220703","0.12369251251220703"
"12302","0.0678395926952362","0.0678395926952362","0.0678395926952362"
"12304","0.028723955154418945","0.028723955154418945","0.028723955154418945"
"12310","0.032932452857494354","0.032932452857494354","0.032932452857494354"
"12314","0.07005512714385986","0.07005512714385986","0.07005512714385986"
"12320","0.05825507640838623","0.05825507640838623","0.05825507640838623"
"12322","0.0705518126487732","0.0705518126487732","0.0705518126487732"
"12328","0.02120092511177063","0.02120092511177063","0.02120092511177063"
"12330","0.05835467949509621","0.05835467949509621","0.05835467949509621"
"12336","0.0219576358795166","0.0219576358795166","0.0219576358795166"
"12338","0.05031822621822357","0.05031822621822357","0.05031822621822357"
"12340","0.0653754472732544","0.0653754472732544","0.0653754472732544"
"12370","0.13449335098266602","0.13449335098266602","0.13449335098266602"
"12376","0.05852770805358887","0.05852770805358887","0.05852770805358887"
"12397","0.04676198959350586","0.04676198959350586","0.04676198959350586"
"12403","0.011562898755073547","0.011562898755073547","0.011562898755073547"
"12405","0.04152822494506836","0.04152822494506836","0.04152822494506836"
"12411","0.08818960189819336","0.08818960189819336","0.08818960189819336"
"12413","0.06112217903137207","0.06112217903137207","0.06112217903137207"
"12417","0.03966188430786133","0.03966188430786133","0.03966188430786133"
"12423","0.03430330753326416","0.03430330753326416","0.03430330753326416"
"12425","0.01710069179534912","0.01710069179534912","0.01710069179534912"
"12431","0.1380324363708496","0.1380324363708496","0.1380324363708496"
"12439","0.08013343811035156","0.08013343811035156","0.08013343811035156"
"12441","0.0439600944519043","0.0439600944519043","0.0439600944519043"
"12443","0.04343366622924805","0.04343366622924805","0.04343366622924805"
"12449","0.013064056634902954","0.013064056634902954","0.013064056634902954"
"12451","0.04918821156024933","0.04918821156024933","0.04918821156024933"
"12453","0.040971994400024414","0.040971994400024414","0.040971994400024414"
"12455","0.05160093307495117","0.05160093307495117","0.05160093307495117"
"12461","0.053437232971191406","0.053437232971191406","0.053437232971191406"
"12463","0.046834200620651245","0.046834200620651245","0.046834200620651245"
"12467","0.027043327689170837","0.027043327689170837","0.027043327689170837"
"12471","0.0420759916305542","0.0420759916305542","0.0420759916305542"
"12475","0.009589791297912598","0.009589791297912598","0.009589791297912598"
"12477","0.04207141697406769","0.04207141697406769","0.04207141697406769"
"12481","0.1061599850654602","0.1061599850654602","0.1061599850654602"
"12489","0.05569171905517578","0.05569171905517578","0.05569171905517578"
"12501","0.032078057527542114","0.032078057527542114","0.032078057527542114"
"12503","0.04767191410064697","0.04767191410064697","0.04767191410064697"
"12511","0.025372982025146484","0.025372982025146484","0.025372982025146484"
"12519","0.023903727531433105","0.023903727531433105","0.023903727531433105"
"12521","0.07224690914154053","0.07224690914154053","0.07224690914154053"
"12525","0.04717254638671875","0.04717254638671875","0.04717254638671875"
"12529","0.043181419372558594","0.043181419372558594","0.043181419372558594"
"12537","0.014626622200012207","0.014626622200012207","0.014626622200012207"
"12555","0.04383814334869385","0.04383814334869385","0.04383814334869385"
"12557","0.05170518159866333","0.05170518159866333","0.05170518159866333"
"12561","0.030475735664367676","0.030475735664367676","0.030475735664367676"
"12569","0.03422728180885315","0.03422728180885315","0.03422728180885315"
"12575","0.019445955753326416","0.019445955753326416","0.019445955753326416"
"12577","0.07051730155944824","0.07051730155944824","0.07051730155944824"
"12579","0.033129215240478516","0.033129215240478516","0.033129215240478516"
"12591","0.09179162979125977","0.09179162979125977","0.09179162979125977"
"12599","0.058090806007385254","0.058090806007385254","0.058090806007385254"
"12601","0.021792292594909668","0.021792292594909668","0.021792292594909668"
"12603","0.04513713717460632","0.04513713717460632","0.04513713717460632"
"12605","0.02689998410642147","0.02689998410642147","0.02689998410642147"
"12607","0.030922412872314453","0.030922412872314453","0.030922412872314453"
"12617","0.019152283668518066","0.019152283668518066","0.019152283668518066"
"12621","0.03499382734298706","0.03499382734298706","0.03499382734298706"
"12625","0.012247607111930847","0.012247607111930847","0.012247607111930847"
"12629","0.03999269753694534","0.03999269753694534","0.03999269753694534"
"12633","0.021077990531921387","0.021077990531921387","0.021077990531921387"
"12649","0.013282537460327148","0.013282537460327148","0.013282537460327148"
"12651","0.08295151591300964","0.08295151591300964","0.08295151591300964"
"12653","0.09624767303466797","0.09624767303466797","0.09624767303466797"
"12657","0.02669823169708252","0.02669823169708252","0.02669823169708252"
"12659","0.07191568613052368","0.07191568613052368","0.07191568613052368"
"12663","0.04958319664001465","0.04958319664001465","0.04958319664001465"
"12671","0.010416507720947266","0.010416507720947266","0.010416507720947266"
"12675","0.013837069272994995","0.013837069272994995","0.013837069272994995"
"12683","0.05664592981338501","0.05664592981338501","0.05664592981338501"
"12695","0.004140257835388184","0.004140257835388184","0.004140257835388184"
"12707","0.05165910720825195","0.05165910720825195","0.05165910720825195"
"12713","0.020430564880371094","0.020430564880371094","0.020430564880371094"
"12719","0.0360867977142334","0.0360867977142334","0.0360867977142334"
"12721","0.04497196897864342","0.04497196897864342","0.04497196897864342"
"12723","0.08779332041740417","0.08779332041740417","0.08779332041740417"
"12725","0.020909547805786133","0.020909547805786133","0.020909547805786133"
"12735","0.039471983909606934","0.039471983909606934","0.039471983909606934"
"12737","0.028163939714431763","0.028163939714431763","0.028163939714431763"
"12741","0.05194897949695587","0.05194897949695587","0.05194897949695587"
"12753","0.02160245180130005","0.02160245180130005","0.02160245180130005"
"12763","0.05131030082702637","0.05131030082702637","0.05131030082702637"
"12779","0.0077682435512542725","0.0077682435512542725","0.0077682435512542725"
"12781","0.017588436603546143","0.017588436603546143","0.017588436603546143"
"12795","0.07825517654418945","0.07825517654418945","0.07825517654418945"
"12799","0.08224291354417801","0.08224291354417801","0.08224291354417801"
"12803","0.022010713815689087","0.022010713815689087","0.022010713815689087"
"12805","0.04146401584148407","0.04146401584148407","0.04146401584148407"
"12809","0.012707948684692383","0.012707948684692383","0.012707948684692383"
"12811","0.03814584016799927","0.03814584016799927","0.03814584016799927"
"12813","0.03655034303665161","0.03655034303665161","0.03655034303665161"
"12829","0.007778048515319824","0.007778048515319824","0.007778048515319824"
"12831","0.06846412271261215","0.06846412271261215","0.06846412271261215"
"12837","0.09538882970809937","0.09538882970809937","0.09538882970809937"
"12841","0.042882561683654785","0.042882561683654785","0.042882561683654785"
"12843","0.06335419416427612","0.06335419416427612","0.06335419416427612"
"12849","0.034834619611501694","0.034834619611501694","0.034834619611501694"
"12855","0.01031184196472168","0.01031184196472168","0.01031184196472168"
"12863","0.047114551067352295","0.047114551067352295","0.047114551067352295"
"12867","0.07678279280662537","0.07678279280662537","0.07678279280662537"
"12869","0.0940752625465393","0.0940752625465393","0.0940752625465393"
"12871","0.029711425304412842","0.029711425304412842","0.029711425304412842"
"12873","0.030047118663787842","0.030047118663787842","0.030047118663787842"
"12883","0.11229515075683594","0.11229515075683594","0.11229515075683594"
"12885","0.04045173525810242","0.04045173525810242","0.04045173525810242"
"12887","0.03347211331129074","0.03347211331129074","0.03347211331129074"
"12891","0.03698241710662842","0.03698241710662842","0.03698241710662842"
"12899","0.03370022773742676","0.03370022773742676","0.03370022773742676"
"12915","0.07275962829589844","0.07275962829589844","0.07275962829589844"
"12917","0.06716328859329224","0.06716328859329224","0.06716328859329224"
"12919","0.0680941641330719","0.0680941641330719","0.0680941641330719"
"12923","0.04562520980834961","0.04562520980834961","0.04562520980834961"
"12931","0.06853437423706055","0.06853437423706055","0.06853437423706055"
"12933","0.07647483050823212","0.07647483050823212","0.07647483050823212"
"12945","0.14271026849746704","0.14271026849746704","0.14271026849746704"
"12947","0.08376914262771606","0.08376914262771606","0.08376914262771606"
"12949","0.03983139991760254","0.03983139991760254","0.03983139991760254"
"12957","0.037434518337249756","0.037434518337249756","0.037434518337249756"
"12965","0.03722088783979416","0.03722088783979416","0.03722088783979416"
"12969","0.07355451583862305","0.07355451583862305","0.07355451583862305"
"12975","0.07037091255187988","0.07037091255187988","0.07037091255187988"
"12977","0.020610570907592773","0.020610570907592773","0.020610570907592773"
"12979","0.016897886991500854","0.016897886991500854","0.016897886991500854"
"12981","0.0316004753112793","0.0316004753112793","0.0316004753112793"
"12985","0.04782196879386902","0.04782196879386902","0.04782196879386902"
"12987","0.016092538833618164","0.016092538833618164","0.016092538833618164"
"12993","0.030577965080738068","0.030577965080738068","0.030577965080738068"
"12999","0.07481594383716583","0.07481594383716583","0.07481594383716583"
"13007","0.01886928081512451","0.01886928081512451","0.01886928081512451"
"13011","0.051660530269145966","0.051660530269145966","0.051660530269145966"
"13019","0.01851522922515869","0.01851522922515869","0.01851522922515869"
"13023","0.0713118463754654","0.0713118463754654","0.0713118463754654"
"13027","0.043402671813964844","0.043402671813964844","0.043402671813964844"
"13029","0.03127434849739075","0.03127434849739075","0.03127434849739075"
"13031","0.005518525838851929","0.005518525838851929","0.005518525838851929"
"13049","0.04714009165763855","0.04714009165763855","0.04714009165763855"
"13053","0.027887821197509766","0.027887821197509766","0.027887821197509766"
"13059","0.019857168197631836","0.019857168197631836","0.019857168197631836"
"13061","0.04823112487792969","0.04823112487792969","0.04823112487792969"
"13067","0.02243518829345703","0.02243518829345703","0.02243518829345703"
"13069","0.07850871980190277","0.07850871980190277","0.07850871980190277"
"13075","0.04969942569732666","0.04969942569732666","0.04969942569732666"
"13079","0.04572951793670654","0.04572951793670654","0.04572951793670654"
"13083","0.02356398105621338","0.02356398105621338","0.02356398105621338"
"13089","0.044140592217445374","0.044140592217445374","0.044140592217445374"
"13091","0.05269205570220947","0.05269205570220947","0.05269205570220947"
"13095","0.034114718437194824","0.034114718437194824","0.034114718437194824"
"13099","0.018094100058078766","0.018094100058078766","0.018094100058078766"
"13107","0.0769568681716919","0.0769568681716919","0.0769568681716919"
"13109","0.0944526195526123","0.0944526195526123","0.0944526195526123"
"13111","0.040850043296813965","0.040850043296813965","0.040850043296813965"
"13113","0.01126580685377121","0.01126580685377121","0.01126580685377121"
"13115","0.05857393145561218","0.05857393145561218","0.05857393145561218"
"13117","0.02518153190612793","0.02518153190612793","0.02518153190612793"
"13123","0.009064912796020508","0.009064912796020508","0.009064912796020508"
"13127","0.032620154321193695","0.032620154321193695","0.032620154321193695"
"13129","0.040209293365478516","0.040209293365478516","0.040209293365478516"
"13141","0.044239163398742676","0.044239163398742676","0.044239163398742676"
"13143","0.07298433780670166","0.07298433780670166","0.07298433780670166"
"13149","0.07914520055055618","0.07914520055055618","0.07914520055055618"
"13151","0.03653484582901001","0.03653484582901001","0.03653484582901001"
"13153","0.020162850618362427","0.020162850618362427","0.020162850618362427"
"13163","0.016137225553393364","0.016137225553393364","0.016137225553393364"
"13169","0.04364454746246338","0.04364454746246338","0.04364454746246338"
"13175","0.042548179626464844","0.042548179626464844","0.042548179626464844"
"13179","0.018343687057495117","0.018343687057495117","0.018343687057495117"
"13189","0.03927379846572876","0.03927379846572876","0.03927379846572876"
"13191","0.05613189563155174","0.05613189563155174","0.05613189563155174"
"13195","0.04788979887962341","0.04788979887962341","0.04788979887962341"
"13197","0.012056201696395874","0.012056201696395874","0.012056201696395874"
"13199","0.040588658303022385","0.040588658303022385","0.040588658303022385"
"13203","0.014838039875030518","0.014838039875030518","0.014838039875030518"
"13205","0.06853163242340088","0.06853163242340088","0.06853163242340088"
"13207","0.051398277282714844","0.051398277282714844","0.051398277282714844"
"13209","0.04547636955976486","0.04547636955976486","0.04547636955976486"
"13211","0.014460086822509766","0.014460086822509766","0.014460086822509766"
"13215","0.04324626922607422","0.04324626922607422","0.04324626922607422"
"13217","0.07285422086715698","0.07285422086715698","0.07285422086715698"
"13219","0.026005089282989502","0.026005089282989502","0.026005089282989502"
"13229","0.017390906810760498","0.017390906810760498","0.017390906810760498"
"13233","0.06878924369812012","0.06878924369812012","0.06878924369812012"
"13239","0.02318441867828369","0.02318441867828369","0.02318441867828369"
"13243","0.020894765853881836","0.020894765853881836","0.020894765853881836"
"13245","0.08110165596008301","0.08110165596008301","0.08110165596008301"
"13249","0.07355326414108276","0.07355326414108276","0.07355326414108276"
"13251","0.008027516305446625","0.008027516305446625","0.008027516305446625"
"13257","0.00974726676940918","0.00974726676940918","0.00974726676940918"
"13259","0.035701751708984375","0.035701751708984375","0.035701751708984375"
"13261","0.048454999923706055","0.048454999923706055","0.048454999923706055"
"13281","0.057655394077301025","0.057655394077301025","0.057655394077301025"
"13285","0.057286739349365234","0.057286739349365234","0.057286739349365234"
"13289","0.011372804641723633","0.011372804641723633","0.011372804641723633"
"13291","0.06648600101470947","0.06648600101470947","0.06648600101470947"
"13293","0.046415090560913086","0.046415090560913086","0.046415090560913086"
"13299","0.04921382665634155","0.04921382665634155","0.04921382665634155"
"13305","0.10243391990661621","0.10243391990661621","0.10243391990661621"
"13313","0.02696731686592102","0.02696731686592102","0.02696731686592102"
"13315","0.047386884689331055","0.047386884689331055","0.047386884689331055"
"13325","0.05872750282287598","0.05872750282287598","0.05872750282287598"
"13327","0.023872405290603638","0.023872405290603638","0.023872405290603638"
"13329","0.0041318535804748535","0.0041318535804748535","0.0041318535804748535"
"13339","0.05287063121795654","0.05287063121795654","0.05287063121795654"
"13341","0.022066593170166016","0.022066593170166016","0.022066593170166016"
"13349","0.06551865488290787","0.06551865488290787","0.06551865488290787"
"13351","0.04680328071117401","0.04680328071117401","0.04680328071117401"
"13357","0.017558634281158447","0.017558634281158447","0.017558634281158447"
"13361","0.015269165858626366","0.015269165858626366","0.015269165858626366"
"13365","0.038947299122810364","0.038947299122810364","0.038947299122810364"
"13367","0.028076866641640663","0.028076866641640663","0.028076866641640663"
"13382","0.02749466896057129","0.02749466896057129","0.02749466896057129"
"13386","0.027838587760925293","0.027838587760925293","0.027838587760925293"
"13388","0.10275097191333771","0.10275097191333771","0.10275097191333771"
"13394","0.021014094352722168","0.021014094352722168","0.021014094352722168"
"13398","0.0488414466381073","0.0488414466381073","0.0488414466381073"
"13402","0.037334144115448","0.037334144115448","0.037334144115448"
"13404","0.013945519924163818","0.013945519924163818","0.013945519924163818"
"13410","0.018667221069335938","0.018667221069335938","0.018667221069335938"
"13412","0.004269599914550781","0.004269599914550781","0.004269599914550781"
"13418","0.03197681903839111","0.03197681903839111","0.03197681903839111"
"13424","0.009407564997673035","0.009407564997673035","0.009407564997673035"
"13426","0.013365596532821655","0.013365596532821655","0.013365596532821655"
"13428","0.0489901602268219","0.0489901602268219","0.0489901602268219"
"13430","0.03518533706665039","0.03518533706665039","0.03518533706665039"
"13432","0.12032639980316162","0.12032639980316162","0.12032639980316162"
"13434","0.036204271018505096","0.036204271018505096","0.036204271018505096"
"13442","0.018568485975265503","0.018568485975265503","0.018568485975265503"
"13454","0.007468521595001221","0.007468521595001221","0.007468521595001221"
"13460","0.06236854940652847","0.06236854940652847","0.06236854940652847"
"13464","0.030212119221687317","0.030212119221687317","0.030212119221687317"
"13470","0.026241600513458252","0.026241600513458252","0.026241600513458252"
"13472","0.035169586539268494","0.035169586539268494","0.035169586539268494"
"13474","0.03203091025352478","0.03203091025352478","0.03203091025352478"
"13476","0.06600905954837799","0.06600905954837799","0.06600905954837799"
"13478","0.01710311695933342","0.01710311695933342","0.01710311695933342"
"13480","0.02355104684829712","0.02355104684829712","0.02355104684829712"
"13486","0.013226896524429321","0.013226896524429321","0.013226896524429321"
"13496","0.09078679978847504","0.09078679978847504","0.09078679978847504"
"13500","0.06887748837471008","0.06887748837471008","0.06887748837471008"
"13508","0.07506897300481796","0.07506897300481796","0.07506897300481796"
"13514","0.058960795402526855","0.058960795402526855","0.058960795402526855"
"13516","0.0206424742937088","0.0206424742937088","0.0206424742937088"
"13526","0.021673858165740967","0.021673858165740967","0.021673858165740967"
"13528","0.004756033420562744","0.004756033420562744","0.004756033420562744"
"13534","0.055356740951538086","0.055356740951538086","0.055356740951538086"
"13536","0.053518474102020264","0.053518474102020264","0.053518474102020264"
"13540","0.053519487380981445","0.053519487380981445","0.053519487380981445"
"13554","0.053319454193115234","0.053319454193115234","0.053319454193115234"
"13560","0.044200360774993896","0.044200360774993896","0.044200360774993896"
"13566","0.04542098566889763","0.04542098566889763","0.04542098566889763"
"13568","0.04115608334541321","0.04115608334541321","0.04115608334541321"
"13574","0.05657227337360382","0.05657227337360382","0.05657227337360382"
"13576","0.08043110370635986","0.08043110370635986","0.08043110370635986"
"13586","0.08449172973632812","0.08449172973632812","0.08449172973632812"
"13592","0.05262826383113861","0.05262826383113861","0.05262826383113861"
"13594","0.027636591345071793","0.027636591345071793","0.027636591345071793"
"13598","0.0153074711561203","0.0153074711561203","0.0153074711561203"
"13602","0.012178078293800354","0.012178078293800354","0.012178078293800354"
"13606","0.04807174205780029","0.04807174205780029","0.04807174205780029"
"13608","0.01996767520904541","0.01996767520904541","0.01996767520904541"
"13614","0.030463069677352905","0.030463069677352905","0.030463069677352905"
"13620","0.03227180242538452","0.03227180242538452","0.03227180242538452"
"13626","0.01256445050239563","0.01256445050239563","0.01256445050239563"
"13630","0.019655942916870117","0.019655942916870117","0.019655942916870117"
"13636","0.06000523269176483","0.06000523269176483","0.06000523269176483"
"13642","0.07867920398712158","0.07867920398712158","0.07867920398712158"
"13646","0.0773334801197052","0.0773334801197052","0.0773334801197052"
"13648","0.016146957874298096","0.016146957874298096","0.016146957874298096"
"13652","0.039829909801483154","0.039829909801483154","0.039829909801483154"
"13660","0.014206185936927795","0.014206185936927795","0.014206185936927795"
"13664","0.07262441515922546","0.07262441515922546","0.07262441515922546"
"13672","0.010851383209228516","0.010851383209228516","0.010851383209228516"
"13680","0.008122503757476807","0.008122503757476807","0.008122503757476807"
"13684","0.04657885432243347","0.04657885432243347","0.04657885432243347"
"13688","0.030611902475357056","0.030611902475357056","0.030611902475357056"
"13694","0.007909297943115234","0.007909297943115234","0.007909297943115234"
"13696","0.0861850380897522","0.0861850380897522","0.0861850380897522"
"13698","0.055830374360084534","0.055830374360084534","0.055830374360084534"
"13700","0.013002954423427582","0.013002954423427582","0.013002954423427582"
"13702","0.016483545303344727","0.016483545303344727","0.016483545303344727"
"13706","0.047593794763088226","0.047593794763088226","0.047593794763088226"
"13710","0.053778499364852905","0.053778499364852905","0.053778499364852905"
"13714","0.0586780309677124","0.0586780309677124","0.0586780309677124"
"13730","0.04765380918979645","0.04765380918979645","0.04765380918979645"
"13732","0.0671873688697815","0.0671873688697815","0.0671873688697815"
"13742","0.01065797358751297","0.01065797358751297","0.01065797358751297"
"13752","0.03464365005493164","0.03464365005493164","0.03464365005493164"
"13762","0.03790181875228882","0.03790181875228882","0.03790181875228882"
"13776","0.03142459690570831","0.03142459690570831","0.03142459690570831"
"13778","0.018758408725261688","0.018758408725261688","0.018758408725261688"
"13780","0.11881959438323975","0.11881959438323975","0.11881959438323975"
"13788","0.03939598798751831","0.03939598798751831","0.03939598798751831"
"13790","0.06097881495952606","0.06097881495952606","0.06097881495952606"
"13792","0.005514740943908691","0.005514740943908691","0.005514740943908691"
"13804","0.06780320405960083","0.06780320405960083","0.06780320405960083"
"13806","0.038402050733566284","0.038402050733566284","0.038402050733566284"
"13812","0.015888556838035583","0.015888556838035583","0.015888556838035583"
"13814","0.008356928825378418","0.008356928825378418","0.008356928825378418"
"13830","0.07901909947395325","0.07901909947395325","0.07901909947395325"
"13832","0.029716983437538147","0.029716983437538147","0.029716983437538147"
"13838","0.08552289009094238","0.08552289009094238","0.08552289009094238"
"13840","0.07900765538215637","0.07900765538215637","0.07900765538215637"
"13842","0.02327704429626465","0.02327704429626465","0.02327704429626465"
"13846","0.027044177055358887","0.027044177055358887","0.027044177055358887"
"13852","0.042192697525024414","0.042192697525024414","0.042192697525024414"
"13854","0.006123542785644531","0.006123542785644531","0.006123542785644531"
"13862","0.013284638524055481","0.013284638524055481","0.013284638524055481"
"13866","0.02014845609664917","0.02014845609664917","0.02014845609664917"
"13870","0.010201767086982727","0.010201767086982727","0.010201767086982727"
"13874","0.018138647079467773","0.018138647079467773","0.018138647079467773"
"13880","0.04981295391917229","0.04981295391917229","0.04981295391917229"
"13882","0.00820121169090271","0.00820121169090271","0.00820121169090271"
"13884","0.029083088040351868","0.029083088040351868","0.029083088040351868"
"13890","0.020683765411376953","0.020683765411376953","0.020683765411376953"
"13904","0.031939052045345306","0.031939052045345306","0.031939052045345306"
"13910","0.05084800720214844","0.05084800720214844","0.05084800720214844"
"13912","0.007413744926452637","0.007413744926452637","0.007413744926452637"
"13914","0.032238006591796875","0.032238006591796875","0.032238006591796875"
"13920","0.015030406415462494","0.015030406415462494","0.015030406415462494"
"13928","0.07254934310913086","0.07254934310913086","0.07254934310913086"
"13930","0.035719260573387146","0.035719260573387146","0.035719260573387146"
"13934","0.026355087757110596","0.026355087757110596","0.026355087757110596"
"13936","0.005346503108739853","0.005346503108739853","0.005346503108739853"
"13942","0.0556025505065918","0.0556025505065918","0.0556025505065918"
"13952","0.042791955173015594","0.042791955173015594","0.042791955173015594"
"13958","0.025314563885331154","0.025314563885331154","0.025314563885331154"
"13964","0.049960970878601074","0.049960970878601074","0.049960970878601074"
"13972","0.034393612295389175","0.034393612295389175","0.034393612295389175"
"13974","0.01577460765838623","0.01577460765838623","0.01577460765838623"
"13978","0.04370999336242676","0.04370999336242676","0.04370999336242676"
"13984","0.019699104130268097","0.019699104130268097","0.019699104130268097"
"13988","0.08573746681213379","0.08573746681213379","0.08573746681213379"
"13992","0.021686404943466187","0.021686404943466187","0.021686404943466187"
"14002","0.07777458429336548","0.07777458429336548","0.07777458429336548"
"14006","0.021139204502105713","0.021139204502105713","0.021139204502105713"
"14010","0.06813371181488037","0.06813371181488037","0.06813371181488037"
"14012","0.017864160239696503","0.017864160239696503","0.017864160239696503"
"14016","0.018697723746299744","0.018697723746299744","0.018697723746299744"
"14018","0.0496593676507473","0.0496593676507473","0.0496593676507473"
"14020","0.03649827837944031","0.03649827837944031","0.03649827837944031"
"14022","0.03412560001015663","0.03412560001015663","0.03412560001015663"
"14030","0.04022514820098877","0.04022514820098877","0.04022514820098877"
"14046","0.016244351863861084","0.016244351863861084","0.016244351863861084"
"14048","0.01778620481491089","0.01778620481491089","0.01778620481491089"
"14050","0.14301073551177979","0.14301073551177979","0.14301073551177979"
"14052","0.028694182634353638","0.028694182634353638","0.028694182634353638"
"14056","0.028699398040771484","0.028699398040771484","0.028699398040771484"
"14062","0.008692935109138489","0.008692935109138489","0.008692935109138489"
"14064","0.07869921624660492","0.07869921624660492","0.07869921624660492"
"14068","0.0665254220366478","0.0665254220366478","0.0665254220366478"
"14076","0.02844947576522827","0.02844947576522827","0.02844947576522827"
"14078","0.013081163167953491","0.013081163167953491","0.013081163167953491"
"14086","0.04072530195116997","0.04072530195116997","0.04072530195116997"
"14092","0.01575617492198944","0.01575617492198944","0.01575617492198944"
"14100","0.04029913991689682","0.04029913991689682","0.04029913991689682"
"14116","0.03776955604553223","0.03776955604553223","0.03776955604553223"
"14122","0.047089338302612305","0.047089338302612305","0.047089338302612305"
"14124","0.04162737727165222","0.04162737727165222","0.04162737727165222"
"14138","0.10092655569314957","0.10092655569314957","0.10092655569314957"
"14144","0.09295572340488434","0.09295572340488434","0.09295572340488434"
"14154","0.016807585954666138","0.016807585954666138","0.016807585954666138"
"14158","0.006421886384487152","0.006421886384487152","0.006421886384487152"
"14160","0.12497997283935547","0.12497997283935547","0.12497997283935547"
"14162","0.005203723907470703","0.005203723907470703","0.005203723907470703"
"14164","0.06740927696228027","0.06740927696228027","0.06740927696228027"
"14166","0.07789450883865356","0.07789450883865356","0.07789450883865356"
"14170","0.06049583852291107","0.06049583852291107","0.06049583852291107"
"14174","0.08620321750640869","0.08620321750640869","0.08620321750640869"
"14182","0.03591242432594299","0.03591242432594299","0.03591242432594299"
"14188","0.06746895611286163","0.06746895611286163","0.06746895611286163"
"14196","0.052528977394104004","0.052528977394104004","0.052528977394104004"
"14204","0.014614887535572052","0.014614887535572052","0.014614887535572052"
"14206","0.01778789795935154","0.01778789795935154","0.01778789795935154"
"14208","0.06568150967359543","0.06568150967359543","0.06568150967359543"
"14216","0.011569797992706299","0.011569797992706299","0.011569797992706299"
"14220","0.04342949390411377","0.04342949390411377","0.04342949390411377"
"14222","0.0393407940864563","0.0393407940864563","0.0393407940864563"
"14224","0.05710649490356445","0.05710649490356445","0.05710649490356445"
"14230","0.012822020798921585","0.012822020798921585","0.012822020798921585"
"14236","0.018393557518720627","0.018393557518720627","0.018393557518720627"
"14266","0.03650379180908203","0.03650379180908203","0.03650379180908203"
"14270","0.034102316945791245","0.034102316945791245","0.034102316945791245"
"14280","0.01654529571533203","0.01654529571533203","0.01654529571533203"
"14284","0.039905548095703125","0.039905548095703125","0.039905548095703125"
"14292","0.0934828519821167","0.0934828519821167","0.0934828519821167"
"14298","0.05176228657364845","0.05176228657364845","0.05176228657364845"
"14300","0.037652432918548584","0.037652432918548584","0.037652432918548584"
"14304","0.09190964698791504","0.09190964698791504","0.09190964698791504"
"14306","0.058063507080078125","0.058063507080078125","0.058063507080078125"
"14314","0.08861660957336426","0.08861660957336426","0.08861660957336426"
"14316","0.03728003799915314","0.03728003799915314","0.03728003799915314"
"14322","0.050971612334251404","0.050971612334251404","0.050971612334251404"
"14330","0.035090066492557526","0.035090066492557526","0.035090066492557526"
"14340","0.023815393447875977","0.023815393447875977","0.023815393447875977"
"14344","0.08075395226478577","0.08075395226478577","0.08075395226478577"
"14350","0.007872253656387329","0.007872253656387329","0.007872253656387329"
"14360","0.02475881762802601","0.02475881762802601","0.02475881762802601"
"14362","0.005291193723678589","0.005291193723678589","0.005291193723678589"
"14366","0.04473157227039337","0.04473157227039337","0.04473157227039337"
"14373","0.037549182772636414","0.037549182772636414","0.037549182772636414"
"14377","0.07256603240966797","0.07256603240966797","0.07256603240966797"
"14381","0.054794587194919586","0.054794587194919586","0.054794587194919586"
"14391","0.010512232780456543","0.010512232780456543","0.010512232780456543"
"14393","0.05444757267832756","0.05444757267832756","0.05444757267832756"
"14397","0.02700265496969223","0.02700265496969223","0.02700265496969223"
"14417","0.019999567419290543","0.019999567419290543","0.019999567419290543"
"14421","0.04568684101104736","0.04568684101104736","0.04568684101104736"
"14425","0.020587056875228882","0.020587056875228882","0.020587056875228882"
"14431","0.02014625072479248","0.02014625072479248","0.02014625072479248"
"14433","0.05707654356956482","0.05707654356956482","0.05707654356956482"
"14437","0.03169558197259903","0.03169558197259903","0.03169558197259903"
"14441","0.014568060636520386","0.014568060636520386","0.014568060636520386"
"14445","0.014905810356140137","0.014905810356140137","0.014905810356140137"
"14455","0.006240725517272949","0.006240725517272949","0.006240725517272949"
"14457","0.03722885251045227","0.03722885251045227","0.03722885251045227"
"14459","0.03342074155807495","0.03342074155807495","0.03342074155807495"
"14461","0.01821887493133545","0.01821887493133545","0.01821887493133545"
"14465","0.014044404029846191","0.014044404029846191","0.014044404029846191"
"14469","0.012224063277244568","0.012224063277244568","0.012224063277244568"
"14471","0.023157035931944847","0.023157035931944847","0.023157035931944847"
"14473","0.006633587181568146","0.006633587181568146","0.006633587181568146"
"14485","0.014420121908187866","0.014420121908187866","0.014420121908187866"
"14497","0.022331133484840393","0.022331133484840393","0.022331133484840393"
"14503","0.008822500705718994","0.008822500705718994","0.008822500705718994"
"14513","0.039645127952098846","0.039645127952098846","0.039645127952098846"
"14515","0.015572981908917427","0.015572981908917427","0.015572981908917427"
"14517","0.026628773659467697","0.026628773659467697","0.026628773659467697"
"14521","0.03138093277812004","0.03138093277812004","0.03138093277812004"
"14523","0.012714013457298279","0.012714013457298279","0.012714013457298279"
"14525","0.067030169069767","0.067030169069767","0.067030169069767"
"14527","0.012411311268806458","0.012411311268806458","0.012411311268806458"
"14529","0.031247513368725777","0.031247513368725777","0.031247513368725777"
"14533","0.018754005432128906","0.018754005432128906","0.018754005432128906"
"14535","0.019075989723205566","0.019075989723205566","0.019075989723205566"
"14537","0.013704895973205566","0.013704895973205566","0.013704895973205566"
"14539","0.037113308906555176","0.037113308906555176","0.037113308906555176"
"14541","0.06789050996303558","0.06789050996303558","0.06789050996303558"
"14543","0.03283589333295822","0.03283589333295822","0.03283589333295822"
"14547","0.03323444724082947","0.03323444724082947","0.03323444724082947"
"14551","0.02321523427963257","0.02321523427963257","0.02321523427963257"
"14553","0.015995636582374573","0.015995636582374573","0.015995636582374573"
"14559","0.06052151694893837","0.06052151694893837","0.06052151694893837"
"14565","0.05421006679534912","0.05421006679534912","0.05421006679534912"
"14571","0.046286702156066895","0.046286702156066895","0.046286702156066895"
"14573","0.037561655044555664","0.037561655044555664","0.037561655044555664"
"14575","0.0810200572013855","0.0810200572013855","0.0810200572013855"
"14581","0.021698683500289917","0.021698683500289917","0.021698683500289917"
"14583","0.0697152316570282","0.0697152316570282","0.0697152316570282"
"14593","0.0189602579921484","0.0189602579921484","0.0189602579921484"
"14595","0.026509463787078857","0.026509463787078857","0.026509463787078857"
"14599","0.04703531414270401","0.04703531414270401","0.04703531414270401"
"14601","0.03368714451789856","0.03368714451789856","0.03368714451789856"
"14603","0.009914886206388474","0.009914886206388474","0.009914886206388474"
"14605","0.10821600258350372","0.10821600258350372","0.10821600258350372"
"14615","0.07760003209114075","0.07760003209114075","0.07760003209114075"
"14617","0.02431643009185791","0.02431643009185791","0.02431643009185791"
"14625","0.09303092956542969","0.09303092956542969","0.09303092956542969"
"14627","0.019411861896514893","0.019411861896514893","0.019411861896514893"
"14629","0.01852262020111084","0.01852262020111084","0.01852262020111084"
"14631","0.014896929264068604","0.014896929264068604","0.014896929264068604"
"14635","0.01658596843481064","0.01658596843481064","0.01658596843481064"
"14637","0.008015483617782593","0.008015483617782593","0.008015483617782593"
"14641","0.03207811713218689","0.03207811713218689","0.03207811713218689"
"14643","0.017752110958099365","0.017752110958099365","0.017752110958099365"
"14647","0.02080395817756653","0.02080395817756653","0.02080395817756653"
"14653","0.02346336841583252","0.02346336841583252","0.02346336841583252"
"14661","0.0667375922203064","0.0667375922203064","0.0667375922203064"
"14665","0.008680105209350586","0.008680105209350586","0.008680105209350586"
"14671","0.04581481218338013","0.04581481218338013","0.04581481218338013"
"14675","0.11200901865959167","0.11200901865959167","0.11200901865959167"
"14695","0.0009595789015293121","0.0009595789015293121","0.0009595789015293121"
"14701","0.06408774852752686","0.06408774852752686","0.06408774852752686"
"14703","0.06463665515184402","0.06463665515184402","0.06463665515184402"
"14705","0.005797773599624634","0.005797773599624634","0.005797773599624634"
"14709","0.02081349492073059","0.02081349492073059","0.02081349492073059"
"14725","0.028347641229629517","0.028347641229629517","0.028347641229629517"
"14733","0.08677107095718384","0.08677107095718384","0.08677107095718384"
"14735","0.06885476410388947","0.06885476410388947","0.06885476410388947"
"14739","0.03842834010720253","0.03842834010720253","0.03842834010720253"
"14743","0.047981441020965576","0.047981441020965576","0.047981441020965576"
"14755","0.07663863897323608","0.07663863897323608","0.07663863897323608"
"14759","0.026689335703849792","0.026689335703849792","0.026689335703849792"
"14761","0.033785585314035416","0.033785585314035416","0.033785585314035416"
"14767","0.026163458824157715","0.026163458824157715","0.026163458824157715"
"14773","0.031659968197345734","0.031659968197345734","0.031659968197345734"
"14775","0.008924722671508789","0.008924722671508789","0.008924722671508789"
"14779","0.017576247453689575","0.017576247453689575","0.017576247453689575"
"14791","0.136141836643219","0.136141836643219","0.136141836643219"
"14801","0.006533710286021233","0.006533710286021233","0.006533710286021233"
"14807","0.01315605640411377","0.01315605640411377","0.01315605640411377"
"14811","0.11863798648118973","0.11863798648118973","0.11863798648118973"
"14813","0.009639263153076172","0.009639263153076172","0.009639263153076172"
"14823","0.02337324619293213","0.02337324619293213","0.02337324619293213"
"14825","0.035114552825689316","0.035114552825689316","0.035114552825689316"
"14827","0.007771303877234459","0.007771303877234459","0.007771303877234459"
"14839","0.05886000394821167","0.05886000394821167","0.05886000394821167"
"14843","0.01612219400703907","0.01612219400703907","0.01612219400703907"
"14845","0.027791401371359825","0.027791401371359825","0.027791401371359825"
"14851","0.05714774131774902","0.05714774131774902","0.05714774131774902"
"14859","0.015524826943874359","0.015524826943874359","0.015524826943874359"
"14865","0.04620563983917236","0.04620563983917236","0.04620563983917236"
"14871","0.035838931798934937","0.035838931798934937","0.035838931798934937"
"14875","0.011309832334518433","0.011309832334518433","0.011309832334518433"
"14877","0.017210930585861206","0.017210930585861206","0.017210930585861206"
"14879","0.11767393350601196","0.11767393350601196","0.11767393350601196"
"14883","0.023046065121889114","0.023046065121889114","0.023046065121889114"
"14889","0.022700250148773193","0.022700250148773193","0.022700250148773193"
"14895","0.09263527393341064","0.09263527393341064","0.09263527393341064"
"14901","0.02286802977323532","0.02286802977323532","0.02286802977323532"
"14903","0.0379004031419754","0.0379004031419754","0.0379004031419754"
"14905","0.03703761100769043","0.03703761100769043","0.03703761100769043"
"14907","0.003560200333595276","0.003560200333595276","0.003560200333595276"
"14911","0.03522020950913429","0.03522020950913429","0.03522020950913429"
"14913","0.020363954827189445","0.020363954827189445","0.020363954827189445"
"14915","0.03349919617176056","0.03349919617176056","0.03349919617176056"
"14919","0.13220947980880737","0.13220947980880737","0.13220947980880737"
"14925","0.028497274965047836","0.028497274965047836","0.028497274965047836"
"14927","0.03996118903160095","0.03996118903160095","0.03996118903160095"
"14933","0.01909157633781433","0.01909157633781433","0.01909157633781433"
"14935","0.025952570140361786","0.025952570140361786","0.025952570140361786"
"14947","0.028530985116958618","0.028530985116958618","0.028530985116958618"
"14953","0.016572222113609314","0.016572222113609314","0.016572222113609314"
"14959","0.01699886843562126","0.01699886843562126","0.01699886843562126"
"14961","0.008032351732254028","0.008032351732254028","0.008032351732254028"
"14963","0.016097843647003174","0.016097843647003174","0.016097843647003174"
"14971","0.02802872657775879","0.02802872657775879","0.02802872657775879"
"14973","0.04513895511627197","0.04513895511627197","0.04513895511627197"
"14985","0.00516926497220993","0.00516926497220993","0.00516926497220993"
"14989","0.0055006518959999084","0.0055006518959999084","0.0055006518959999084"
"15001","0.029811114072799683","0.029811114072799683","0.029811114072799683"
"15007","0.037158843129873276","0.037158843129873276","0.037158843129873276"
"15009","0.06789606809616089","0.06789606809616089","0.06789606809616089"
"15011","0.05063200742006302","0.05063200742006302","0.05063200742006302"
"15021","0.019754648208618164","0.019754648208618164","0.019754648208618164"
"15037","0.06769204139709473","0.06769204139709473","0.06769204139709473"
"15041","0.01695871353149414","0.01695871353149414","0.01695871353149414"
"15047","0.00895950198173523","0.00895950198173523","0.00895950198173523"
"15057","0.035311102867126465","0.035311102867126465","0.035311102867126465"
"15063","0.011770248413085938","0.011770248413085938","0.011770248413085938"
"15065","0.023224592208862305","0.023224592208862305","0.023224592208862305"
"15069","0.04049070179462433","0.04049070179462433","0.04049070179462433"
"15073","0.08511185646057129","0.08511185646057129","0.08511185646057129"
"15075","0.02421778440475464","0.02421778440475464","0.02421778440475464"
"15077","0.0063250064849853516","0.0063250064849853516","0.0063250064849853516"
"15081","0.030972817912697792","0.030972817912697792","0.030972817912697792"
"15085","0.014630794525146484","0.014630794525146484","0.014630794525146484"
"15089","0.012467935681343079","0.012467935681343079","0.012467935681343079"
"15091","0.01660051941871643","0.01660051941871643","0.01660051941871643"
"15097","0.013140678405761719","0.013140678405761719","0.013140678405761719"
"15101","0.07021162658929825","0.07021162658929825","0.07021162658929825"
"15115","0.026516646146774292","0.026516646146774292","0.026516646146774292"
"15117","0.01632198691368103","0.01632198691368103","0.01632198691368103"
"15121","0.03525684028863907","0.03525684028863907","0.03525684028863907"
"15123","0.021262764930725098","0.021262764930725098","0.021262764930725098"
"15139","0.07199692726135254","0.07199692726135254","0.07199692726135254"
"15145","0.003909651190042496","0.003909651190042496","0.003909651190042496"
"15151","0.007427439093589783","0.007427439093589783","0.007427439093589783"
"15157","0.037311673164367676","0.037311673164367676","0.037311673164367676"
"15161","0.01167888194322586","0.01167888194322586","0.01167888194322586"
"15163","0.0832575112581253","0.0832575112581253","0.0832575112581253"
"15165","0.002666294574737549","0.002666294574737549","0.002666294574737549"
"15171","0.0019394531846046448","0.0019394531846046448","0.0019394531846046448"
"15177","0.013826951384544373","0.013826951384544373","0.013826951384544373"
"15179","0.041885197162628174","0.041885197162628174","0.041885197162628174"
"15185","0.045708298683166504","0.045708298683166504","0.045708298683166504"
"15189","0.006748378276824951","0.006748378276824951","0.006748378276824951"
"15193","0.04889871925115585","0.04889871925115585","0.04889871925115585"
"15195","0.03897659480571747","0.03897659480571747","0.03897659480571747"
"15201","0.052085645496845245","0.052085645496845245","0.052085645496845245"
"15213","0.031596582382917404","0.031596582382917404","0.031596582382917404"
"15219","0.0088602714240551","0.0088602714240551","0.0088602714240551"
"15223","0.006132462993264198","0.006132462993264198","0.006132462993264198"
"15227","0.0659826397895813","0.0659826397895813","0.0659826397895813"
"15229","0.06351368129253387","0.06351368129253387","0.06351368129253387"
"15235","0.08937526494264603","0.08937526494264603","0.08937526494264603"
"15243","0.07477641850709915","0.07477641850709915","0.07477641850709915"
"15245","0.03518412262201309","0.03518412262201309","0.03518412262201309"
"15249","0.04163001850247383","0.04163001850247383","0.04163001850247383"
"15257","0.014460951089859009","0.014460951089859009","0.014460951089859009"
"15261","0.12462186813354492","0.12462186813354492","0.12462186813354492"
"15269","0.08241787552833557","0.08241787552833557","0.08241787552833557"
"15271","0.04852542281150818","0.04852542281150818","0.04852542281150818"
"15273","0.0023510530591011047","0.0023510530591011047","0.0023510530591011047"
"15275","0.01212647557258606","0.01212647557258606","0.01212647557258606"
"15279","0.06110154092311859","0.06110154092311859","0.06110154092311859"
"15283","0.013338476419448853","0.013338476419448853","0.013338476419448853"
"15285","0.004907242953777313","0.004907242953777313","0.004907242953777313"
"15287","0.05428630858659744","0.05428630858659744","0.05428630858659744"
"15297","0.03296379745006561","0.03296379745006561","0.03296379745006561"
"15299","0.0014460757374763489","0.0014460757374763489","0.0014460757374763489"
"15303","0.011117696762084961","0.011117696762084961","0.011117696762084961"
"15307","0.08360230922698975","0.08360230922698975","0.08360230922698975"
"15313","0.03082585334777832","0.03082585334777832","0.03082585334777832"
"15319","0.0069706737995147705","0.0069706737995147705","0.0069706737995147705"
"15321","0.09934490919113159","0.09934490919113159","0.09934490919113159"
"15323","0.0014963224530220032","0.0014963224530220032","0.0014963224530220032"
"15327","0.026895714923739433","0.026895714923739433","0.026895714923739433"
"15333","0.01919083669781685","0.01919083669781685","0.01919083669781685"
"15337","0.06053730845451355","0.06053730845451355","0.06053730845451355"
"15339","0.045163899660110474","0.045163899660110474","0.045163899660110474"
"15343","0.0015884656459093094","0.0015884656459093094","0.0015884656459093094"
"15345","0.01563262566924095","0.01563262566924095","0.01563262566924095"
"15349","0.03622237220406532","0.03622237220406532","0.03622237220406532"
"15353","0.013010993599891663","0.013010993599891663","0.013010993599891663"
"15357","0.03338507562875748","0.03338507562875748","0.03338507562875748"
"15366","0.03799157589673996","0.03799157589673996","0.03799157589673996"
"15370","0.028331398963928223","0.028331398963928223","0.028331398963928223"
"15372","0.006583347916603088","0.006583347916603088","0.006583347916603088"
"15382","0.061996713280677795","0.061996713280677795","0.061996713280677795"
"15386","0.059691667556762695","0.059691667556762695","0.059691667556762695"
"15388","0.056330353021621704","0.056330353021621704","0.056330353021621704"
"15390","0.0655747652053833","0.0655747652053833","0.0655747652053833"
"15392","0.04156160354614258","0.04156160354614258","0.04156160354614258"
"15396","0.019839905202388763","0.019839905202388763","0.019839905202388763"
"15398","0.03096163272857666","0.03096163272857666","0.03096163272857666"
"15400","0.0441431999206543","0.0441431999206543","0.0441431999206543"
"15410","0.011010773479938507","0.011010773479938507","0.011010773479938507"
"15416","0.006742518395185471","0.006742518395185471","0.006742518395185471"
"15420","0.03137361258268356","0.03137361258268356","0.03137361258268356"
"15426","0.06998267769813538","0.06998267769813538","0.06998267769813538"
"15428","0.011734604835510254","0.011734604835510254","0.011734604835510254"
"15430","0.04211686551570892","0.04211686551570892","0.04211686551570892"
"15440","0.04438376426696777","0.04438376426696777","0.04438376426696777"
"15452","0.0766822099685669","0.0766822099685669","0.0766822099685669"
"15454","0.06311826407909393","0.06311826407909393","0.06311826407909393"
"15458","0.009052984416484833","0.009052984416484833","0.009052984416484833"
"15464","0.004680648446083069","0.004680648446083069","0.004680648446083069"
"15468","0.03273367881774902","0.03273367881774902","0.03273367881774902"
"15474","0.05605897307395935","0.05605897307395935","0.05605897307395935"
"15482","0.008574336767196655","0.008574336767196655","0.008574336767196655"
"15488","0.004480397328734398","0.004480397328734398","0.004480397328734398"
"15492","0.004806458950042725","0.004806458950042725","0.004806458950042725"
"15500","0.055137570947408676","0.055137570947408676","0.055137570947408676"
"15502","0.051751405000686646","0.051751405000686646","0.051751405000686646"
"15510","0.0198533833026886","0.0198533833026886","0.0198533833026886"
"15516","0.05993056297302246","0.05993056297302246","0.05993056297302246"
"15522","0.012426614761352539","0.012426614761352539","0.012426614761352539"
"15526","0.012332260608673096","0.012332260608673096","0.012332260608673096"
"15528","0.01190679520368576","0.01190679520368576","0.01190679520368576"
"15550","0.00220373272895813","0.00220373272895813","0.00220373272895813"
"15558","0.0063409097492694855","0.0063409097492694855","0.0063409097492694855"
"15568","0.026312582194805145","0.026312582194805145","0.026312582194805145"
"15570","0.016079358756542206","0.016079358756542206","0.016079358756542206"
"15572","0.02487923949956894","0.02487923949956894","0.02487923949956894"
"15574","0.032142266631126404","0.032142266631126404","0.032142266631126404"
"15576","0.03519022464752197","0.03519022464752197","0.03519022464752197"
"15578","0.024637997150421143","0.024637997150421143","0.024637997150421143"
"15590","0.1253984272480011","0.1253984272480011","0.1253984272480011"
"15600","0.04970572143793106","0.04970572143793106","0.04970572143793106"
"15602","0.009752452373504639","0.009752452373504639","0.009752452373504639"
"15604","0.0220229160040617","0.0220229160040617","0.0220229160040617"
"15606","0.017975496128201485","0.017975496128201485","0.017975496128201485"
"15616","0.023165885359048843","0.023165885359048843","0.023165885359048843"
"15618","0.07462131977081299","0.07462131977081299","0.07462131977081299"
"15626","0.010092759504914284","0.010092759504914284","0.010092759504914284"
"15632","0.06888707727193832","0.06888707727193832","0.06888707727193832"
"15634","0.05104529857635498","0.05104529857635498","0.05104529857635498"
"15636","0.019902262836694717","0.019902262836694717","0.019902262836694717"
"15638","0.045025236904621124","0.045025236904621124","0.045025236904621124"
"15642","0.03119078278541565","0.03119078278541565","0.03119078278541565"
"15646","0.015908360481262207","0.015908360481262207","0.015908360481262207"
"15648","0.08546540141105652","0.08546540141105652","0.08546540141105652"
"15652","0.003910273313522339","0.003910273313522339","0.003910273313522339"
"15660","0.06567201763391495","0.06567201763391495","0.06567201763391495"
"15662","0.018529385328292847","0.018529385328292847","0.018529385328292847"
"15666","0.11420297622680664","0.11420297622680664","0.11420297622680664"
"15668","0.03491887450218201","0.03491887450218201","0.03491887450218201"
"15676","0.011618107557296753","0.011618107557296753","0.011618107557296753"
"15680","0.06793689727783203","0.06793689727783203","0.06793689727783203"
"15694","0.041333913803100586","0.041333913803100586","0.041333913803100586"
"15696","0.04725729674100876","0.04725729674100876","0.04725729674100876"
"15704","0.04642540216445923","0.04642540216445923","0.04642540216445923"
"15712","0.0027092695236206055","0.0027092695236206055","0.0027092695236206055"
"15714","0.07829152047634125","0.07829152047634125","0.07829152047634125"
"15718","0.0549924373626709","0.0549924373626709","0.0549924373626709"
"15722","0.07686543464660645","0.07686543464660645","0.07686543464660645"
"15724","0.005061402916908264","0.005061402916908264","0.005061402916908264"
"15730","0.050459712743759155","0.050459712743759155","0.050459712743759155"
"15734","0.00809120386838913","0.00809120386838913","0.00809120386838913"
"15736","0.053505610674619675","0.053505610674619675","0.053505610674619675"
"15744","0.020046085119247437","0.020046085119247437","0.020046085119247437"
"15748","0.014471648260951042","0.014471648260951042","0.014471648260951042"
"15750","0.023673593997955322","0.023673593997955322","0.023673593997955322"
"15752","0.04801113158464432","0.04801113158464432","0.04801113158464432"
"15754","0.025375114753842354","0.025375114753842354","0.025375114753842354"
"15758","0.022664636373519897","0.022664636373519897","0.022664636373519897"
"15762","0.041146546602249146","0.041146546602249146","0.041146546602249146"
"15764","0.02784249186515808","0.02784249186515808","0.02784249186515808"
"15774","0.008646849542856216","0.008646849542856216","0.008646849542856216"
"15782","0.014069411903619766","0.014069411903619766","0.014069411903619766"
"15786","0.00670565664768219","0.00670565664768219","0.00670565664768219"
"15790","0.09081065654754639","0.09081065654754639","0.09081065654754639"
"15796","0.003146946430206299","0.003146946430206299","0.003146946430206299"
"15798","0.06608898192644119","0.06608898192644119","0.06608898192644119"
"15802","0.06082293391227722","0.06082293391227722","0.06082293391227722"
"15812","0.00621945783495903","0.00621945783495903","0.00621945783495903"
"15814","0.08584694564342499","0.08584694564342499","0.08584694564342499"
"15818","0.00992092490196228","0.00992092490196228","0.00992092490196228"
"15820","0.15216457843780518","0.15216457843780518","0.15216457843780518"
"15836","0.07089127600193024","0.07089127600193024","0.07089127600193024"
"15842","0.06062190234661102","0.06062190234661102","0.06062190234661102"
"15844","0.032257579267024994","0.032257579267024994","0.032257579267024994"
"15848","0.03514459729194641","0.03514459729194641","0.03514459729194641"
"15850","0.014649633318185806","0.014649633318185806","0.014649633318185806"
"15856","0.029751062393188477","0.029751062393188477","0.029751062393188477"
"15858","0.03779291361570358","0.03779291361570358","0.03779291361570358"
"15864","0.002277687191963196","0.002277687191963196","0.002277687191963196"
"15866","0.06716406345367432","0.06716406345367432","0.06716406345367432"
"15872","0.02713721990585327","0.02713721990585327","0.02713721990585327"
"15874","0.023029735311865807","0.023029735311865807","0.023029735311865807"
"15876","0.07113122940063477","0.07113122940063477","0.07113122940063477"
"15878","0.05210833251476288","0.05210833251476288","0.05210833251476288"
"15882","0.009756684303283691","0.009756684303283691","0.009756684303283691"
"15896","0.0498889684677124","0.0498889684677124","0.0498889684677124"
"15908","0.08179926872253418","0.08179926872253418","0.08179926872253418"
"15914","0.019667863845825195","0.019667863845825195","0.019667863845825195"
"15926","0.049564242362976074","0.049564242362976074","0.049564242362976074"
"15930","0.06343153119087219","0.06343153119087219","0.06343153119087219"
"15938","0.02890193462371826","0.02890193462371826","0.02890193462371826"
"15940","0.01883220672607422","0.01883220672607422","0.01883220672607422"
"15942","0.012887343764305115","0.012887343764305115","0.012887343764305115"
"15944","0.029381468892097473","0.029381468892097473","0.029381468892097473"
"15948","0.012219615280628204","0.012219615280628204","0.012219615280628204"
"15950","0.014972865581512451","0.014972865581512451","0.014972865581512451"
"15954","0.006576709449291229","0.006576709449291229","0.006576709449291229"
"15956","0.00935344398021698","0.00935344398021698","0.00935344398021698"
"15972","0.033107221126556396","0.033107221126556396","0.033107221126556396"
"15978","0.01969623565673828","0.01969623565673828","0.01969623565673828"
"15980","0.023932814598083496","0.023932814598083496","0.023932814598083496"
"15982","0.06986019015312195","0.06986019015312195","0.06986019015312195"
"15990","0.02307223528623581","0.02307223528623581","0.02307223528623581"
"15992","0.015087425708770752","0.015087425708770752","0.015087425708770752"
"15994","0.009038284420967102","0.009038284420967102","0.009038284420967102"
"16024","0.015342246741056442","0.015342246741056442","0.015342246741056442"
"16032","0.025636091828346252","0.025636091828346252","0.025636091828346252"
"16036","0.010443449020385742","0.010443449020385742","0.010443449020385742"
"16040","0.07509484887123108","0.07509484887123108","0.07509484887123108"
"16046","0.01888054423034191","0.01888054423034191","0.01888054423034191"
"16052","0.015058577060699463","0.015058577060699463","0.015058577060699463"
"16054","0.009435638785362244","0.009435638785362244","0.009435638785362244"
"16056","0.021171748638153076","0.021171748638153076","0.021171748638153076"
"16064","0.02306382730603218","0.02306382730603218","0.02306382730603218"
"16066","0.0163387693464756","0.0163387693464756","0.0163387693464756"
"16074","0.01193561777472496","0.01193561777472496","0.01193561777472496"
"16076","0.06552767753601074","0.06552767753601074","0.06552767753601074"
"16084","0.06000062823295593","0.06000062823295593","0.06000062823295593"
"16092","0.016254842281341553","0.016254842281341553","0.016254842281341553"
"16094","0.008954130113124847","0.008954130113124847","0.008954130113124847"
"16102","0.010191768407821655","0.010191768407821655","0.010191768407821655"
"16106","0.04301103949546814","0.04301103949546814","0.04301103949546814"
"16112","0.005600929260253906","0.005600929260253906","0.005600929260253906"
"16114","0.0591522753238678","0.0591522753238678","0.0591522753238678"
"16118","0.04897022247314453","0.04897022247314453","0.04897022247314453"
"16120","0.034372955560684204","0.034372955560684204","0.034372955560684204"
"16134","0.007699370384216309","0.007699370384216309","0.007699370384216309"
"16144","0.04540843516588211","0.04540843516588211","0.04540843516588211"
"16148","0.05207186937332153","0.05207186937332153","0.05207186937332153"
"16152","0.055805206298828125","0.055805206298828125","0.055805206298828125"
"16158","0.013854596763849258","0.013854596763849258","0.013854596763849258"
"16166","0.003360193222761154","0.003360193222761154","0.003360193222761154"
"16168","0.004100635647773743","0.004100635647773743","0.004100635647773743"
"16176","0.11203472316265106","0.11203472316265106","0.11203472316265106"
"16180","0.014625564217567444","0.014625564217567444","0.014625564217567444"
"16182","0.013455450534820557","0.013455450534820557","0.013455450534820557"
"16194","0.007177263498306274","0.007177263498306274","0.007177263498306274"
"16196","0.023740991950035095","0.023740991950035095","0.023740991950035095"
"16198","0.08607198297977448","0.08607198297977448","0.08607198297977448"
"16206","0.025827467441558838","0.025827467441558838","0.025827467441558838"
"16210","0.026069164276123047","0.026069164276123047","0.026069164276123047"
"16218","0.017871960997581482","0.017871960997581482","0.017871960997581482"
"16220","0.024328961968421936","0.024328961968421936","0.024328961968421936"
"16224","0.004015535116195679","0.004015535116195679","0.004015535116195679"
"16228","0.033429861068725586","0.033429861068725586","0.033429861068725586"
"16230","0.009304158389568329","0.009304158389568329","0.009304158389568329"
"16232","0.013906516134738922","0.013906516134738922","0.013906516134738922"
"16238","0.004488274455070496","0.004488274455070496","0.004488274455070496"
"16240","0.05476570129394531","0.05476570129394531","0.05476570129394531"
"16250","0.05662938952445984","0.05662938952445984","0.05662938952445984"
"16258","0.024355053901672363","0.024355053901672363","0.024355053901672363"
"16260","0.014095133170485497","0.014095133170485497","0.014095133170485497"
"16262","0.024875247851014137","0.024875247851014137","0.024875247851014137"
"16264","0.028463125228881836","0.028463125228881836","0.028463125228881836"
"16266","0.06299416720867157","0.06299416720867157","0.06299416720867157"
"16270","0.029485173523426056","0.029485173523426056","0.029485173523426056"
"16272","0.04804842174053192","0.04804842174053192","0.04804842174053192"
"16276","0.00325968861579895","0.00325968861579895","0.00325968861579895"
"16284","0.012188524007797241","0.012188524007797241","0.012188524007797241"
"16286","0.05797353386878967","0.05797353386878967","0.05797353386878967"
"16306","0.09124264121055603","0.09124264121055603","0.09124264121055603"
"16314","0.025471694767475128","0.025471694767475128","0.025471694767475128"
"16318","0.02105867862701416","0.02105867862701416","0.02105867862701416"
"16320","0.06525088101625443","0.06525088101625443","0.06525088101625443"
"16326","0.02383759617805481","0.02383759617805481","0.02383759617805481"
"16334","0.010983705520629883","0.010983705520629883","0.010983705520629883"
"16336","0.06034696102142334","0.06034696102142334","0.06034696102142334"
"16338","0.06412553787231445","0.06412553787231445","0.06412553787231445"
"16342","0.04322177171707153","0.04322177171707153","0.04322177171707153"
"16344","0.006242096424102783","0.006242096424102783","0.006242096424102783"
"16346","0.01507163792848587","0.01507163792848587","0.01507163792848587"
"16353","0.018397867679595947","0.018397867679595947","0.018397867679595947"
"16355","0.007230401039123535","0.007230401039123535","0.007230401039123535"
"16357","0.05017814040184021","0.05017814040184021","0.05017814040184021"
"16367","0.06602835655212402","0.06602835655212402","0.06602835655212402"
"16371","0.04390495643019676","0.04390495643019676","0.04390495643019676"
"16383","0.05818966031074524","0.05818966031074524","0.05818966031074524"
"16385","0.014393091201782227","0.014393091201782227","0.014393091201782227"
"16401","0.003073308616876602","0.003073308616876602","0.003073308616876602"
"16407","0.028776591643691063","0.028776591643691063","0.028776591643691063"
"16411","0.0014512371271848679","0.0014512371271848679","0.0014512371271848679"
"16417","0.013277515769004822","0.013277515769004822","0.013277515769004822"
"16423","0.08175499737262726","0.08175499737262726","0.08175499737262726"
"16427","0.061239514499902725","0.061239514499902725","0.061239514499902725"
"16429","0.008095622062683105","0.008095622062683105","0.008095622062683105"
"16433","0.006174124777317047","0.006174124777317047","0.006174124777317047"
"16435","0.04028377681970596","0.04028377681970596","0.04028377681970596"
"16441","0.02310534194111824","0.02310534194111824","0.02310534194111824"
"16443","0.05596822500228882","0.05596822500228882","0.05596822500228882"
"16445","0.009980738162994385","0.009980738162994385","0.009980738162994385"
"16447","0.029111333191394806","0.029111333191394806","0.029111333191394806"
"16455","0.010342694818973541","0.010342694818973541","0.010342694818973541"
"16459","0.010311029851436615","0.010311029851436615","0.010311029851436615"
"16461","0.014597661793231964","0.014597661793231964","0.014597661793231964"
"16463","0.03545571491122246","0.03545571491122246","0.03545571491122246"
"16465","0.06292527914047241","0.06292527914047241","0.06292527914047241"
"16469","0.02196650207042694","0.02196650207042694","0.02196650207042694"
"16475","0.008940979838371277","0.008940979838371277","0.008940979838371277"
"16477","0.01257026195526123","0.01257026195526123","0.01257026195526123"
"16479","0.005615063011646271","0.005615063011646271","0.005615063011646271"
"16481","0.0033788681030273438","0.0033788681030273438","0.0033788681030273438"
"16485","0.003652334213256836","0.003652334213256836","0.003652334213256836"
"16489","0.016676710918545723","0.016676710918545723","0.016676710918545723"
"16491","0.0038715824484825134","0.0038715824484825134","0.0038715824484825134"
"16497","0.013771295547485352","0.013771295547485352","0.013771295547485352"
"16501","0.003971956670284271","0.003971956670284271","0.003971956670284271"
"16507","0.015409857034683228","0.015409857034683228","0.015409857034683228"
"16509","0.02189897559583187","0.02189897559583187","0.02189897559583187"
"16511","0.03386324644088745","0.03386324644088745","0.03386324644088745"
"16513","0.06430673599243164","0.06430673599243164","0.06430673599243164"
"16521","0.03011956810951233","0.03011956810951233","0.03011956810951233"
"16527","0.04721251130104065","0.04721251130104065","0.04721251130104065"
"16531","0.002774633467197418","0.002774633467197418","0.002774633467197418"
"16543","0.06288313865661621","0.06288313865661621","0.06288313865661621"
"16551","0.028467625379562378","0.028467625379562378","0.028467625379562378"
"16553","0.023797273635864258","0.023797273635864258","0.023797273635864258"
"16561","0.014575570821762085","0.014575570821762085","0.014575570821762085"
"16563","0.021366402506828308","0.021366402506828308","0.021366402506828308"
"16569","0.012861927971243858","0.012861927971243858","0.012861927971243858"
"16571","0.05374995619058609","0.05374995619058609","0.05374995619058609"
"16577","0.006494719535112381","0.006494719535112381","0.006494719535112381"
"16579","0.07575416564941406","0.07575416564941406","0.07575416564941406"
"16583","0.019936595112085342","0.019936595112085342","0.019936595112085342"
"16585","0.07036000490188599","0.07036000490188599","0.07036000490188599"
"16589","0.030204981565475464","0.030204981565475464","0.030204981565475464"
"16591","0.04506733641028404","0.04506733641028404","0.04506733641028404"
"16593","0.0027371346950531006","0.0027371346950531006","0.0027371346950531006"
"16599","0.062201231718063354","0.062201231718063354","0.062201231718063354"
"16601","0.10752858221530914","0.10752858221530914","0.10752858221530914"
"16603","0.005608372390270233","0.005608372390270233","0.005608372390270233"
"16609","0.00798562541604042","0.00798562541604042","0.00798562541604042"
"16615","0.04891188442707062","0.04891188442707062","0.04891188442707062"
"16619","0.004416413605213165","0.004416413605213165","0.004416413605213165"
"16625","0.010273098945617676","0.010273098945617676","0.010273098945617676"
"16629","0.01099500060081482","0.01099500060081482","0.01099500060081482"
"16639","0.0026837289333343506","0.0026837289333343506","0.0026837289333343506"
"16641","0.020638125017285347","0.020638125017285347","0.020638125017285347"
"16655","0.007612124085426331","0.007612124085426331","0.007612124085426331"
"16665","0.04398453235626221","0.04398453235626221","0.04398453235626221"
"16673","0.007677406072616577","0.007677406072616577","0.007677406072616577"
"16681","0.01451968401670456","0.01451968401670456","0.01451968401670456"
"16687","0.047226399183273315","0.047226399183273315","0.047226399183273315"
"16693","0.028925269842147827","0.028925269842147827","0.028925269842147827"
"16695","0.011720925569534302","0.011720925569534302","0.011720925569534302"
"16705","0.0111431535333395","0.0111431535333395","0.0111431535333395"
"16707","0.02746472880244255","0.02746472880244255","0.02746472880244255"
"16711","0.023952558636665344","0.023952558636665344","0.023952558636665344"
"16713","0.03931654989719391","0.03931654989719391","0.03931654989719391"
"16715","0.02360505238175392","0.02360505238175392","0.02360505238175392"
"16719","0.07855670154094696","0.07855670154094696","0.07855670154094696"
"16721","0.004659153521060944","0.004659153521060944","0.004659153521060944"
"16723","0.022447019815444946","0.022447019815444946","0.022447019815444946"
"16729","0.0324971079826355","0.0324971079826355","0.0324971079826355"
"16737","0.020599588751792908","0.020599588751792908","0.020599588751792908"
"16743","0.01925688423216343","0.01925688423216343","0.01925688423216343"
"16745","0.025555133819580078","0.025555133819580078","0.025555133819580078"
"16749","0.0016683582216501236","0.0016683582216501236","0.0016683582216501236"
"16755","0.005061015486717224","0.005061015486717224","0.005061015486717224"
"16757","0.007529282942414284","0.007529282942414284","0.007529282942414284"
"16759","0.027198132127523422","0.027198132127523422","0.027198132127523422"
"16763","0.03036792203783989","0.03036792203783989","0.03036792203783989"
"16765","0.029975788667798042","0.029975788667798042","0.029975788667798042"
"16769","0.03305763751268387","0.03305763751268387","0.03305763751268387"
"16775","0.05684439837932587","0.05684439837932587","0.05684439837932587"
"16791","0.06304526329040527","0.06304526329040527","0.06304526329040527"
"16793","0.010822832584381104","0.010822832584381104","0.010822832584381104"
"16795","0.03472064435482025","0.03472064435482025","0.03472064435482025"
"16797","0.013101272284984589","0.013101272284984589","0.013101272284984589"
"16805","0.03310304880142212","0.03310304880142212","0.03310304880142212"
"16807","0.012990087270736694","0.012990087270736694","0.012990087270736694"
"16813","0.022181225940585136","0.022181225940585136","0.022181225940585136"
"16827","0.09053140133619308","0.09053140133619308","0.09053140133619308"
"16829","0.08555041253566742","0.08555041253566742","0.08555041253566742"
"16831","0.059983029961586","0.059983029961586","0.059983029961586"
"16833","0.018967345356941223","0.018967345356941223","0.018967345356941223"
"16837","0.014525443315505981","0.014525443315505981","0.014525443315505981"
"16845","0.011524200439453125","0.011524200439453125","0.011524200439453125"
"16847","0.03225615248084068","0.03225615248084068","0.03225615248084068"
"16859","0.002026231959462166","0.002026231959462166","0.002026231959462166"
"16877","0.0082782544195652","0.0082782544195652","0.0082782544195652"
"16883","0.033757228404283524","0.033757228404283524","0.033757228404283524"
"16887","0.04653191566467285","0.04653191566467285","0.04653191566467285"
"16891","0.01597089320421219","0.01597089320421219","0.01597089320421219"
"16893","0.019566506147384644","0.019566506147384644","0.019566506147384644"
"16895","0.0191805362701416","0.0191805362701416","0.0191805362701416"
"16897","0.0023607611656188965","0.0023607611656188965","0.0023607611656188965"
"16899","0.02127373404800892","0.02127373404800892","0.02127373404800892"
"16901","0.02183152735233307","0.02183152735233307","0.02183152735233307"
"16905","0.006448911502957344","0.006448911502957344","0.006448911502957344"
"16911","0.01136765256524086","0.01136765256524086","0.01136765256524086"
"16915","0.008834153413772583","0.008834153413772583","0.008834153413772583"
"16917","0.024603141471743584","0.024603141471743584","0.024603141471743584"
"16919","0.01855987310409546","0.01855987310409546","0.01855987310409546"
"16921","0.002263113856315613","0.002263113856315613","0.002263113856315613"
"16929","0.04140740633010864","0.04140740633010864","0.04140740633010864"
"16931","0.025179069489240646","0.025179069489240646","0.025179069489240646"
"16945","0.008502960205078125","0.008502960205078125","0.008502960205078125"
"16947","0.019991278648376465","0.019991278648376465","0.019991278648376465"
"16949","0.00836382806301117","0.00836382806301117","0.00836382806301117"
"16955","0.05489012971520424","0.05489012971520424","0.05489012971520424"
"16963","0.026923656463623047","0.026923656463623047","0.026923656463623047"
"16965","0.020069163292646408","0.020069163292646408","0.020069163292646408"
"16971","0.005349833518266678","0.005349833518266678","0.005349833518266678"
"16973","0.022395186126232147","0.022395186126232147","0.022395186126232147"
"16983","0.03033667802810669","0.03033667802810669","0.03033667802810669"
"16985","0.024317681789398193","0.024317681789398193","0.024317681789398193"
"16999","0.049866676330566406","0.049866676330566406","0.049866676330566406"
"17001","0.02039693482220173","0.02039693482220173","0.02039693482220173"
"17021","0.07454264163970947","0.07454264163970947","0.07454264163970947"
"17023","0.06735377758741379","0.06735377758741379","0.06735377758741379"
"17033","0.053637757897377014","0.053637757897377014","0.053637757897377014"
"17035","0.006445836275815964","0.006445836275815964","0.006445836275815964"
"17039","0.020521491765975952","0.020521491765975952","0.020521491765975952"
"17055","0.009984634816646576","0.009984634816646576","0.009984634816646576"
"17061","0.005511760711669922","0.005511760711669922","0.005511760711669922"
"17069","0.01782451570034027","0.01782451570034027","0.01782451570034027"
"17071","0.04719006270170212","0.04719006270170212","0.04719006270170212"
"17073","0.06628626585006714","0.06628626585006714","0.06628626585006714"
"17081","0.0036527812480926514","0.0036527812480926514","0.0036527812480926514"
"17095","0.009400317445397377","0.009400317445397377","0.009400317445397377"
"17099","0.01787528581917286","0.01787528581917286","0.01787528581917286"
"17107","0.0218100156635046","0.0218100156635046","0.0218100156635046"
"17111","0.006640946492552757","0.006640946492552757","0.006640946492552757"
"17113","0.012786030769348145","0.012786030769348145","0.012786030769348145"
"17115","0.009680747985839844","0.009680747985839844","0.009680747985839844"
"17117","0.01994193345308304","0.01994193345308304","0.01994193345308304"
"17119","0.0062242597341537476","0.0062242597341537476","0.0062242597341537476"
"17121","0.011765964329242706","0.011765964329242706","0.011765964329242706"
"17125","0.003474414348602295","0.003474414348602295","0.003474414348602295"
"17131","0.015421587973833084","0.015421587973833084","0.015421587973833084"
"17133","0.003246806561946869","0.003246806561946869","0.003246806561946869"
"17139","0.08778256177902222","0.08778256177902222","0.08778256177902222"
"17145","0.019424885511398315","0.019424885511398315","0.019424885511398315"
"17151","0.006868911907076836","0.006868911907076836","0.006868911907076836"
"17153","0.04079442843794823","0.04079442843794823","0.04079442843794823"
"17161","0.00046199560165405273","0.00046199560165405273","0.00046199560165405273"
"17171","0.10079044103622437","0.10079044103622437","0.10079044103622437"
"17187","0.007303986698389053","0.007303986698389053","0.007303986698389053"
"17189","0.016735676676034927","0.016735676676034927","0.016735676676034927"
"17197","0.03594852238893509","0.03594852238893509","0.03594852238893509"
"17209","0.0010966602712869644","0.0010966602712869644","0.0010966602712869644"
"17217","0.025054223835468292","0.025054223835468292","0.025054223835468292"
"17219","0.06967218220233917","0.06967218220233917","0.06967218220233917"
"17229","0.04094107449054718","0.04094107449054718","0.04094107449054718"
"17231","0.001696072518825531","0.001696072518825531","0.001696072518825531"
"17233","0.0044341497123241425","0.0044341497123241425","0.0044341497123241425"
"17235","0.07607677578926086","0.07607677578926086","0.07607677578926086"
"17245","0.009836118668317795","0.009836118668317795","0.009836118668317795"
"17259","0.07171545922756195","0.07171545922756195","0.07171545922756195"
"17269","0.015947312116622925","0.015947312116622925","0.015947312116622925"
"17271","0.024012483656406403","0.024012483656406403","0.024012483656406403"
"17275","0.020227506756782532","0.020227506756782532","0.020227506756782532"
"17281","0.011987440288066864","0.011987440288066864","0.011987440288066864"
"17289","0.01741953194141388","0.01741953194141388","0.01741953194141388"
"17293","0.019190099090337753","0.019190099090337753","0.019190099090337753"
"17295","0.010168462991714478","0.010168462991714478","0.010168462991714478"
"17305","0.06635445356369019","0.06635445356369019","0.06635445356369019"
"17313","0.014578074216842651","0.014578074216842651","0.014578074216842651"
"17315","0.040732864290475845","0.040732864290475845","0.040732864290475845"
"17323","0.007211759686470032","0.007211759686470032","0.007211759686470032"
"17325","0.010039247572422028","0.010039247572422028","0.010039247572422028"
"17331","0.03563385456800461","0.03563385456800461","0.03563385456800461"
"17337","0.00777648389339447","0.00777648389339447","0.00777648389339447"
"17344","0.010612770915031433","0.010612770915031433","0.010612770915031433"
"17346","0.02350008115172386","0.02350008115172386","0.02350008115172386"
"17348","0.0009317323565483093","0.0009317323565483093","0.0009317323565483093"
"17352","0.015357773751020432","0.015357773751020432","0.015357773751020432"
"17368","0.03503130376338959","0.03503130376338959","0.03503130376338959"
"17374","0.05969131737947464","0.05969131737947464","0.05969131737947464"
"17376","0.0838654637336731","0.0838654637336731","0.0838654637336731"
"17378","0.005540009588003159","0.005540009588003159","0.005540009588003159"
"17380","0.019426077604293823","0.019426077604293823","0.019426077604293823"
"17386","0.021342793479561806","0.021342793479561806","0.021342793479561806"
"17390","0.003444492816925049","0.003444492816925049","0.003444492816925049"
"17392","0.02096492052078247","0.02096492052078247","0.02096492052078247"
"17394","0.07796408236026764","0.07796408236026764","0.07796408236026764"
"17406","0.015402734279632568","0.015402734279632568","0.015402734279632568"
"17408","0.09425020217895508","0.09425020217895508","0.09425020217895508"
"17418","0.007412321865558624","0.007412321865558624","0.007412321865558624"
"17420","0.03225298225879669","0.03225298225879669","0.03225298225879669"
"17422","0.02226749062538147","0.02226749062538147","0.02226749062538147"
"17428","0.028357654809951782","0.028357654809951782","0.028357654809951782"
"17436","0.04572175443172455","0.04572175443172455","0.04572175443172455"
"17438","0.05565273016691208","0.05565273016691208","0.05565273016691208"
"17446","0.008661866188049316","0.008661866188049316","0.008661866188049316"
"17450","0.021538615226745605","0.021538615226745605","0.021538615226745605"
"17452","0.01154627650976181","0.01154627650976181","0.01154627650976181"
"17454","0.018877804279327393","0.018877804279327393","0.018877804279327393"
"17472","0.015082165598869324","0.015082165598869324","0.015082165598869324"
"17474","0.003224790096282959","0.003224790096282959","0.003224790096282959"
"17482","0.05579988658428192","0.05579988658428192","0.05579988658428192"
"17486","0.005823925137519836","0.005823925137519836","0.005823925137519836"
"17494","0.006483316421508789","0.006483316421508789","0.006483316421508789"
"17498","0.005624853074550629","0.005624853074550629","0.005624853074550629"
"17500","0.029449094086885452","0.029449094086885452","0.029449094086885452"
"17502","0.027376413345336914","0.027376413345336914","0.027376413345336914"
"17508","0.007462814450263977","0.007462814450263977","0.007462814450263977"
"17510","0.054644182324409485","0.054644182324409485","0.054644182324409485"
"17524","0.046367526054382324","0.046367526054382324","0.046367526054382324"
"17526","0.015828847885131836","0.015828847885131836","0.015828847885131836"
"17528","0.016172289848327637","0.016172289848327637","0.016172289848327637"
"17532","0.0019264370203018188","0.0019264370203018188","0.0019264370203018188"
"17554","0.002484545111656189","0.002484545111656189","0.002484545111656189"
"17558","0.02634444832801819","0.02634444832801819","0.02634444832801819"
"17562","0.005873188376426697","0.005873188376426697","0.005873188376426697"
"17564","0.005220724269747734","0.005220724269747734","0.005220724269747734"
"17580","0.003360401839017868","0.003360401839017868","0.003360401839017868"
"17582","0.003576541319489479","0.003576541319489479","0.003576541319489479"
"17600","0.07156029343605042","0.07156029343605042","0.07156029343605042"
"17602","0.016063883900642395","0.016063883900642395","0.016063883900642395"
"17608","0.0038779601454734802","0.0038779601454734802","0.0038779601454734802"
"17610","0.01898186281323433","0.01898186281323433","0.01898186281323433"
"17616","0.015826456248760223","0.015826456248760223","0.015826456248760223"
"17620","0.08776605129241943","0.08776605129241943","0.08776605129241943"
"17622","0.024887774139642715","0.024887774139642715","0.024887774139642715"
"17628","0.0031991880387067795","0.0031991880387067795","0.0031991880387067795"
"17630","0.007276840507984161","0.007276840507984161","0.007276840507984161"
"17636","0.025629281997680664","0.025629281997680664","0.025629281997680664"
"17654","0.013514935970306396","0.013514935970306396","0.013514935970306396"
"17658","0.009692013263702393","0.009692013263702393","0.009692013263702393"
"17660","0.02295161783695221","0.02295161783695221","0.02295161783695221"
"17664","0.05674801394343376","0.05674801394343376","0.05674801394343376"
"17666","0.02218526601791382","0.02218526601791382","0.02218526601791382"
"17674","0.00897592306137085","0.00897592306137085","0.00897592306137085"
"17682","0.002810150384902954","0.002810150384902954","0.002810150384902954"
"17684","0.019459247589111328","0.019459247589111328","0.019459247589111328"
"17686","0.03376349061727524","0.03376349061727524","0.03376349061727524"
"17698","0.02396095171570778","0.02396095171570778","0.02396095171570778"
"17702","0.00699910894036293","0.00699910894036293","0.00699910894036293"
"17704","0.03074568510055542","0.03074568510055542","0.03074568510055542"
"17708","0.011561928316950798","0.011561928316950798","0.011561928316950798"
"17714","0.02180357649922371","0.02180357649922371","0.02180357649922371"
"17722","0.003059089183807373","0.003059089183807373","0.003059089183807373"
"17726","0.02366519719362259","0.02366519719362259","0.02366519719362259"
"17732","0.011280190199613571","0.011280190199613571","0.011280190199613571"
"17740","0.02599155902862549","0.02599155902862549","0.02599155902862549"
"17744","0.0020389556884765625","0.0020389556884765625","0.0020389556884765625"
"17746","0.02164129540324211","0.02164129540324211","0.02164129540324211"
"17748","0.005049504339694977","0.005049504339694977","0.005049504339694977"
"17752","0.00493217259645462","0.00493217259645462","0.00493217259645462"
"17756","0.01121722161769867","0.01121722161769867","0.01121722161769867"
"17764","0.007941581308841705","0.007941581308841705","0.007941581308841705"
"17766","0.007352910935878754","0.007352910935878754","0.007352910935878754"
"17774","0.0032546445727348328","0.0032546445727348328","0.0032546445727348328"
"17776","0.0062619224190711975","0.0062619224190711975","0.0062619224190711975"
"17780","0.05216509848833084","0.05216509848833084","0.05216509848833084"
"17784","0.027844086289405823","0.027844086289405823","0.027844086289405823"
"17792","0.058000899851322174","0.058000899851322174","0.058000899851322174"
"17794","0.00612226128578186","0.00612226128578186","0.00612226128578186"
"17796","0.11268335580825806","0.11268335580825806","0.11268335580825806"
"17798","0.04601559787988663","0.04601559787988663","0.04601559787988663"
"17800","0.003986284136772156","0.003986284136772156","0.003986284136772156"
"17810","0.03049647808074951","0.03049647808074951","0.03049647808074951"
"17816","0.0070428550243377686","0.0070428550243377686","0.0070428550243377686"
"17822","0.010750412940979004","0.010750412940979004","0.010750412940979004"
"17826","0.07826191186904907","0.07826191186904907","0.07826191186904907"
"17842","0.02365964651107788","0.02365964651107788","0.02365964651107788"
"17844","0.01723313331604004","0.01723313331604004","0.01723313331604004"
"17848","0.05515088140964508","0.05515088140964508","0.05515088140964508"
"17854","0.009399279952049255","0.009399279952049255","0.009399279952049255"
"17858","0.00842912495136261","0.00842912495136261","0.00842912495136261"
"17862","0.008357830345630646","0.008357830345630646","0.008357830345630646"
"17864","0.029346764087677002","0.029346764087677002","0.029346764087677002"
"17866","0.023668544366955757","0.023668544366955757","0.023668544366955757"
"17876","0.029585272073745728","0.029585272073745728","0.029585272073745728"
"17882","0.023828543722629547","0.023828543722629547","0.023828543722629547"
"17886","0.030666083097457886","0.030666083097457886","0.030666083097457886"
"17892","0.017095988616347313","0.017095988616347313","0.017095988616347313"
"17894","0.0057097915560007095","0.0057097915560007095","0.0057097915560007095"
"17900","0.009727522730827332","0.009727522730827332","0.009727522730827332"
"17902","0.003776922821998596","0.003776922821998596","0.003776922821998596"
"17906","0.009746821597218513","0.009746821597218513","0.009746821597218513"
"17908","0.011831475421786308","0.011831475421786308","0.011831475421786308"
"17910","0.024677233770489693","0.024677233770489693","0.024677233770489693"
"17932","0.05675879120826721","0.05675879120826721","0.05675879120826721"
"17940","0.019849868491292","0.019849868491292","0.019849868491292"
"17944","0.023468341678380966","0.023468341678380966","0.023468341678380966"
"17946","0.05197848752140999","0.05197848752140999","0.05197848752140999"
"17948","0.028760699555277824","0.028760699555277824","0.028760699555277824"
"17954","0.004516124725341797","0.004516124725341797","0.004516124725341797"
"17960","0.0016556233167648315","0.0016556233167648315","0.0016556233167648315"
"17966","0.0037761330604553223","0.0037761330604553223","0.0037761330604553223"
"17972","0.0017760470509529114","0.0017760470509529114","0.0017760470509529114"
"17978","0.022431131452322006","0.022431131452322006","0.022431131452322006"
"17980","0.01917801983654499","0.01917801983654499","0.01917801983654499"
"17986","0.0446915440261364","0.0446915440261364","0.0446915440261364"
"17988","0.04207802563905716","0.04207802563905716","0.04207802563905716"
"17992","0.010590638965368271","0.010590638965368271","0.010590638965368271"
"17996","0.01843065209686756","0.01843065209686756","0.01843065209686756"
"18002","0.05300351232290268","0.05300351232290268","0.05300351232290268"
"18004","0.017402231693267822","0.017402231693267822","0.017402231693267822"
"18006","0.003194320946931839","0.003194320946931839","0.003194320946931839"
"18008","0.04312099516391754","0.04312099516391754","0.04312099516391754"
"18010","0.021968014538288116","0.021968014538288116","0.021968014538288116"
"18012","0.005316263064742088","0.005316263064742088","0.005316263064742088"
"18016","0.007049718871712685","0.007049718871712685","0.007049718871712685"
"18018","0.01244286447763443","0.01244286447763443","0.01244286447763443"
"18020","0.002734115347266197","0.002734115347266197","0.002734115347266197"
"18030","0.03850367292761803","0.03850367292761803","0.03850367292761803"
"18040","0.012575782835483551","0.012575782835483551","0.012575782835483551"
"18048","0.03722464665770531","0.03722464665770531","0.03722464665770531"
"18052","0.027597591280937195","0.027597591280937195","0.027597591280937195"
"18058","0.024386122822761536","0.024386122822761536","0.024386122822761536"
"18068","0.0498940534889698","0.0498940534889698","0.0498940534889698"
"18070","0.007092393934726715","0.007092393934726715","0.007092393934726715"
"18072","0.03975078463554382","0.03975078463554382","0.03975078463554382"
"18076","0.028310323134064674","0.028310323134064674","0.028310323134064674"
"18086","0.0029604677110910416","0.0029604677110910416","0.0029604677110910416"
"18088","0.006797712296247482","0.006797712296247482","0.006797712296247482"
"18090","0.002029033377766609","0.002029033377766609","0.002029033377766609"
"18092","0.0063339583575725555","0.0063339583575725555","0.0063339583575725555"
"18094","0.001133957877755165","0.001133957877755165","0.001133957877755165"
"18098","0.025391675531864166","0.025391675531864166","0.025391675531864166"
"18100","0.020476460456848145","0.020476460456848145","0.020476460456848145"
"18104","0.015318552032113075","0.015318552032113075","0.015318552032113075"
"18106","0.0282135047018528","0.0282135047018528","0.0282135047018528"
"18108","0.017110807821154594","0.017110807821154594","0.017110807821154594"
"18114","0.005631875246763229","0.005631875246763229","0.005631875246763229"
"18116","0.0038704872131347656","0.0038704872131347656","0.0038704872131347656"
"18122","0.0354498028755188","0.0354498028755188","0.0354498028755188"
"18128","0.02830904722213745","0.02830904722213745","0.02830904722213745"
"18136","0.018941575661301613","0.018941575661301613","0.018941575661301613"
"18140","0.02824859507381916","0.02824859507381916","0.02824859507381916"
"18146","0.10472989082336426","0.10472989082336426","0.10472989082336426"
"18162","0.02910878136754036","0.02910878136754036","0.02910878136754036"
"18172","0.0037730149924755096","0.0037730149924755096","0.0037730149924755096"
"18176","0.01841094344854355","0.01841094344854355","0.01841094344854355"
"18182","0.004997462034225464","0.004997462034225464","0.004997462034225464"
"18184","0.010148435831069946","0.010148435831069946","0.010148435831069946"
"18188","0.020257040858268738","0.020257040858268738","0.020257040858268738"
"18190","0.043888285756111145","0.043888285756111145","0.043888285756111145"
"18194","0.010983871296048164","0.010983871296048164","0.010983871296048164"
"18200","0.002953171730041504","0.002953171730041504","0.002953171730041504"
"18202","0.05237545445561409","0.05237545445561409","0.05237545445561409"
"18224","0.006443643942475319","0.006443643942475319","0.006443643942475319"
"18230","0.007116775959730148","0.007116775959730148","0.007116775959730148"
"18236","0.0011012107133865356","0.0011012107133865356","0.0011012107133865356"
"18240","0.00787266343832016","0.00787266343832016","0.00787266343832016"
"18244","0.025363892316818237","0.025363892316818237","0.025363892316818237"
"18246","0.006129637360572815","0.006129637360572815","0.006129637360572815"
"18258","0.013962097465991974","0.013962097465991974","0.013962097465991974"
"18260","0.023344367742538452","0.023344367742538452","0.023344367742538452"
"18262","0.02182852104306221","0.02182852104306221","0.02182852104306221"
"18266","0.017066597938537598","0.017066597938537598","0.017066597938537598"
"18268","0.002017419785261154","0.002017419785261154","0.002017419785261154"
"18270","0.004317048937082291","0.004317048937082291","0.004317048937082291"
"18272","0.020710594952106476","0.020710594952106476","0.020710594952106476"
"18276","0.001121683046221733","0.001121683046221733","0.001121683046221733"
"18280","0.035313352942466736","0.035313352942466736","0.035313352942466736"
"18286","0.020390436053276062","0.020390436053276062","0.020390436053276062"
"18292","0.005327541381120682","0.005327541381120682","0.005327541381120682"
"18298","0.012308983132243156","0.012308983132243156","0.012308983132243156"
"18320","0.012977741658687592","0.012977741658687592","0.012977741658687592"
"18322","0.0031657814979553223","0.0031657814979553223","0.0031657814979553223"
"18339","0.015724532306194305","0.015724532306194305","0.015724532306194305"
"18341","0.0016664881259202957","0.0016664881259202957","0.0016664881259202957"
"18343","0.0010158438235521317","0.0010158438235521317","0.0010158438235521317"
"18347","0.004520978778600693","0.004520978778600693","0.004520978778600693"
"18349","0.003483414649963379","0.003483414649963379","0.003483414649963379"
"18363","0.001285891979932785","0.001285891979932785","0.001285891979932785"
"18367","0.0149734728038311","0.0149734728038311","0.0149734728038311"
"18373","0.0017945226281881332","0.0017945226281881332","0.0017945226281881332"
"18381","0.014683246612548828","0.014683246612548828","0.014683246612548828"
"18383","0.006766840815544128","0.006766840815544128","0.006766840815544128"
"18387","0.04897280037403107","0.04897280037403107","0.04897280037403107"
"18389","0.00794154778122902","0.00794154778122902","0.00794154778122902"
"18391","0.0065935831516981125","0.0065935831516981125","0.0065935831516981125"
"18393","0.012230366468429565","0.012230366468429565","0.012230366468429565"
"18397","0.00601678341627121","0.00601678341627121","0.00601678341627121"
"18403","0.01987345702946186","0.01987345702946186","0.01987345702946186"
"18405","0.03924421966075897","0.03924421966075897","0.03924421966075897"
"18409","0.01044270396232605","0.01044270396232605","0.01044270396232605"
"18411","0.015202373266220093","0.015202373266220093","0.015202373266220093"
"18415","0.014811236411333084","0.014811236411333084","0.014811236411333084"
"18421","0.06680445373058319","0.06680445373058319","0.06680445373058319"
"18423","0.0021902676671743393","0.0021902676671743393","0.0021902676671743393"
"18433","0.03907741978764534","0.03907741978764534","0.03907741978764534"
"18435","0.001468665897846222","0.001468665897846222","0.001468665897846222"
"18437","0.0794602632522583","0.0794602632522583","0.0794602632522583"
"18443","0.0262789074331522","0.0262789074331522","0.0262789074331522"
"18449","0.018368227407336235","0.018368227407336235","0.018368227407336235"
"18451","0.006038542836904526","0.006038542836904526","0.006038542836904526"
"18453","0.11129503697156906","0.11129503697156906","0.11129503697156906"
"18473","0.004720412194728851","0.004720412194728851","0.004720412194728851"
"18477","0.015285545960068703","0.015285545960068703","0.015285545960068703"
"18479","0.008980505168437958","0.008980505168437958","0.008980505168437958"
"18483","0.003311188891530037","0.003311188891530037","0.003311188891530037"
"18485","0.011858716607093811","0.011858716607093811","0.011858716607093811"
"18487","0.017353907227516174","0.017353907227516174","0.017353907227516174"
"18489","0.002687659114599228","0.002687659114599228","0.002687659114599228"
"18497","0.05603187531232834","0.05603187531232834","0.05603187531232834"
"18501","0.0045912303030490875","0.0045912303030490875","0.0045912303030490875"
"18529","0.11727893352508545","0.11727893352508545","0.11727893352508545"
"18541","0.01834646239876747","0.01834646239876747","0.01834646239876747"
"18543","0.001107553020119667","0.001107553020119667","0.001107553020119667"
"18547","0.017700284719467163","0.017700284719467163","0.017700284719467163"
"18551","0.0004506409168243408","0.0004506409168243408","0.0004506409168243408"
"18563","0.07530324161052704","0.07530324161052704","0.07530324161052704"
"18565","0.06297166645526886","0.06297166645526886","0.06297166645526886"
"18567","0.00793284922838211","0.00793284922838211","0.00793284922838211"
"18579","0.05500087887048721","0.05500087887048721","0.05500087887048721"
"18589","0.018416989594697952","0.018416989594697952","0.018416989594697952"
"18593","0.023811228573322296","0.023811228573322296","0.023811228573322296"
"18597","0.02007681131362915","0.02007681131362915","0.02007681131362915"
"18609","0.01644747331738472","0.01644747331738472","0.01644747331738472"
"18615","0.023476168513298035","0.023476168513298035","0.023476168513298035"
"18625","0.03489984944462776","0.03489984944462776","0.03489984944462776"
"18627","0.015299193561077118","0.015299193561077118","0.015299193561077118"
"18635","0.016747916117310524","0.016747916117310524","0.016747916117310524"
"18637","0.014889419078826904","0.014889419078826904","0.014889419078826904"
"18649","0.00421920046210289","0.00421920046210289","0.00421920046210289"
"18653","0.010311035439372063","0.010311035439372063","0.010311035439372063"
"18655","0.03393220156431198","0.03393220156431198","0.03393220156431198"
"18663","0.01603773795068264","0.01603773795068264","0.01603773795068264"
"18665","0.012058429419994354","0.012058429419994354","0.012058429419994354"
"18673","0.014723844826221466","0.014723844826221466","0.014723844826221466"
"18675","0.006688233464956284","0.006688233464956284","0.006688233464956284"
"18687","0.001323748379945755","0.001323748379945755","0.001323748379945755"
"18699","0.03611113503575325","0.03611113503575325","0.03611113503575325"
"18703","0.027274619787931442","0.027274619787931442","0.027274619787931442"
"18705","0.001738712191581726","0.001738712191581726","0.001738712191581726"
"18717","0.030945943668484688","0.030945943668484688","0.030945943668484688"
"18719","0.03200716897845268","0.03200716897845268","0.03200716897845268"
"18721","0.010976701974868774","0.010976701974868774","0.010976701974868774"
"18723","0.021614275872707367","0.021614275872707367","0.021614275872707367"
"18729","0.08212064206600189","0.08212064206600189","0.08212064206600189"
"18731","0.0013880487531423569","0.0013880487531423569","0.0013880487531423569"
"18733","0.008268387988209724","0.008268387988209724","0.008268387988209724"
"18735","0.0013442877680063248","0.0013442877680063248","0.0013442877680063248"
"18737","0.01841813698410988","0.01841813698410988","0.01841813698410988"
"18741","0.05643835663795471","0.05643835663795471","0.05643835663795471"
"18743","0.013610750436782837","0.013610750436782837","0.013610750436782837"
"18749","0.0014579296112060547","0.0014579296112060547","0.0014579296112060547"
"18751","0.014004833996295929","0.014004833996295929","0.014004833996295929"
"18753","0.021209731698036194","0.021209731698036194","0.021209731698036194"
"18757","0.06201544404029846","0.06201544404029846","0.06201544404029846"
"18761","0.016952618956565857","0.016952618956565857","0.016952618956565857"
"18767","0.029929567128419876","0.029929567128419876","0.029929567128419876"
"18777","0.004973903298377991","0.004973903298377991","0.004973903298377991"
"18783","0.004888957366347313","0.004888957366347313","0.004888957366347313"
"18789","0.010805141180753708","0.010805141180753708","0.010805141180753708"
"18797","0.017244577407836914","0.017244577407836914","0.017244577407836914"
"18799","0.005113624036312103","0.005113624036312103","0.005113624036312103"
"18805","0.005085807293653488","0.005085807293653488","0.005085807293653488"
"18807","0.025820404291152954","0.025820404291152954","0.025820404291152954"
"18815","0.008736565709114075","0.008736565709114075","0.008736565709114075"
"18819","0.03731009364128113","0.03731009364128113","0.03731009364128113"
"18821","0.06836093962192535","0.06836093962192535","0.06836093962192535"
"18823","0.0310797318816185","0.0310797318816185","0.0310797318816185"
"18825","0.04405325651168823","0.04405325651168823","0.04405325651168823"
"18827","0.019709410145878792","0.019709410145878792","0.019709410145878792"
"18837","0.037553831934928894","0.037553831934928894","0.037553831934928894"
"18845","0.019777938723564148","0.019777938723564148","0.019777938723564148"
"18851","0.03870982304215431","0.03870982304215431","0.03870982304215431"
"18853","0.0030079148709774017","0.0030079148709774017","0.0030079148709774017"
"18855","0.010643728077411652","0.010643728077411652","0.010643728077411652"
"18857","0.03485133498907089","0.03485133498907089","0.03485133498907089"
"18861","0.010645603761076927","0.010645603761076927","0.010645603761076927"
"18903","0.019153393805027008","0.019153393805027008","0.019153393805027008"
"18905","0.009388592094182968","0.009388592094182968","0.009388592094182968"
"18911","0.014016419649124146","0.014016419649124146","0.014016419649124146"
"18915","0.06521247327327728","0.06521247327327728","0.06521247327327728"
"18917","0.008790850639343262","0.008790850639343262","0.008790850639343262"
"18919","0.05238831043243408","0.05238831043243408","0.05238831043243408"
"18923","0.013852614909410477","0.013852614909410477","0.013852614909410477"
"18925","0.005601726472377777","0.005601726472377777","0.005601726472377777"
"18927","0.014976397156715393","0.014976397156715393","0.014976397156715393"
"18929","0.009153522551059723","0.009153522551059723","0.009153522551059723"
"18931","0.03983555734157562","0.03983555734157562","0.03983555734157562"
"18933","0.015349041670560837","0.015349041670560837","0.015349041670560837"
"18937","0.03755831718444824","0.03755831718444824","0.03755831718444824"
"18941","0.010969158262014389","0.010969158262014389","0.010969158262014389"
"18945","0.004151932895183563","0.004151932895183563","0.004151932895183563"
"18947","0.07506207376718521","0.07506207376718521","0.07506207376718521"
"18949","0.008296623826026917","0.008296623826026917","0.008296623826026917"
"18951","0.002854257822036743","0.002854257822036743","0.002854257822036743"
"18953","0.06388165801763535","0.06388165801763535","0.06388165801763535"
"18955","0.010888373479247093","0.010888373479247093","0.010888373479247093"
"18967","0.028928663581609726","0.028928663581609726","0.028928663581609726"
"18969","0.01835048198699951","0.01835048198699951","0.01835048198699951"
"18973","0.004292411729693413","0.004292411729693413","0.004292411729693413"
"18985","0.03708610683679581","0.03708610683679581","0.03708610683679581"
"18987","0.012165270745754242","0.012165270745754242","0.012165270745754242"
"18991","0.031800393015146255","0.031800393015146255","0.031800393015146255"
"18997","0.017734412103891373","0.017734412103891373","0.017734412103891373"
"18999","0.01245853304862976","0.01245853304862976","0.01245853304862976"
"19001","0.03968554735183716","0.03968554735183716","0.03968554735183716"
"19003","0.008940398693084717","0.008940398693084717","0.008940398693084717"
"19025","0.02746983803808689","0.02746983803808689","0.02746983803808689"
"19027","0.09793135523796082","0.09793135523796082","0.09793135523796082"
"19029","0.01732322946190834","0.01732322946190834","0.01732322946190834"
"19031","0.006040073931217194","0.006040073931217194","0.006040073931217194"
"19035","0.0183893833309412","0.0183893833309412","0.0183893833309412"
"19037","0.0031011998653411865","0.0031011998653411865","0.0031011998653411865"
"19043","0.01952141523361206","0.01952141523361206","0.01952141523361206"
"19047","0.0375363752245903","0.0375363752245903","0.0375363752245903"
"19055","0.013859406113624573","0.013859406113624573","0.013859406113624573"
"19061","0.004276072606444359","0.004276072606444359","0.004276072606444359"
"19073","0.019353151321411133","0.019353151321411133","0.019353151321411133"
"19077","0.0016783978790044785","0.0016783978790044785","0.0016783978790044785"
"19079","0.013672837987542152","0.013672837987542152","0.013672837987542152"
"19081","0.001976434141397476","0.001976434141397476","0.001976434141397476"
"19083","0.020399093627929688","0.020399093627929688","0.020399093627929688"
"19093","0.004054754972457886","0.004054754972457886","0.004054754972457886"
"19097","0.0045946091413497925","0.0045946091413497925","0.0045946091413497925"
"19101","0.0018227118998765945","0.0018227118998765945","0.0018227118998765945"
"19113","0.021174311637878418","0.021174311637878418","0.021174311637878418"
"19117","0.001204969361424446","0.001204969361424446","0.001204969361424446"
"19119","0.08086429536342621","0.08086429536342621","0.08086429536342621"
"19121","0.027097012847661972","0.027097012847661972","0.027097012847661972"
"19123","0.01868245005607605","0.01868245005607605","0.01868245005607605"
"19127","0.0031410139054059982","0.0031410139054059982","0.0031410139054059982"
"19141","0.004705013707280159","0.004705013707280159","0.004705013707280159"
"19145","0.0037083812057971954","0.0037083812057971954","0.0037083812057971954"
"19151","0.031156837940216064","0.031156837940216064","0.031156837940216064"
"19153","0.00191420316696167","0.00191420316696167","0.00191420316696167"
"19165","0.0008421782404184341","0.0008421782404184341","0.0008421782404184341"
"19169","0.007859425619244576","0.007859425619244576","0.007859425619244576"
"19173","0.017341621220111847","0.017341621220111847","0.017341621220111847"
"19175","0.009566307067871094","0.009566307067871094","0.009566307067871094"
"19179","0.03650396689772606","0.03650396689772606","0.03650396689772606"
"19195","0.010593593120574951","0.010593593120574951","0.010593593120574951"
"19199","0.059281088411808014","0.059281088411808014","0.059281088411808014"
"19201","0.07826916873455048","0.07826916873455048","0.07826916873455048"
"19221","0.003908753395080566","0.003908753395080566","0.003908753395080566"
"19229","0.0013029780238866806","0.0013029780238866806","0.0013029780238866806"
"19235","0.012005101889371872","0.012005101889371872","0.012005101889371872"
"19237","0.03434189036488533","0.03434189036488533","0.03434189036488533"
"19253","0.004626147449016571","0.004626147449016571","0.004626147449016571"
"19255","0.007520794868469238","0.007520794868469238","0.007520794868469238"
"19257","0.017626464366912842","0.017626464366912842","0.017626464366912842"
"19267","0.02222202718257904","0.02222202718257904","0.02222202718257904"
"19269","0.0015010647475719452","0.0015010647475719452","0.0015010647475719452"
"19271","0.016252346336841583","0.016252346336841583","0.016252346336841583"
"19281","0.024088874459266663","0.024088874459266663","0.024088874459266663"
"19289","0.011797189712524414","0.011797189712524414","0.011797189712524414"
"19295","0.010328494012355804","0.010328494012355804","0.010328494012355804"
"19297","0.004872681573033333","0.004872681573033333","0.004872681573033333"
"19299","0.007347188889980316","0.007347188889980316","0.007347188889980316"
"19301","0.04961182177066803","0.04961182177066803","0.04961182177066803"
"19309","0.0007062945514917374","0.0007062945514917374","0.0007062945514917374"
"19313","0.01255783811211586","0.01255783811211586","0.01255783811211586"
"19315","0.0984925776720047","0.0984925776720047","0.0984925776720047"
"19317","0.030581794679164886","0.030581794679164886","0.030581794679164886"
"19326","0.0035098381340503693","0.0035098381340503693","0.0035098381340503693"
"19328","0.009334377944469452","0.009334377944469452","0.009334377944469452"
"19330","0.0004982650279998779","0.0004982650279998779","0.0004982650279998779"
"19334","0.03687958046793938","0.03687958046793938","0.03687958046793938"
"19336","0.004883605986833572","0.004883605986833572","0.004883605986833572"
"19342","0.0013838429003953934","0.0013838429003953934","0.0013838429003953934"
"19350","0.008941799402236938","0.008941799402236938","0.008941799402236938"
"19356","0.07632109522819519","0.07632109522819519","0.07632109522819519"
"19358","0.023914465680718422","0.023914465680718422","0.023914465680718422"
"19360","0.002545345574617386","0.002545345574617386","0.002545345574617386"
"19362","0.012338727712631226","0.012338727712631226","0.012338727712631226"
"19364","0.011292941868305206","0.011292941868305206","0.011292941868305206"
"19368","0.003501350060105324","0.003501350060105324","0.003501350060105324"
"19374","0.03237178176641464","0.03237178176641464","0.03237178176641464"
"19378","0.026545600965619087","0.026545600965619087","0.026545600965619087"
"19380","0.08024560660123825","0.08024560660123825","0.08024560660123825"
"19382","0.04070155322551727","0.04070155322551727","0.04070155322551727"
"19384","0.007715925574302673","0.007715925574302673","0.007715925574302673"
"19396","0.00923045352101326","0.00923045352101326","0.00923045352101326"
"19400","0.03569575026631355","0.03569575026631355","0.03569575026631355"
"19404","0.0061883702874183655","0.0061883702874183655","0.0061883702874183655"
"19408","0.0037427693605422974","0.0037427693605422974","0.0037427693605422974"
"19414","0.01797163486480713","0.01797163486480713","0.01797163486480713"
"19422","0.038472868502140045","0.038472868502140045","0.038472868502140045"
"19426","0.015410017222166061","0.015410017222166061","0.015410017222166061"
"19428","0.016674445942044258","0.016674445942044258","0.016674445942044258"
"19436","0.016012229025363922","0.016012229025363922","0.016012229025363922"
"19444","0.023153631016612053","0.023153631016612053","0.023153631016612053"
"19446","0.005193725228309631","0.005193725228309631","0.005193725228309631"
"19448","0.062136199325323105","0.062136199325323105","0.062136199325323105"
"19452","0.0024355612695217133","0.0024355612695217133","0.0024355612695217133"
"19456","0.015154791995882988","0.015154791995882988","0.015154791995882988"
"19460","0.08330343663692474","0.08330343663692474","0.08330343663692474"
"19462","0.015534356236457825","0.015534356236457825","0.015534356236457825"
"19466","0.003283720463514328","0.003283720463514328","0.003283720463514328"
"19470","0.029085472226142883","0.029085472226142883","0.029085472226142883"
"19472","0.0353696346282959","0.0353696346282959","0.0353696346282959"
"19482","0.020345240831375122","0.020345240831375122","0.020345240831375122"
"19486","0.09738960862159729","0.09738960862159729","0.09738960862159729"
"19494","0.03883838653564453","0.03883838653564453","0.03883838653564453"
"19496","0.03442008048295975","0.03442008048295975","0.03442008048295975"
"19498","0.06550261378288269","0.06550261378288269","0.06550261378288269"
"19500","0.034003470093011856","0.034003470093011856","0.034003470093011856"
"19510","0.008199092000722885","0.008199092000722885","0.008199092000722885"
"19522","0.003244945779442787","0.003244945779442787","0.003244945779442787"
"19528","0.032293155789375305","0.032293155789375305","0.032293155789375305"
"19532","0.004295527935028076","0.004295527935028076","0.004295527935028076"
"19534","0.02937692031264305","0.02937692031264305","0.02937692031264305"
"19540","0.004713296890258789","0.004713296890258789","0.004713296890258789"
"19546","0.09248191118240356","0.09248191118240356","0.09248191118240356"
"19556","0.036095865070819855","0.036095865070819855","0.036095865070819855"
"19558","0.02875766158103943","0.02875766158103943","0.02875766158103943"
"19562","0.04840630292892456","0.04840630292892456","0.04840630292892456"
"19564","0.006890209391713142","0.006890209391713142","0.006890209391713142"
"19568","0.003959765657782555","0.003959765657782555","0.003959765657782555"
"19574","0.0505618080496788","0.0505618080496788","0.0505618080496788"
"19580","0.08178021013736725","0.08178021013736725","0.08178021013736725"
"19584","0.01699596270918846","0.01699596270918846","0.01699596270918846"
"19588","0.012242687866091728","0.012242687866091728","0.012242687866091728"
"19592","0.04216775298118591","0.04216775298118591","0.04216775298118591"
"19600","0.0011012870818376541","0.0011012870818376541","0.0011012870818376541"
"19602","0.028570853173732758","0.028570853173732758","0.028570853173732758"
"19604","0.027199769392609596","0.027199769392609596","0.027199769392609596"
"19626","0.002707451581954956","0.002707451581954956","0.002707451581954956"
"19632","0.07023957371711731","0.07023957371711731","0.07023957371711731"
"19636","0.01175849512219429","0.01175849512219429","0.01175849512219429"
"19638","0.0027486681938171387","0.0027486681938171387","0.0027486681938171387"
"19642","0.005080904811620712","0.005080904811620712","0.005080904811620712"
"19644","0.0030991025269031525","0.0030991025269031525","0.0030991025269031525"
"19648","0.035919055342674255","0.035919055342674255","0.035919055342674255"
"19660","0.031671442091464996","0.031671442091464996","0.031671442091464996"
"19662","0.020341508090496063","0.020341508090496063","0.020341508090496063"
"19668","0.04548114538192749","0.04548114538192749","0.04548114538192749"
"19696","0.03182661905884743","0.03182661905884743","0.03182661905884743"
"19700","0.0051236748695373535","0.0051236748695373535","0.0051236748695373535"
"19702","0.041764795780181885","0.041764795780181885","0.041764795780181885"
"19710","0.009331934154033661","0.009331934154033661","0.009331934154033661"
"19712","0.0178033746778965","0.0178033746778965","0.0178033746778965"
"19732","0.003116559237241745","0.003116559237241745","0.003116559237241745"
"19740","0.013335676863789558","0.013335676863789558","0.013335676863789558"
"19748","0.059322796761989594","0.059322796761989594","0.059322796761989594"
"19754","0.014480918645858765","0.014480918645858765","0.014480918645858765"
"19758","0.03811559081077576","0.03811559081077576","0.03811559081077576"
"19764","0.019961755722761154","0.019961755722761154","0.019961755722761154"
"19768","0.007450990378856659","0.007450990378856659","0.007450990378856659"
"19770","0.030115224421024323","0.030115224421024323","0.030115224421024323"
"19776","0.004667896777391434","0.004667896777391434","0.004667896777391434"
"19784","0.0035146623849868774","0.0035146623849868774","0.0035146623849868774"
"19796","0.012168198823928833","0.012168198823928833","0.012168198823928833"
"19798","0.02335389517247677","0.02335389517247677","0.02335389517247677"
"19802","0.004130041226744652","0.004130041226744652","0.004130041226744652"
"19806","0.006045760586857796","0.006045760586857796","0.006045760586857796"
"19814","0.013225022703409195","0.013225022703409195","0.013225022703409195"
"19818","0.0022466182708740234","0.0022466182708740234","0.0022466182708740234"
"19820","0.004037382081151009","0.004037382081151009","0.004037382081151009"
"19822","0.018844421952962875","0.018844421952962875","0.018844421952962875"
"19826","0.01577339693903923","0.01577339693903923","0.01577339693903923"
"19828","0.002225622534751892","0.002225622534751892","0.002225622534751892"
"19834","0.02904984913766384","0.02904984913766384","0.02904984913766384"
"19848","0.001477319747209549","0.001477319747209549","0.001477319747209549"
"19850","0.004825308918952942","0.004825308918952942","0.004825308918952942"
"19860","0.0018097274005413055","0.0018097274005413055","0.0018097274005413055"
"19862","0.03562160208821297","0.03562160208821297","0.03562160208821297"
"19866","0.009394615888595581","0.009394615888595581","0.009394615888595581"
"19868","0.04621831700205803","0.04621831700205803","0.04621831700205803"
"19870","0.027267495170235634","0.027267495170235634","0.027267495170235634"
"19872","0.010408192873001099","0.010408192873001099","0.010408192873001099"
"19874","0.05575425177812576","0.05575425177812576","0.05575425177812576"
"19878","0.019989365711808205","0.019989365711808205","0.019989365711808205"
"19880","0.003920122981071472","0.003920122981071472","0.003920122981071472"
"19890","0.007088350132107735","0.007088350132107735","0.007088350132107735"
"19894","0.0025425218045711517","0.0025425218045711517","0.0025425218045711517"
"19896","0.03244508057832718","0.03244508057832718","0.03244508057832718"
"19898","0.040889859199523926","0.040889859199523926","0.040889859199523926"
"19900","0.03629227355122566","0.03629227355122566","0.03629227355122566"
"19906","0.013504935428500175","0.013504935428500175","0.013504935428500175"
"19908","0.0034273117780685425","0.0034273117780685425","0.0034273117780685425"
"19920","0.009449627250432968","0.009449627250432968","0.009449627250432968"
"19926","0.000581882894039154","0.000581882894039154","0.000581882894039154"
"19928","0.019675245508551598","0.019675245508551598","0.019675245508551598"
"19930","0.003358144313097","0.003358144313097","0.003358144313097"
"19942","0.0036389175802469254","0.0036389175802469254","0.0036389175802469254"
"19964","0.0017242226749658585","0.0017242226749658585","0.0017242226749658585"
"19968","0.010007863864302635","0.010007863864302635","0.010007863864302635"
"19976","0.007576867938041687","0.007576867938041687","0.007576867938041687"
"19978","0.0005262196063995361","0.0005262196063995361","0.0005262196063995361"
"19990","0.0014660954475402832","0.0014660954475402832","0.0014660954475402832"
"19992","0.0036107823252677917","0.0036107823252677917","0.0036107823252677917"
"19994","0.04633164405822754","0.04633164405822754","0.04633164405822754"
"19996","0.002706751227378845","0.002706751227378845","0.002706751227378845"
"19998","0.03230961412191391","0.03230961412191391","0.03230961412191391"
"20000","0.06704588234424591","0.06704588234424591","0.06704588234424591"
"20002","0.03269760310649872","0.03269760310649872","0.03269760310649872"
"20006","0.0004812106490135193","0.0004812106490135193","0.0004812106490135193"
"20018","0.00824899971485138","0.00824899971485138","0.00824899971485138"
"20022","0.01552802324295044","0.01552802324295044","0.01552802324295044"
"20026","0.02128046751022339","0.02128046751022339","0.02128046751022339"
"20042","0.0070860497653484344","0.0070860497653484344","0.0070860497653484344"
"20044","0.05907897651195526","0.05907897651195526","0.05907897651195526"
"20046","0.022137463092803955","0.022137463092803955","0.022137463092803955"
"20050","0.02557976171374321","0.02557976171374321","0.02557976171374321"
"20066","0.060907527804374695","0.060907527804374695","0.060907527804374695"
"20068","0.014372114092111588","0.014372114092111588","0.014372114092111588"
"20074","0.020466655492782593","0.020466655492782593","0.020466655492782593"
"20076","0.029154274612665176","0.029154274612665176","0.029154274612665176"
"20078","0.006397873163223267","0.006397873163223267","0.006397873163223267"
"20088","0.0008737072348594666","0.0008737072348594666","0.0008737072348594666"
"20090","0.012327814474701881","0.012327814474701881","0.012327814474701881"
"20094","0.03886742889881134","0.03886742889881134","0.03886742889881134"
"20100","0.010854186490178108","0.010854186490178108","0.010854186490178108"
"20106","0.0055562593042850494","0.0055562593042850494","0.0055562593042850494"
"20112","0.019549014046788216","0.019549014046788216","0.019549014046788216"
"20118","0.016505911946296692","0.016505911946296692","0.016505911946296692"
"20120","0.04455596208572388","0.04455596208572388","0.04455596208572388"
"20124","0.003622831776738167","0.003622831776738167","0.003622831776738167"
"20126","0.02139042131602764","0.02139042131602764","0.02139042131602764"
"20130","0.0037074126303195953","0.0037074126303195953","0.0037074126303195953"
"20136","0.04232710599899292","0.04232710599899292","0.04232710599899292"
"20140","0.004049679264426231","0.004049679264426231","0.004049679264426231"
"20144","0.0033632516860961914","0.0033632516860961914","0.0033632516860961914"
"20146","0.02893650531768799","0.02893650531768799","0.02893650531768799"
"20148","0.001989223062992096","0.001989223062992096","0.001989223062992096"
"20150","0.000354621559381485","0.000354621559381485","0.000354621559381485"
"20154","0.0012151561677455902","0.0012151561677455902","0.0012151561677455902"
"20156","0.07261497527360916","0.07261497527360916","0.07261497527360916"
"20162","0.032077591866254807","0.032077591866254807","0.032077591866254807"
"20164","0.0008980762213468552","0.0008980762213468552","0.0008980762213468552"
"20166","0.026217643171548843","0.026217643171548843","0.026217643171548843"
"20168","0.05165553838014603","0.05165553838014603","0.05165553838014603"
"20170","0.014755751937627792","0.014755751937627792","0.014755751937627792"
"20172","0.03546115756034851","0.03546115756034851","0.03546115756034851"
"20174","0.0071007609367370605","0.0071007609367370605","0.0071007609367370605"
"20176","0.0017073005437850952","0.0017073005437850952","0.0017073005437850952"
"20180","0.008602578192949295","0.008602578192949295","0.008602578192949295"
"20194","0.001001805067062378","0.001001805067062378","0.001001805067062378"
"20198","0.032387424260377884","0.032387424260377884","0.032387424260377884"
"20202","0.0219113789498806","0.0219113789498806","0.0219113789498806"
"20204","0.0011238828301429749","0.0011238828301429749","0.0011238828301429749"
"20210","0.04363922029733658","0.04363922029733658","0.04363922029733658"
"20212","0.03172968327999115","0.03172968327999115","0.03172968327999115"
"20214","0.004084721207618713","0.004084721207618713","0.004084721207618713"
"20224","0.023644618690013885","0.023644618690013885","0.023644618690013885"
"20228","0.07611284404993057","0.07611284404993057","0.07611284404993057"
"20232","0.03613892197608948","0.03613892197608948","0.03613892197608948"
"20234","0.00583454966545105","0.00583454966545105","0.00583454966545105"
"20238","0.006174113601446152","0.006174113601446152","0.006174113601446152"
"20240","0.007592655718326569","0.007592655718326569","0.007592655718326569"
"20242","0.07866214960813522","0.07866214960813522","0.07866214960813522"
"20254","0.06201433390378952","0.06201433390378952","0.06201433390378952"
"20256","0.07713361084461212","0.07713361084461212","0.07713361084461212"
"20268","0.036344416439533234","0.036344416439533234","0.036344416439533234"
"20270","0.0067072901874780655","0.0067072901874780655","0.0067072901874780655"
"20272","0.0038627535104751587","0.0038627535104751587","0.0038627535104751587"
"20274","0.006956946104764938","0.006956946104764938","0.006956946104764938"
"20278","0.01834510639309883","0.01834510639309883","0.01834510639309883"
"20280","0.0032271482050418854","0.0032271482050418854","0.0032271482050418854"
"20282","0.0028750598430633545","0.0028750598430633545","0.0028750598430633545"
"20284","0.03108065202832222","0.03108065202832222","0.03108065202832222"
"20288","0.003329867497086525","0.003329867497086525","0.003329867497086525"
"20302","0.01652359962463379","0.01652359962463379","0.01652359962463379"
"20312","0.023118257522583008","0.023118257522583008","0.023118257522583008"
"20321","0.029258131980895996","0.029258131980895996","0.029258131980895996"
"20343","0.005156863480806351","0.005156863480806351","0.005156863480806351"
"20347","0.023105837404727936","0.023105837404727936","0.023105837404727936"
"20361","0.0008311755955219269","0.0008311755955219269","0.0008311755955219269"
"20363","0.012269720435142517","0.012269720435142517","0.012269720435142517"
"20367","0.013348259031772614","0.013348259031772614","0.013348259031772614"
"20369","0.004466407001018524","0.004466407001018524","0.004466407001018524"
"20375","0.001616673544049263","0.001616673544049263","0.001616673544049263"
"20377","0.09091327339410782","0.09091327339410782","0.09091327339410782"
"20379","0.013351909816265106","0.013351909816265106","0.013351909816265106"
"20381","0.014274239540100098","0.014274239540100098","0.014274239540100098"
"20383","0.008391082286834717","0.008391082286834717","0.008391082286834717"
"20389","0.004041576758027077","0.004041576758027077","0.004041576758027077"
"20391","0.035737544298172","0.035737544298172","0.035737544298172"
"20393","0.0014596618711948395","0.0014596618711948395","0.0014596618711948395"
"20395","0.002901047468185425","0.002901047468185425","0.002901047468185425"
"20403","0.02695544995367527","0.02695544995367527","0.02695544995367527"
"20413","0.0030913352966308594","0.0030913352966308594","0.0030913352966308594"
"20417","0.005582332611083984","0.005582332611083984","0.005582332611083984"
"20421","0.00966615229845047","0.00966615229845047","0.00966615229845047"
"20423","0.048479411751031876","0.048479411751031876","0.048479411751031876"
"20429","0.016307292506098747","0.016307292506098747","0.016307292506098747"
"20431","0.0031011831015348434","0.0031011831015348434","0.0031011831015348434"
"20433","0.01526699960231781","0.01526699960231781","0.01526699960231781"
"20445","0.07907523214817047","0.07907523214817047","0.07907523214817047"
"20447","0.03270663321018219","0.03270663321018219","0.03270663321018219"
"20453","0.0032500717788934708","0.0032500717788934708","0.0032500717788934708"
"20455","0.009313307702541351","0.009313307702541351","0.009313307702541351"
"20457","0.007113456726074219","0.007113456726074219","0.007113456726074219"
"20461","0.004552321508526802","0.004552321508526802","0.004552321508526802"
"20463","0.009205231443047523","0.009205231443047523","0.009205231443047523"
"20471","0.006754934787750244","0.006754934787750244","0.006754934787750244"
"20475","0.004416920244693756","0.004416920244693756","0.004416920244693756"
"20479","0.0009590983390808105","0.0009590983390808105","0.0009590983390808105"
"20481","0.006121188402175903","0.006121188402175903","0.006121188402175903"
"20487","0.007307060062885284","0.007307060062885284","0.007307060062885284"
"20499","0.025021519511938095","0.025021519511938095","0.025021519511938095"
"20501","0.03551772981882095","0.03551772981882095","0.03551772981882095"
"20507","0.0374065637588501","0.0374065637588501","0.0374065637588501"
"20513","0.0026176422834396362","0.0026176422834396362","0.0026176422834396362"
"20515","0.0031095314770936966","0.0031095314770936966","0.0031095314770936966"
"20519","0.008321348577737808","0.008321348577737808","0.008321348577737808"
"20527","0.008955154567956924","0.008955154567956924","0.008955154567956924"
"20531","0.02418988198041916","0.02418988198041916","0.02418988198041916"
"20535","0.011725634336471558","0.011725634336471558","0.011725634336471558"
"20537","0.08100946247577667","0.08100946247577667","0.08100946247577667"
"20547","0.028966324403882027","0.028966324403882027","0.028966324403882027"
"20551","0.006875498220324516","0.006875498220324516","0.006875498220324516"
"20555","0.009707298129796982","0.009707298129796982","0.009707298129796982"
"20557","0.06189960986375809","0.06189960986375809","0.06189960986375809"
"20559","0.009247016161680222","0.009247016161680222","0.009247016161680222"
"20567","0.00767839141190052","0.00767839141190052","0.00767839141190052"
"20569","0.004325192421674728","0.004325192421674728","0.004325192421674728"
"20579","0.01509159803390503","0.01509159803390503","0.01509159803390503"
"20589","0.010280117392539978","0.010280117392539978","0.010280117392539978"
"20591","0.006802737712860107","0.006802737712860107","0.006802737712860107"
"20595","0.02459832839667797","0.02459832839667797","0.02459832839667797"
"20599","0.00974394753575325","0.00974394753575325","0.00974394753575325"
"20601","0.0046689268201589584","0.0046689268201589584","0.0046689268201589584"
"20603","0.004361286759376526","0.004361286759376526","0.004361286759376526"
"20607","0.01869240403175354","0.01869240403175354","0.01869240403175354"
"20611","0.0231619905680418","0.0231619905680418","0.0231619905680418"
"20615","0.0030905641615390778","0.0030905641615390778","0.0030905641615390778"
"20623","0.0019349288195371628","0.0019349288195371628","0.0019349288195371628"
"20631","0.000637691468000412","0.000637691468000412","0.000637691468000412"
"20633","0.017945855855941772","0.017945855855941772","0.017945855855941772"
"20641","0.02497943304479122","0.02497943304479122","0.02497943304479122"
"20643","0.035471901297569275","0.035471901297569275","0.035471901297569275"
"20653","0.009503528475761414","0.009503528475761414","0.009503528475761414"
"20655","0.062401801347732544","0.062401801347732544","0.062401801347732544"
"20663","0.09694027900695801","0.09694027900695801","0.09694027900695801"
"20667","0.01747828722000122","0.01747828722000122","0.01747828722000122"
"20669","0.011446621268987656","0.011446621268987656","0.011446621268987656"
"20673","0.00972658209502697","0.00972658209502697","0.00972658209502697"
"20675","0.01035425253212452","0.01035425253212452","0.01035425253212452"
"20697","0.05591779947280884","0.05591779947280884","0.05591779947280884"
"20701","0.0247189961373806","0.0247189961373806","0.0247189961373806"
"20707","0.016126178205013275","0.016126178205013275","0.016126178205013275"
"20713","0.0323185995221138","0.0323185995221138","0.0323185995221138"
"20719","0.010025613009929657","0.010025613009929657","0.010025613009929657"
"20721","0.036774732172489166","0.036774732172489166","0.036774732172489166"
"20723","0.0030312761664390564","0.0030312761664390564","0.0030312761664390564"
"20727","0.001250455155968666","0.001250455155968666","0.001250455155968666"
"20731","0.008854426443576813","0.008854426443576813","0.008854426443576813"
"20733","0.019271060824394226","0.019271060824394226","0.019271060824394226"
"20735","0.0015607904642820358","0.0015607904642820358","0.0015607904642820358"
"20739","0.012587293982505798","0.012587293982505798","0.012587293982505798"
"20747","0.0008075237274169922","0.0008075237274169922","0.0008075237274169922"
"20757","0.02738039195537567","0.02738039195537567","0.02738039195537567"
"20761","0.011437524110078812","0.011437524110078812","0.011437524110078812"
"20765","0.004404757171869278","0.004404757171869278","0.004404757171869278"
"20767","0.0124579519033432","0.0124579519033432","0.0124579519033432"
"20769","0.0009599663317203522","0.0009599663317203522","0.0009599663317203522"
"20773","0.016397729516029358","0.016397729516029358","0.016397729516029358"
"20777","0.020804239436984062","0.020804239436984062","0.020804239436984062"
"20781","0.010744545608758926","0.010744545608758926","0.010744545608758926"
"20785","0.017420828342437744","0.017420828342437744","0.017420828342437744"
"20791","0.0034718140959739685","0.0034718140959739685","0.0034718140959739685"
"20799","0.005322694778442383","0.005322694778442383","0.005322694778442383"
"20807","0.013815328478813171","0.013815328478813171","0.013815328478813171"
"20813","0.050559449940919876","0.050559449940919876","0.050559449940919876"
"20815","0.026578158140182495","0.026578158140182495","0.026578158140182495"
"20823","0.00014534220099449158","0.00014534220099449158","0.00014534220099449158"
"20827","0.0011983830481767654","0.0011983830481767654","0.0011983830481767654"
"20831","0.011692460626363754","0.011692460626363754","0.011692460626363754"
"20841","0.004333920776844025","0.004333920776844025","0.004333920776844025"
"20845","0.036788877099752426","0.036788877099752426","0.036788877099752426"
"20851","0.005857611075043678","0.005857611075043678","0.005857611075043678"
"20853","0.00307416170835495","0.00307416170835495","0.00307416170835495"
"20859","0.0063871704041957855","0.0063871704041957855","0.0063871704041957855"
"20863","0.08371959626674652","0.08371959626674652","0.08371959626674652"
"20865","0.00579499639570713","0.00579499639570713","0.00579499639570713"
"20867","0.0007837451994419098","0.0007837451994419098","0.0007837451994419098"
"20869","0.0016390271484851837","0.0016390271484851837","0.0016390271484851837"
"20871","0.020617246627807617","0.020617246627807617","0.020617246627807617"
"20875","0.0023133978247642517","0.0023133978247642517","0.0023133978247642517"
"20883","0.002044292166829109","0.002044292166829109","0.002044292166829109"
"20887","0.004146657884120941","0.004146657884120941","0.004146657884120941"
"20889","0.007382707670331001","0.007382707670331001","0.007382707670331001"
"20895","0.07383574545383453","0.07383574545383453","0.07383574545383453"
"20907","0.015598908066749573","0.015598908066749573","0.015598908066749573"
"20917","0.0118203554302454","0.0118203554302454","0.0118203554302454"
"20925","0.03931920975446701","0.03931920975446701","0.03931920975446701"
"20927","0.0006048325449228287","0.0006048325449228287","0.0006048325449228287"
"20929","0.01150442473590374","0.01150442473590374","0.01150442473590374"
"20933","0.055254414677619934","0.055254414677619934","0.055254414677619934"
"20935","0.07617059350013733","0.07617059350013733","0.07617059350013733"
"20941","0.04255017638206482","0.04255017638206482","0.04255017638206482"
"20943","0.02540453150868416","0.02540453150868416","0.02540453150868416"
"20947","0.034662917256355286","0.034662917256355286","0.034662917256355286"
"20949","0.04515388607978821","0.04515388607978821","0.04515388607978821"
"20951","0.03993820399045944","0.03993820399045944","0.03993820399045944"
"20953","0.003597300499677658","0.003597300499677658","0.003597300499677658"
"20961","0.008851280435919762","0.008851280435919762","0.008851280435919762"
"20963","0.0030368566513061523","0.0030368566513061523","0.0030368566513061523"
"20969","0.016810471192002296","0.016810471192002296","0.016810471192002296"
"20973","0.014192037284374237","0.014192037284374237","0.014192037284374237"
"20979","0.010815665125846863","0.010815665125846863","0.010815665125846863"
"20981","0.009132243692874908","0.009132243692874908","0.009132243692874908"
"20987","0.024018913507461548","0.024018913507461548","0.024018913507461548"
"20991","0.04878441244363785","0.04878441244363785","0.04878441244363785"
"20997","0.02552182413637638","0.02552182413637638","0.02552182413637638"
"20999","0.02792990580201149","0.02792990580201149","0.02792990580201149"
"21001","0.0002440623939037323","0.0002440623939037323","0.0002440623939037323"
"21003","0.0019938796758651733","0.0019938796758651733","0.0019938796758651733"
"21007","0.001715952530503273","0.001715952530503273","0.001715952530503273"
"21009","0.011649459600448608","0.011649459600448608","0.011649459600448608"
"21011","0.0034458618611097336","0.0034458618611097336","0.0034458618611097336"
"21013","0.004356978461146355","0.004356978461146355","0.004356978461146355"
"21023","0.0048783402889966965","0.0048783402889966965","0.0048783402889966965"
"21033","0.013844259083271027","0.013844259083271027","0.013844259083271027"
"21039","0.0034110192209482193","0.0034110192209482193","0.0034110192209482193"
"21045","0.02822243794798851","0.02822243794798851","0.02822243794798851"
"21065","0.019932221621274948","0.019932221621274948","0.019932221621274948"
"21069","0.013255229219794273","0.013255229219794273","0.013255229219794273"
"21071","0.023592522367835045","0.023592522367835045","0.023592522367835045"
"21075","0.007620569318532944","0.007620569318532944","0.007620569318532944"
"21081","0.0007074587047100067","0.0007074587047100067","0.0007074587047100067"
"21083","0.005695302039384842","0.005695302039384842","0.005695302039384842"
"21087","0.008813276886940002","0.008813276886940002","0.008813276886940002"
"21091","0.005121933296322823","0.005121933296322823","0.005121933296322823"
"21097","0.06612429022789001","0.06612429022789001","0.06612429022789001"
"21099","0.006883921101689339","0.006883921101689339","0.006883921101689339"
"21107","0.0073694027960300446","0.0073694027960300446","0.0073694027960300446"
"21111","0.012169042602181435","0.012169042602181435","0.012169042602181435"
"21113","0.02517588809132576","0.02517588809132576","0.02517588809132576"
"21117","0.005704974755644798","0.005704974755644798","0.005704974755644798"
"21125","0.0019464921206235886","0.0019464921206235886","0.0019464921206235886"
"21129","0.012286577373743057","0.012286577373743057","0.012286577373743057"
"21131","0.00982370600104332","0.00982370600104332","0.00982370600104332"
"21137","0.004267409443855286","0.004267409443855286","0.004267409443855286"
"21143","0.01931270956993103","0.01931270956993103","0.01931270956993103"
"21145","0.013219427317380905","0.013219427317380905","0.013219427317380905"
"21147","0.00952727347612381","0.00952727347612381","0.00952727347612381"
"21163","0.01919526606798172","0.01919526606798172","0.01919526606798172"
"21167","0.0107390396296978","0.0107390396296978","0.0107390396296978"
"21171","0.08589360117912292","0.08589360117912292","0.08589360117912292"
"21173","0.014842584729194641","0.014842584729194641","0.014842584729194641"
"21181","0.019741209223866463","0.019741209223866463","0.019741209223866463"
"21189","0.008046325296163559","0.008046325296163559","0.008046325296163559"
"21191","0.04183017462491989","0.04183017462491989","0.04183017462491989"
"21193","0.004391787573695183","0.004391787573695183","0.004391787573695183"
"21199","0.025424540042877197","0.025424540042877197","0.025424540042877197"
"21203","0.0023231059312820435","0.0023231059312820435","0.0023231059312820435"
"21205","0.02211233228445053","0.02211233228445053","0.02211233228445053"
"21207","0.03182210028171539","0.03182210028171539","0.03182210028171539"
"21217","0.03606342896819115","0.03606342896819115","0.03606342896819115"
"21223","0.018294071778655052","0.018294071778655052","0.018294071778655052"
"21225","0.013382039964199066","0.013382039964199066","0.013382039964199066"
"21239","0.0853780210018158","0.0853780210018158","0.0853780210018158"
"21241","0.0029075145721435547","0.0029075145721435547","0.0029075145721435547"
"21243","0.02178729511797428","0.02178729511797428","0.02178729511797428"
"21247","0.035457901656627655","0.035457901656627655","0.035457901656627655"
"21257","0.006251253187656403","0.006251253187656403","0.006251253187656403"
"21273","0.0025432705879211426","0.0025432705879211426","0.0025432705879211426"
"21275","0.001354902982711792","0.001354902982711792","0.001354902982711792"
"21291","0.0003549940884113312","0.0003549940884113312","0.0003549940884113312"
"21295","0.01543361134827137","0.01543361134827137","0.01543361134827137"
"21299","0.021555908024311066","0.021555908024311066","0.021555908024311066"
"21301","0.006571732461452484","0.006571732461452484","0.006571732461452484"
"21316","0.012278452515602112","0.012278452515602112","0.012278452515602112"
"21320","0.004808632656931877","0.004808632656931877","0.004808632656931877"
"21322","0.03475753217935562","0.03475753217935562","0.03475753217935562"
"21330","0.058283209800720215","0.058283209800720215","0.058283209800720215"
"21336","0.029406961053609848","0.029406961053609848","0.029406961053609848"
"21338","0.057820044457912445","0.057820044457912445","0.057820044457912445"
"21340","0.009987140074372292","0.009987140074372292","0.009987140074372292"
"21344","0.06978697329759598","0.06978697329759598","0.06978697329759598"
"21346","0.009272811934351921","0.009272811934351921","0.009272811934351921"
"21352","0.00386810302734375","0.00386810302734375","0.00386810302734375"
"21388","0.0011040344834327698","0.0011040344834327698","0.0011040344834327698"
"21390","0.013635493814945221","0.013635493814945221","0.013635493814945221"
"21398","0.028137274086475372","0.028137274086475372","0.028137274086475372"
"21402","0.03303906321525574","0.03303906321525574","0.03303906321525574"
"21404","0.007916498929262161","0.007916498929262161","0.007916498929262161"
"21412","0.008650362491607666","0.008650362491607666","0.008650362491607666"
"21416","0.09843282401561737","0.09843282401561737","0.09843282401561737"
"21420","0.036914121359586716","0.036914121359586716","0.036914121359586716"
"21422","0.0016815736889839172","0.0016815736889839172","0.0016815736889839172"
"21426","0.05894658714532852","0.05894658714532852","0.05894658714532852"
"21428","0.0019068624824285507","0.0019068624824285507","0.0019068624824285507"
"21436","0.010603321716189384","0.010603321716189384","0.010603321716189384"
"21442","0.021100152283906937","0.021100152283906937","0.021100152283906937"
"21444","0.0014918409287929535","0.0014918409287929535","0.0014918409287929535"
"21450","0.07888750731945038","0.07888750731945038","0.07888750731945038"
"21456","0.017194196581840515","0.017194196581840515","0.017194196581840515"
"21460","0.013239897787570953","0.013239897787570953","0.013239897787570953"
"21466","0.03766701743006706","0.03766701743006706","0.03766701743006706"
"21476","0.006690243259072304","0.006690243259072304","0.006690243259072304"
"21480","0.003989284858107567","0.003989284858107567","0.003989284858107567"
"21482","0.002361491322517395","0.002361491322517395","0.002361491322517395"
"21486","0.006615251302719116","0.006615251302719116","0.006615251302719116"
"21492","0.050477832555770874","0.050477832555770874","0.050477832555770874"
"21500","0.004424462094902992","0.004424462094902992","0.004424462094902992"
"21504","0.04781181365251541","0.04781181365251541","0.04781181365251541"
"21510","0.001333329826593399","0.001333329826593399","0.001333329826593399"
"21516","0.007635282352566719","0.007635282352566719","0.007635282352566719"
"21518","0.0020697154104709625","0.0020697154104709625","0.0020697154104709625"
"21520","0.00207461416721344","0.00207461416721344","0.00207461416721344"
"21526","0.036164019256830215","0.036164019256830215","0.036164019256830215"
"21528","0.014321744441986084","0.014321744441986084","0.014321744441986084"
"21530","0.012789927423000336","0.012789927423000336","0.012789927423000336"
"21534","0.0186612606048584","0.0186612606048584","0.0186612606048584"
"21544","0.0017523914575576782","0.0017523914575576782","0.0017523914575576782"
"21550","0.003252878785133362","0.003252878785133362","0.003252878785133362"
"21552","0.012962482869625092","0.012962482869625092","0.012962482869625092"
"21564","0.04103899374604225","0.04103899374604225","0.04103899374604225"
"21568","0.0031051989644765854","0.0031051989644765854","0.0031051989644765854"
"21574","0.0030093342065811157","0.0030093342065811157","0.0030093342065811157"
"21580","0.006215246394276619","0.006215246394276619","0.006215246394276619"
"21582","0.02189372479915619","0.02189372479915619","0.02189372479915619"
"21584","0.011529173702001572","0.011529173702001572","0.011529173702001572"
"21592","0.003725498914718628","0.003725498914718628","0.003725498914718628"
"21594","0.023437652736902237","0.023437652736902237","0.023437652736902237"
"21606","0.04508724808692932","0.04508724808692932","0.04508724808692932"
"21612","0.00040806829929351807","0.00040806829929351807","0.00040806829929351807"
"21614","0.057915546000003815","0.057915546000003815","0.057915546000003815"
"21618","0.009973322972655296","0.009973322972655296","0.009973322972655296"
"21620","0.004302922636270523","0.004302922636270523","0.004302922636270523"
"21624","0.018153712153434753","0.018153712153434753","0.018153712153434753"
"21630","0.008388150483369827","0.008388150483369827","0.008388150483369827"
"21632","0.004595145583152771","0.004595145583152771","0.004595145583152771"
"21634","0.01707669161260128","0.01707669161260128","0.01707669161260128"
"21636","0.015853190794587135","0.015853190794587135","0.015853190794587135"
"21648","0.039111897349357605","0.039111897349357605","0.039111897349357605"
"21662","0.002305414527654648","0.002305414527654648","0.002305414527654648"
"21666","0.002038251608610153","0.002038251608610153","0.002038251608610153"
"21680","0.008019248023629189","0.008019248023629189","0.008019248023629189"
"21682","0.014863649383187294","0.014863649383187294","0.014863649383187294"
"21690","0.0006988830864429474","0.0006988830864429474","0.0006988830864429474"
"21692","0.006529707461595535","0.006529707461595535","0.006529707461595535"
"21694","0.0010776128619909286","0.0010776128619909286","0.0010776128619909286"
"21700","0.0008453298360109329","0.0008453298360109329","0.0008453298360109329"
"21706","0.0067591313272714615","0.0067591313272714615","0.0067591313272714615"
"21710","0.008012630045413971","0.008012630045413971","0.008012630045413971"
"21712","0.03339757025241852","0.03339757025241852","0.03339757025241852"
"21714","0.005472434684634209","0.005472434684634209","0.005472434684634209"
"21720","0.0008370913565158844","0.0008370913565158844","0.0008370913565158844"
"21722","0.004633031785488129","0.004633031785488129","0.004633031785488129"
"21724","0.011659178882837296","0.011659178882837296","0.011659178882837296"
"21726","0.008822161704301834","0.008822161704301834","0.008822161704301834"
"21732","0.0009951591491699219","0.0009951591491699219","0.0009951591491699219"
"21734","0.002961728721857071","0.002961728721857071","0.002961728721857071"
"21742","0.009399937465786934","0.009399937465786934","0.009399937465786934"
"21744","0.005626330152153969","0.005626330152153969","0.005626330152153969"
"21750","0.02028176560997963","0.02028176560997963","0.02028176560997963"
"21760","0.0003778953105211258","0.0003778953105211258","0.0003778953105211258"
"21770","0.00023684650659561157","0.00023684650659561157","0.00023684650659561157"
"21772","0.012408509850502014","0.012408509850502014","0.012408509850502014"
"21794","0.021862739697098732","0.021862739697098732","0.021862739697098732"
"21800","0.0021238569170236588","0.0021238569170236588","0.0021238569170236588"
"21810","0.0009082760661840439","0.0009082760661840439","0.0009082760661840439"
"21814","0.00491117499768734","0.00491117499768734","0.00491117499768734"
"21820","0.011601824313402176","0.011601824313402176","0.011601824313402176"
"21822","0.03338320925831795","0.03338320925831795","0.03338320925831795"
"21828","0.005109449848532677","0.005109449848532677","0.005109449848532677"
"21830","0.010065419599413872","0.010065419599413872","0.010065419599413872"
"21832","0.02309914492070675","0.02309914492070675","0.02309914492070675"
"21836","0.0013651233166456223","0.0013651233166456223","0.0013651233166456223"
"21838","0.0007828790694475174","0.0007828790694475174","0.0007828790694475174"
"21840","0.005611298605799675","0.005611298605799675","0.005611298605799675"
"21850","0.018021050840616226","0.018021050840616226","0.018021050840616226"
"21852","0.000565260648727417","0.000565260648727417","0.000565260648727417"
"21854","0.0014685764908790588","0.0014685764908790588","0.0014685764908790588"
"21856","0.001131836324930191","0.001131836324930191","0.001131836324930191"
"21858","0.0008797775954008102","0.0008797775954008102","0.0008797775954008102"
"21864","0.0031616445630788803","0.0031616445630788803","0.0031616445630788803"
"21868","0.0011744927614927292","0.0011744927614927292","0.0011744927614927292"
"21872","0.001241099089384079","0.001241099089384079","0.001241099089384079"
"21876","0.0031016096472740173","0.0031016096472740173","0.0031016096472740173"
"21882","0.002627236768603325","0.002627236768603325","0.002627236768603325"
"21890","0.0013788249343633652","0.0013788249343633652","0.0013788249343633652"
"21896","0.007706500589847565","0.007706500589847565","0.007706500589847565"
"21898","0.0029716864228248596","0.0029716864228248596","0.0029716864228248596"
"21900","0.0008721295744180679","0.0008721295744180679","0.0008721295744180679"
"21906","0.011299557983875275","0.011299557983875275","0.011299557983875275"
"21910","0.026549501344561577","0.026549501344561577","0.026549501344561577"
"21912","0.00586279109120369","0.00586279109120369","0.00586279109120369"
"21914","0.004511749371886253","0.004511749371886253","0.004511749371886253"
"21916","0.03617985174059868","0.03617985174059868","0.03617985174059868"
"21922","0.0038862284272909164","0.0038862284272909164","0.0038862284272909164"
"21926","0.011344965547323227","0.011344965547323227","0.011344965547323227"
"21928","0.008177204057574272","0.008177204057574272","0.008177204057574272"
"21934","0.0022637322545051575","0.0022637322545051575","0.0022637322545051575"
"21938","0.00023605860769748688","0.00023605860769748688","0.00023605860769748688"
"21940","0.002303376793861389","0.002303376793861389","0.002303376793861389"
"21944","0.005495831370353699","0.005495831370353699","0.005495831370353699"
"21948","0.005126461386680603","0.005126461386680603","0.005126461386680603"
"21958","0.007659720256924629","0.007659720256924629","0.007659720256924629"
"21960","0.0030226148664951324","0.0030226148664951324","0.0030226148664951324"
"21962","0.00818118266761303","0.00818118266761303","0.00818118266761303"
"21964","0.0037025604397058487","0.0037025604397058487","0.0037025604397058487"
"21970","0.002506449818611145","0.002506449818611145","0.002506449818611145"
"21972","0.02901238575577736","0.02901238575577736","0.02901238575577736"
"21974","0.001132698729634285","0.001132698729634285","0.001132698729634285"
"21980","0.01415226049721241","0.01415226049721241","0.01415226049721241"
"21982","0.002160666510462761","0.002160666510462761","0.002160666510462761"
"21984","0.0003370065242052078","0.0003370065242052078","0.0003370065242052078"
"21990","0.0018737241625785828","0.0018737241625785828","0.0018737241625785828"
"21998","0.07746952027082443","0.07746952027082443","0.07746952027082443"
"22008","0.007063576951622963","0.007063576951622963","0.007063576951622963"
"22014","0.026628276333212852","0.026628276333212852","0.026628276333212852"
"22024","0.0025672726333141327","0.0025672726333141327","0.0025672726333141327"
"22028","0.025175534188747406","0.025175534188747406","0.025175534188747406"
"22030","0.06465660035610199","0.06465660035610199","0.06465660035610199"
"22032","0.03532325476408005","0.03532325476408005","0.03532325476408005"
"22034","0.024235151708126068","0.024235151708126068","0.024235151708126068"
"22036","0.024623647332191467","0.024623647332191467","0.024623647332191467"
"22048","0.0009972378611564636","0.0009972378611564636","0.0009972378611564636"
"22052","0.032725006341934204","0.032725006341934204","0.032725006341934204"
"22060","0.012940915301442146","0.012940915301442146","0.012940915301442146"
"22072","0.0016036927700042725","0.0016036927700042725","0.0016036927700042725"
"22078","0.020143896341323853","0.020143896341323853","0.020143896341323853"
"22082","0.011511681601405144","0.011511681601405144","0.011511681601405144"
"22090","0.008820943534374237","0.008820943534374237","0.008820943534374237"
"22092","0.009771125391125679","0.009771125391125679","0.009771125391125679"
"22094","0.0012980550527572632","0.0012980550527572632","0.0012980550527572632"
"22096","0.06513640284538269","0.06513640284538269","0.06513640284538269"
"22098","0.00452469103038311","0.00452469103038311","0.00452469103038311"
"22102","0.04132524132728577","0.04132524132728577","0.04132524132728577"
"22112","0.0006910115480422974","0.0006910115480422974","0.0006910115480422974"
"22120","0.036527395248413086","0.036527395248413086","0.036527395248413086"
"22122","0.0025852713733911514","0.0025852713733911514","0.0025852713733911514"
"22126","0.030672473832964897","0.030672473832964897","0.030672473832964897"
"22130","0.0012346617877483368","0.0012346617877483368","0.0012346617877483368"
"22134","0.0038834381848573685","0.0038834381848573685","0.0038834381848573685"
"22136","0.03256028890609741","0.03256028890609741","0.03256028890609741"
"22142","0.002734653651714325","0.002734653651714325","0.002734653651714325"
"22144","0.005122402682900429","0.005122402682900429","0.005122402682900429"
"22156","0.04040950909256935","0.04040950909256935","0.04040950909256935"
"22158","0.01258084923028946","0.01258084923028946","0.01258084923028946"
"22164","0.002609018236398697","0.002609018236398697","0.002609018236398697"
"22166","0.03202489763498306","0.03202489763498306","0.03202489763498306"
"22168","0.0050773173570632935","0.0050773173570632935","0.0050773173570632935"
"22170","0.001254405826330185","0.001254405826330185","0.001254405826330185"
"22176","0.000363226979970932","0.000363226979970932","0.000363226979970932"
"22180","0.005144372582435608","0.005144372582435608","0.005144372582435608"
"22182","0.007723111659288406","0.007723111659288406","0.007723111659288406"
"22188","0.007864518091082573","0.007864518091082573","0.007864518091082573"
"22198","0.01580381952226162","0.01580381952226162","0.01580381952226162"
"22208","0.013110298663377762","0.013110298663377762","0.013110298663377762"
"22214","0.0007383301854133606","0.0007383301854133606","0.0007383301854133606"
"22216","0.0008264463394880295","0.0008264463394880295","0.0008264463394880295"
"22226","0.0037880465388298035","0.0037880465388298035","0.0037880465388298035"
"22236","0.008577048778533936","0.008577048778533936","0.008577048778533936"
"22240","0.02267100103199482","0.02267100103199482","0.02267100103199482"
"22242","0.003111734986305237","0.003111734986305237","0.003111734986305237"
"22246","0.005986306816339493","0.005986306816339493","0.005986306816339493"
"22252","0.001211646944284439","0.001211646944284439","0.001211646944284439"
"22254","0.006371922791004181","0.006371922791004181","0.006371922791004181"
"22260","0.05079517513513565","0.05079517513513565","0.05079517513513565"
"22266","0.004050677642226219","0.004050677642226219","0.004050677642226219"
"22274","0.014335602521896362","0.014335602521896362","0.014335602521896362"
"22282","0.002576008439064026","0.002576008439064026","0.002576008439064026"
"22288","0.002124592661857605","0.002124592661857605","0.002124592661857605"
"22290","0.0732586681842804","0.0732586681842804","0.0732586681842804"
"22292","0.0022215377539396286","0.0022215377539396286","0.0022215377539396286"
"22294","0.001589994877576828","0.001589994877576828","0.001589994877576828"
"22301","0.001495175063610077","0.001495175063610077","0.001495175063610077"
"22303","0.0008398611098527908","0.0008398611098527908","0.0008398611098527908"
"22315","0.00778748095035553","0.00778748095035553","0.00778748095035553"
"22319","0.0028277449309825897","0.0028277449309825897","0.0028277449309825897"
"22321","0.001523919403553009","0.001523919403553009","0.001523919403553009"
"22333","0.05914221704006195","0.05914221704006195","0.05914221704006195"
"22335","0.002940528094768524","0.002940528094768524","0.002940528094768524"
"22339","0.007904428988695145","0.007904428988695145","0.007904428988695145"
"22341","0.001543678343296051","0.001543678343296051","0.001543678343296051"
"22343","0.008201155811548233","0.008201155811548233","0.008201155811548233"
"22349","0.0014490261673927307","0.0014490261673927307","0.0014490261673927307"
"22357","0.010931652039289474","0.010931652039289474","0.010931652039289474"
"22359","0.00029020756483078003","0.00029020756483078003","0.00029020756483078003"
"22361","0.00148039311170578","0.00148039311170578","0.00148039311170578"
"22369","0.003009513020515442","0.003009513020515442","0.003009513020515442"
"22375","0.0012451950460672379","0.0012451950460672379","0.0012451950460672379"
"22385","0.001243874430656433","0.001243874430656433","0.001243874430656433"
"22387","0.05852433294057846","0.05852433294057846","0.05852433294057846"
"22389","0.001313658431172371","0.001313658431172371","0.001313658431172371"
"22391","0.002727208659052849","0.002727208659052849","0.002727208659052849"
"22397","0.013531148433685303","0.013531148433685303","0.013531148433685303"
"22399","0.010150721296668053","0.010150721296668053","0.010150721296668053"
"22417","0.04200685769319534","0.04200685769319534","0.04200685769319534"
"22419","0.012491129338741302","0.012491129338741302","0.012491129338741302"
"22425","0.0007574856281280518","0.0007574856281280518","0.0007574856281280518"
"22427","0.022591130807995796","0.022591130807995796","0.022591130807995796"
"22433","0.02904801070690155","0.02904801070690155","0.02904801070690155"
"22445","0.0007161814719438553","0.0007161814719438553","0.0007161814719438553"
"22449","0.006409520283341408","0.006409520283341408","0.006409520283341408"
"22451","0.008248910307884216","0.008248910307884216","0.008248910307884216"
"22455","0.0294572114944458","0.0294572114944458","0.0294572114944458"
"22457","0.003360806033015251","0.003360806033015251","0.003360806033015251"
"22461","0.002998063340783119","0.002998063340783119","0.002998063340783119"
"22475","0.004143180325627327","0.004143180325627327","0.004143180325627327"
"22481","0.0015346463769674301","0.0015346463769674301","0.0015346463769674301"
"22487","0.0025092847645282745","0.0025092847645282745","0.0025092847645282745"
"22495","0.0061379726976156235","0.0061379726976156235","0.0061379726976156235"
"22497","0.0018639862537384033","0.0018639862537384033","0.0018639862537384033"
"22499","0.03516320884227753","0.03516320884227753","0.03516320884227753"
"22501","0.0005353372544050217","0.0005353372544050217","0.0005353372544050217"
"22505","0.0006779041141271591","0.0006779041141271591","0.0006779041141271591"
"22515","0.003482285887002945","0.003482285887002945","0.003482285887002945"
"22523","0.003957459703087807","0.003957459703087807","0.003957459703087807"
"22527","0.03339703381061554","0.03339703381061554","0.03339703381061554"
"22531","0.0016509611159563065","0.0016509611159563065","0.0016509611159563065"
"22533","0.00020383112132549286","0.00020383112132549286","0.00020383112132549286"
"22537","0.008741095662117004","0.008741095662117004","0.008741095662117004"
"22545","0.012454550713300705","0.012454550713300705","0.012454550713300705"
"22547","0.02640247531235218","0.02640247531235218","0.02640247531235218"
"22549","0.006876632571220398","0.006876632571220398","0.006876632571220398"
"22565","0.008328009396791458","0.008328009396791458","0.008328009396791458"
"22579","0.01586276665329933","0.01586276665329933","0.01586276665329933"
"22583","0.0031452514231204987","0.0031452514231204987","0.0031452514231204987"
"22585","0.0037019923329353333","0.0037019923329353333","0.0037019923329353333"
"22589","0.0018940698355436325","0.0018940698355436325","0.0018940698355436325"
"22591","0.017360016703605652","0.017360016703605652","0.017360016703605652"
"22593","0.033978402614593506","0.033978402614593506","0.033978402614593506"
"22597","0.01327655278146267","0.01327655278146267","0.01327655278146267"
"22599","0.028767429292201996","0.028767429292201996","0.028767429292201996"
"22605","0.025663018226623535","0.025663018226623535","0.025663018226623535"
"22611","0.0624057836830616","0.0624057836830616","0.0624057836830616"
"22613","0.011440524831414223","0.011440524831414223","0.011440524831414223"
"22621","0.000031596049666404724","0.000031596049666404724","0.000031596049666404724"
"22623","0.008501354604959488","0.008501354604959488","0.008501354604959488"
"22627","0.007595514878630638","0.007595514878630638","0.007595514878630638"
"22629","0.01031867042183876","0.01031867042183876","0.01031867042183876"
"22649","0.002410564571619034","0.002410564571619034","0.002410564571619034"
"22653","0.0050751082599163055","0.0050751082599163055","0.0050751082599163055"
"22655","0.011488746851682663","0.011488746851682663","0.011488746851682663"
"22659","0.12690891325473785","0.12690891325473785","0.12690891325473785"
"22665","0.0017148889601230621","0.0017148889601230621","0.0017148889601230621"
"22669","0.0012983009219169617","0.0012983009219169617","0.0012983009219169617"
"22677","0.009719878435134888","0.009719878435134888","0.009719878435134888"
"22679","0.016807304695248604","0.016807304695248604","0.016807304695248604"
"22685","0.034763921052217484","0.034763921052217484","0.034763921052217484"
"22687","0.0007872022688388824","0.0007872022688388824","0.0007872022688388824"
"22689","0.011231958866119385","0.011231958866119385","0.011231958866119385"
"22691","0.003462906926870346","0.003462906926870346","0.003462906926870346"
"22693","0.02911817841231823","0.02911817841231823","0.02911817841231823"
"22695","0.012593377381563187","0.012593377381563187","0.012593377381563187"
"22697","0.0015415437519550323","0.0015415437519550323","0.0015415437519550323"
"22699","0.003440307453274727","0.003440307453274727","0.003440307453274727"
"22705","0.02996806986629963","0.02996806986629963","0.02996806986629963"
"22709","0.012412350624799728","0.012412350624799728","0.012412350624799728"
"22713","0.0027649104595184326","0.0027649104595184326","0.0027649104595184326"
"22717","0.028246190398931503","0.028246190398931503","0.028246190398931503"
"22723","0.0043990276753902435","0.0043990276753902435","0.0043990276753902435"
"22725","0.01835649088025093","0.01835649088025093","0.01835649088025093"
"22727","0.007445888593792915","0.007445888593792915","0.007445888593792915"
"22737","0.008005158975720406","0.008005158975720406","0.008005158975720406"
"22743","0.00017996132373809814","0.00017996132373809814","0.00017996132373809814"
"22747","0.000994918867945671","0.000994918867945671","0.000994918867945671"
"22759","0.02868357114493847","0.02868357114493847","0.02868357114493847"
"22761","0.004436129704117775","0.004436129704117775","0.004436129704117775"
"22763","0.001281069591641426","0.001281069591641426","0.001281069591641426"
"22767","0.0008302927017211914","0.0008302927017211914","0.0008302927017211914"
"22775","0.005059149116277695","0.005059149116277695","0.005059149116277695"
"22777","0.053077924996614456","0.053077924996614456","0.053077924996614456"
"22785","0.008018139749765396","0.008018139749765396","0.008018139749765396"
"22795","0.000380493700504303","0.000380493700504303","0.000380493700504303"
"22797","0.00038132444024086","0.00038132444024086","0.00038132444024086"
"22799","0.02537073753774166","0.02537073753774166","0.02537073753774166"
"22801","0.04982886463403702","0.04982886463403702","0.04982886463403702"
"22803","0.007060062140226364","0.007060062140226364","0.007060062140226364"
"22807","0.021981261670589447","0.021981261670589447","0.021981261670589447"
"22815","0.08582510054111481","0.08582510054111481","0.08582510054111481"
"22817","0.0017444603145122528","0.0017444603145122528","0.0017444603145122528"
"22823","0.0009905844926834106","0.0009905844926834106","0.0009905844926834106"
"22829","0.00046116113662719727","0.00046116113662719727","0.00046116113662719727"
"22831","0.0017587840557098389","0.0017587840557098389","0.0017587840557098389"
"22837","0.005999654531478882","0.005999654531478882","0.005999654531478882"
"22839","0.006733765825629234","0.006733765825629234","0.006733765825629234"
"22851","0.004386691376566887","0.004386691376566887","0.004386691376566887"
"22861","0.02266353741288185","0.02266353741288185","0.02266353741288185"
"22879","0.11755429208278656","0.11755429208278656","0.11755429208278656"
"22885","0.002540040761232376","0.002540040761232376","0.002540040761232376"
"22887","0.0045114196836948395","0.0045114196836948395","0.0045114196836948395"
"22893","0.05700313299894333","0.05700313299894333","0.05700313299894333"
"22895","0.025676164776086807","0.025676164776086807","0.025676164776086807"
"22899","0.003711966797709465","0.003711966797709465","0.003711966797709465"
"22901","0.010746020823717117","0.010746020823717117","0.010746020823717117"
"22913","0.0014621056616306305","0.0014621056616306305","0.0014621056616306305"
"22915","0.0077351778745651245","0.0077351778745651245","0.0077351778745651245"
"22921","0.004496609792113304","0.004496609792113304","0.004496609792113304"
"22929","0.005308868363499641","0.005308868363499641","0.005308868363499641"
"22933","0.03027994930744171","0.03027994930744171","0.03027994930744171"
"22935","0.05859638750553131","0.05859638750553131","0.05859638750553131"
"22941","0.014285968616604805","0.014285968616604805","0.014285968616604805"
"22947","0.014309840276837349","0.014309840276837349","0.014309840276837349"
"22949","0.0125044547021389","0.0125044547021389","0.0125044547021389"
"22953","0.0027290023863315582","0.0027290023863315582","0.0027290023863315582"
"22955","0.029663551598787308","0.029663551598787308","0.029663551598787308"
"22961","0.000730438157916069","0.000730438157916069","0.000730438157916069"
"22963","0.007190415635704994","0.007190415635704994","0.007190415635704994"
"22965","0.06955376267433167","0.06955376267433167","0.06955376267433167"
"22969","0.0025034472346305847","0.0025034472346305847","0.0025034472346305847"
"22985","0.005581984296441078","0.005581984296441078","0.005581984296441078"
"22987","0.001343579962849617","0.001343579962849617","0.001343579962849617"
"22991","0.011261457577347755","0.011261457577347755","0.011261457577347755"
"22993","0.04006129875779152","0.04006129875779152","0.04006129875779152"
"22999","0.07267148792743683","0.07267148792743683","0.07267148792743683"
"23005","0.012258447706699371","0.012258447706699371","0.012258447706699371"
"23009","0.016883745789527893","0.016883745789527893","0.016883745789527893"
"23019","0.001644238829612732","0.001644238829612732","0.001644238829612732"
"23021","0.0017859917134046555","0.0017859917134046555","0.0017859917134046555"
"23023","0.010050948709249496","0.010050948709249496","0.010050948709249496"
"23025","0.0050162672996521","0.0050162672996521","0.0050162672996521"
"23029","0.0063357874751091","0.0063357874751091","0.0063357874751091"
"23031","0.0007791426032781601","0.0007791426032781601","0.0007791426032781601"
"23039","0.011962618678808212","0.011962618678808212","0.011962618678808212"
"23049","0.0008850563317537308","0.0008850563317537308","0.0008850563317537308"
"23055","0.005360767245292664","0.005360767245292664","0.005360767245292664"
"23061","0.038142312318086624","0.038142312318086624","0.038142312318086624"
"23069","0.0008160397410392761","0.0008160397410392761","0.0008160397410392761"
"23071","0.0020979829132556915","0.0020979829132556915","0.0020979829132556915"
"23083","0.003938682377338409","0.003938682377338409","0.003938682377338409"
"23093","0.008953750133514404","0.008953750133514404","0.008953750133514404"
"23097","0.0021141618490219116","0.0021141618490219116","0.0021141618490219116"
"23105","0.009063705801963806","0.009063705801963806","0.009063705801963806"
"23111","0.015673702582716942","0.015673702582716942","0.015673702582716942"
"23117","0.0547151044011116","0.0547151044011116","0.0547151044011116"
"23127","0.004956129938364029","0.004956129938364029","0.004956129938364029"
"23131","0.012859225273132324","0.012859225273132324","0.012859225273132324"
"23137","0.00207383930683136","0.00207383930683136","0.00207383930683136"
"23139","0.009592941030859947","0.009592941030859947","0.009592941030859947"
"23143","0.0017164554446935654","0.0017164554446935654","0.0017164554446935654"
"23145","0.03558329492807388","0.03558329492807388","0.03558329492807388"
"23147","0.003532707691192627","0.003532707691192627","0.003532707691192627"
"23153","0.0010863952338695526","0.0010863952338695526","0.0010863952338695526"
"23155","0.010193603113293648","0.010193603113293648","0.010193603113293648"
"23157","0.0033639632165431976","0.0033639632165431976","0.0033639632165431976"
"23165","0.0012574270367622375","0.0012574270367622375","0.0012574270367622375"
"23167","0.005611788481473923","0.005611788481473923","0.005611788481473923"
"23169","0.0014051366597414017","0.0014051366597414017","0.0014051366597414017"
"23171","0.020589616149663925","0.020589616149663925","0.020589616149663925"
"23181","0.019508618861436844","0.019508618861436844","0.019508618861436844"
"23185","0.02546813152730465","0.02546813152730465","0.02546813152730465"
"23187","0.050782859325408936","0.050782859325408936","0.050782859325408936"
"23191","0.009707039222121239","0.009707039222121239","0.009707039222121239"
"23193","0.002474028617143631","0.002474028617143631","0.002474028617143631"
"23197","0.04320278763771057","0.04320278763771057","0.04320278763771057"
"23199","0.0024500731378793716","0.0024500731378793716","0.0024500731378793716"
"23203","0.003467043861746788","0.003467043861746788","0.003467043861746788"
"23207","0.0394430011510849","0.0394430011510849","0.0394430011510849"
"23215","0.0011152997612953186","0.0011152997612953186","0.0011152997612953186"
"23219","0.002651575952768326","0.002651575952768326","0.002651575952768326"
"23231","0.0032979771494865417","0.0032979771494865417","0.0032979771494865417"
"23233","0.0019688494503498077","0.0019688494503498077","0.0019688494503498077"
"23235","0.005595767870545387","0.005595767870545387","0.005595767870545387"
"23239","0.009588798508048058","0.009588798508048058","0.009588798508048058"
"23241","0.0037525519728660583","0.0037525519728660583","0.0037525519728660583"
"23243","0.05525285005569458","0.05525285005569458","0.05525285005569458"
"23249","0.003126293420791626","0.003126293420791626","0.003126293420791626"
"23255","0.04543174430727959","0.04543174430727959","0.04543174430727959"
"23257","0.01073753833770752","0.01073753833770752","0.01073753833770752"
"23261","0.0012272186577320099","0.0012272186577320099","0.0012272186577320099"
"23279","0.04486415535211563","0.04486415535211563","0.04486415535211563"
"23281","0.008206363767385483","0.008206363767385483","0.008206363767385483"
"23283","0.01526227593421936","0.01526227593421936","0.01526227593421936"
"23285","0.018202347680926323","0.018202347680926323","0.018202347680926323"
"23290","0.028499968349933624","0.028499968349933624","0.028499968349933624"
"23296","0.005653951317071915","0.005653951317071915","0.005653951317071915"
"23300","0.0011339057236909866","0.0011339057236909866","0.0011339057236909866"
"23302","0.0018809810280799866","0.0018809810280799866","0.0018809810280799866"
"23304","0.017988916486501694","0.017988916486501694","0.017988916486501694"
"23306","0.007599156349897385","0.007599156349897385","0.007599156349897385"
"23308","0.003103984519839287","0.003103984519839287","0.003103984519839287"
"23310","0.006179139018058777","0.006179139018058777","0.006179139018058777"
"23314","0.0501987561583519","0.0501987561583519","0.0501987561583519"
"23318","0.006534207612276077","0.006534207612276077","0.006534207612276077"
"23322","0.0009775236248970032","0.0009775236248970032","0.0009775236248970032"
"23326","0.008505942299962044","0.008505942299962044","0.008505942299962044"
"23330","0.02683439292013645","0.02683439292013645","0.02683439292013645"
"23336","0.004315337166190147","0.004315337166190147","0.004315337166190147"
"23338","0.0772966593503952","0.0772966593503952","0.0772966593503952"
"23340","0.003565095365047455","0.003565095365047455","0.003565095365047455"
"23346","0.06745749711990356","0.06745749711990356","0.06745749711990356"
"23348","0.002638721838593483","0.002638721838593483","0.002638721838593483"
"23352","0.0011513009667396545","0.0011513009667396545","0.0011513009667396545"
"23354","0.022827666252851486","0.022827666252851486","0.022827666252851486"
"23356","0.000753326341509819","0.000753326341509819","0.000753326341509819"
"23364","0.01637616753578186","0.01637616753578186","0.01637616753578186"
"23366","0.03796062991023064","0.03796062991023064","0.03796062991023064"
"23372","0.0005566608160734177","0.0005566608160734177","0.0005566608160734177"
"23374","0.007787160575389862","0.007787160575389862","0.007787160575389862"
"23384","0.00039951130747795105","0.00039951130747795105","0.00039951130747795105"
"23390","0.008906230330467224","0.008906230330467224","0.008906230330467224"
"23392","0.029483236372470856","0.029483236372470856","0.029483236372470856"
"23394","0.03782343119382858","0.03782343119382858","0.03782343119382858"
"23398","0.02899409458041191","0.02899409458041191","0.02899409458041191"
"23400","0.012899357825517654","0.012899357825517654","0.012899357825517654"
"23402","0.003282850608229637","0.003282850608229637","0.003282850608229637"
"23404","0.0019331220537424088","0.0019331220537424088","0.0019331220537424088"
"23406","0.012017395347356796","0.012017395347356796","0.012017395347356796"
"23410","0.033552274107933044","0.033552274107933044","0.033552274107933044"
"23414","0.0009035710245370865","0.0009035710245370865","0.0009035710245370865"
"23416","0.008432406932115555","0.008432406932115555","0.008432406932115555"
"23422","0.027085013687610626","0.027085013687610626","0.027085013687610626"
"23448","0.005210837349295616","0.005210837349295616","0.005210837349295616"
"23458","0.04780784994363785","0.04780784994363785","0.04780784994363785"
"23468","0.0004636906087398529","0.0004636906087398529","0.0004636906087398529"
"23470","0.011471917852759361","0.011471917852759361","0.011471917852759361"
"23482","0.03174658492207527","0.03174658492207527","0.03174658492207527"
"23492","0.0005504582077264786","0.0005504582077264786","0.0005504582077264786"
"23496","0.003318335860967636","0.003318335860967636","0.003318335860967636"
"23506","0.0024115238338708878","0.0024115238338708878","0.0024115238338708878"
"23508","0.03433268517255783","0.03433268517255783","0.03433268517255783"
"23510","0.022344771772623062","0.022344771772623062","0.022344771772623062"
"23514","0.003329997882246971","0.003329997882246971","0.003329997882246971"
"23520","0.01351148635149002","0.01351148635149002","0.01351148635149002"
"23526","0.008039761334657669","0.008039761334657669","0.008039761334657669"
"23536","0.00332680344581604","0.00332680344581604","0.00332680344581604"
"23544","0.056226421147584915","0.056226421147584915","0.056226421147584915"
"23548","0.006747422739863396","0.006747422739863396","0.006747422739863396"
"23550","0.011829003691673279","0.011829003691673279","0.011829003691673279"
"23556","0.0004715472459793091","0.0004715472459793091","0.0004715472459793091"
"23560","0.002403128892183304","0.002403128892183304","0.002403128892183304"
"23562","0.017071988433599472","0.017071988433599472","0.017071988433599472"
"23566","0.005814574658870697","0.005814574658870697","0.005814574658870697"
"23578","0.01845904067158699","0.01845904067158699","0.01845904067158699"
"23584","0.058354850858449936","0.058354850858449936","0.058354850858449936"
"23588","0.007658759132027626","0.007658759132027626","0.007658759132027626"
"23592","0.0020213499665260315","0.0020213499665260315","0.0020213499665260315"
"23602","0.003639237955212593","0.003639237955212593","0.003639237955212593"
"23606","0.01305033266544342","0.01305033266544342","0.01305033266544342"
"23614","0.003284646198153496","0.003284646198153496","0.003284646198153496"
"23616","0.006161868572235107","0.006161868572235107","0.006161868572235107"
"23626","0.0013379231095314026","0.0013379231095314026","0.0013379231095314026"
"23636","0.005420980975031853","0.005420980975031853","0.005420980975031853"
"23646","0.0017584357410669327","0.0017584357410669327","0.0017584357410669327"
"23648","0.0009353253990411758","0.0009353253990411758","0.0009353253990411758"
"23650","0.0017543323338031769","0.0017543323338031769","0.0017543323338031769"
"23656","0.003328390419483185","0.003328390419483185","0.003328390419483185"
"23658","0.0001806989312171936","0.0001806989312171936","0.0001806989312171936"
"23660","0.017700552940368652","0.017700552940368652","0.017700552940368652"
"23666","0.0026669353246688843","0.0026669353246688843","0.0026669353246688843"
"23668","0.006242288276553154","0.006242288276553154","0.006242288276553154"
"23670","0.0002997778356075287","0.0002997778356075287","0.0002997778356075287"
"23672","0.011446753516793251","0.011446753516793251","0.011446753516793251"
"23682","0.0035663601011037827","0.0035663601011037827","0.0035663601011037827"
"23684","0.002175513654947281","0.002175513654947281","0.002175513654947281"
"23686","0.02669663168489933","0.02669663168489933","0.02669663168489933"
"23690","0.01537955179810524","0.01537955179810524","0.01537955179810524"
"23692","0.015608629211783409","0.015608629211783409","0.015608629211783409"
"23696","0.006738947704434395","0.006738947704434395","0.006738947704434395"
"23698","0.005600156262516975","0.005600156262516975","0.005600156262516975"
"23700","0.0022751055657863617","0.0022751055657863617","0.0022751055657863617"
"23702","0.014041304588317871","0.014041304588317871","0.014041304588317871"
"23704","0.008182048797607422","0.008182048797607422","0.008182048797607422"
"23722","0.0483468733727932","0.0483468733727932","0.0483468733727932"
"23724","0.00980236753821373","0.00980236753821373","0.00980236753821373"
"23726","0.004976542666554451","0.004976542666554451","0.004976542666554451"
"23728","0.0011629853397607803","0.0011629853397607803","0.0011629853397607803"
"23740","0.0013946667313575745","0.0013946667313575745","0.0013946667313575745"
"23748","0.015380864962935448","0.015380864962935448","0.015380864962935448"
"23768","0.0248235072940588","0.0248235072940588","0.0248235072940588"
"23770","0.002514500170946121","0.002514500170946121","0.002514500170946121"
"23784","0.009613707661628723","0.009613707661628723","0.009613707661628723"
"23786","0.020867833867669106","0.020867833867669106","0.020867833867669106"
"23790","0.0038945116102695465","0.0038945116102695465","0.0038945116102695465"
"23794","0.004275485873222351","0.004275485873222351","0.004275485873222351"
"23796","0.00430946983397007","0.00430946983397007","0.00430946983397007"
"23798","0.00037949904799461365","0.00037949904799461365","0.00037949904799461365"
"23800","0.012675873935222626","0.012675873935222626","0.012675873935222626"
"23802","0.003565935418009758","0.003565935418009758","0.003565935418009758"
"23804","0.002314513549208641","0.002314513549208641","0.002314513549208641"
"23808","0.000883420929312706","0.000883420929312706","0.000883420929312706"
"23812","0.009173676371574402","0.009173676371574402","0.009173676371574402"
"23816","0.005625642836093903","0.005625642836093903","0.005625642836093903"
"23818","0.015595216304063797","0.015595216304063797","0.015595216304063797"
"23820","0.005061239004135132","0.005061239004135132","0.005061239004135132"
"23824","0.006643444299697876","0.006643444299697876","0.006643444299697876"
"23830","0.006756480783224106","0.006756480783224106","0.006756480783224106"
"23850","0.00026451796293258667","0.00026451796293258667","0.00026451796293258667"
"23852","0.013611560687422752","0.013611560687422752","0.013611560687422752"
"23862","0.04208046570420265","0.04208046570420265","0.04208046570420265"
"23864","0.004038520157337189","0.004038520157337189","0.004038520157337189"
"23870","0.004842896014451981","0.004842896014451981","0.004842896014451981"
"23880","0.023160861805081367","0.023160861805081367","0.023160861805081367"
"23882","0.06005966663360596","0.06005966663360596","0.06005966663360596"
"23888","0.01637500338256359","0.01637500338256359","0.01637500338256359"
"23892","0.006752124056220055","0.006752124056220055","0.006752124056220055"
"23900","0.009798919782042503","0.009798919782042503","0.009798919782042503"
"23906","0.00852695107460022","0.00852695107460022","0.00852695107460022"
"23910","0.0008405279368162155","0.0008405279368162155","0.0008405279368162155"
"23912","0.000624367967247963","0.000624367967247963","0.000624367967247963"
"23918","0.006860567256808281","0.006860567256808281","0.006860567256808281"
"23930","0.03445309400558472","0.03445309400558472","0.03445309400558472"
"23936","0.004241477698087692","0.004241477698087692","0.004241477698087692"
"23938","0.03134002536535263","0.03134002536535263","0.03134002536535263"
"23942","0.012219540774822235","0.012219540774822235","0.012219540774822235"
"23944","0.003780534490942955","0.003780534490942955","0.003780534490942955"
"23948","0.05086900666356087","0.05086900666356087","0.05086900666356087"
"23950","0.010255524888634682","0.010255524888634682","0.010255524888634682"
"23954","0.0012736693024635315","0.0012736693024635315","0.0012736693024635315"
"23956","0.0014531444758176804","0.0014531444758176804","0.0014531444758176804"
"23958","0.004719322547316551","0.004719322547316551","0.004719322547316551"
"23972","0.0014316532760858536","0.0014316532760858536","0.0014316532760858536"
"23974","0.030660338699817657","0.030660338699817657","0.030660338699817657"
"23976","0.013953147456049919","0.013953147456049919","0.013953147456049919"
"23978","0.06484954059123993","0.06484954059123993","0.06484954059123993"
"23982","0.013392802327871323","0.013392802327871323","0.013392802327871323"
"23984","0.0007520485669374466","0.0007520485669374466","0.0007520485669374466"
"23992","0.009135587140917778","0.009135587140917778","0.009135587140917778"
"23994","0.0030505843460559845","0.0030505843460559845","0.0030505843460559845"
"24000","0.0006999056786298752","0.0006999056786298752","0.0006999056786298752"
"24002","0.0336759090423584","0.0336759090423584","0.0336759090423584"
"24008","0.0008357856422662735","0.0008357856422662735","0.0008357856422662735"
"24012","0.003526013344526291","0.003526013344526291","0.003526013344526291"
"24020","0.014658123254776001","0.014658123254776001","0.014658123254776001"
"24030","0.015754520893096924","0.015754520893096924","0.015754520893096924"
"24036","0.001322288066148758","0.001322288066148758","0.001322288066148758"
"24042","0.0011474043130874634","0.0011474043130874634","0.0011474043130874634"
"24044","0.00439787469804287","0.00439787469804287","0.00439787469804287"
"24048","0.003970270976424217","0.003970270976424217","0.003970270976424217"
"24050","0.011163795366883278","0.011163795366883278","0.011163795366883278"
"24052","0.034244611859321594","0.034244611859321594","0.034244611859321594"
"24054","0.013161744922399521","0.013161744922399521","0.013161744922399521"
"24056","0.002206595614552498","0.002206595614552498","0.002206595614552498"
"24060","0.048769451677799225","0.048769451677799225","0.048769451677799225"
"24062","0.026887888088822365","0.026887888088822365","0.026887888088822365"
"24064","0.0025612711906433105","0.0025612711906433105","0.0025612711906433105"
"24066","0.030203865841031075","0.030203865841031075","0.030203865841031075"
"24076","0.0010350905358791351","0.0010350905358791351","0.0010350905358791351"
"24096","0.009075410664081573","0.009075410664081573","0.009075410664081573"
"24106","0.002009725198149681","0.002009725198149681","0.002009725198149681"
"24108","0.04242973029613495","0.04242973029613495","0.04242973029613495"
"24110","0.009661152958869934","0.009661152958869934","0.009661152958869934"
"24116","0.002448664978146553","0.002448664978146553","0.002448664978146553"
"24120","0.0020198598504066467","0.0020198598504066467","0.0020198598504066467"
"24148","0.0020312275737524033","0.0020312275737524033","0.0020312275737524033"
"24152","0.02156755141913891","0.02156755141913891","0.02156755141913891"
"24158","0.004339098930358887","0.004339098930358887","0.004339098930358887"
"24164","0.006455406546592712","0.006455406546592712","0.006455406546592712"
"24166","0.06266932189464569","0.06266932189464569","0.06266932189464569"
"24168","0.007659874856472015","0.007659874856472015","0.007659874856472015"
"24178","0.000547267496585846","0.000547267496585846","0.000547267496585846"
"24184","0.00704522430896759","0.00704522430896759","0.00704522430896759"
"24188","0.01202753558754921","0.01202753558754921","0.01202753558754921"
"24192","0.01890300214290619","0.01890300214290619","0.01890300214290619"
"24198","0.0009928848594427109","0.0009928848594427109","0.0009928848594427109"
"24200","0.0005734656006097794","0.0005734656006097794","0.0005734656006097794"
"24210","0.001543000340461731","0.001543000340461731","0.001543000340461731"
"24222","0.0007604081183671951","0.0007604081183671951","0.0007604081183671951"
"24228","0.013851383700966835","0.013851383700966835","0.013851383700966835"
"24236","0.021025419235229492","0.021025419235229492","0.021025419235229492"
"24238","0.0005268435925245285","0.0005268435925245285","0.0005268435925245285"
"24240","0.0007475167512893677","0.0007475167512893677","0.0007475167512893677"
"24242","0.0010518580675125122","0.0010518580675125122","0.0010518580675125122"
"24244","0.04926858842372894","0.04926858842372894","0.04926858842372894"
"24252","0.006782159209251404","0.006782159209251404","0.006782159209251404"
"24262","0.004211166873574257","0.004211166873574257","0.004211166873574257"
"24268","0.001942664384841919","0.001942664384841919","0.001942664384841919"
"24272","0.003301626071333885","0.003301626071333885","0.003301626071333885"
"24274","0.004941865801811218","0.004941865801811218","0.004941865801811218"
"24276","0.013004688546061516","0.013004688546061516","0.013004688546061516"
"24289","0.006184227764606476","0.006184227764606476","0.006184227764606476"
"24291","0.010293282568454742","0.010293282568454742","0.010293282568454742"
"24295","0.004172172397375107","0.004172172397375107","0.004172172397375107"
"24297","0.00033889152109622955","0.00033889152109622955","0.00033889152109622955"
"24299","0.007683729752898216","0.007683729752898216","0.007683729752898216"
"24303","0.0030418038368225098","0.0030418038368225098","0.0030418038368225098"
"24305","0.007311975583434105","0.007311975583434105","0.007311975583434105"
"24311","0.04862938076257706","0.04862938076257706","0.04862938076257706"
"24313","0.003824785351753235","0.003824785351753235","0.003824785351753235"
"24319","0.000568922609090805","0.000568922609090805","0.000568922609090805"
"24321","0.027196595445275307","0.027196595445275307","0.027196595445275307"
"24323","0.009025683626532555","0.009025683626532555","0.009025683626532555"
"24325","0.018295012414455414","0.018295012414455414","0.018295012414455414"
"24329","0.008369386196136475","0.008369386196136475","0.008369386196136475"
"24331","0.1166771650314331","0.1166771650314331","0.1166771650314331"
"24337","0.025167006999254227","0.025167006999254227","0.025167006999254227"
"24339","0.007000470533967018","0.007000470533967018","0.007000470533967018"
"24341","0.010571502149105072","0.010571502149105072","0.010571502149105072"
"24349","0.00859462283551693","0.00859462283551693","0.00859462283551693"
"24353","0.0016465596854686737","0.0016465596854686737","0.0016465596854686737"
"24355","0.03795643895864487","0.03795643895864487","0.03795643895864487"
"24361","0.0028589200228452682","0.0028589200228452682","0.0028589200228452682"
"24363","0.008558768779039383","0.008558768779039383","0.008558768779039383"
"24377","0.02403395250439644","0.02403395250439644","0.02403395250439644"
"24381","0.0018429215997457504","0.0018429215997457504","0.0018429215997457504"
"24383","0.0005607213824987411","0.0005607213824987411","0.0005607213824987411"
"24387","0.04967884346842766","0.04967884346842766","0.04967884346842766"
"24395","0.023486390709877014","0.023486390709877014","0.023486390709877014"
"24415","0.015994515269994736","0.015994515269994736","0.015994515269994736"
"24417","0.015031151473522186","0.015031151473522186","0.015031151473522186"
"24419","0.002798456698656082","0.002798456698656082","0.002798456698656082"
"24427","0.003449762240052223","0.003449762240052223","0.003449762240052223"
"24441","0.0068328771740198135","0.0068328771740198135","0.0068328771740198135"
"24447","0.00036866776645183563","0.00036866776645183563","0.00036866776645183563"
"24451","0.011008994653820992","0.011008994653820992","0.011008994653820992"
"24453","0.016411619260907173","0.016411619260907173","0.016411619260907173"
"24455","0.010470613837242126","0.010470613837242126","0.010470613837242126"
"24459","0.000904357060790062","0.000904357060790062","0.000904357060790062"
"24463","0.0004762522876262665","0.0004762522876262665","0.0004762522876262665"
"24467","0.018532609567046165","0.018532609567046165","0.018532609567046165"
"24471","0.0028425827622413635","0.0028425827622413635","0.0028425827622413635"
"24477","0.007372848689556122","0.007372848689556122","0.007372848689556122"
"24479","0.0017334669828414917","0.0017334669828414917","0.0017334669828414917"
"24481","0.02777610719203949","0.02777610719203949","0.02777610719203949"
"24483","0.008889352902770042","0.008889352902770042","0.008889352902770042"
"24493","0.00098450668156147","0.00098450668156147","0.00098450668156147"
"24495","0.002330310642719269","0.002330310642719269","0.002330310642719269"
"24503","0.0025883037596940994","0.0025883037596940994","0.0025883037596940994"
"24513","0.03090308979153633","0.03090308979153633","0.03090308979153633"
"24525","0.021619267761707306","0.021619267761707306","0.021619267761707306"
"24527","0.0007822979241609573","0.0007822979241609573","0.0007822979241609573"
"24529","0.013816682621836662","0.013816682621836662","0.013816682621836662"
"24531","0.00572318397462368","0.00572318397462368","0.00572318397462368"
"24533","0.0063760168850421906","0.0063760168850421906","0.0063760168850421906"
"24543","0.003986122086644173","0.003986122086644173","0.003986122086644173"
"24551","0.034951552748680115","0.034951552748680115","0.034951552748680115"
"24553","0.038218993693590164","0.038218993693590164","0.038218993693590164"
"24555","0.000161636620759964","0.000161636620759964","0.000161636620759964"
"24559","0.0028792694211006165","0.0028792694211006165","0.0028792694211006165"
"24561","0.0006367545574903488","0.0006367545574903488","0.0006367545574903488"
"24563","0.0026384349912405014","0.0026384349912405014","0.0026384349912405014"
"24567","0.0047205667942762375","0.0047205667942762375","0.0047205667942762375"
"24573","0.001982426270842552","0.001982426270842552","0.001982426270842552"
"24587","0.03152517229318619","0.03152517229318619","0.03152517229318619"
"24595","0.002804884687066078","0.002804884687066078","0.002804884687066078"
"24599","0.0080389603972435","0.0080389603972435","0.0080389603972435"
"24609","0.0006177835166454315","0.0006177835166454315","0.0006177835166454315"
"24615","0.002484288066625595","0.002484288066625595","0.002484288066625595"
"24621","0.00235549733042717","0.00235549733042717","0.00235549733042717"
"24623","0.0023833587765693665","0.0023833587765693665","0.0023833587765693665"
"24625","0.0052499473094940186","0.0052499473094940186","0.0052499473094940186"
"24627","0.07034266740083694","0.07034266740083694","0.07034266740083694"
"24631","0.005710873752832413","0.005710873752832413","0.005710873752832413"
"24633","0.006638901308178902","0.006638901308178902","0.006638901308178902"
"24647","0.002431776374578476","0.002431776374578476","0.002431776374578476"
"24657","0.004018247127532959","0.004018247127532959","0.004018247127532959"
"24659","0.04864448308944702","0.04864448308944702","0.04864448308944702"
"24663","0.009212158620357513","0.009212158620357513","0.009212158620357513"
"24667","0.0017171520739793777","0.0017171520739793777","0.0017171520739793777"
"24669","0.007460571825504303","0.007460571825504303","0.007460571825504303"
"24677","0.00042306259274482727","0.00042306259274482727","0.00042306259274482727"
"24683","0.0010796505957841873","0.0010796505957841873","0.0010796505957841873"
"24685","0.005131881684064865","0.005131881684064865","0.005131881684064865"
"24697","0.0031279567629098892","0.0031279567629098892","0.0031279567629098892"
"24699","0.0027225855737924576","0.0027225855737924576","0.0027225855737924576"
"24703","0.0008078906685113907","0.0008078906685113907","0.0008078906685113907"
"24707","0.0009350087493658066","0.0009350087493658066","0.0009350087493658066"
"24711","0.0036735720932483673","0.0036735720932483673","0.0036735720932483673"
"24715","0.0006111208349466324","0.0006111208349466324","0.0006111208349466324"
"24723","0.013334684073925018","0.013334684073925018","0.013334684073925018"
"24731","0.0012566708028316498","0.0012566708028316498","0.0012566708028316498"
"24733","0.0002552121877670288","0.0002552121877670288","0.0002552121877670288"
"24735","0.0009479355067014694","0.0009479355067014694","0.0009479355067014694"
"24737","0.039365608245134354","0.039365608245134354","0.039365608245134354"
"24747","0.007451888173818588","0.007451888173818588","0.007451888173818588"
"24753","0.00021209008991718292","0.00021209008991718292","0.00021209008991718292"
"24757","0.0074958037585020065","0.0074958037585020065","0.0074958037585020065"
"24759","0.003791520372033119","0.003791520372033119","0.003791520372033119"
"24761","0.03880850970745087","0.03880850970745087","0.03880850970745087"
"24763","0.005139436572790146","0.005139436572790146","0.005139436572790146"
"24765","0.011479651555418968","0.011479651555418968","0.011479651555418968"
"24769","0.051262542605400085","0.051262542605400085","0.051262542605400085"
"24771","0.002993224188685417","0.002993224188685417","0.002993224188685417"
"24779","0.020984753966331482","0.020984753966331482","0.020984753966331482"
"24785","0.0003490820527076721","0.0003490820527076721","0.0003490820527076721"
"24791","0.019769711419939995","0.019769711419939995","0.019769711419939995"
"24795","0.011071080341935158","0.011071080341935158","0.011071080341935158"
"24797","0.0027967430651187897","0.0027967430651187897","0.0027967430651187897"
"24799","0.0009566042572259903","0.0009566042572259903","0.0009566042572259903"
"24807","0.02393280155956745","0.02393280155956745","0.02393280155956745"
"24815","0.02382276952266693","0.02382276952266693","0.02382276952266693"
"24819","0.001166483387351036","0.001166483387351036","0.001166483387351036"
"24825","0.0003029908984899521","0.0003029908984899521","0.0003029908984899521"
"24829","0.007858039811253548","0.007858039811253548","0.007858039811253548"
"24833","0.0002582855522632599","0.0002582855522632599","0.0002582855522632599"
"24845","0.01203961856663227","0.01203961856663227","0.01203961856663227"
"24851","0.0028192605823278427","0.0028192605823278427","0.0028192605823278427"
"24855","0.0007047466933727264","0.0007047466933727264","0.0007047466933727264"
"24857","0.020063189789652824","0.020063189789652824","0.020063189789652824"
"24863","0.0011472925543785095","0.0011472925543785095","0.0011472925543785095"
"24867","0.004905277863144875","0.004905277863144875","0.004905277863144875"
"24873","0.0030746255069971085","0.0030746255069971085","0.0030746255069971085"
"24877","0.01445668563246727","0.01445668563246727","0.01445668563246727"
"24895","0.0021666325628757477","0.0021666325628757477","0.0021666325628757477"
"24903","0.017619308084249496","0.017619308084249496","0.017619308084249496"
"24907","0.030204055830836296","0.030204055830836296","0.030204055830836296"
"24909","0.016669103875756264","0.016669103875756264","0.016669103875756264"
"24911","0.0014783963561058044","0.0014783963561058044","0.0014783963561058044"
"24915","0.019954858347773552","0.019954858347773552","0.019954858347773552"
"24917","0.010800320655107498","0.010800320655107498","0.010800320655107498"
"24929","0.00035412609577178955","0.00035412609577178955","0.00035412609577178955"
"24931","0.03973940387368202","0.03973940387368202","0.03973940387368202"
"24933","0.046256594359874725","0.046256594359874725","0.046256594359874725"
"24939","0.00034610554575920105","0.00034610554575920105","0.00034610554575920105"
"24943","0.01398172415792942","0.01398172415792942","0.01398172415792942"
"24947","0.00014969892799854279","0.00014969892799854279","0.00014969892799854279"
"24967","0.0039416030049324036","0.0039416030049324036","0.0039416030049324036"
"24969","0.0019634682685136795","0.0019634682685136795","0.0019634682685136795"
"24973","0.0016199592500925064","0.0016199592500925064","0.0016199592500925064"
"24975","0.013659410178661346","0.013659410178661346","0.013659410178661346"
"24977","0.00285925529897213","0.00285925529897213","0.00285925529897213"
"24979","0.00170859694480896","0.00170859694480896","0.00170859694480896"
"24981","0.04946635663509369","0.04946635663509369","0.04946635663509369"
"24985","0.01440349966287613","0.01440349966287613","0.01440349966287613"
"25005","0.018161742016673088","0.018161742016673088","0.018161742016673088"
"25007","0.00009393319487571716","0.00009393319487571716","0.00009393319487571716"
"25013","0.006325319409370422","0.006325319409370422","0.006325319409370422"
"25015","0.09125735610723495","0.09125735610723495","0.09125735610723495"
"25017","0.005988262593746185","0.005988262593746185","0.005988262593746185"
"25023","0.02500491589307785","0.02500491589307785","0.02500491589307785"
"25027","0.00032597966492176056","0.00032597966492176056","0.00032597966492176056"
"25031","0.08280481398105621","0.08280481398105621","0.08280481398105621"
"25037","0.01089809276163578","0.01089809276163578","0.01089809276163578"
"25041","0.007998116314411163","0.007998116314411163","0.007998116314411163"
"25043","0.0037458259612321854","0.0037458259612321854","0.0037458259612321854"
"25047","0.021729901432991028","0.021729901432991028","0.021729901432991028"
"25051","0.017914701253175735","0.017914701253175735","0.017914701253175735"
"25069","0.003781422972679138","0.003781422972679138","0.003781422972679138"
"25071","0.0019573774188756943","0.0019573774188756943","0.0019573774188756943"
"25077","0.0027745217084884644","0.0027745217084884644","0.0027745217084884644"
"25079","0.025265047326683998","0.025265047326683998","0.025265047326683998"
"25091","0.030126798897981644","0.030126798897981644","0.030126798897981644"
"25097","0.00437886081635952","0.00437886081635952","0.00437886081635952"
"25101","0.017719561234116554","0.017719561234116554","0.017719561234116554"
"25103","0.011929119005799294","0.011929119005799294","0.011929119005799294"
"25107","0.001947866752743721","0.001947866752743721","0.001947866752743721"
"25121","0.009285850450396538","0.009285850450396538","0.009285850450396538"
"25125","0.035946860909461975","0.035946860909461975","0.035946860909461975"
"25127","0.03661949187517166","0.03661949187517166","0.03661949187517166"
"25139","0.0083690844476223","0.0083690844476223","0.0083690844476223"
"25143","0.004629973322153091","0.004629973322153091","0.004629973322153091"
"25153","0.024782195687294006","0.024782195687294006","0.024782195687294006"
"25159","0.00019469857215881348","0.00019469857215881348","0.00019469857215881348"
"25167","0.019839821383357048","0.019839821383357048","0.019839821383357048"
"25171","0.000573575496673584","0.000573575496673584","0.000573575496673584"
"25173","0.0011998359113931656","0.0011998359113931656","0.0011998359113931656"
"25193","0.0029936768114566803","0.0029936768114566803","0.0029936768114566803"
"25195","0.0536184161901474","0.0536184161901474","0.0536184161901474"
"25203","0.008089300245046616","0.008089300245046616","0.008089300245046616"
"25207","0.009287551045417786","0.009287551045417786","0.009287551045417786"
"25213","0.0022326651960611343","0.0022326651960611343","0.0022326651960611343"
"25219","0.025515910238027573","0.025515910238027573","0.025515910238027573"
"25221","0.0037453193217515945","0.0037453193217515945","0.0037453193217515945"
"25223","0.011077173054218292","0.011077173054218292","0.011077173054218292"
"25225","0.0012984182685613632","0.0012984182685613632","0.0012984182685613632"
"25233","0.0018065478652715683","0.0018065478652715683","0.0018065478652715683"
"25237","0.035641979426145554","0.035641979426145554","0.035641979426145554"
"25243","0.08266830444335938","0.08266830444335938","0.08266830444335938"
"25245","0.009391151368618011","0.009391151368618011","0.009391151368618011"
"25247","0.0005819816142320633","0.0005819816142320633","0.0005819816142320633"
"25259","0.011055532842874527","0.011055532842874527","0.011055532842874527"
"25263","0.0007902625948190689","0.0007902625948190689","0.0007902625948190689"
"25274","0.0008607767522335052","0.0008607767522335052","0.0008607767522335052"
"25278","0.009002961218357086","0.009002961218357086","0.009002961218357086"
"25280","0.005021840333938599","0.005021840333938599","0.005021840333938599"
"25288","0.03757146745920181","0.03757146745920181","0.03757146745920181"
"25290","0.0015229545533657074","0.0015229545533657074","0.0015229545533657074"
"25294","0.0010081660002470016","0.0010081660002470016","0.0010081660002470016"
"25296","0.0032874662429094315","0.0032874662429094315","0.0032874662429094315"
"25310","0.0016021765768527985","0.0016021765768527985","0.0016021765768527985"
"25316","0.010159781202673912","0.010159781202673912","0.010159781202673912"
"25332","0.015100715681910515","0.015100715681910515","0.015100715681910515"
"25338","0.002572443336248398","0.002572443336248398","0.002572443336248398"
"25340","0.001076340675354004","0.001076340675354004","0.001076340675354004"
"25342","0.002499908208847046","0.002499908208847046","0.002499908208847046"
"25346","0.0036883950233459473","0.0036883950233459473","0.0036883950233459473"
"25354","0.029799243435263634","0.029799243435263634","0.029799243435263634"
"25356","0.014506105333566666","0.014506105333566666","0.014506105333566666"
"25360","0.020271901041269302","0.020271901041269302","0.020271901041269302"
"25362","0.0027869995683431625","0.0027869995683431625","0.0027869995683431625"
"25364","0.02613184042274952","0.02613184042274952","0.02613184042274952"
"25366","0.0006318222731351852","0.0006318222731351852","0.0006318222731351852"
"25374","0.031294696033000946","0.031294696033000946","0.031294696033000946"
"25382","0.06104982644319534","0.06104982644319534","0.06104982644319534"
"25386","0.00040548667311668396","0.00040548667311668396","0.00040548667311668396"
"25388","0.009540410712361336","0.009540410712361336","0.009540410712361336"
"25390","0.002443712204694748","0.002443712204694748","0.002443712204694748"
"25392","0.0039641279727220535","0.0039641279727220535","0.0039641279727220535"
"25396","0.024821020662784576","0.024821020662784576","0.024821020662784576"
"25398","0.02468021959066391","0.02468021959066391","0.02468021959066391"
"25402","0.004209849983453751","0.004209849983453751","0.004209849983453751"
"25410","0.00035078078508377075","0.00035078078508377075","0.00035078078508377075"
"25414","0.0001511611044406891","0.0001511611044406891","0.0001511611044406891"
"25416","0.0011839158833026886","0.0011839158833026886","0.0011839158833026886"
"25420","0.0007623713463544846","0.0007623713463544846","0.0007623713463544846"
"25424","0.009299131110310555","0.009299131110310555","0.009299131110310555"
"25428","0.0018575005233287811","0.0018575005233287811","0.0018575005233287811"
"25456","0.0003994796425104141","0.0003994796425104141","0.0003994796425104141"
"25464","0.006098616868257523","0.006098616868257523","0.006098616868257523"
"25476","0.0008633546531200409","0.0008633546531200409","0.0008633546531200409"
"25482","0.00012406520545482635","0.00012406520545482635","0.00012406520545482635"
"25486","0.004774969071149826","0.004774969071149826","0.004774969071149826"
"25492","0.006883326917886734","0.006883326917886734","0.006883326917886734"
"25502","0.009605608880519867","0.009605608880519867","0.009605608880519867"
"25504","0.0009412448853254318","0.0009412448853254318","0.0009412448853254318"
"25514","0.007011573761701584","0.007011573761701584","0.007011573761701584"
"25518","0.0005901679396629333","0.0005901679396629333","0.0005901679396629333"
"25522","0.004331158474087715","0.004331158474087715","0.004331158474087715"
"25526","0.0036911480128765106","0.0036911480128765106","0.0036911480128765106"
"25528","0.024378035217523575","0.024378035217523575","0.024378035217523575"
"25532","0.005669645965099335","0.005669645965099335","0.005669645965099335"
"25538","0.0046978965401649475","0.0046978965401649475","0.0046978965401649475"
"25540","0.0032568927854299545","0.0032568927854299545","0.0032568927854299545"
"25544","0.019053425639867783","0.019053425639867783","0.019053425639867783"
"25546","0.0001367274671792984","0.0001367274671792984","0.0001367274671792984"
"25548","0.020274551585316658","0.020274551585316658","0.020274551585316658"
"25550","0.025025852024555206","0.025025852024555206","0.025025852024555206"
"25554","0.0005067847669124603","0.0005067847669124603","0.0005067847669124603"
"25562","0.0059643276035785675","0.0059643276035785675","0.0059643276035785675"
"25564","0.00584549643099308","0.00584549643099308","0.00584549643099308"
"25570","0.027440732344985008","0.027440732344985008","0.027440732344985008"
"25574","0.006941912695765495","0.006941912695765495","0.006941912695765495"
"25576","0.0017774011939764023","0.0017774011939764023","0.0017774011939764023"
"25582","0.020305845886468887","0.020305845886468887","0.020305845886468887"
"25588","0.001740066334605217","0.001740066334605217","0.001740066334605217"
"25592","0.030631359666585922","0.030631359666585922","0.030631359666585922"
"25594","0.0018421895802021027","0.0018421895802021027","0.0018421895802021027"
"25608","0.0005992371588945389","0.0005992371588945389","0.0005992371588945389"
"25610","0.00048545002937316895","0.00048545002937316895","0.00048545002937316895"
"25612","0.0002910550683736801","0.0002910550683736801","0.0002910550683736801"
"25616","0.010945381596684456","0.010945381596684456","0.010945381596684456"
"25620","0.006387289613485336","0.006387289613485336","0.006387289613485336"
"25622","0.001179249957203865","0.001179249957203865","0.001179249957203865"
"25632","0.00007647089660167694","0.00007647089660167694","0.00007647089660167694"
"25636","0.00879637524485588","0.00879637524485588","0.00879637524485588"
"25648","0.0007485132664442062","0.0007485132664442062","0.0007485132664442062"
"25656","0.01256861723959446","0.01256861723959446","0.01256861723959446"
"25658","0.001631060615181923","0.001631060615181923","0.001631060615181923"
"25662","0.002986608073115349","0.002986608073115349","0.002986608073115349"
"25664","0.0015989206731319427","0.0015989206731319427","0.0015989206731319427"
"25666","0.009118147194385529","0.009118147194385529","0.009118147194385529"
"25672","0.0027969926595687866","0.0027969926595687866","0.0027969926595687866"
"25676","0.05767097324132919","0.05767097324132919","0.05767097324132919"
"25682","0.00026686303317546844","0.00026686303317546844","0.00026686303317546844"
"25688","0.010933443903923035","0.010933443903923035","0.010933443903923035"
"25690","0.010910162702202797","0.010910162702202797","0.010910162702202797"
"25694","0.0045357272028923035","0.0045357272028923035","0.0045357272028923035"
"25706","0.004812093451619148","0.004812093451619148","0.004812093451619148"
"25708","0.04024254530668259","0.04024254530668259","0.04024254530668259"
"25710","0.07260618358850479","0.07260618358850479","0.07260618358850479"
"25714","0.005805561318993568","0.005805561318993568","0.005805561318993568"
"25716","0.0005880258977413177","0.0005880258977413177","0.0005880258977413177"
"25718","0.0017915274947881699","0.0017915274947881699","0.0017915274947881699"
"25728","0.0068963319063186646","0.0068963319063186646","0.0068963319063186646"
"25734","0.00026202015578746796","0.00026202015578746796","0.00026202015578746796"
"25738","0.00043493323028087616","0.00043493323028087616","0.00043493323028087616"
"25742","0.0040119122713804245","0.0040119122713804245","0.0040119122713804245"
"25744","0.0002385508269071579","0.0002385508269071579","0.0002385508269071579"
"25752","0.0001737549901008606","0.0001737549901008606","0.0001737549901008606"
"25760","0.0024207718670368195","0.0024207718670368195","0.0024207718670368195"
"25764","0.0007664747536182404","0.0007664747536182404","0.0007664747536182404"
"25766","0.016538314521312714","0.016538314521312714","0.016538314521312714"
"25772","0.0006694961339235306","0.0006694961339235306","0.0006694961339235306"
"25774","0.0022646263241767883","0.0022646263241767883","0.0022646263241767883"
"25776","0.00010413490235805511","0.00010413490235805511","0.00010413490235805511"
"25778","0.010301504284143448","0.010301504284143448","0.010301504284143448"
"25792","0.013623451814055443","0.013623451814055443","0.013623451814055443"
"25802","0.0032365452498197556","0.0032365452498197556","0.0032365452498197556"
"25806","0.012189866974949837","0.012189866974949837","0.012189866974949837"
"25810","0.01555108092725277","0.01555108092725277","0.01555108092725277"
"25818","0.015928974375128746","0.015928974375128746","0.015928974375128746"
"25830","0.00026717409491539","0.00026717409491539","0.00026717409491539"
"25836","0.00014781393110752106","0.00014781393110752106","0.00014781393110752106"
"25838","0.0016563814133405685","0.0016563814133405685","0.0016563814133405685"
"25840","0.039069294929504395","0.039069294929504395","0.039069294929504395"
"25842","0.0024610385298728943","0.0024610385298728943","0.0024610385298728943"
"25846","0.0065960027277469635","0.0065960027277469635","0.0065960027277469635"
"25848","0.007663922384381294","0.007663922384381294","0.007663922384381294"
"25852","0.002144915983080864","0.002144915983080864","0.002144915983080864"
"25854","0.014220768585801125","0.014220768585801125","0.014220768585801125"
"25864","0.02205113135278225","0.02205113135278225","0.02205113135278225"
"25872","0.009791342541575432","0.009791342541575432","0.009791342541575432"
"25884","0.0004998017102479935","0.0004998017102479935","0.0004998017102479935"
"25892","0.0008851438760757446","0.0008851438760757446","0.0008851438760757446"
"25912","0.0003789979964494705","0.0003789979964494705","0.0003789979964494705"
"25918","0.001395413652062416","0.001395413652062416","0.001395413652062416"
"25922","0.01016276329755783","0.01016276329755783","0.01016276329755783"
"25924","0.07905357331037521","0.07905357331037521","0.07905357331037521"
"25926","0.00038556382060050964","0.00038556382060050964","0.00038556382060050964"
"25934","0.001020234078168869","0.001020234078168869","0.001020234078168869"
"25936","0.004069941118359566","0.004069941118359566","0.004069941118359566"
"25938","0.00038746558129787445","0.00038746558129787445","0.00038746558129787445"
"25940","0.006945312023162842","0.006945312023162842","0.006945312023162842"
"25944","0.008140010759234428","0.008140010759234428","0.008140010759234428"
"25946","0.0010325871407985687","0.0010325871407985687","0.0010325871407985687"
"25958","0.0005644038319587708","0.0005644038319587708","0.0005644038319587708"
"25960","0.003508705645799637","0.003508705645799637","0.003508705645799637"
"25966","0.0017371568828821182","0.0017371568828821182","0.0017371568828821182"
"25974","0.009869635105133057","0.009869635105133057","0.009869635105133057"
"25976","0.0038729216903448105","0.0038729216903448105","0.0038729216903448105"
"25984","0.050312258303165436","0.050312258303165436","0.050312258303165436"
"25988","0.0024427082389593124","0.0024427082389593124","0.0024427082389593124"
"25990","0.004392620176076889","0.004392620176076889","0.004392620176076889"
"25992","0.004131976515054703","0.004131976515054703","0.004131976515054703"
"25996","0.007269274443387985","0.007269274443387985","0.007269274443387985"
"26008","0.01675059273838997","0.01675059273838997","0.01675059273838997"
"26010","0.001261487603187561","0.001261487603187561","0.001261487603187561"
"26012","0.012976936995983124","0.012976936995983124","0.012976936995983124"
"26018","0.0017505567520856857","0.0017505567520856857","0.0017505567520856857"
"26020","0.0001101810485124588","0.0001101810485124588","0.0001101810485124588"
"26022","0.014797691255807877","0.014797691255807877","0.014797691255807877"
"26028","0.020139029249548912","0.020139029249548912","0.020139029249548912"
"26040","0.005323296412825584","0.005323296412825584","0.005323296412825584"
"26046","0.0016422830522060394","0.0016422830522060394","0.0016422830522060394"
"26056","0.005756702274084091","0.005756702274084091","0.005756702274084091"
"26058","0.0423995703458786","0.0423995703458786","0.0423995703458786"
"26062","0.0007155593484640121","0.0007155593484640121","0.0007155593484640121"
"26064","0.027500754222273827","0.027500754222273827","0.027500754222273827"
"26070","0.0029274262487888336","0.0029274262487888336","0.0029274262487888336"
"26072","0.0017246585339307785","0.0017246585339307785","0.0017246585339307785"
"26074","0.0008331220597028732","0.0008331220597028732","0.0008331220597028732"
"26080","0.00021407753229141235","0.00021407753229141235","0.00021407753229141235"
"26084","0.004672890529036522","0.004672890529036522","0.004672890529036522"
"26086","0.0005361810326576233","0.0005361810326576233","0.0005361810326576233"
"26096","0.017770612612366676","0.017770612612366676","0.017770612612366676"
"26100","0.0002850554883480072","0.0002850554883480072","0.0002850554883480072"
"26102","0.0005975589156150818","0.0005975589156150818","0.0005975589156150818"
"26108","0.0018393509089946747","0.0018393509089946747","0.0018393509089946747"
"26114","0.015901146456599236","0.015901146456599236","0.015901146456599236"
"26116","0.0045940689742565155","0.0045940689742565155","0.0045940689742565155"
"26118","0.00037577003240585327","0.00037577003240585327","0.00037577003240585327"
"26128","0.007535627111792564","0.007535627111792564","0.007535627111792564"
"26132","0.0002731829881668091","0.0002731829881668091","0.0002731829881668091"
"26134","0.0017534885555505753","0.0017534885555505753","0.0017534885555505753"
"26138","0.0028551388531923294","0.0028551388531923294","0.0028551388531923294"
"26140","0.020524045452475548","0.020524045452475548","0.020524045452475548"
"26146","0.023396722972393036","0.023396722972393036","0.023396722972393036"
"26148","0.1354963481426239","0.1354963481426239","0.1354963481426239"
"26154","0.0036120861768722534","0.0036120861768722534","0.0036120861768722534"
"26156","0.00884273648262024","0.00884273648262024","0.00884273648262024"
"26160","0.13676507771015167","0.13676507771015167","0.13676507771015167"
"26162","0.0004044249653816223","0.0004044249653816223","0.0004044249653816223"
"26166","0.026222944259643555","0.026222944259643555","0.026222944259643555"
"26170","0.017592865973711014","0.017592865973711014","0.017592865973711014"
"26176","0.029220804572105408","0.029220804572105408","0.029220804572105408"
"26178","0.01056080125272274","0.01056080125272274","0.01056080125272274"
"26180","0.006520548835396767","0.006520548835396767","0.006520548835396767"
"26182","0.002515561878681183","0.002515561878681183","0.002515561878681183"
"26184","0.0029477961361408234","0.0029477961361408234","0.0029477961361408234"
"26186","0.004311319440603256","0.004311319440603256","0.004311319440603256"
"26190","0.005853816866874695","0.005853816866874695","0.005853816866874695"
"26200","0.0012447088956832886","0.0012447088956832886","0.0012447088956832886"
"26208","0.002194829285144806","0.002194829285144806","0.002194829285144806"
"26212","0.04457685723900795","0.04457685723900795","0.04457685723900795"
"26214","0.003123333677649498","0.003123333677649498","0.003123333677649498"
"26222","0.018210437148809433","0.018210437148809433","0.018210437148809433"
"26224","0.014004789292812347","0.014004789292812347","0.014004789292812347"
"26232","0.00025239214301109314","0.00025239214301109314","0.00025239214301109314"
"26240","0.0054726023226976395","0.0054726023226976395","0.0054726023226976395"
"26244","0.006924787536263466","0.006924787536263466","0.006924787536263466"
"26246","0.00038232095539569855","0.00038232095539569855","0.00038232095539569855"
"26256","0.0003838930279016495","0.0003838930279016495","0.0003838930279016495"
"26258","0.049520839005708694","0.049520839005708694","0.049520839005708694"
"26263","0.0012622084468603134","0.0012622084468603134","0.0012622084468603134"
"26273","0.0004851780831813812","0.0004851780831813812","0.0004851780831813812"
"26275","0.03210706263780594","0.03210706263780594","0.03210706263780594"
"26277","0.0029527954757213593","0.0029527954757213593","0.0029527954757213593"
"26281","0.005552245303988457","0.005552245303988457","0.005552245303988457"
"26283","0.014561451971530914","0.014561451971530914","0.014561451971530914"
"26289","0.020312272012233734","0.020312272012233734","0.020312272012233734"
"26293","0.001660885289311409","0.001660885289311409","0.001660885289311409"
"26297","0.00791587121784687","0.00791587121784687","0.00791587121784687"
"26299","0.0014785286039113998","0.0014785286039113998","0.0014785286039113998"
"26301","0.0020587071776390076","0.0020587071776390076","0.0020587071776390076"
"26303","0.00172492116689682","0.00172492116689682","0.00172492116689682"
"26307","0.02558419667184353","0.02558419667184353","0.02558419667184353"
"26311","0.016080398112535477","0.016080398112535477","0.016080398112535477"
"26313","0.013336438685655594","0.013336438685655594","0.013336438685655594"
"26321","0.005311541259288788","0.005311541259288788","0.005311541259288788"
"26337","0.01169523224234581","0.01169523224234581","0.01169523224234581"
"26339","0.00496886670589447","0.00496886670589447","0.00496886670589447"
"26343","0.0031891949474811554","0.0031891949474811554","0.0031891949474811554"
"26349","0.0026584789156913757","0.0026584789156913757","0.0026584789156913757"
"26353","0.0015986934304237366","0.0015986934304237366","0.0015986934304237366"
"26357","0.0015122313052415848","0.0015122313052415848","0.0015122313052415848"
"26363","0.001010047271847725","0.001010047271847725","0.001010047271847725"
"26365","0.006659092381596565","0.006659092381596565","0.006659092381596565"
"26369","0.06242627277970314","0.06242627277970314","0.06242627277970314"
"26379","0.006190482527017593","0.006190482527017593","0.006190482527017593"
"26381","0.0029542502015829086","0.0029542502015829086","0.0029542502015829086"
"26383","0.0005691759288311005","0.0005691759288311005","0.0005691759288311005"
"26391","0.0016113370656967163","0.0016113370656967163","0.0016113370656967163"
"26393","0.0005327388644218445","0.0005327388644218445","0.0005327388644218445"
"26395","0.000962352380156517","0.000962352380156517","0.000962352380156517"
"26397","0.0015941262245178223","0.0015941262245178223","0.0015941262245178223"
"26401","0.00026656128466129303","0.00026656128466129303","0.00026656128466129303"
"26403","0.0026794709265232086","0.0026794709265232086","0.0026794709265232086"
"26405","0.00023171491920948029","0.00023171491920948029","0.00023171491920948029"
"26407","0.00046258606016635895","0.00046258606016635895","0.00046258606016635895"
"26413","0.014047235250473022","0.014047235250473022","0.014047235250473022"
"26425","0.00036844611167907715","0.00036844611167907715","0.00036844611167907715"
"26427","0.0026967693120241165","0.0026967693120241165","0.0026967693120241165"
"26429","0.008036715909838676","0.008036715909838676","0.008036715909838676"
"26433","0.028507333248853683","0.028507333248853683","0.028507333248853683"
"26435","0.016666458919644356","0.016666458919644356","0.016666458919644356"
"26439","0.013512076810002327","0.013512076810002327","0.013512076810002327"
"26443","0.022153714671730995","0.022153714671730995","0.022153714671730995"
"26445","0.01735329069197178","0.01735329069197178","0.01735329069197178"
"26451","0.000788472592830658","0.000788472592830658","0.000788472592830658"
"26461","0.05470501631498337","0.05470501631498337","0.05470501631498337"
"26465","0.0002873893827199936","0.0002873893827199936","0.0002873893827199936"
"26477","0.0010538380593061447","0.0010538380593061447","0.0010538380593061447"
"26479","0.02434724196791649","0.02434724196791649","0.02434724196791649"
"26481","0.002774938941001892","0.002774938941001892","0.002774938941001892"
"26483","0.0030100923031568527","0.0030100923031568527","0.0030100923031568527"
"26485","0.00022845715284347534","0.00022845715284347534","0.00022845715284347534"
"26489","0.02373219095170498","0.02373219095170498","0.02373219095170498"
"26497","0.004516854882240295","0.004516854882240295","0.004516854882240295"
"26499","0.001273471862077713","0.001273471862077713","0.001273471862077713"
"26503","0.001404501497745514","0.001404501497745514","0.001404501497745514"
"26525","0.0018865428864955902","0.0018865428864955902","0.0018865428864955902"
"26527","0.014553651213645935","0.014553651213645935","0.014553651213645935"
"26529","0.004323432222008705","0.004323432222008705","0.004323432222008705"
"26539","0.012807711958885193","0.012807711958885193","0.012807711958885193"
"26543","0.00028798915445804596","0.00028798915445804596","0.00028798915445804596"
"26545","0.0015086308121681213","0.0015086308121681213","0.0015086308121681213"
"26553","0.0005676634609699249","0.0005676634609699249","0.0005676634609699249"
"26555","0.0077021121978759766","0.0077021121978759766","0.0077021121978759766"
"26557","0.00241117924451828","0.00241117924451828","0.00241117924451828"
"26563","0.005669118836522102","0.005669118836522102","0.005669118836522102"
"26569","0.009032731875777245","0.009032731875777245","0.009032731875777245"
"26571","0.004455283284187317","0.004455283284187317","0.004455283284187317"
"26575","0.015712009742856026","0.015712009742856026","0.015712009742856026"
"26581","0.0025392919778823853","0.0025392919778823853","0.0025392919778823853"
"26585","0.028059598058462143","0.028059598058462143","0.028059598058462143"
"26587","0.000711807981133461","0.000711807981133461","0.000711807981133461"
"26595","0.00267987884581089","0.00267987884581089","0.00267987884581089"
"26597","0.0024504996836185455","0.0024504996836185455","0.0024504996836185455"
"26601","0.06277413666248322","0.06277413666248322","0.06277413666248322"
"26603","0.0014324579387903214","0.0014324579387903214","0.0014324579387903214"
"26609","0.016753269359469414","0.016753269359469414","0.016753269359469414"
"26611","0.0026914607733488083","0.0026914607733488083","0.0026914607733488083"
"26615","0.02185022085905075","0.02185022085905075","0.02185022085905075"
"26627","0.0031873080879449844","0.0031873080879449844","0.0031873080879449844"
"26635","0.00209677591919899","0.00209677591919899","0.00209677591919899"
"26637","0.0006964337080717087","0.0006964337080717087","0.0006964337080717087"
"26641","0.007012838497757912","0.007012838497757912","0.007012838497757912"
"26647","0.003182319924235344","0.003182319924235344","0.003182319924235344"
"26657","0.0031069032847881317","0.0031069032847881317","0.0031069032847881317"
"26659","0.0017587598413228989","0.0017587598413228989","0.0017587598413228989"
"26661","0.006383158266544342","0.006383158266544342","0.006383158266544342"
"26663","0.005352690815925598","0.005352690815925598","0.005352690815925598"
"26667","0.0027400702238082886","0.0027400702238082886","0.0027400702238082886"
"26671","0.0035406481474637985","0.0035406481474637985","0.0035406481474637985"
"26675","0.003370959311723709","0.003370959311723709","0.003370959311723709"
"26677","0.007188905030488968","0.007188905030488968","0.007188905030488968"
"26679","0.025832969695329666","0.025832969695329666","0.025832969695329666"
"26685","0.002713605761528015","0.002713605761528015","0.002713605761528015"
"26687","0.0010437797755002975","0.0010437797755002975","0.0010437797755002975"
"26689","0.005719263106584549","0.005719263106584549","0.005719263106584549"
"26693","0.024309875443577766","0.024309875443577766","0.024309875443577766"
"26695","0.0005825143307447433","0.0005825143307447433","0.0005825143307447433"
"26699","0.012901125475764275","0.012901125475764275","0.012901125475764275"
"26701","0.009333213791251183","0.009333213791251183","0.009333213791251183"
"26703","0.023080212995409966","0.023080212995409966","0.023080212995409966"
"26711","0.00784878060221672","0.00784878060221672","0.00784878060221672"
"26715","0.007744867354631424","0.007744867354631424","0.007744867354631424"
"26717","0.00036430545151233673","0.00036430545151233673","0.00036430545151233673"
"26721","0.01154230535030365","0.01154230535030365","0.01154230535030365"
"26723","0.004065820947289467","0.004065820947289467","0.004065820947289467"
"26727","0.0014163423329591751","0.0014163423329591751","0.0014163423329591751"
"26729","0.006843948736786842","0.006843948736786842","0.006843948736786842"
"26737","0.0205740574747324","0.0205740574747324","0.0205740574747324"
"26741","0.018191542476415634","0.018191542476415634","0.018191542476415634"
"26745","0.012890486046671867","0.012890486046671867","0.012890486046671867"
"26751","0.0057836249470710754","0.0057836249470710754","0.0057836249470710754"
"26753","0.017708810046315193","0.017708810046315193","0.017708810046315193"
"26755","0.02095588482916355","0.02095588482916355","0.02095588482916355"
"26757","0.008472632616758347","0.008472632616758347","0.008472632616758347"
"26761","0.0021685324609279633","0.0021685324609279633","0.0021685324609279633"
"26763","0.00275479257106781","0.00275479257106781","0.00275479257106781"
"26771","0.0005361996591091156","0.0005361996591091156","0.0005361996591091156"
"26775","0.0004841722548007965","0.0004841722548007965","0.0004841722548007965"
"26777","0.021622827276587486","0.021622827276587486","0.021622827276587486"
"26779","0.0043052490800619125","0.0043052490800619125","0.0043052490800619125"
"26785","0.0011244453489780426","0.0011244453489780426","0.0011244453489780426"
"26789","0.00020295009016990662","0.00020295009016990662","0.00020295009016990662"
"26795","0.0007699094712734222","0.0007699094712734222","0.0007699094712734222"
"26799","0.00002940930426120758","0.00002940930426120758","0.00002940930426120758"
"26811","0.0049725305289030075","0.0049725305289030075","0.0049725305289030075"
"26815","0.0015733446925878525","0.0015733446925878525","0.0015733446925878525"
"26817","0.015887141227722168","0.015887141227722168","0.015887141227722168"
"26819","0.001674177125096321","0.001674177125096321","0.001674177125096321"
"26821","0.0003858506679534912","0.0003858506679534912","0.0003858506679534912"
"26823","0.0031355805695056915","0.0031355805695056915","0.0031355805695056915"
"26831","0.0064337532967329025","0.0064337532967329025","0.0064337532967329025"
"26833","0.017683492973446846","0.017683492973446846","0.017683492973446846"
"26839","0.00016819313168525696","0.00016819313168525696","0.00016819313168525696"
"26843","0.0022033806890249252","0.0022033806890249252","0.0022033806890249252"
"26849","0.0202573761343956","0.0202573761343956","0.0202573761343956"
"26853","0.0073996614664793015","0.0073996614664793015","0.0073996614664793015"
"26857","0.0001523718237876892","0.0001523718237876892","0.0001523718237876892"
"26867","0.014593517407774925","0.014593517407774925","0.014593517407774925"
"26869","0.0012494903057813644","0.0012494903057813644","0.0012494903057813644"
"26877","0.006263528019189835","0.006263528019189835","0.006263528019189835"
"26879","0.00031045451760292053","0.00031045451760292053","0.00031045451760292053"
"26881","0.007327675819396973","0.007327675819396973","0.007327675819396973"
"26885","0.009886739775538445","0.009886739775538445","0.009886739775538445"
"26891","0.012750107795000076","0.012750107795000076","0.012750107795000076"
"26901","0.0014231987297534943","0.0014231987297534943","0.0014231987297534943"
"26915","0.017404552549123764","0.017404552549123764","0.017404552549123764"
"26925","0.0010514315217733383","0.0010514315217733383","0.0010514315217733383"
"26931","0.011300649493932724","0.011300649493932724","0.011300649493932724"
"26939","0.003532666712999344","0.003532666712999344","0.003532666712999344"
"26947","0.006001509726047516","0.006001509726047516","0.006001509726047516"
"26955","0.00766521692276001","0.00766521692276001","0.00766521692276001"
"26957","0.0017997827380895615","0.0017997827380895615","0.0017997827380895615"
"26959","0.003459939733147621","0.003459939733147621","0.003459939733147621"
"26961","0.005863972008228302","0.005863972008228302","0.005863972008228302"
"26967","0.00813652016222477","0.00813652016222477","0.00813652016222477"
"26969","0.035183653235435486","0.035183653235435486","0.035183653235435486"
"26973","0.009017318487167358","0.009017318487167358","0.009017318487167358"
"26985","0.014453157782554626","0.014453157782554626","0.014453157782554626"
"26987","0.009422000497579575","0.009422000497579575","0.009422000497579575"
"26991","0.011075779795646667","0.011075779795646667","0.011075779795646667"
"26993","0.0034663863480091095","0.0034663863480091095","0.0034663863480091095"
"26997","0.033513084053993225","0.033513084053993225","0.033513084053993225"
"26999","0.06944513320922852","0.06944513320922852","0.06944513320922852"
"27003","0.012351378798484802","0.012351378798484802","0.012351378798484802"
"27005","0.000629425048828125","0.000629425048828125","0.000629425048828125"
"27007","0.0002708304673433304","0.0002708304673433304","0.0002708304673433304"
"27011","0.0007309708744287491","0.0007309708744287491","0.0007309708744287491"
"27015","0.00025937147438526154","0.00025937147438526154","0.00025937147438526154"
"27017","0.0006818082183599472","0.0006818082183599472","0.0006818082183599472"
"27019","0.05145132914185524","0.05145132914185524","0.05145132914185524"
"27025","0.00785193219780922","0.00785193219780922","0.00785193219780922"
"27027","0.0033469777554273605","0.0033469777554273605","0.0033469777554273605"
"27031","0.0032163821160793304","0.0032163821160793304","0.0032163821160793304"
"27033","0.00196993350982666","0.00196993350982666","0.00196993350982666"
"27035","0.004474984481930733","0.004474984481930733","0.004474984481930733"
"27039","0.000982021912932396","0.000982021912932396","0.000982021912932396"
"27041","0.0009206514805555344","0.0009206514805555344","0.0009206514805555344"
"27043","0.023605288937687874","0.023605288937687874","0.023605288937687874"
"27055","0.007817069068551064","0.007817069068551064","0.007817069068551064"
"27057","0.028260832652449608","0.028260832652449608","0.028260832652449608"
"27059","0.000628296285867691","0.000628296285867691","0.000628296285867691"
"27061","0.002337384968996048","0.002337384968996048","0.002337384968996048"
"27067","0.0015385132282972336","0.0015385132282972336","0.0015385132282972336"
"27073","0.062188051640987396","0.062188051640987396","0.062188051640987396"
"27077","0.01835438795387745","0.01835438795387745","0.01835438795387745"
"27081","0.00012767314910888672","0.00012767314910888672","0.00012767314910888672"
"27083","0.020540844649076462","0.020540844649076462","0.020540844649076462"
"27089","0.0035631973296403885","0.0035631973296403885","0.0035631973296403885"
"27093","0.0056629907339811325","0.0056629907339811325","0.0056629907339811325"
"27095","0.004146663472056389","0.004146663472056389","0.004146663472056389"
"27103","0.013366080820560455","0.013366080820560455","0.013366080820560455"
"27105","0.01981276646256447","0.01981276646256447","0.01981276646256447"
"27107","0.000544695183634758","0.000544695183634758","0.000544695183634758"
"27109","0.026026945561170578","0.026026945561170578","0.026026945561170578"
"27115","0.0003274492919445038","0.0003274492919445038","0.0003274492919445038"
"27117","0.0021460074931383133","0.0021460074931383133","0.0021460074931383133"
"27119","0.00041179731488227844","0.00041179731488227844","0.00041179731488227844"
"27125","0.01128954254090786","0.01128954254090786","0.01128954254090786"
"27131","0.0004148576408624649","0.0004148576408624649","0.0004148576408624649"
"27133","0.0012687426060438156","0.0012687426060438156","0.0012687426060438156"
"27137","0.0024526193737983704","0.0024526193737983704","0.0024526193737983704"
"27145","0.002966059371829033","0.002966059371829033","0.002966059371829033"
"27153","0.00649598054587841","0.00649598054587841","0.00649598054587841"
"27155","0.001631004735827446","0.001631004735827446","0.001631004735827446"
"27157","0.006980888545513153","0.006980888545513153","0.006980888545513153"
"27159","0.00016754306852817535","0.00016754306852817535","0.00016754306852817535"
"27165","0.0011749416589736938","0.0011749416589736938","0.0011749416589736938"
"27169","0.00008318759500980377","0.00008318759500980377","0.00008318759500980377"
"27173","0.03337367624044418","0.03337367624044418","0.03337367624044418"
"27175","0.014649594202637672","0.014649594202637672","0.014649594202637672"
"27181","0.004819590598344803","0.004819590598344803","0.004819590598344803"
"27183","0.0014282837510108948","0.0014282837510108948","0.0014282837510108948"
"27185","0.00206160731613636","0.00206160731613636","0.00206160731613636"
"27187","0.009442761540412903","0.009442761540412903","0.009442761540412903"
"27193","0.018887031823396683","0.018887031823396683","0.018887031823396683"
"27195","0.015046343207359314","0.015046343207359314","0.015046343207359314"
"27199","0.006123587489128113","0.006123587489128113","0.006123587489128113"
"27201","0.003102947026491165","0.003102947026491165","0.003102947026491165"
"27205","0.0022301524877548218","0.0022301524877548218","0.0022301524877548218"
"27207","0.005026627331972122","0.005026627331972122","0.005026627331972122"
"27209","0.005299722775816917","0.005299722775816917","0.005299722775816917"
"27213","0.0017862319946289062","0.0017862319946289062","0.0017862319946289062"
"27217","0.003858167678117752","0.003858167678117752","0.003858167678117752"
"27219","0.00045749545097351074","0.00045749545097351074","0.00045749545097351074"
"27227","0.001203935593366623","0.001203935593366623","0.001203935593366623"
"27229","0.0017310772091150284","0.0017310772091150284","0.0017310772091150284"
"27231","0.0028807129710912704","0.0028807129710912704","0.0028807129710912704"
"27233","0.0004813559353351593","0.0004813559353351593","0.0004813559353351593"
"27235","0.0005541015416383743","0.0005541015416383743","0.0005541015416383743"
"27243","0.002995368093252182","0.002995368093252182","0.002995368093252182"
"27256","0.014177985489368439","0.014177985489368439","0.014177985489368439"
"27258","0.002789994701743126","0.002789994701743126","0.002789994701743126"
"27260","0.03182106092572212","0.03182106092572212","0.03182106092572212"
"27264","0.0006551686674356461","0.0006551686674356461","0.0006551686674356461"
"27270","0.013155240565538406","0.013155240565538406","0.013155240565538406"
"27276","0.0020591765642166138","0.0020591765642166138","0.0020591765642166138"
"27278","0.006064891815185547","0.006064891815185547","0.006064891815185547"
"27282","0.005927320569753647","0.005927320569753647","0.005927320569753647"
"27290","0.0006072185933589935","0.0006072185933589935","0.0006072185933589935"
"27292","0.027633441612124443","0.027633441612124443","0.027633441612124443"
"27296","0.001544693484902382","0.001544693484902382","0.001544693484902382"
"27304","0.06285713613033295","0.06285713613033295","0.06285713613033295"
"27312","0.0042023081332445145","0.0042023081332445145","0.0042023081332445145"
"27316","0.020987631753087044","0.020987631753087044","0.020987631753087044"
"27318","0.0071696992963552475","0.0071696992963552475","0.0071696992963552475"
"27320","0.00018364936113357544","0.00018364936113357544","0.00018364936113357544"
"27324","0.0006465762853622437","0.0006465762853622437","0.0006465762853622437"
"27332","0.016665887087583542","0.016665887087583542","0.016665887087583542"
"27336","0.08401596546173096","0.08401596546173096","0.08401596546173096"
"27338","0.0009489301592111588","0.0009489301592111588","0.0009489301592111588"
"27340","0.0004286598414182663","0.0004286598414182663","0.0004286598414182663"
"27344","0.001093527302145958","0.001093527302145958","0.001093527302145958"
"27346","0.005524227395653725","0.005524227395653725","0.005524227395653725"
"27356","0.0013754796236753464","0.0013754796236753464","0.0013754796236753464"
"27358","0.008311145007610321","0.008311145007610321","0.008311145007610321"
"27362","0.00016251951456069946","0.00016251951456069946","0.00016251951456069946"
"27370","0.0002877023071050644","0.0002877023071050644","0.0002877023071050644"
"27378","0.005412805825471878","0.005412805825471878","0.005412805825471878"
"27384","0.00026509910821914673","0.00026509910821914673","0.00026509910821914673"
"27386","0.0013472884893417358","0.0013472884893417358","0.0013472884893417358"
"27400","0.02318819798529148","0.02318819798529148","0.02318819798529148"
"27402","0.0005418695509433746","0.0005418695509433746","0.0005418695509433746"
"27406","0.0031166356056928635","0.0031166356056928635","0.0031166356056928635"
"27408","0.0007529668509960175","0.0007529668509960175","0.0007529668509960175"
"27410","0.020121222361922264","0.020121222361922264","0.020121222361922264"
"27414","0.0005418267101049423","0.0005418267101049423","0.0005418267101049423"
"27416","0.002042241394519806","0.002042241394519806","0.002042241394519806"
"27418","0.00097661092877388","0.00097661092877388","0.00097661092877388"
"27422","0.014960821717977524","0.014960821717977524","0.014960821717977524"
"27424","0.0010903272777795792","0.0010903272777795792","0.0010903272777795792"
"27428","0.05195861682295799","0.05195861682295799","0.05195861682295799"
"27432","0.00022356025874614716","0.00022356025874614716","0.00022356025874614716"
"27444","0.005881728604435921","0.005881728604435921","0.005881728604435921"
"27450","0.0009393505752086639","0.0009393505752086639","0.0009393505752086639"
"27460","0.0005073100328445435","0.0005073100328445435","0.0005073100328445435"
"27468","0.0014371313154697418","0.0014371313154697418","0.0014371313154697418"
"27474","0.0184374637901783","0.0184374637901783","0.0184374637901783"
"27478","0.006355432793498039","0.006355432793498039","0.006355432793498039"
"27480","0.03974045068025589","0.03974045068025589","0.03974045068025589"
"27488","0.0009949952363967896","0.0009949952363967896","0.0009949952363967896"
"27490","0.00045046769082546234","0.00045046769082546234","0.00045046769082546234"
"27496","0.0004938989877700806","0.0004938989877700806","0.0004938989877700806"
"27500","0.009935177862644196","0.009935177862644196","0.009935177862644196"
"27512","0.0009127110242843628","0.0009127110242843628","0.0009127110242843628"
"27514","0.007930414751172066","0.007930414751172066","0.007930414751172066"
"27520","0.0033621136099100113","0.0033621136099100113","0.0033621136099100113"
"27536","0.01938585750758648","0.01938585750758648","0.01938585750758648"
"27538","0.017969537526369095","0.017969537526369095","0.017969537526369095"
"27540","0.005180789157748222","0.005180789157748222","0.005180789157748222"
"27546","0.0007025450468063354","0.0007025450468063354","0.0007025450468063354"
"27548","0.0033133607357740402","0.0033133607357740402","0.0033133607357740402"
"27554","0.0001431480050086975","0.0001431480050086975","0.0001431480050086975"
"27558","0.0003939904272556305","0.0003939904272556305","0.0003939904272556305"
"27560","0.009172158315777779","0.009172158315777779","0.009172158315777779"
"27566","0.01648780331015587","0.01648780331015587","0.01648780331015587"
"27568","0.003525272011756897","0.003525272011756897","0.003525272011756897"
"27576","0.004330534487962723","0.004330534487962723","0.004330534487962723"
"27580","0.00042658671736717224","0.00042658671736717224","0.00042658671736717224"
"27592","0.00008957087993621826","0.00008957087993621826","0.00008957087993621826"
"27594","0.0018074233084917068","0.0018074233084917068","0.0018074233084917068"
"27596","0.003246735781431198","0.003246735781431198","0.003246735781431198"
"27604","0.008695803582668304","0.008695803582668304","0.008695803582668304"
"27618","0.008314905688166618","0.008314905688166618","0.008314905688166618"
"27634","0.000461481511592865","0.000461481511592865","0.000461481511592865"
"27636","0.015627780929207802","0.015627780929207802","0.015627780929207802"
"27644","0.051133785396814346","0.051133785396814346","0.051133785396814346"
"27648","0.0016064047813415527","0.0016064047813415527","0.0016064047813415527"
"27654","0.005492454394698143","0.005492454394698143","0.005492454394698143"
"27662","0.02958527021110058","0.02958527021110058","0.02958527021110058"
"27684","0.008785944432020187","0.008785944432020187","0.008785944432020187"
"27686","0.024088867008686066","0.024088867008686066","0.024088867008686066"
"27688","0.021133704110980034","0.021133704110980034","0.021133704110980034"
"27692","0.0003285873681306839","0.0003285873681306839","0.0003285873681306839"
"27694","0.07641872018575668","0.07641872018575668","0.07641872018575668"
"27708","0.0010630153119564056","0.0010630153119564056","0.0010630153119564056"
"27710","0.001790318638086319","0.001790318638086319","0.001790318638086319"
"27716","0.0004541110247373581","0.0004541110247373581","0.0004541110247373581"
"27726","0.010485183447599411","0.010485183447599411","0.010485183447599411"
"27728","0.0036006905138492584","0.0036006905138492584","0.0036006905138492584"
"27732","0.004619583487510681","0.004619583487510681","0.004619583487510681"
"27742","0.001609206199645996","0.001609206199645996","0.001609206199645996"
"27746","0.003319559618830681","0.003319559618830681","0.003319559618830681"
"27748","0.002966884523630142","0.002966884523630142","0.002966884523630142"
"27752","0.013174042105674744","0.013174042105674744","0.013174042105674744"
"27754","0.014301009476184845","0.014301009476184845","0.014301009476184845"
"27764","0.0014124047011137009","0.0014124047011137009","0.0014124047011137009"
"27766","0.0023839883506298065","0.0023839883506298065","0.0023839883506298065"
"27768","0.0016497522592544556","0.0016497522592544556","0.0016497522592544556"
"27772","0.008619556203484535","0.008619556203484535","0.008619556203484535"
"27774","0.0503387451171875","0.0503387451171875","0.0503387451171875"
"27776","0.002026651054620743","0.002026651054620743","0.002026651054620743"
"27780","0.00009382888674736023","0.00009382888674736023","0.00009382888674736023"
"27782","0.003187280148267746","0.003187280148267746","0.003187280148267746"
"27790","0.0019308608025312424","0.0019308608025312424","0.0019308608025312424"
"27792","0.0004492569714784622","0.0004492569714784622","0.0004492569714784622"
"27794","0.0003343205899000168","0.0003343205899000168","0.0003343205899000168"
"27804","0.0007712505757808685","0.0007712505757808685","0.0007712505757808685"
"27806","0.008042652159929276","0.008042652159929276","0.008042652159929276"
"27814","0.005589891225099564","0.005589891225099564","0.005589891225099564"
"27816","0.0029490329325199127","0.0029490329325199127","0.0029490329325199127"
"27820","0.000460747629404068","0.000460747629404068","0.000460747629404068"
"27832","0.008752331137657166","0.008752331137657166","0.008752331137657166"
"27838","0.004100067541003227","0.004100067541003227","0.004100067541003227"
"27840","0.0020556412637233734","0.0020556412637233734","0.0020556412637233734"
"27846","0.0003922469913959503","0.0003922469913959503","0.0003922469913959503"
"27858","0.0027513187378644943","0.0027513187378644943","0.0027513187378644943"
"27860","0.011896813288331032","0.011896813288331032","0.011896813288331032"
"27864","0.08609336614608765","0.08609336614608765","0.08609336614608765"
"27880","0.020897293463349342","0.020897293463349342","0.020897293463349342"
"27884","0.003807051107287407","0.003807051107287407","0.003807051107287407"
"27886","0.0052530765533447266","0.0052530765533447266","0.0052530765533447266"
"27900","0.0010915584862232208","0.0010915584862232208","0.0010915584862232208"
"27914","0.00016786158084869385","0.00016786158084869385","0.00016786158084869385"
"27926","0.005516694858670235","0.005516694858670235","0.005516694858670235"
"27928","0.01281304657459259","0.01281304657459259","0.01281304657459259"
"27938","0.03733612224459648","0.03733612224459648","0.03733612224459648"
"27948","0.008039966225624084","0.008039966225624084","0.008039966225624084"
"27952","0.0009122695773839951","0.0009122695773839951","0.0009122695773839951"
"27956","0.0593215748667717","0.0593215748667717","0.0593215748667717"
"27962","0.0001525692641735077","0.0001525692641735077","0.0001525692641735077"
"27970","0.00362350232899189","0.00362350232899189","0.00362350232899189"
"27972","0.006779525429010391","0.006779525429010391","0.006779525429010391"
"27974","0.004301954060792923","0.004301954060792923","0.004301954060792923"
"27978","0.004188926890492439","0.004188926890492439","0.004188926890492439"
"27980","0.002638230100274086","0.002638230100274086","0.002638230100274086"
"27986","0.003329360857605934","0.003329360857605934","0.003329360857605934"
"27998","0.005235202610492706","0.005235202610492706","0.005235202610492706"
"28002","0.0024515073746442795","0.0024515073746442795","0.0024515073746442795"
"28006","0.0006269216537475586","0.0006269216537475586","0.0006269216537475586"
"28008","0.0003491546958684921","0.0003491546958684921","0.0003491546958684921"
"28020","0.0003180745989084244","0.0003180745989084244","0.0003180745989084244"
"28026","0.005611289292573929","0.005611289292573929","0.005611289292573929"
"28028","0.017786327749490738","0.017786327749490738","0.017786327749490738"
"28032","0.005442431196570396","0.005442431196570396","0.005442431196570396"
"28036","0.0012897290289402008","0.0012897290289402008","0.0012897290289402008"
"28038","0.0001868903636932373","0.0001868903636932373","0.0001868903636932373"
"28042","0.010628486052155495","0.010628486052155495","0.010628486052155495"
"28050","0.02162395417690277","0.02162395417690277","0.02162395417690277"
"28052","0.0014319680631160736","0.0014319680631160736","0.0014319680631160736"
"28054","0.0035380329936742783","0.0035380329936742783","0.0035380329936742783"
"28070","0.0021099690347909927","0.0021099690347909927","0.0021099690347909927"
"28074","0.0008349772542715073","0.0008349772542715073","0.0008349772542715073"
"28080","0.03627898916602135","0.03627898916602135","0.03627898916602135"
"28082","0.002886345610022545","0.002886345610022545","0.002886345610022545"
"28084","0.002552160993218422","0.002552160993218422","0.002552160993218422"
"28086","0.0032499805092811584","0.0032499805092811584","0.0032499805092811584"
"28096","0.015621334314346313","0.015621334314346313","0.015621334314346313"
"28098","0.0008991993963718414","0.0008991993963718414","0.0008991993963718414"
"28100","0.00005903281271457672","0.00005903281271457672","0.00005903281271457672"
"28102","0.0006349664181470871","0.0006349664181470871","0.0006349664181470871"
"28116","0.0008864961564540863","0.0008864961564540863","0.0008864961564540863"
"28118","0.0051727499812841415","0.0051727499812841415","0.0051727499812841415"
"28120","0.03537234663963318","0.03537234663963318","0.03537234663963318"
"28134","0.0006038602441549301","0.0006038602441549301","0.0006038602441549301"
"28136","0.0034444741904735565","0.0034444741904735565","0.0034444741904735565"
"28140","0.0053697619587183","0.0053697619587183","0.0053697619587183"
"28142","0.04545360058546066","0.04545360058546066","0.04545360058546066"
"28150","0.03680209815502167","0.03680209815502167","0.03680209815502167"
"28152","0.0037219207733869553","0.0037219207733869553","0.0037219207733869553"
"28156","0.016209907829761505","0.016209907829761505","0.016209907829761505"
"28166","0.00011680275201797485","0.00011680275201797485","0.00011680275201797485"
"28170","0.0361628457903862","0.0361628457903862","0.0361628457903862"
"28172","0.00338633731007576","0.00338633731007576","0.00338633731007576"
"28178","0.0014983247965574265","0.0014983247965574265","0.0014983247965574265"
"28182","0.000029578804969787598","0.000029578804969787598","0.000029578804969787598"
"28184","0.02185899205505848","0.02185899205505848","0.02185899205505848"
"28188","0.0016717854887247086","0.0016717854887247086","0.0016717854887247086"
"28192","0.0013830792158842087","0.0013830792158842087","0.0013830792158842087"
"28200","0.0005816947668790817","0.0005816947668790817","0.0005816947668790817"
"28208","0.000053705647587776184","0.000053705647587776184","0.000053705647587776184"
"28212","0.0012171529233455658","0.0012171529233455658","0.0012171529233455658"
"28214","0.0001309216022491455","0.0001309216022491455","0.0001309216022491455"
"28216","0.001355443149805069","0.001355443149805069","0.001355443149805069"
"28218","0.06401324272155762","0.06401324272155762","0.06401324272155762"
"28220","0.0007078461349010468","0.0007078461349010468","0.0007078461349010468"
"28232","0.01049337349832058","0.01049337349832058","0.01049337349832058"
"28238","0.0016368813812732697","0.0016368813812732697","0.0016368813812732697"
"28240","0.0010754428803920746","0.0010754428803920746","0.0010754428803920746"
"28245","0.014175638556480408","0.014175638556480408","0.014175638556480408"
"28247","0.028793182224035263","0.028793182224035263","0.028793182224035263"
"28251","0.0011964309960603714","0.0011964309960603714","0.0011964309960603714"
"28257","0.0022377539426088333","0.0022377539426088333","0.0022377539426088333"
"28259","0.002301301807165146","0.002301301807165146","0.002301301807165146"
"28261","0.0029895585030317307","0.0029895585030317307","0.0029895585030317307"
"28267","0.0015882570296525955","0.0015882570296525955","0.0015882570296525955"
"28269","0.00528867170214653","0.00528867170214653","0.00528867170214653"
"28271","0.0007988549768924713","0.0007988549768924713","0.0007988549768924713"
"28273","0.0009048506617546082","0.0009048506617546082","0.0009048506617546082"
"28275","0.00027141906321048737","0.00027141906321048737","0.00027141906321048737"
"28279","0.005912948399782181","0.005912948399782181","0.005912948399782181"
"28285","0.012122197076678276","0.012122197076678276","0.012122197076678276"
"28289","0.0005208458751440048","0.0005208458751440048","0.0005208458751440048"
"28297","0.0028065163642168045","0.0028065163642168045","0.0028065163642168045"
"28309","0.00018246285617351532","0.00018246285617351532","0.00018246285617351532"
"28311","0.04803860932588577","0.04803860932588577","0.04803860932588577"
"28313","0.0002892129123210907","0.0002892129123210907","0.0002892129123210907"
"28315","0.006417205557227135","0.006417205557227135","0.006417205557227135"
"28317","0.0010367128998041153","0.0010367128998041153","0.0010367128998041153"
"28319","0.001758253201842308","0.001758253201842308","0.001758253201842308"
"28325","0.0012214481830596924","0.0012214481830596924","0.0012214481830596924"
"28329","0.0027344655245542526","0.0027344655245542526","0.0027344655245542526"
"28335","0.0005334112793207169","0.0005334112793207169","0.0005334112793207169"
"28345","0.034937553107738495","0.034937553107738495","0.034937553107738495"
"28347","0.007462838664650917","0.007462838664650917","0.007462838664650917"
"28353","0.02162126824259758","0.02162126824259758","0.02162126824259758"
"28359","0.029943058267235756","0.029943058267235756","0.029943058267235756"
"28361","0.0008899401873350143","0.0008899401873350143","0.0008899401873350143"
"28363","0.0006383731961250305","0.0006383731961250305","0.0006383731961250305"
"28367","0.008353812620043755","0.008353812620043755","0.008353812620043755"
"28369","0.0017878841608762741","0.0017878841608762741","0.0017878841608762741"
"28373","0.01438908651471138","0.01438908651471138","0.01438908651471138"
"28377","0.00689789280295372","0.00689789280295372","0.00689789280295372"
"28383","0.0031421110033988953","0.0031421110033988953","0.0031421110033988953"
"28387","0.00036691129207611084","0.00036691129207611084","0.00036691129207611084"
"28391","0.00013422034680843353","0.00013422034680843353","0.00013422034680843353"
"28393","0.008992377668619156","0.008992377668619156","0.008992377668619156"
"28395","0.013553893193602562","0.013553893193602562","0.013553893193602562"
"28401","0.0012025851756334305","0.0012025851756334305","0.0012025851756334305"
"28409","0.000683128833770752","0.000683128833770752","0.000683128833770752"
"28411","0.00035274215042591095","0.00035274215042591095","0.00035274215042591095"
"28421","0.0006525926291942596","0.0006525926291942596","0.0006525926291942596"
"28425","0.004353433847427368","0.004353433847427368","0.004353433847427368"
"28427","0.02773001790046692","0.02773001790046692","0.02773001790046692"
"28435","0.0048200711607933044","0.0048200711607933044","0.0048200711607933044"
"28437","0.001352572813630104","0.001352572813630104","0.001352572813630104"
"28441","0.0034873392432928085","0.0034873392432928085","0.0034873392432928085"
"28449","0.0007037892937660217","0.0007037892937660217","0.0007037892937660217"
"28451","0.01064734160900116","0.01064734160900116","0.01064734160900116"
"28457","0.01347019150853157","0.01347019150853157","0.01347019150853157"
"28459","0.012674586847424507","0.012674586847424507","0.012674586847424507"
"28469","0.0047121476382017136","0.0047121476382017136","0.0047121476382017136"
"28471","0.000962521880865097","0.000962521880865097","0.000962521880865097"
"28473","0.001517781987786293","0.001517781987786293","0.001517781987786293"
"28475","0.0010494031012058258","0.0010494031012058258","0.0010494031012058258"
"28489","0.0008693784475326538","0.0008693784475326538","0.0008693784475326538"
"28491","0.002114858478307724","0.002114858478307724","0.002114858478307724"
"28497","0.0010832492262125015","0.0010832492262125015","0.0010832492262125015"
"28499","0.0037426836788654327","0.0037426836788654327","0.0037426836788654327"
"28501","0.00030825845897197723","0.00030825845897197723","0.00030825845897197723"
"28513","0.00023732706904411316","0.00023732706904411316","0.00023732706904411316"
"28515","0.009657947346568108","0.009657947346568108","0.009657947346568108"
"28519","0.00032448209822177887","0.00032448209822177887","0.00032448209822177887"
"28525","0.0051772333681583405","0.0051772333681583405","0.0051772333681583405"
"28531","0.002826772630214691","0.002826772630214691","0.002826772630214691"
"28537","0.00040770694613456726","0.00040770694613456726","0.00040770694613456726"
"28541","0.001195032149553299","0.001195032149553299","0.001195032149553299"
"28545","0.009576495736837387","0.009576495736837387","0.009576495736837387"
"28549","0.0020253434777259827","0.0020253434777259827","0.0020253434777259827"
"28551","0.00018161162734031677","0.00018161162734031677","0.00018161162734031677"
"28573","0.015127480030059814","0.015127480030059814","0.015127480030059814"
"28577","0.07180475443601608","0.07180475443601608","0.07180475443601608"
"28579","0.021667247638106346","0.021667247638106346","0.021667247638106346"
"28587","0.007010705769062042","0.007010705769062042","0.007010705769062042"
"28591","0.002062331885099411","0.002062331885099411","0.002062331885099411"
"28593","0.0011453088372945786","0.0011453088372945786","0.0011453088372945786"
"28597","0.002384459599852562","0.002384459599852562","0.002384459599852562"
"28607","0.0003339052200317383","0.0003339052200317383","0.0003339052200317383"
"28611","0.002009764313697815","0.002009764313697815","0.002009764313697815"
"28617","0.040194232016801834","0.040194232016801834","0.040194232016801834"
"28619","0.00018725357949733734","0.00018725357949733734","0.00018725357949733734"
"28637","0.0005668345838785172","0.0005668345838785172","0.0005668345838785172"
"28639","0.0002526063472032547","0.0002526063472032547","0.0002526063472032547"
"28641","0.00422087125480175","0.00422087125480175","0.00422087125480175"
"28643","0.00041718222200870514","0.00041718222200870514","0.00041718222200870514"
"28645","0.000345403328537941","0.000345403328537941","0.000345403328537941"
"28647","0.02005273848772049","0.02005273848772049","0.02005273848772049"
"28649","0.00008981861174106598","0.00008981861174106598","0.00008981861174106598"
"28651","0.00027732178568840027","0.00027732178568840027","0.00027732178568840027"
"28659","0.002553168684244156","0.002553168684244156","0.002553168684244156"
"28669","0.006272252649068832","0.006272252649068832","0.006272252649068832"
"28671","0.004720134660601616","0.004720134660601616","0.004720134660601616"
"28675","0.0004246756434440613","0.0004246756434440613","0.0004246756434440613"
"28679","0.00455901026725769","0.00455901026725769","0.00455901026725769"
"28681","0.0021995101124048233","0.0021995101124048233","0.0021995101124048233"
"28683","0.11834362149238586","0.11834362149238586","0.11834362149238586"
"28687","0.003011956810951233","0.003011956810951233","0.003011956810951233"
"28691","0.001867596060037613","0.001867596060037613","0.001867596060037613"
"28695","0.017848575487732887","0.017848575487732887","0.017848575487732887"
"28697","0.0012948475778102875","0.0012948475778102875","0.0012948475778102875"
"28699","0.027585193514823914","0.027585193514823914","0.027585193514823914"
"28705","0.0012538954615592957","0.0012538954615592957","0.0012538954615592957"
"28721","0.00587431900203228","0.00587431900203228","0.00587431900203228"
"28723","0.0026859790086746216","0.0026859790086746216","0.0026859790086746216"
"28725","0.0015964172780513763","0.0015964172780513763","0.0015964172780513763"
"28729","0.00016992166638374329","0.00016992166638374329","0.00016992166638374329"
"28739","0.006984861567616463","0.006984861567616463","0.006984861567616463"
"28747","0.0013619940727949142","0.0013619940727949142","0.0013619940727949142"
"28749","0.002205515280365944","0.002205515280365944","0.002205515280365944"
"28759","0.008163295686244965","0.008163295686244965","0.008163295686244965"
"28761","0.0006473753601312637","0.0006473753601312637","0.0006473753601312637"
"28765","0.009297240525484085","0.009297240525484085","0.009297240525484085"
"28769","0.015623733401298523","0.015623733401298523","0.015623733401298523"
"28771","0.03400031477212906","0.03400031477212906","0.03400031477212906"
"28773","0.01635441742837429","0.01635441742837429","0.01635441742837429"
"28775","0.0022511444985866547","0.0022511444985866547","0.0022511444985866547"
"28779","0.0031952224671840668","0.0031952224671840668","0.0031952224671840668"
"28783","0.0009371042251586914","0.0009371042251586914","0.0009371042251586914"
"28803","0.0004432462155818939","0.0004432462155818939","0.0004432462155818939"
"28805","0.0005695894360542297","0.0005695894360542297","0.0005695894360542297"
"28819","0.003695329651236534","0.003695329651236534","0.003695329651236534"
"28825","0.015041835606098175","0.015041835606098175","0.015041835606098175"
"28827","0.004373224452137947","0.004373224452137947","0.004373224452137947"
"28835","0.0005667861551046371","0.0005667861551046371","0.0005667861551046371"
"28841","0.00011164695024490356","0.00011164695024490356","0.00011164695024490356"
"28845","0.015331896021962166","0.015331896021962166","0.015331896021962166"
"28847","0.0001133456826210022","0.0001133456826210022","0.0001133456826210022"
"28851","0.04081788286566734","0.04081788286566734","0.04081788286566734"
"28855","0.000746600329875946","0.000746600329875946","0.000746600329875946"
"28861","0.012583771720528603","0.012583771720528603","0.012583771720528603"
"28865","0.0010329578071832657","0.0010329578071832657","0.0010329578071832657"
"28869","0.010240698233246803","0.010240698233246803","0.010240698233246803"
"28875","0.00253274105489254","0.00253274105489254","0.00253274105489254"
"28883","0.009126488119363785","0.009126488119363785","0.009126488119363785"
"28885","0.00019263289868831635","0.00019263289868831635","0.00019263289868831635"
"28891","0.005001373589038849","0.005001373589038849","0.005001373589038849"
"28895","0.0008710585534572601","0.0008710585534572601","0.0008710585534572601"
"28897","0.013044599443674088","0.013044599443674088","0.013044599443674088"
"28909","0.001623271033167839","0.001623271033167839","0.001623271033167839"
"28915","0.004170004278421402","0.004170004278421402","0.004170004278421402"
"28923","0.0008582957088947296","0.0008582957088947296","0.0008582957088947296"
"28931","0.0055893585085868835","0.0055893585085868835","0.0055893585085868835"
"28935","0.07029098272323608","0.07029098272323608","0.07029098272323608"
"28945","0.0024272482842206955","0.0024272482842206955","0.0024272482842206955"
"28959","0.05373584106564522","0.05373584106564522","0.05373584106564522"
"28961","0.004124676808714867","0.004124676808714867","0.004124676808714867"
"28965","0.004032120108604431","0.004032120108604431","0.004032120108604431"
"28969","0.0018907878547906876","0.0018907878547906876","0.0018907878547906876"
"28971","0.0032434798777103424","0.0032434798777103424","0.0032434798777103424"
"28979","0.0009177178144454956","0.0009177178144454956","0.0009177178144454956"
"28983","0.002352345734834671","0.002352345734834671","0.002352345734834671"
"28985","0.0010363366454839706","0.0010363366454839706","0.0010363366454839706"
"28989","0.0019582565873861313","0.0019582565873861313","0.0019582565873861313"
"28995","0.002515846863389015","0.002515846863389015","0.002515846863389015"
"28999","0.001979779452085495","0.001979779452085495","0.001979779452085495"
"29001","0.007135720923542976","0.007135720923542976","0.007135720923542976"
"29007","0.01753455027937889","0.01753455027937889","0.01753455027937889"
"29009","0.0021029505878686905","0.0021029505878686905","0.0021029505878686905"
"29011","0.006601572036743164","0.006601572036743164","0.006601572036743164"
"29013","0.006901899352669716","0.006901899352669716","0.006901899352669716"
"29027","0.014741351827979088","0.014741351827979088","0.014741351827979088"
"29029","0.00043136440217494965","0.00043136440217494965","0.00043136440217494965"
"29033","0.0016887113451957703","0.0016887113451957703","0.0016887113451957703"
"29041","0.025132568553090096","0.025132568553090096","0.025132568553090096"
"29043","0.0004628598690032959","0.0004628598690032959","0.0004628598690032959"
"29045","0.018144745379686356","0.018144745379686356","0.018144745379686356"
"29049","0.0035516805946826935","0.0035516805946826935","0.0035516805946826935"
"29051","0.00035085156559944153","0.00035085156559944153","0.00035085156559944153"
"29053","0.0025223437696695328","0.0025223437696695328","0.0025223437696695328"
"29055","0.009678374975919724","0.009678374975919724","0.009678374975919724"
"29057","0.0007106289267539978","0.0007106289267539978","0.0007106289267539978"
"29059","0.0033169258385896683","0.0033169258385896683","0.0033169258385896683"
"29061","0.0022473204880952835","0.0022473204880952835","0.0022473204880952835"
"29063","0.00046599097549915314","0.00046599097549915314","0.00046599097549915314"
"29075","0.0016928110271692276","0.0016928110271692276","0.0016928110271692276"
"29081","0.004316061735153198","0.004316061735153198","0.004316061735153198"
"29091","0.008343856781721115","0.008343856781721115","0.008343856781721115"
"29095","0.0014422927051782608","0.0014422927051782608","0.0014422927051782608"
"29097","0.0028920862823724747","0.0028920862823724747","0.0028920862823724747"
"29101","0.0016802195459604263","0.0016802195459604263","0.0016802195459604263"
"29105","0.00159500353038311","0.00159500353038311","0.00159500353038311"
"29109","0.005342643707990646","0.005342643707990646","0.005342643707990646"
"29111","0.00490163266658783","0.00490163266658783","0.00490163266658783"
"29117","0.010617867112159729","0.010617867112159729","0.010617867112159729"
"29119","0.0006585698574781418","0.0006585698574781418","0.0006585698574781418"
"29121","0.0021489672362804413","0.0021489672362804413","0.0021489672362804413"
"29125","0.011679712682962418","0.011679712682962418","0.011679712682962418"
"29127","0.0015243589878082275","0.0015243589878082275","0.0015243589878082275"
"29139","0.0012935847043991089","0.0012935847043991089","0.0012935847043991089"
"29141","0.001282406970858574","0.001282406970858574","0.001282406970858574"
"29145","0.021548036485910416","0.021548036485910416","0.021548036485910416"
"29161","0.05152641236782074","0.05152641236782074","0.05152641236782074"
"29165","0.0026905927807092667","0.0026905927807092667","0.0026905927807092667"
"29167","0.0006300155073404312","0.0006300155073404312","0.0006300155073404312"
"29179","0.017163110896945","0.017163110896945","0.017163110896945"
"29181","0.004459476098418236","0.004459476098418236","0.004459476098418236"
"29189","0.0007412154227495193","0.0007412154227495193","0.0007412154227495193"
"29191","0.003167811781167984","0.003167811781167984","0.003167811781167984"
"29197","0.00015623494982719421","0.00015623494982719421","0.00015623494982719421"
"29199","0.0032398048788309097","0.0032398048788309097","0.0032398048788309097"
"29203","0.00016515888273715973","0.00016515888273715973","0.00016515888273715973"
"29211","0.000830039381980896","0.000830039381980896","0.000830039381980896"
"29217","0.0030379854142665863","0.0030379854142665863","0.0030379854142665863"
"29219","0.00005962885916233063","0.00005962885916233063","0.00005962885916233063"
"29221","0.0017447322607040405","0.0017447322607040405","0.0017447322607040405"
"29227","0.0027177054435014725","0.0027177054435014725","0.0027177054435014725"
"29236","0.000881170853972435","0.000881170853972435","0.000881170853972435"
"29240","0.001206154003739357","0.001206154003739357","0.001206154003739357"
"29242","0.0016770660877227783","0.0016770660877227783","0.0016770660877227783"
"29248","0.0005571041256189346","0.0005571041256189346","0.0005571041256189346"
"29250","0.00012151524424552917","0.00012151524424552917","0.00012151524424552917"
"29262","0.0003882274031639099","0.0003882274031639099","0.0003882274031639099"
"29268","0.014959942549467087","0.014959942549467087","0.014959942549467087"
"29274","0.0064601656049489975","0.0064601656049489975","0.0064601656049489975"
"29276","0.0033095087856054306","0.0033095087856054306","0.0033095087856054306"
"29280","0.0002516601234674454","0.0002516601234674454","0.0002516601234674454"
"29288","0.00017133913934230804","0.00017133913934230804","0.00017133913934230804"
"29302","0.06570793688297272","0.06570793688297272","0.06570793688297272"
"29310","0.0038042347878217697","0.0038042347878217697","0.0038042347878217697"
"29312","0.0031358692795038223","0.0031358692795038223","0.0031358692795038223"
"29314","0.003615777939558029","0.003615777939558029","0.003615777939558029"
"29320","0.00013755075633525848","0.00013755075633525848","0.00013755075633525848"
"29326","0.0009439345449209213","0.0009439345449209213","0.0009439345449209213"
"29336","0.01843448355793953","0.01843448355793953","0.01843448355793953"
"29342","0.015368523076176643","0.015368523076176643","0.015368523076176643"
"29348","0.0003652721643447876","0.0003652721643447876","0.0003652721643447876"
"29350","0.004323452711105347","0.004323452711105347","0.004323452711105347"
"29352","0.0004370957612991333","0.0004370957612991333","0.0004370957612991333"
"29358","0.0016369130462408066","0.0016369130462408066","0.0016369130462408066"
"29362","0.000709259882569313","0.000709259882569313","0.000709259882569313"
"29366","0.006043998524546623","0.006043998524546623","0.006043998524546623"
"29368","0.01964576542377472","0.01964576542377472","0.01964576542377472"
"29370","0.0005981959402561188","0.0005981959402561188","0.0005981959402561188"
"29374","0.0011841338127851486","0.0011841338127851486","0.0011841338127851486"
"29380","0.00040623173117637634","0.00040623173117637634","0.00040623173117637634"
"29382","0.06971363723278046","0.06971363723278046","0.06971363723278046"
"29394","0.00532468780875206","0.00532468780875206","0.00532468780875206"
"29396","0.0007688328623771667","0.0007688328623771667","0.0007688328623771667"
"29398","0.00834154523909092","0.00834154523909092","0.00834154523909092"
"29400","0.009873786941170692","0.009873786941170692","0.009873786941170692"
"29410","0.001137327402830124","0.001137327402830124","0.001137327402830124"
"29416","0.00327971950173378","0.00327971950173378","0.00327971950173378"
"29420","0.0005488470196723938","0.0005488470196723938","0.0005488470196723938"
"29424","0.0028826911002397537","0.0028826911002397537","0.0028826911002397537"
"29430","0.00014995038509368896","0.00014995038509368896","0.00014995038509368896"
"29432","0.013380326330661774","0.013380326330661774","0.013380326330661774"
"29434","0.02287326008081436","0.02287326008081436","0.02287326008081436"
"29440","0.021783124655485153","0.021783124655485153","0.021783124655485153"
"29444","0.003558669239282608","0.003558669239282608","0.003558669239282608"
"29446","0.0040880125015974045","0.0040880125015974045","0.0040880125015974045"
"29450","0.0011434424668550491","0.0011434424668550491","0.0011434424668550491"
"29454","0.0001259148120880127","0.0001259148120880127","0.0001259148120880127"
"29458","0.01346512883901596","0.01346512883901596","0.01346512883901596"
"29460","0.0021072328090667725","0.0021072328090667725","0.0021072328090667725"
"29464","0.001325175166130066","0.001325175166130066","0.001325175166130066"
"29466","0.000782988965511322","0.000782988965511322","0.000782988965511322"
"29468","0.000739002600312233","0.000739002600312233","0.000739002600312233"
"29470","0.0004911012947559357","0.0004911012947559357","0.0004911012947559357"
"29474","0.0014006160199642181","0.0014006160199642181","0.0014006160199642181"
"29476","0.0005520135164260864","0.0005520135164260864","0.0005520135164260864"
"29480","0.0002530217170715332","0.0002530217170715332","0.0002530217170715332"
"29484","0.004185603931546211","0.004185603931546211","0.004185603931546211"
"29486","0.0008024014532566071","0.0008024014532566071","0.0008024014532566071"
"29488","0.005730608478188515","0.005730608478188515","0.005730608478188515"
"29500","0.00018258579075336456","0.00018258579075336456","0.00018258579075336456"
"29506","0.0002894420176744461","0.0002894420176744461","0.0002894420176744461"
"29508","0.000033758580684661865","0.000033758580684661865","0.000033758580684661865"
"29510","0.0011722948402166367","0.0011722948402166367","0.0011722948402166367"
"29516","0.0019226763397455215","0.0019226763397455215","0.0019226763397455215"
"29520","0.004880795255303383","0.004880795255303383","0.004880795255303383"
"29524","0.001799480989575386","0.001799480989575386","0.001799480989575386"
"29526","0.0010286308825016022","0.0010286308825016022","0.0010286308825016022"
"29532","0.001774076372385025","0.001774076372385025","0.001774076372385025"
"29534","0.0008474104106426239","0.0008474104106426239","0.0008474104106426239"
"29536","0.00537409633398056","0.00537409633398056","0.00537409633398056"
"29538","0.001398155465722084","0.001398155465722084","0.001398155465722084"
"29542","0.039946213364601135","0.039946213364601135","0.039946213364601135"
"29556","0.0006601996719837189","0.0006601996719837189","0.0006601996719837189"
"29560","0.0023641325533390045","0.0023641325533390045","0.0023641325533390045"
"29562","0.0519045926630497","0.0519045926630497","0.0519045926630497"
"29564","0.01756463386118412","0.01756463386118412","0.01756463386118412"
"29570","0.00019542686641216278","0.00019542686641216278","0.00019542686641216278"
"29574","0.001206250861287117","0.001206250861287117","0.001206250861287117"
"29576","0.001406647264957428","0.001406647264957428","0.001406647264957428"
"29582","0.017473891377449036","0.017473891377449036","0.017473891377449036"
"29584","0.0004990212619304657","0.0004990212619304657","0.0004990212619304657"
"29588","0.000928293913602829","0.000928293913602829","0.000928293913602829"
"29594","0.019544683396816254","0.019544683396816254","0.019544683396816254"
"29596","0.0006547961384057999","0.0006547961384057999","0.0006547961384057999"
"29602","0.031875282526016235","0.031875282526016235","0.031875282526016235"
"29604","0.001957554370164871","0.001957554370164871","0.001957554370164871"
"29614","0.003868022933602333","0.003868022933602333","0.003868022933602333"
"29616","0.013327907770872116","0.013327907770872116","0.013327907770872116"
"29630","0.0002818834036588669","0.0002818834036588669","0.0002818834036588669"
"29632","0.007008509710431099","0.007008509710431099","0.007008509710431099"
"29642","0.0049307383596897125","0.0049307383596897125","0.0049307383596897125"
"29644","0.002897718921303749","0.002897718921303749","0.002897718921303749"
"29646","0.009263819083571434","0.009263819083571434","0.009263819083571434"
"29650","0.02374095283448696","0.02374095283448696","0.02374095283448696"
"29652","0.0020327717065811157","0.0020327717065811157","0.0020327717065811157"
"29654","0.09780088812112808","0.09780088812112808","0.09780088812112808"
"29658","0.013920752331614494","0.013920752331614494","0.013920752331614494"
"29662","0.0010223481804132462","0.0010223481804132462","0.0010223481804132462"
"29664","0.01017855852842331","0.01017855852842331","0.01017855852842331"
"29666","0.0008061416447162628","0.0008061416447162628","0.0008061416447162628"
"29674","0.00937596708536148","0.00937596708536148","0.00937596708536148"
"29684","0.014724388718605042","0.014724388718605042","0.014724388718605042"
"29686","0.001326223835349083","0.001326223835349083","0.001326223835349083"
"29690","0.020840700715780258","0.020840700715780258","0.020840700715780258"
"29698","0.0032351892441511154","0.0032351892441511154","0.0032351892441511154"
"29700","0.0069737788289785385","0.0069737788289785385","0.0069737788289785385"
"29706","0.000652555376291275","0.000652555376291275","0.000652555376291275"
"29708","0.0016579683870077133","0.0016579683870077133","0.0016579683870077133"
"29718","0.04111815243959427","0.04111815243959427","0.04111815243959427"
"29722","0.0008345022797584534","0.0008345022797584534","0.0008345022797584534"
"29734","0.02177053689956665","0.02177053689956665","0.02177053689956665"
"29740","0.0560915470123291","0.0560915470123291","0.0560915470123291"
"29742","0.012342149391770363","0.012342149391770363","0.012342149391770363"
"29744","0.009679513052105904","0.009679513052105904","0.009679513052105904"
"29750","0.0036209914833307266","0.0036209914833307266","0.0036209914833307266"
"29770","0.029977645725011826","0.029977645725011826","0.029977645725011826"
"29772","0.000833611935377121","0.000833611935377121","0.000833611935377121"
"29774","0.000523662194609642","0.000523662194609642","0.000523662194609642"
"29776","0.01615188829600811","0.01615188829600811","0.01615188829600811"
"29778","0.0017132386565208435","0.0017132386565208435","0.0017132386565208435"
"29786","0.0008569005876779556","0.0008569005876779556","0.0008569005876779556"
"29788","0.0017788093537092209","0.0017788093537092209","0.0017788093537092209"
"29792","0.000031186267733573914","0.000031186267733573914","0.000031186267733573914"
"29812","0.00045593082904815674","0.00045593082904815674","0.00045593082904815674"
"29816","0.012115305289626122","0.012115305289626122","0.012115305289626122"
"29822","0.005299968644976616","0.005299968644976616","0.005299968644976616"
"29824","0.0003324076533317566","0.0003324076533317566","0.0003324076533317566"
"29828","0.0035858210176229477","0.0035858210176229477","0.0035858210176229477"
"29830","0.007802151143550873","0.007802151143550873","0.007802151143550873"
"29832","0.0007433090358972549","0.0007433090358972549","0.0007433090358972549"
"29834","0.0010642074048519135","0.0010642074048519135","0.0010642074048519135"
"29838","0.02809823863208294","0.02809823863208294","0.02809823863208294"
"29840","0.005437878891825676","0.005437878891825676","0.005437878891825676"
"29842","0.0002703908830881119","0.0002703908830881119","0.0002703908830881119"
"29846","0.023474974557757378","0.023474974557757378","0.023474974557757378"
"29850","0.0007196851074695587","0.0007196851074695587","0.0007196851074695587"
"29856","0.00022034905850887299","0.00022034905850887299","0.00022034905850887299"
"29858","0.002403056249022484","0.002403056249022484","0.002403056249022484"
"29862","0.0036564860492944717","0.0036564860492944717","0.0036564860492944717"
"29866","0.004333389922976494","0.004333389922976494","0.004333389922976494"
"29872","0.0006738808006048203","0.0006738808006048203","0.0006738808006048203"
"29876","0.02270066924393177","0.02270066924393177","0.02270066924393177"
"29878","0.009413966909050941","0.009413966909050941","0.009413966909050941"
"29880","0.002390913665294647","0.002390913665294647","0.002390913665294647"
"29884","0.006609650328755379","0.006609650328755379","0.006609650328755379"
"29886","0.0003970880061388016","0.0003970880061388016","0.0003970880061388016"
"29888","0.0009432733058929443","0.0009432733058929443","0.0009432733058929443"
"29894","0.0019411500543355942","0.0019411500543355942","0.0019411500543355942"
"29898","0.002795550972223282","0.002795550972223282","0.002795550972223282"
"29900","0.002565411850810051","0.002565411850810051","0.002565411850810051"
"29902","0.0028508231043815613","0.0028508231043815613","0.0028508231043815613"
"29904","0.02399381995201111","0.02399381995201111","0.02399381995201111"
"29906","0.0013531111180782318","0.0013531111180782318","0.0013531111180782318"
"29908","0.00041477009654045105","0.00041477009654045105","0.00041477009654045105"
"29912","0.0010731834918260574","0.0010731834918260574","0.0010731834918260574"
"29918","0.0005133058875799179","0.0005133058875799179","0.0005133058875799179"
"29922","0.000024236738681793213","0.000024236738681793213","0.000024236738681793213"
"29926","0.000264117494225502","0.000264117494225502","0.000264117494225502"
"29932","0.000615827739238739","0.000615827739238739","0.000615827739238739"
"29938","0.0022171437740325928","0.0022171437740325928","0.0022171437740325928"
"29946","0.001395413652062416","0.001395413652062416","0.001395413652062416"
"29952","0.016303211450576782","0.016303211450576782","0.016303211450576782"
"29954","0.01500343345105648","0.01500343345105648","0.01500343345105648"
"29958","0.002918276935815811","0.002918276935815811","0.002918276935815811"
"29964","0.002309504896402359","0.002309504896402359","0.002309504896402359"
"29968","0.006051765754818916","0.006051765754818916","0.006051765754818916"
"29972","0.044694509357213974","0.044694509357213974","0.044694509357213974"
"29978","0.0031874272972345352","0.0031874272972345352","0.0031874272972345352"
"29986","0.005882192403078079","0.005882192403078079","0.005882192403078079"
"29998","0.00667266920208931","0.00667266920208931","0.00667266920208931"
"30000","0.0016770511865615845","0.0016770511865615845","0.0016770511865615845"
"30002","0.012346334755420685","0.012346334755420685","0.012346334755420685"
"30008","0.0001868065446615219","0.0001868065446615219","0.0001868065446615219"
"30014","0.0025327689945697784","0.0025327689945697784","0.0025327689945697784"
"30024","0.00027092546224594116","0.00027092546224594116","0.00027092546224594116"
"30040","0.010480968281626701","0.010480968281626701","0.010480968281626701"
"30044","0.0510624460875988","0.0510624460875988","0.0510624460875988"
"30050","0.008451571688055992","0.008451571688055992","0.008451571688055992"
"30054","0.00279063917696476","0.00279063917696476","0.00279063917696476"
"30056","0.008407976478338242","0.008407976478338242","0.008407976478338242"
"30058","0.00696074403822422","0.00696074403822422","0.00696074403822422"
"30060","0.05351642519235611","0.05351642519235611","0.05351642519235611"
"30062","0.00005447492003440857","0.00005447492003440857","0.00005447492003440857"
"30066","0.0005841441452503204","0.0005841441452503204","0.0005841441452503204"
"30070","0.001338772475719452","0.001338772475719452","0.001338772475719452"
"30072","0.0014429204165935516","0.0014429204165935516","0.0014429204165935516"
"30080","0.005595730617642403","0.005595730617642403","0.005595730617642403"
"30094","0.0009866543114185333","0.0009866543114185333","0.0009866543114185333"
"30096","0.0018098726868629456","0.0018098726868629456","0.0018098726868629456"
"30098","0.0009383130818605423","0.0009383130818605423","0.0009383130818605423"
"30102","0.0011612530797719955","0.0011612530797719955","0.0011612530797719955"
"30104","0.005884949117898941","0.005884949117898941","0.005884949117898941"
"30112","0.000041270628571510315","0.000041270628571510315","0.000041270628571510315"
"30116","0.0022644586861133575","0.0022644586861133575","0.0022644586861133575"
"30122","0.0007206592708826065","0.0007206592708826065","0.0007206592708826065"
"30128","0.0019206460565328598","0.0019206460565328598","0.0019206460565328598"
"30130","0.0014337394386529922","0.0014337394386529922","0.0014337394386529922"
"30142","0.007344229146838188","0.007344229146838188","0.007344229146838188"
"30144","0.015162918716669083","0.015162918716669083","0.015162918716669083"
"30148","0.0038148071616888046","0.0038148071616888046","0.0038148071616888046"
"30154","0.00030282698571681976","0.00030282698571681976","0.00030282698571681976"
"30156","0.007138792425394058","0.007138792425394058","0.007138792425394058"
"30162","0.0016305521130561829","0.0016305521130561829","0.0016305521130561829"
"30170","0.004492918029427528","0.004492918029427528","0.004492918029427528"
"30172","0.0007749497890472412","0.0007749497890472412","0.0007749497890472412"
"30174","0.005553726106882095","0.005553726106882095","0.005553726106882095"
"30176","0.016477052122354507","0.016477052122354507","0.016477052122354507"
"30184","0.0053910501301288605","0.0053910501301288605","0.0053910501301288605"
"30190","0.006522521376609802","0.006522521376609802","0.006522521376609802"
"30198","0.00041760504245758057","0.00041760504245758057","0.00041760504245758057"
"30200","0.0016101878136396408","0.0016101878136396408","0.0016101878136396408"
"30208","0.1183328628540039","0.1183328628540039","0.1183328628540039"
"30216","0.00007416494190692902","0.00007416494190692902","0.00007416494190692902"
"30218","0.007532881572842598","0.007532881572842598","0.007532881572842598"
"30220","0.0025704987347126007","0.0025704987347126007","0.0025704987347126007"
"30233","0.009618060663342476","0.009618060663342476","0.009618060663342476"
"30245","0.0009065400809049606","0.0009065400809049606","0.0009065400809049606"
"30247","0.004532752558588982","0.004532752558588982","0.004532752558588982"
"30259","0.0006800834089517593","0.0006800834089517593","0.0006800834089517593"
"30263","0.01633693464100361","0.01633693464100361","0.01633693464100361"
"30267","0.00835372693836689","0.00835372693836689","0.00835372693836689"
"30269","0.036400966346263885","0.036400966346263885","0.036400966346263885"
"30273","0.03778809681534767","0.03778809681534767","0.03778809681534767"
"30275","0.00008407421410083771","0.00008407421410083771","0.00008407421410083771"
"30285","0.01060820184648037","0.01060820184648037","0.01060820184648037"
"30289","0.0011510085314512253","0.0011510085314512253","0.0011510085314512253"
"30291","0.00045233406126499176","0.00045233406126499176","0.00045233406126499176"
"30293","0.0003286581486463547","0.0003286581486463547","0.0003286581486463547"
"30307","0.0004617460072040558","0.0004617460072040558","0.0004617460072040558"
"30311","0.011517055332660675","0.011517055332660675","0.011517055332660675"
"30313","0.00046546570956707","0.00046546570956707","0.00046546570956707"
"30319","0.0002595204859972","0.0002595204859972","0.0002595204859972"
"30327","0.0017557516694068909","0.0017557516694068909","0.0017557516694068909"
"30331","0.003447365015745163","0.003447365015745163","0.003447365015745163"
"30337","0.0004667229950428009","0.0004667229950428009","0.0004667229950428009"
"30339","0.006805624812841415","0.006805624812841415","0.006805624812841415"
"30351","0.03703015297651291","0.03703015297651291","0.03703015297651291"
"30355","0.002651793882250786","0.002651793882250786","0.002651793882250786"
"30365","0.004838179796934128","0.004838179796934128","0.004838179796934128"
"30367","0.008315680548548698","0.008315680548548698","0.008315680548548698"
"30371","0.0004813503473997116","0.0004813503473997116","0.0004813503473997116"
"30375","0.00004781782627105713","0.00004781782627105713","0.00004781782627105713"
"30383","0.024536315351724625","0.024536315351724625","0.024536315351724625"
"30385","0.0010554064065217972","0.0010554064065217972","0.0010554064065217972"
"30389","0.012793099507689476","0.012793099507689476","0.012793099507689476"
"30391","0.0018638242036104202","0.0018638242036104202","0.0018638242036104202"
"30393","0.0032579246908426285","0.0032579246908426285","0.0032579246908426285"
"30395","0.0029947906732559204","0.0029947906732559204","0.0029947906732559204"
"30399","0.00045781396329402924","0.00045781396329402924","0.00045781396329402924"
"30401","0.0001693274825811386","0.0001693274825811386","0.0001693274825811386"
"30405","0.0024977270513772964","0.0024977270513772964","0.0024977270513772964"
"30407","0.03603573888540268","0.03603573888540268","0.03603573888540268"
"30409","0.0005409438163042068","0.0005409438163042068","0.0005409438163042068"
"30415","0.0037715528160333633","0.0037715528160333633","0.0037715528160333633"
"30421","0.0009503811597824097","0.0009503811597824097","0.0009503811597824097"
"30423","0.0015882328152656555","0.0015882328152656555","0.0015882328152656555"
"30429","0.01089702919125557","0.01089702919125557","0.01089702919125557"
"30437","0.004805423319339752","0.004805423319339752","0.004805423319339752"
"30441","0.009172622114419937","0.009172622114419937","0.009172622114419937"
"30445","0.018623555079102516","0.018623555079102516","0.018623555079102516"
"30449","0.002762923017144203","0.002762923017144203","0.002762923017144203"
"30455","0.0028882957994937897","0.0028882957994937897","0.0028882957994937897"
"30457","0.02551201358437538","0.02551201358437538","0.02551201358437538"
"30459","0.02346552349627018","0.02346552349627018","0.02346552349627018"
"30463","0.0011402033269405365","0.0011402033269405365","0.0011402033269405365"
"30465","0.027980612590909004","0.027980612590909004","0.027980612590909004"
"30471","0.00013861246407032013","0.00013861246407032013","0.00013861246407032013"
"30475","0.0032166671007871628","0.0032166671007871628","0.0032166671007871628"
"30481","0.009027406573295593","0.009027406573295593","0.009027406573295593"
"30487","0.000347403809428215","0.000347403809428215","0.000347403809428215"
"30503","0.0019162949174642563","0.0019162949174642563","0.0019162949174642563"
"30505","0.025933988392353058","0.025933988392353058","0.025933988392353058"
"30507","0.06732507050037384","0.06732507050037384","0.06732507050037384"
"30529","0.0006621293723583221","0.0006621293723583221","0.0006621293723583221"
"30537","0.0003404412418603897","0.0003404412418603897","0.0003404412418603897"
"30543","0.00568632036447525","0.00568632036447525","0.00568632036447525"
"30545","0.006802350282669067","0.006802350282669067","0.006802350282669067"
"30547","0.009333636611700058","0.009333636611700058","0.009333636611700058"
"30551","0.0006628744304180145","0.0006628744304180145","0.0006628744304180145"
"30557","0.000695154070854187","0.000695154070854187","0.000695154070854187"
"30559","0.0035910271108150482","0.0035910271108150482","0.0035910271108150482"
"30561","0.011204153299331665","0.011204153299331665","0.011204153299331665"
"30563","0.00009540468454360962","0.00009540468454360962","0.00009540468454360962"
"30569","0.026093920692801476","0.026093920692801476","0.026093920692801476"
"30571","0.0006127487868070602","0.0006127487868070602","0.0006127487868070602"
"30573","0.0002552233636379242","0.0002552233636379242","0.0002552233636379242"
"30577","0.004259990528225899","0.004259990528225899","0.004259990528225899"
"30581","0.002518594264984131","0.002518594264984131","0.002518594264984131"
"30589","0.000047693029046058655","0.000047693029046058655","0.000047693029046058655"
"30597","0.001050516963005066","0.001050516963005066","0.001050516963005066"
"30613","0.062045350670814514","0.062045350670814514","0.062045350670814514"
"30627","0.001597898080945015","0.001597898080945015","0.001597898080945015"
"30657","0.0002469923347234726","0.0002469923347234726","0.0002469923347234726"
"30661","0.0019376352429389954","0.0019376352429389954","0.0019376352429389954"
"30663","0.038347143679857254","0.038347143679857254","0.038347143679857254"
"30671","0.03236127644777298","0.03236127644777298","0.03236127644777298"
"30679","0.0029449891299009323","0.0029449891299009323","0.0029449891299009323"
"30683","0.0007738210260868073","0.0007738210260868073","0.0007738210260868073"
"30685","0.05004316568374634","0.05004316568374634","0.05004316568374634"
"30687","0.07011274993419647","0.07011274993419647","0.07011274993419647"
"30697","0.00007288157939910889","0.00007288157939910889","0.00007288157939910889"
"30699","0.039923250675201416","0.039923250675201416","0.039923250675201416"
"30705","0.003586050122976303","0.003586050122976303","0.003586050122976303"
"30707","0.029457107186317444","0.029457107186317444","0.029457107186317444"
"30711","0.004954729229211807","0.004954729229211807","0.004954729229211807"
"30713","0.026200339198112488","0.026200339198112488","0.026200339198112488"
"30719","0.0021163299679756165","0.0021163299679756165","0.0021163299679756165"
"30723","0.0006473343819379807","0.0006473343819379807","0.0006473343819379807"
"30727","0.005377244204282761","0.005377244204282761","0.005377244204282761"
"30731","0.0015681367367506027","0.0015681367367506027","0.0015681367367506027"
"30737","0.00006950832903385162","0.00006950832903385162","0.00006950832903385162"
"30739","0.0020953360944986343","0.0020953360944986343","0.0020953360944986343"
"30743","0.00023257173597812653","0.00023257173597812653","0.00023257173597812653"
"30745","0.011860299855470657","0.011860299855470657","0.011860299855470657"
"30747","0.0015570539981126785","0.0015570539981126785","0.0015570539981126785"
"30751","0.0016622338443994522","0.0016622338443994522","0.0016622338443994522"
"30757","0.05520099401473999","0.05520099401473999","0.05520099401473999"
"30763","0.04390512779355049","0.04390512779355049","0.04390512779355049"
"30769","0.0018598679453134537","0.0018598679453134537","0.0018598679453134537"
"30775","0.017202405259013176","0.017202405259013176","0.017202405259013176"
"30785","0.010233182460069656","0.010233182460069656","0.010233182460069656"
"30791","0.0008098967373371124","0.0008098967373371124","0.0008098967373371124"
"30793","0.00016109086573123932","0.00016109086573123932","0.00016109086573123932"
"30799","0.0001695137470960617","0.0001695137470960617","0.0001695137470960617"
"30801","0.0014084409922361374","0.0014084409922361374","0.0014084409922361374"
"30817","0.0006143189966678619","0.0006143189966678619","0.0006143189966678619"
"30823","0.05844148248434067","0.05844148248434067","0.05844148248434067"
"30825","0.0033786483108997345","0.0033786483108997345","0.0033786483108997345"
"30831","0.04444895684719086","0.04444895684719086","0.04444895684719086"
"30839","0.005126999691128731","0.005126999691128731","0.005126999691128731"
"30843","0.0005732756108045578","0.0005732756108045578","0.0005732756108045578"
"30847","0.00033213943243026733","0.00033213943243026733","0.00033213943243026733"
"30855","0.001337708905339241","0.001337708905339241","0.001337708905339241"
"30859","0.00019101426005363464","0.00019101426005363464","0.00019101426005363464"
"30861","0.00022784247994422913","0.00022784247994422913","0.00022784247994422913"
"30863","0.0002522990107536316","0.0002522990107536316","0.0002522990107536316"
"30865","0.0011106375604867935","0.0011106375604867935","0.0011106375604867935"
"30871","0.027061477303504944","0.027061477303504944","0.027061477303504944"
"30877","0.0032477546483278275","0.0032477546483278275","0.0032477546483278275"
"30893","0.016511335968971252","0.016511335968971252","0.016511335968971252"
"30895","0.0009168479591608047","0.0009168479591608047","0.0009168479591608047"
"30901","0.025181148201227188","0.025181148201227188","0.025181148201227188"
"30905","0.004845099523663521","0.004845099523663521","0.004845099523663521"
"30907","0.012290963903069496","0.012290963903069496","0.012290963903069496"
"30911","0.0037326551973819733","0.0037326551973819733","0.0037326551973819733"
"30913","0.018798641860485077","0.018798641860485077","0.018798641860485077"
"30925","0.0006055422127246857","0.0006055422127246857","0.0006055422127246857"
"30927","0.0022679828107357025","0.0022679828107357025","0.0022679828107357025"
"30935","0.0004431605339050293","0.0004431605339050293","0.0004431605339050293"
"30937","0.0006693899631500244","0.0006693899631500244","0.0006693899631500244"
"30939","0.008881520479917526","0.008881520479917526","0.008881520479917526"
"30949","0.0023470912128686905","0.0023470912128686905","0.0023470912128686905"
"30953","0.0009707696735858917","0.0009707696735858917","0.0009707696735858917"
"30955","0.010819420218467712","0.010819420218467712","0.010819420218467712"
"30959","0.00023557059466838837","0.00023557059466838837","0.00023557059466838837"
"30961","0.00250106118619442","0.00250106118619442","0.00250106118619442"
"30969","0.0093492791056633","0.0093492791056633","0.0093492791056633"
"30973","0.004551570862531662","0.004551570862531662","0.004551570862531662"
"30975","0.00008812546730041504","0.00008812546730041504","0.00008812546730041504"
"30979","0.004512809216976166","0.004512809216976166","0.004512809216976166"
"30981","0.0027110185474157333","0.0027110185474157333","0.0027110185474157333"
"30983","0.02734902687370777","0.02734902687370777","0.02734902687370777"
"30985","0.005110468715429306","0.005110468715429306","0.005110468715429306"
"30989","0.004636330530047417","0.004636330530047417","0.004636330530047417"
"30993","0.0031882543116807938","0.0031882543116807938","0.0031882543116807938"
"31001","0.0008590295910835266","0.0008590295910835266","0.0008590295910835266"
"31003","0.015600934624671936","0.015600934624671936","0.015600934624671936"
"31009","0.004144815728068352","0.004144815728068352","0.004144815728068352"
"31011","0.0007662083953619003","0.0007662083953619003","0.0007662083953619003"
"31013","0.01952671818435192","0.01952671818435192","0.01952671818435192"
"31017","0.0002470891922712326","0.0002470891922712326","0.0002470891922712326"
"31021","0.0003487393260002136","0.0003487393260002136","0.0003487393260002136"
"31027","0.0015756245702505112","0.0015756245702505112","0.0015756245702505112"
"31029","0.00012683309614658356","0.00012683309614658356","0.00012683309614658356"
"31031","0.002297148108482361","0.002297148108482361","0.002297148108482361"
"31035","0.0007581524550914764","0.0007581524550914764","0.0007581524550914764"
"31037","0.007564149796962738","0.007564149796962738","0.007564149796962738"
"31041","0.00173085555434227","0.00173085555434227","0.00173085555434227"
"31043","0.00007198750972747803","0.00007198750972747803","0.00007198750972747803"
"31045","0.0015115011483430862","0.0015115011483430862","0.0015115011483430862"
"31049","0.0009600576013326645","0.0009600576013326645","0.0009600576013326645"
"31055","0.00023761950433254242","0.00023761950433254242","0.00023761950433254242"
"31065","0.0008037909865379333","0.0008037909865379333","0.0008037909865379333"
"31067","0.0013785343617200851","0.0013785343617200851","0.0013785343617200851"
"31073","0.005539827048778534","0.005539827048778534","0.005539827048778534"
"31075","0.00007127039134502411","0.00007127039134502411","0.00007127039134502411"
"31087","0.00016030855476856232","0.00016030855476856232","0.00016030855476856232"
"31097","0.0033188629895448685","0.0033188629895448685","0.0033188629895448685"
"31101","0.0007316209375858307","0.0007316209375858307","0.0007316209375858307"
"31105","0.0019468963146209717","0.0019468963146209717","0.0019468963146209717"
"31109","0.00021896883845329285","0.00021896883845329285","0.00021896883845329285"
"31113","0.0015138033777475357","0.0015138033777475357","0.0015138033777475357"
"31117","0.00015695206820964813","0.00015695206820964813","0.00015695206820964813"
"31125","0.000394575297832489","0.000394575297832489","0.000394575297832489"
"31133","0.01704460382461548","0.01704460382461548","0.01704460382461548"
"31135","0.001040460541844368","0.001040460541844368","0.001040460541844368"
"31139","0.004139421507716179","0.004139421507716179","0.004139421507716179"
"31143","0.0009099617600440979","0.0009099617600440979","0.0009099617600440979"
"31147","0.00006425566971302032","0.00006425566971302032","0.00006425566971302032"
"31153","0.009254958480596542","0.009254958480596542","0.009254958480596542"
"31163","0.0019305255264043808","0.0019305255264043808","0.0019305255264043808"
"31165","0.0017823241651058197","0.0017823241651058197","0.0017823241651058197"
"31183","0.0011365991085767746","0.0011365991085767746","0.0011365991085767746"
"31185","0.0002652425318956375","0.0002652425318956375","0.0002652425318956375"
"31187","0.0002252236008644104","0.0002252236008644104","0.0002252236008644104"
"31191","0.0007087104022502899","0.0007087104022502899","0.0007087104022502899"
"31193","0.013717425987124443","0.013717425987124443","0.013717425987124443"
"31195","0.009355077520012856","0.009355077520012856","0.009355077520012856"
"31197","0.002151506021618843","0.002151506021618843","0.002151506021618843"
"31209","0.0073633696883916855","0.0073633696883916855","0.0073633696883916855"
"31211","0.0009890161454677582","0.0009890161454677582","0.0009890161454677582"
"31222","0.0465017631649971","0.0465017631649971","0.0465017631649971"
"31224","0.010334307327866554","0.010334307327866554","0.010334307327866554"
"31228","0.00026698410511016846","0.00026698410511016846","0.00026698410511016846"
"31230","0.00025864504277706146","0.00025864504277706146","0.00025864504277706146"
"31236","0.0035698004066944122","0.0035698004066944122","0.0035698004066944122"
"31238","0.00004706159234046936","0.00004706159234046936","0.00004706159234046936"
"31242","0.003067929297685623","0.003067929297685623","0.003067929297685623"
"31248","0.0010198410600423813","0.0010198410600423813","0.0010198410600423813"
"31250","0.002835843712091446","0.002835843712091446","0.002835843712091446"
"31258","0.000499846413731575","0.000499846413731575","0.000499846413731575"
"31262","0.00004974193871021271","0.00004974193871021271","0.00004974193871021271"
"31266","0.0006765089929103851","0.0006765089929103851","0.0006765089929103851"
"31268","0.009340304881334305","0.009340304881334305","0.009340304881334305"
"31282","0.00023738481104373932","0.00023738481104373932","0.00023738481104373932"
"31284","0.00008074380457401276","0.00008074380457401276","0.00008074380457401276"
"31288","0.013553021475672722","0.013553021475672722","0.013553021475672722"
"31294","0.00007680617272853851","0.00007680617272853851","0.00007680617272853851"
"31304","0.000902792438864708","0.000902792438864708","0.000902792438864708"
"31306","0.000978570431470871","0.000978570431470871","0.000978570431470871"
"31308","0.0002643950283527374","0.0002643950283527374","0.0002643950283527374"
"31320","0.0008476786315441132","0.0008476786315441132","0.0008476786315441132"
"31326","0.034914374351501465","0.034914374351501465","0.034914374351501465"
"31334","0.000053472816944122314","0.000053472816944122314","0.000053472816944122314"
"31336","0.0001797359436750412","0.0001797359436750412","0.0001797359436750412"
"31352","0.004371047019958496","0.004371047019958496","0.004371047019958496"
"31356","0.000631062313914299","0.000631062313914299","0.000631062313914299"
"31368","0.0005903579294681549","0.0005903579294681549","0.0005903579294681549"
"31372","0.009108981117606163","0.009108981117606163","0.009108981117606163"
"31376","0.00008722767233848572","0.00008722767233848572","0.00008722767233848572"
"31380","0.00027160532772541046","0.00027160532772541046","0.00027160532772541046"
"31382","0.0008415412157773972","0.0008415412157773972","0.0008415412157773972"
"31384","0.00034943781793117523","0.00034943781793117523","0.00034943781793117523"
"31386","0.021500250324606895","0.021500250324606895","0.021500250324606895"
"31388","0.0030907541513442993","0.0030907541513442993","0.0030907541513442993"
"31402","0.009167013689875603","0.009167013689875603","0.009167013689875603"
"31406","0.000854242593050003","0.000854242593050003","0.000854242593050003"
"31408","0.04594625532627106","0.04594625532627106","0.04594625532627106"
"31410","0.00016325153410434723","0.00016325153410434723","0.00016325153410434723"
"31416","0.00011124275624752045","0.00011124275624752045","0.00011124275624752045"
"31418","0.0005030520260334015","0.0005030520260334015","0.0005030520260334015"
"31420","0.0005354713648557663","0.0005354713648557663","0.0005354713648557663"
"31422","0.06743903458118439","0.06743903458118439","0.06743903458118439"
"31424","0.00015847943723201752","0.00015847943723201752","0.00015847943723201752"
"31426","0.0002930890768766403","0.0002930890768766403","0.0002930890768766403"
"31428","0.0069264136254787445","0.0069264136254787445","0.0069264136254787445"
"31430","0.011407412588596344","0.011407412588596344","0.011407412588596344"
"31438","0.00028259120881557465","0.00028259120881557465","0.00028259120881557465"
"31442","0.0016436390578746796","0.0016436390578746796","0.0016436390578746796"
"31448","0.04581315815448761","0.04581315815448761","0.04581315815448761"
"31456","0.0008301399648189545","0.0008301399648189545","0.0008301399648189545"
"31458","0.018496273085474968","0.018496273085474968","0.018496273085474968"
"31462","0.000607779249548912","0.000607779249548912","0.000607779249548912"
"31464","0.0038495901972055435","0.0038495901972055435","0.0038495901972055435"
"31468","0.000850580632686615","0.000850580632686615","0.000850580632686615"
"31470","0.00028744153678417206","0.00028744153678417206","0.00028744153678417206"
"31474","0.0031536519527435303","0.0031536519527435303","0.0031536519527435303"
"31478","0.0004604123532772064","0.0004604123532772064","0.0004604123532772064"
"31480","0.0024278704077005386","0.0024278704077005386","0.0024278704077005386"
"31486","0.009598955512046814","0.009598955512046814","0.009598955512046814"
"31494","0.009867947548627853","0.009867947548627853","0.009867947548627853"
"31496","0.00013997219502925873","0.00013997219502925873","0.00013997219502925873"
"31498","0.0025672372430562973","0.0025672372430562973","0.0025672372430562973"
"31502","0.00004326179623603821","0.00004326179623603821","0.00004326179623603821"
"31508","0.007062012329697609","0.007062012329697609","0.007062012329697609"
"31510","0.0007082503288984299","0.0007082503288984299","0.0007082503288984299"
"31516","0.0008302200585603714","0.0008302200585603714","0.0008302200585603714"
"31518","0.0032696668058633804","0.0032696668058633804","0.0032696668058633804"
"31520","0.0012442432343959808","0.0012442432343959808","0.0012442432343959808"
"31522","0.0002666264772415161","0.0002666264772415161","0.0002666264772415161"
"31526","0.010448407381772995","0.010448407381772995","0.010448407381772995"
"31528","0.0008661877363920212","0.0008661877363920212","0.0008661877363920212"
"31536","0.0015827491879463196","0.0015827491879463196","0.0015827491879463196"
"31550","0.00018210336565971375","0.00018210336565971375","0.00018210336565971375"
"31560","0.00035961903631687164","0.00035961903631687164","0.00035961903631687164"
"31566","0.00009505264461040497","0.00009505264461040497","0.00009505264461040497"
"31576","0.0037197917699813843","0.0037197917699813843","0.0037197917699813843"
"31578","0.001085689291357994","0.001085689291357994","0.001085689291357994"
"31580","0.003116656094789505","0.003116656094789505","0.003116656094789505"
"31582","0.0001284368336200714","0.0001284368336200714","0.0001284368336200714"
"31586","0.023570111021399498","0.023570111021399498","0.023570111021399498"
"31588","0.007086575031280518","0.007086575031280518","0.007086575031280518"
"31590","0.0003244169056415558","0.0003244169056415558","0.0003244169056415558"
"31592","0.005172031000256538","0.005172031000256538","0.005172031000256538"
"31594","0.0018610209226608276","0.0018610209226608276","0.0018610209226608276"
"31596","0.020651379600167274","0.020651379600167274","0.020651379600167274"
"31608","0.0016275830566883087","0.0016275830566883087","0.0016275830566883087"
"31614","0.0007418747991323471","0.0007418747991323471","0.0007418747991323471"
"31616","0.00014040619134902954","0.00014040619134902954","0.00014040619134902954"
"31618","0.0026369020342826843","0.0026369020342826843","0.0026369020342826843"
"31620","0.004697199910879135","0.004697199910879135","0.004697199910879135"
"31622","0.0053106993436813354","0.0053106993436813354","0.0053106993436813354"
"31624","0.005412377417087555","0.005412377417087555","0.005412377417087555"
"31626","0.004745788872241974","0.004745788872241974","0.004745788872241974"
"31642","0.001965327188372612","0.001965327188372612","0.001965327188372612"
"31648","0.0001974981278181076","0.0001974981278181076","0.0001974981278181076"
"31654","0.0739583969116211","0.0739583969116211","0.0739583969116211"
"31660","0.002946067601442337","0.002946067601442337","0.002946067601442337"
"31664","0.000738026574254036","0.000738026574254036","0.000738026574254036"
"31670","0.0277523435652256","0.0277523435652256","0.0277523435652256"
"31672","0.0006640665233135223","0.0006640665233135223","0.0006640665233135223"
"31686","0.007773853838443756","0.007773853838443756","0.007773853838443756"
"31688","0.02612188085913658","0.02612188085913658","0.02612188085913658"
"31690","0.0005165375769138336","0.0005165375769138336","0.0005165375769138336"
"31692","0.00042241625487804413","0.00042241625487804413","0.00042241625487804413"
"31694","0.00017247162759304047","0.00017247162759304047","0.00017247162759304047"
"31696","0.00006659142673015594","0.00006659142673015594","0.00006659142673015594"
"31700","0.010902158915996552","0.010902158915996552","0.010902158915996552"
"31702","0.018252240493893623","0.018252240493893623","0.018252240493893623"
"31704","0.000285860151052475","0.000285860151052475","0.000285860151052475"
"31706","0.00012847967445850372","0.00012847967445850372","0.00012847967445850372"
"31708","0.0008530523627996445","0.0008530523627996445","0.0008530523627996445"
"31710","0.0011002719402313232","0.0011002719402313232","0.0011002719402313232"
"31716","0.0004589203745126724","0.0004589203745126724","0.0004589203745126724"
"31726","0.004235994070768356","0.004235994070768356","0.004235994070768356"
"31728","0.00021608173847198486","0.00021608173847198486","0.00021608173847198486"
"31732","0.002313205972313881","0.002313205972313881","0.002313205972313881"
"31734","0.005625031888484955","0.005625031888484955","0.005625031888484955"
"31738","0.0003605075180530548","0.0003605075180530548","0.0003605075180530548"
"31748","0.00282343290746212","0.00282343290746212","0.00282343290746212"
"31752","0.009614797309041023","0.009614797309041023","0.009614797309041023"
"31756","0.0005327183753252029","0.0005327183753252029","0.0005327183753252029"
"31758","0.0001617148518562317","0.0001617148518562317","0.0001617148518562317"
"31760","0.016902565956115723","0.016902565956115723","0.016902565956115723"
"31764","0.00019859150052070618","0.00019859150052070618","0.00019859150052070618"
"31766","0.019403811544179916","0.019403811544179916","0.019403811544179916"
"31768","0.00023674406111240387","0.00023674406111240387","0.00023674406111240387"
"31770","0.00126742385327816","0.00126742385327816","0.00126742385327816"
"31772","0.001092560589313507","0.001092560589313507","0.001092560589313507"
"31774","0.012779166921973228","0.012779166921973228","0.012779166921973228"
"31780","0.020370859652757645","0.020370859652757645","0.020370859652757645"
"31784","0.00034393370151519775","0.00034393370151519775","0.00034393370151519775"
"31786","0.0011190082877874374","0.0011190082877874374","0.0011190082877874374"
"31788","0.006616944447159767","0.006616944447159767","0.006616944447159767"
"31792","0.0007536858320236206","0.0007536858320236206","0.0007536858320236206"
"31800","0.0032999329268932343","0.0032999329268932343","0.0032999329268932343"
"31802","0.0009180326014757156","0.0009180326014757156","0.0009180326014757156"
"31804","0.0018588900566101074","0.0018588900566101074","0.0018588900566101074"
"31808","0.000238930806517601","0.000238930806517601","0.000238930806517601"
"31816","0.0007277689874172211","0.0007277689874172211","0.0007277689874172211"
"31820","0.002909082919359207","0.002909082919359207","0.002909082919359207"
"31822","0.022870246320962906","0.022870246320962906","0.022870246320962906"
"31826","0.013306424021720886","0.013306424021720886","0.013306424021720886"
"31830","0.002277897670865059","0.002277897670865059","0.002277897670865059"
"31834","0.0004096589982509613","0.0004096589982509613","0.0004096589982509613"
"31846","0.004979854449629784","0.004979854449629784","0.004979854449629784"
"31850","0.00018207915127277374","0.00018207915127277374","0.00018207915127277374"
"31852","0.01329905167222023","0.01329905167222023","0.01329905167222023"
"31854","0.0015806593000888824","0.0015806593000888824","0.0015806593000888824"
"31860","0.004808695986866951","0.004808695986866951","0.004808695986866951"
"31872","0.00011788681149482727","0.00011788681149482727","0.00011788681149482727"
"31874","0.004721447825431824","0.004721447825431824","0.004721447825431824"
"31876","0.0005689803510904312","0.0005689803510904312","0.0005689803510904312"
"31890","0.02629181556403637","0.02629181556403637","0.02629181556403637"
"31892","0.0020563509315252304","0.0020563509315252304","0.0020563509315252304"
"31894","0.007946150377392769","0.007946150377392769","0.007946150377392769"
"31896","0.0013154242187738419","0.0013154242187738419","0.0013154242187738419"
"31900","0.0008181426674127579","0.0008181426674127579","0.0008181426674127579"
"31902","0.0010331645607948303","0.0010331645607948303","0.0010331645607948303"
"31904","0.02181287296116352","0.02181287296116352","0.02181287296116352"
"31908","0.01672915741801262","0.01672915741801262","0.01672915741801262"
"31918","0.0004822295159101486","0.0004822295159101486","0.0004822295159101486"
"31920","0.002807116135954857","0.002807116135954857","0.002807116135954857"
"31928","0.0009908359497785568","0.0009908359497785568","0.0009908359497785568"
"31932","0.003613285720348358","0.003613285720348358","0.003613285720348358"
"31938","0.0003538597375154495","0.0003538597375154495","0.0003538597375154495"
"31940","0.028487002477049828","0.028487002477049828","0.028487002477049828"
"31942","0.00028981640934944153","0.00028981640934944153","0.00028981640934944153"
"31946","0.0029531028121709824","0.0029531028121709824","0.0029531028121709824"
"31948","0.015298251062631607","0.015298251062631607","0.015298251062631607"
"31950","0.018201371654868126","0.018201371654868126","0.018201371654868126"
"31952","0.0005633682012557983","0.0005633682012557983","0.0005633682012557983"
"31954","0.0001604706048965454","0.0001604706048965454","0.0001604706048965454"
"31958","0.0028782449662685394","0.0028782449662685394","0.0028782449662685394"
"31960","0.009306434541940689","0.009306434541940689","0.009306434541940689"
"31970","0.000536041334271431","0.000536041334271431","0.000536041334271431"
"31972","0.0020020976662635803","0.0020020976662635803","0.0020020976662635803"
"31974","0.0031384695321321487","0.0031384695321321487","0.0031384695321321487"
"31978","0.0005695242434740067","0.0005695242434740067","0.0005695242434740067"
"31984","0.001222904771566391","0.001222904771566391","0.001222904771566391"
"32000","0.0009926147758960724","0.0009926147758960724","0.0009926147758960724"
"32004","0.0008280426263809204","0.0008280426263809204","0.0008280426263809204"
"32006","0.002086721360683441","0.002086721360683441","0.002086721360683441"
"32008","0.032254308462142944","0.032254308462142944","0.032254308462142944"
"32012","0.00030912458896636963","0.00030912458896636963","0.00030912458896636963"
"32016","0.0014149658381938934","0.0014149658381938934","0.0014149658381938934"
"32024","0.003099687397480011","0.003099687397480011","0.003099687397480011"
"32026","0.0008740965276956558","0.0008740965276956558","0.0008740965276956558"
"32030","0.015343131497502327","0.015343131497502327","0.015343131497502327"
"32032","0.0005257818847894669","0.0005257818847894669","0.0005257818847894669"
"32034","0.001280432567000389","0.001280432567000389","0.001280432567000389"
"32036","0.0012807492166757584","0.0012807492166757584","0.0012807492166757584"
"32046","0.0002267584204673767","0.0002267584204673767","0.0002267584204673767"
"32056","0.00981767475605011","0.00981767475605011","0.00981767475605011"
"32068","0.015026330947875977","0.015026330947875977","0.015026330947875977"
"32072","0.0037215743213891983","0.0037215743213891983","0.0037215743213891983"
"32078","0.0005149506032466888","0.0005149506032466888","0.0005149506032466888"
"32088","0.00020769797265529633","0.00020769797265529633","0.00020769797265529633"
"32094","0.00007998012006282806","0.00007998012006282806","0.00007998012006282806"
"32096","0.000336967408657074","0.000336967408657074","0.000336967408657074"
"32110","0.0042044539004564285","0.0042044539004564285","0.0042044539004564285"
"32112","0.02187342941761017","0.02187342941761017","0.02187342941761017"
"32114","0.003500238060951233","0.003500238060951233","0.003500238060951233"
"32118","0.00008274614810943604","0.00008274614810943604","0.00008274614810943604"
"32120","0.0005477722734212875","0.0005477722734212875","0.0005477722734212875"
"32126","0.002174215391278267","0.002174215391278267","0.002174215391278267"
"32128","0.00011145137250423431","0.00011145137250423431","0.00011145137250423431"
"32132","0.0008184891194105148","0.0008184891194105148","0.0008184891194105148"
"32134","0.00010024569928646088","0.00010024569928646088","0.00010024569928646088"
"32140","0.00049586221575737","0.00049586221575737","0.00049586221575737"
"32144","0.05355336517095566","0.05355336517095566","0.05355336517095566"
"32154","0.0015015918761491776","0.0015015918761491776","0.0015015918761491776"
"32158","0.00560346245765686","0.00560346245765686","0.00560346245765686"
"32166","0.05876947194337845","0.05876947194337845","0.05876947194337845"
"32174","0.002686886116862297","0.002686886116862297","0.002686886116862297"
"32182","0.00037330761551856995","0.00037330761551856995","0.00037330761551856995"
"32196","0.0005276575684547424","0.0005276575684547424","0.0005276575684547424"
"32198","0.000338992103934288","0.000338992103934288","0.000338992103934288"
"32200","0.0006148498505353928","0.0006148498505353928","0.0006148498505353928"
"32202","0.0015175491571426392","0.0015175491571426392","0.0015175491571426392"
"32209","0.0013981908559799194","0.0013981908559799194","0.0013981908559799194"
"32213","0.0010987482964992523","0.0010987482964992523","0.0010987482964992523"
"32215","0.000669088214635849","0.000669088214635849","0.000669088214635849"
"32217","0.0009486749768257141","0.0009486749768257141","0.0009486749768257141"
"32225","0.0000889170914888382","0.0000889170914888382","0.0000889170914888382"
"32233","0.001703791320323944","0.001703791320323944","0.001703791320323944"
"32235","0.00043449923396110535","0.00043449923396110535","0.00043449923396110535"
"32237","0.0004344470798969269","0.0004344470798969269","0.0004344470798969269"
"32239","0.0003858134150505066","0.0003858134150505066","0.0003858134150505066"
"32245","0.0016924124211072922","0.0016924124211072922","0.0016924124211072922"
"32249","0.0002405419945716858","0.0002405419945716858","0.0002405419945716858"
"32253","0.00041416287422180176","0.00041416287422180176","0.00041416287422180176"
"32255","0.0021644681692123413","0.0021644681692123413","0.0021644681692123413"
"32259","0.00606093555688858","0.00606093555688858","0.00606093555688858"
"32261","0.004764040932059288","0.004764040932059288","0.004764040932059288"
"32265","0.0007125604897737503","0.0007125604897737503","0.0007125604897737503"
"32271","0.000333935022354126","0.000333935022354126","0.000333935022354126"
"32273","0.002816585823893547","0.002816585823893547","0.002816585823893547"
"32275","0.000729607418179512","0.000729607418179512","0.000729607418179512"
"32281","0.009278539568185806","0.009278539568185806","0.009278539568185806"
"32283","0.00010243989527225494","0.00010243989527225494","0.00010243989527225494"
"32289","0.02598050981760025","0.02598050981760025","0.02598050981760025"
"32295","0.013117559254169464","0.013117559254169464","0.013117559254169464"
"32299","0.000353226438164711","0.000353226438164711","0.000353226438164711"
"32301","0.0015035513788461685","0.0015035513788461685","0.0015035513788461685"
"32305","0.0014746058732271194","0.0014746058732271194","0.0014746058732271194"
"32317","0.0070128533989191055","0.0070128533989191055","0.0070128533989191055"
"32333","0.0030988678336143494","0.0030988678336143494","0.0030988678336143494"
"32337","0.00013059936463832855","0.00013059936463832855","0.00013059936463832855"
"32355","0.0002701710909605026","0.0002701710909605026","0.0002701710909605026"
"32369","0.0004853140562772751","0.0004853140562772751","0.0004853140562772751"
"32371","0.0006775427609682083","0.0006775427609682083","0.0006775427609682083"
"32373","0.00003802962601184845","0.00003802962601184845","0.00003802962601184845"
"32383","0.0005879625678062439","0.0005879625678062439","0.0005879625678062439"
"32385","0.0015593133866786957","0.0015593133866786957","0.0015593133866786957"
"32389","0.009517684578895569","0.009517684578895569","0.009517684578895569"
"32393","0.0018314886838197708","0.0018314886838197708","0.0018314886838197708"
"32395","0.020006971433758736","0.020006971433758736","0.020006971433758736"
"32397","0.00007677264511585236","0.00007677264511585236","0.00007677264511585236"
"32407","0.0036673694849014282","0.0036673694849014282","0.0036673694849014282"
"32409","0.0016407538205385208","0.0016407538205385208","0.0016407538205385208"
"32413","0.000067882239818573","0.000067882239818573","0.000067882239818573"
"32415","0.0036409441381692886","0.0036409441381692886","0.0036409441381692886"
"32417","0.0009215474128723145","0.0009215474128723145","0.0009215474128723145"
"32421","0.0037775784730911255","0.0037775784730911255","0.0037775784730911255"
"32423","0.009292492642998695","0.009292492642998695","0.009292492642998695"
"32425","0.002165907993912697","0.002165907993912697","0.002165907993912697"
"32427","0.02197837457060814","0.02197837457060814","0.02197837457060814"
"32437","0.0006998125463724136","0.0006998125463724136","0.0006998125463724136"
"32447","0.0004487317055463791","0.0004487317055463791","0.0004487317055463791"
"32449","0.0005515497177839279","0.0005515497177839279","0.0005515497177839279"
"32451","0.00023530051112174988","0.00023530051112174988","0.00023530051112174988"
"32461","0.00022625364363193512","0.00022625364363193512","0.00022625364363193512"
"32465","0.0024197306483983994","0.0024197306483983994","0.0024197306483983994"
"32471","0.03634791821241379","0.03634791821241379","0.03634791821241379"
"32475","0.0001316554844379425","0.0001316554844379425","0.0001316554844379425"
"32477","0.016706140711903572","0.016706140711903572","0.016706140711903572"
"32483","0.0023822877556085587","0.0023822877556085587","0.0023822877556085587"
"32485","0.03334655612707138","0.03334655612707138","0.03334655612707138"
"32487","0.0007744152098894119","0.0007744152098894119","0.0007744152098894119"
"32493","0.005222570151090622","0.005222570151090622","0.005222570151090622"
"32497","0.0027381516993045807","0.0027381516993045807","0.0027381516993045807"
"32503","0.0004477705806493759","0.0004477705806493759","0.0004477705806493759"
"32505","0.0018214229494333267","0.0018214229494333267","0.0018214229494333267"
"32509","0.003740716725587845","0.003740716725587845","0.003740716725587845"
"32513","0.00014614127576351166","0.00014614127576351166","0.00014614127576351166"
"32527","0.00007077865302562714","0.00007077865302562714","0.00007077865302562714"
"32529","0.0038723107427358627","0.0038723107427358627","0.0038723107427358627"
"32535","0.007894877344369888","0.007894877344369888","0.007894877344369888"
"32539","0.04396931827068329","0.04396931827068329","0.04396931827068329"
"32541","0.00002685748040676117","0.00002685748040676117","0.00002685748040676117"
"32545","0.004488052800297737","0.004488052800297737","0.004488052800297737"
"32549","0.0010051652789115906","0.0010051652789115906","0.0010051652789115906"
"32557","0.0009647738188505173","0.0009647738188505173","0.0009647738188505173"
"32565","0.01895468309521675","0.01895468309521675","0.01895468309521675"
"32571","0.02156998962163925","0.02156998962163925","0.02156998962163925"
"32575","0.005160477012395859","0.005160477012395859","0.005160477012395859"
"32579","0.0017647333443164825","0.0017647333443164825","0.0017647333443164825"
"32583","0.00042345933616161346","0.00042345933616161346","0.00042345933616161346"
"32585","0.0008095502853393555","0.0008095502853393555","0.0008095502853393555"
"32591","0.005107667297124863","0.005107667297124863","0.005107667297124863"
"32597","0.0019399169832468033","0.0019399169832468033","0.0019399169832468033"
"32601","0.001575494185090065","0.001575494185090065","0.001575494185090065"
"32607","0.00040714070200920105","0.00040714070200920105","0.00040714070200920105"
"32611","0.0009338241070508957","0.0009338241070508957","0.0009338241070508957"
"32613","0.00034316442906856537","0.00034316442906856537","0.00034316442906856537"
"32619","0.00048562511801719666","0.00048562511801719666","0.00048562511801719666"
"32627","0.00008262507617473602","0.00008262507617473602","0.00008262507617473602"
"32629","0.006639743223786354","0.006639743223786354","0.006639743223786354"
"32633","0.00610782764852047","0.00610782764852047","0.00610782764852047"
"32635","0.003366973251104355","0.003366973251104355","0.003366973251104355"
"32641","0.00013826973736286163","0.00013826973736286163","0.00013826973736286163"
"32643","0.004334034398198128","0.004334034398198128","0.004334034398198128"
"32645","0.001524968072772026","0.001524968072772026","0.001524968072772026"
"32647","0.02396000549197197","0.02396000549197197","0.02396000549197197"
"32655","0.00025118328630924225","0.00025118328630924225","0.00025118328630924225"
"32659","0.0006490107625722885","0.0006490107625722885","0.0006490107625722885"
"32661","0.027844341471791267","0.027844341471791267","0.027844341471791267"
"32663","0.0008944980800151825","0.0008944980800151825","0.0008944980800151825"
"32667","0.00035176239907741547","0.00035176239907741547","0.00035176239907741547"
"32673","0.0026281308382749557","0.0026281308382749557","0.0026281308382749557"
"32679","0.027491582557559013","0.027491582557559013","0.027491582557559013"
"32687","0.059164635837078094","0.059164635837078094","0.059164635837078094"
"32689","0.00025210343301296234","0.00025210343301296234","0.00025210343301296234"
"32695","0.026190459728240967","0.026190459728240967","0.026190459728240967"
"32697","0.001847030594944954","0.001847030594944954","0.001847030594944954"
"32711","0.0009113848209381104","0.0009113848209381104","0.0009113848209381104"
"32715","0.00040404871106147766","0.00040404871106147766","0.00040404871106147766"
"32723","0.0019524209201335907","0.0019524209201335907","0.0019524209201335907"
"32725","0.01411721296608448","0.01411721296608448","0.01411721296608448"
"32727","0.0020716991275548935","0.0020716991275548935","0.0020716991275548935"
"32731","0.014602510258555412","0.014602510258555412","0.014602510258555412"
"32735","0.005116920918226242","0.005116920918226242","0.005116920918226242"
"32737","0.0059828367084264755","0.0059828367084264755","0.0059828367084264755"
"32745","0.009961197152733803","0.009961197152733803","0.009961197152733803"
"32749","0.0006856806576251984","0.0006856806576251984","0.0006856806576251984"
"32755","0.0019186437129974365","0.0019186437129974365","0.0019186437129974365"
"32757","0.0016684550791978836","0.0016684550791978836","0.0016684550791978836"
"32765","0.0046179331839084625","0.0046179331839084625","0.0046179331839084625"
"32771","0.001287722960114479","0.001287722960114479","0.001287722960114479"
"32777","0.0002772919833660126","0.0002772919833660126","0.0002772919833660126"
"32781","0.0003007277846336365","0.0003007277846336365","0.0003007277846336365"
"32783","0.006998118013143539","0.006998118013143539","0.006998118013143539"
"32793","0.0015538949519395828","0.0015538949519395828","0.0015538949519395828"
"32795","0.002489449456334114","0.002489449456334114","0.002489449456334114"
"32799","0.011400945484638214","0.011400945484638214","0.011400945484638214"
"32803","0.003527877852320671","0.003527877852320671","0.003527877852320671"
"32811","0.0008388888090848923","0.0008388888090848923","0.0008388888090848923"
"32813","0.009605001658201218","0.009605001658201218","0.009605001658201218"
"32823","0.0007389243692159653","0.0007389243692159653","0.0007389243692159653"
"32825","0.001569034531712532","0.001569034531712532","0.001569034531712532"
"32827","0.006266944110393524","0.006266944110393524","0.006266944110393524"
"32829","0.00004932470619678497","0.00004932470619678497","0.00004932470619678497"
"32835","0.0024392157793045044","0.0024392157793045044","0.0024392157793045044"
"32837","0.0015564542263746262","0.0015564542263746262","0.0015564542263746262"
"32845","0.00032178498804569244","0.00032178498804569244","0.00032178498804569244"
"32849","0.0015775244683027267","0.0015775244683027267","0.0015775244683027267"
"32861","0.0016556791961193085","0.0016556791961193085","0.0016556791961193085"
"32877","0.0019732993096113205","0.0019732993096113205","0.0019732993096113205"
"32879","0.0014751330018043518","0.0014751330018043518","0.0014751330018043518"
"32889","0.0002722460776567459","0.0002722460776567459","0.0002722460776567459"
"32893","0.04195890575647354","0.04195890575647354","0.04195890575647354"
"32895","0.01494821347296238","0.01494821347296238","0.01494821347296238"
"32897","0.0034248530864715576","0.0034248530864715576","0.0034248530864715576"
"32899","0.00004505179822444916","0.00004505179822444916","0.00004505179822444916"
"32901","0.001812376081943512","0.001812376081943512","0.001812376081943512"
"32903","0.00006049312651157379","0.00006049312651157379","0.00006049312651157379"
"32913","0.0047314781695604324","0.0047314781695604324","0.0047314781695604324"
"32919","0.0008310694247484207","0.0008310694247484207","0.0008310694247484207"
"32921","0.0007199998944997787","0.0007199998944997787","0.0007199998944997787"
"32925","0.013403279706835747","0.013403279706835747","0.013403279706835747"
"32929","0.0040024518966674805","0.0040024518966674805","0.0040024518966674805"
"32947","0.0007803644984960556","0.0007803644984960556","0.0007803644984960556"
"32951","0.009836927056312561","0.009836927056312561","0.009836927056312561"
"32955","0.002024991437792778","0.002024991437792778","0.002024991437792778"
"32957","0.00006350688636302948","0.00006350688636302948","0.00006350688636302948"
"32959","0.0006978046149015427","0.0006978046149015427","0.0006978046149015427"
"32961","0.0010442528873682022","0.0010442528873682022","0.0010442528873682022"
"32963","0.0001238510012626648","0.0001238510012626648","0.0001238510012626648"
"32967","0.00253312848508358","0.00253312848508358","0.00253312848508358"
"32969","0.0007964055985212326","0.0007964055985212326","0.0007964055985212326"
"32973","0.00002331845462322235","0.00002331845462322235","0.00002331845462322235"
"32979","0.0008329134434461594","0.0008329134434461594","0.0008329134434461594"
"32983","0.005527470260858536","0.005527470260858536","0.005527470260858536"
"32985","0.0015546754002571106","0.0015546754002571106","0.0015546754002571106"
"32987","0.006510019302368164","0.006510019302368164","0.006510019302368164"
"32989","0.04422936588525772","0.04422936588525772","0.04422936588525772"
"32991","0.00017143785953521729","0.00017143785953521729","0.00017143785953521729"
"32999","0.001218290999531746","0.001218290999531746","0.001218290999531746"
"33003","0.00045784562826156616","0.00045784562826156616","0.00045784562826156616"
"33005","0.001010766252875328","0.001010766252875328","0.001010766252875328"
"33007","0.0009016171097755432","0.0009016171097755432","0.0009016171097755432"
"33009","0.007564015686511993","0.007564015686511993","0.007564015686511993"
"33013","0.0022716224193573","0.0022716224193573","0.0022716224193573"
"33015","0.00017428584396839142","0.00017428584396839142","0.00017428584396839142"
"33021","0.00015274807810783386","0.00015274807810783386","0.00015274807810783386"
"33023","0.0006988681852817535","0.0006988681852817535","0.0006988681852817535"
"33031","0.018894514068961143","0.018894514068961143","0.018894514068961143"
"33037","0.0007277838885784149","0.0007277838885784149","0.0007277838885784149"
"33045","0.00039679743349552155","0.00039679743349552155","0.00039679743349552155"
"33065","0.00033362768590450287","0.00033362768590450287","0.00033362768590450287"
"33069","0.00027957186102867126","0.00027957186102867126","0.00027957186102867126"
"33073","0.0027642007917165756","0.0027642007917165756","0.0027642007917165756"
"33075","0.0013757683336734772","0.0013757683336734772","0.0013757683336734772"
"33077","0.0002918839454650879","0.0002918839454650879","0.0002918839454650879"
"33079","0.006067266687750816","0.006067266687750816","0.006067266687750816"
"33081","0.017233960330486298","0.017233960330486298","0.017233960330486298"
"33089","0.0011209044605493546","0.0011209044605493546","0.0011209044605493546"
"33093","0.00300506129860878","0.00300506129860878","0.00300506129860878"
"33101","0.0008150190114974976","0.0008150190114974976","0.0008150190114974976"
"33103","0.0011153146624565125","0.0011153146624565125","0.0011153146624565125"
"33109","0.01409749686717987","0.01409749686717987","0.01409749686717987"
"33111","0.024331409484148026","0.024331409484148026","0.024331409484148026"
"33119","0.00042792409658432007","0.00042792409658432007","0.00042792409658432007"
"33127","0.00020770728588104248","0.00020770728588104248","0.00020770728588104248"
"33131","0.02799549326300621","0.02799549326300621","0.02799549326300621"
"33135","0.000237245112657547","0.000237245112657547","0.000237245112657547"
"33143","0.0012074802070856094","0.0012074802070856094","0.0012074802070856094"
"33153","0.0005978960543870926","0.0005978960543870926","0.0005978960543870926"
"33157","0.017063187435269356","0.017063187435269356","0.017063187435269356"
"33159","0.002963731065392494","0.002963731065392494","0.002963731065392494"
"33161","0.0006074495613574982","0.0006074495613574982","0.0006074495613574982"
"33167","0.000979231670498848","0.000979231670498848","0.000979231670498848"
"33173","0.0019824430346488953","0.0019824430346488953","0.0019824430346488953"
"33179","0.00020758993923664093","0.00020758993923664093","0.00020758993923664093"
"33181","0.0030618123710155487","0.0030618123710155487","0.0030618123710155487"
"33185","0.0006748735904693604","0.0006748735904693604","0.0006748735904693604"
"33187","0.00028050318360328674","0.00028050318360328674","0.00028050318360328674"
"33208","0.00006087683141231537","0.00006087683141231537","0.00006087683141231537"
"33210","0.0002848636358976364","0.0002848636358976364","0.0002848636358976364"
"33214","0.00018340721726417542","0.00018340721726417542","0.00018340721726417542"
"33220","0.0030506886541843414","0.0030506886541843414","0.0030506886541843414"
"33228","0.00025682151317596436","0.00025682151317596436","0.00025682151317596436"
"33236","0.0005100537091493607","0.0005100537091493607","0.0005100537091493607"
"33240","0.000849088653922081","0.000849088653922081","0.000849088653922081"
"33242","0.0020661670714616776","0.0020661670714616776","0.0020661670714616776"
"33244","0.005318846553564072","0.005318846553564072","0.005318846553564072"
"33250","0.0001930519938468933","0.0001930519938468933","0.0001930519938468933"
"33252","0.001925148069858551","0.001925148069858551","0.001925148069858551"
"33264","0.002496641129255295","0.002496641129255295","0.002496641129255295"
"33266","0.027403712272644043","0.027403712272644043","0.027403712272644043"
"33270","0.0003025215119123459","0.0003025215119123459","0.0003025215119123459"
"33272","0.0014042053371667862","0.0014042053371667862","0.0014042053371667862"
"33274","0.00024985335767269135","0.00024985335767269135","0.00024985335767269135"
"33276","0.00458555668592453","0.00458555668592453","0.00458555668592453"
"33288","0.000690968707203865","0.000690968707203865","0.000690968707203865"
"33290","0.000639401376247406","0.000639401376247406","0.000639401376247406"
"33294","0.0006365235894918442","0.0006365235894918442","0.0006365235894918442"
"33320","0.000042652711272239685","0.000042652711272239685","0.000042652711272239685"
"33322","0.004191292449831963","0.004191292449831963","0.004191292449831963"
"33326","0.000436464324593544","0.000436464324593544","0.000436464324593544"
"33328","0.0017430391162633896","0.0017430391162633896","0.0017430391162633896"
"33332","0.00017810054123401642","0.00017810054123401642","0.00017810054123401642"
"33334","0.00008072331547737122","0.00008072331547737122","0.00008072331547737122"
"33336","0.008634349331259727","0.008634349331259727","0.008634349331259727"
"33344","0.005376432090997696","0.005376432090997696","0.005376432090997696"
"33346","0.016236208379268646","0.016236208379268646","0.016236208379268646"
"33348","0.009588848799467087","0.009588848799467087","0.009588848799467087"
"33352","0.0002125818282365799","0.0002125818282365799","0.0002125818282365799"
"33358","0.0014276877045631409","0.0014276877045631409","0.0014276877045631409"
"33362","0.0008621606975793839","0.0008621606975793839","0.0008621606975793839"
"33364","0.0005399435758590698","0.0005399435758590698","0.0005399435758590698"
"33370","0.0004840642213821411","0.0004840642213821411","0.0004840642213821411"
"33374","0.005413312464952469","0.005413312464952469","0.005413312464952469"
"33380","0.0001235809177160263","0.0001235809177160263","0.0001235809177160263"
"33384","0.000652531161904335","0.000652531161904335","0.000652531161904335"
"33388","0.0019291751086711884","0.0019291751086711884","0.0019291751086711884"
"33394","0.00024322792887687683","0.00024322792887687683","0.00024322792887687683"
"33398","0.015004560351371765","0.015004560351371765","0.015004560351371765"
"33400","0.044450320303440094","0.044450320303440094","0.044450320303440094"
"33410","0.00884346291422844","0.00884346291422844","0.00884346291422844"
"33412","0.0005628634244203568","0.0005628634244203568","0.0005628634244203568"
"33414","0.000011876225471496582","0.000011876225471496582","0.000011876225471496582"
"33420","0.00008529983460903168","0.00008529983460903168","0.00008529983460903168"
"33424","0.008303074166178703","0.008303074166178703","0.008303074166178703"
"33434","0.000937391072511673","0.000937391072511673","0.000937391072511673"
"33442","0.001431494951248169","0.001431494951248169","0.001431494951248169"
"33446","0.0005274079740047455","0.0005274079740047455","0.0005274079740047455"
"33448","0.0008711330592632294","0.0008711330592632294","0.0008711330592632294"
"33450","0.00903155654668808","0.00903155654668808","0.00903155654668808"
"33452","0.022711293771862984","0.022711293771862984","0.022711293771862984"
"33456","0.0004595257341861725","0.0004595257341861725","0.0004595257341861725"
"33472","0.020451970398426056","0.020451970398426056","0.020451970398426056"
"33474","0.0011605601757764816","0.0011605601757764816","0.0011605601757764816"
"33480","0.01257246546447277","0.01257246546447277","0.01257246546447277"
"33484","0.08110973238945007","0.08110973238945007","0.08110973238945007"
"33486","0.009492363780736923","0.009492363780736923","0.009492363780736923"
"33488","0.002704944461584091","0.002704944461584091","0.002704944461584091"
"33492","0.0003276262432336807","0.0003276262432336807","0.0003276262432336807"
"33494","0.022299159318208694","0.022299159318208694","0.022299159318208694"
"33496","0.03029687888920307","0.03029687888920307","0.03029687888920307"
"33504","0.0011812709271907806","0.0011812709271907806","0.0011812709271907806"
"33510","0.00010034814476966858","0.00010034814476966858","0.00010034814476966858"
"33512","0.003165571019053459","0.003165571019053459","0.003165571019053459"
"33516","0.009786205366253853","0.009786205366253853","0.009786205366253853"
"33536","0.005895288661122322","0.005895288661122322","0.005895288661122322"
"33538","0.002433501183986664","0.002433501183986664","0.002433501183986664"
"33544","0.00028708577156066895","0.00028708577156066895","0.00028708577156066895"
"33550","0.009269321337342262","0.009269321337342262","0.009269321337342262"
"33552","0.0580904558300972","0.0580904558300972","0.0580904558300972"
"33558","0.00004989840090274811","0.00004989840090274811","0.00004989840090274811"
"33564","0.000742373988032341","0.000742373988032341","0.000742373988032341"
"33566","0.004073137417435646","0.004073137417435646","0.004073137417435646"
"33570","0.0017223935574293137","0.0017223935574293137","0.0017223935574293137"
"33574","0.008810419589281082","0.008810419589281082","0.008810419589281082"
"33580","0.03541520982980728","0.03541520982980728","0.03541520982980728"
"33582","0.004486072808504105","0.004486072808504105","0.004486072808504105"
"33586","0.0009511355310678482","0.0009511355310678482","0.0009511355310678482"
"33590","0.00003894232213497162","0.00003894232213497162","0.00003894232213497162"
"33592","0.00019781477749347687","0.00019781477749347687","0.00019781477749347687"
"33596","0.00898607075214386","0.00898607075214386","0.00898607075214386"
"33606","0.0022371411323547363","0.0022371411323547363","0.0022371411323547363"
"33608","0.004236549139022827","0.004236549139022827","0.004236549139022827"
"33618","0.003555240109562874","0.003555240109562874","0.003555240109562874"
"33620","0.005075510591268539","0.005075510591268539","0.005075510591268539"
"33622","0.00015194155275821686","0.00015194155275821686","0.00015194155275821686"
"33626","0.0000491458922624588","0.0000491458922624588","0.0000491458922624588"
"33628","0.007271070033311844","0.007271070033311844","0.007271070033311844"
"33630","0.00006648339331150055","0.00006648339331150055","0.00006648339331150055"
"33636","0.05111353099346161","0.05111353099346161","0.05111353099346161"
"33640","0.003377186134457588","0.003377186134457588","0.003377186134457588"
"33650","0.0008174683898687363","0.0008174683898687363","0.0008174683898687363"
"33654","0.0001480579376220703","0.0001480579376220703","0.0001480579376220703"
"33656","0.00034847483038902283","0.00034847483038902283","0.00034847483038902283"
"33658","0.0007203966379165649","0.0007203966379165649","0.0007203966379165649"
"33660","0.00045004673302173615","0.00045004673302173615","0.00045004673302173615"
"33662","0.000986715778708458","0.000986715778708458","0.000986715778708458"
"33664","0.0015026610344648361","0.0015026610344648361","0.0015026610344648361"
"33668","0.003651287406682968","0.003651287406682968","0.003651287406682968"
"33670","0.003164716064929962","0.003164716064929962","0.003164716064929962"
"33672","0.0002820715308189392","0.0002820715308189392","0.0002820715308189392"
"33674","0.005186164751648903","0.005186164751648903","0.005186164751648903"
"33676","0.009879842400550842","0.009879842400550842","0.009879842400550842"
"33678","0.027598431333899498","0.027598431333899498","0.027598431333899498"
"33680","0.0027640610933303833","0.0027640610933303833","0.0027640610933303833"
"33686","0.0014803707599639893","0.0014803707599639893","0.0014803707599639893"
"33690","0.000027874484658241272","0.000027874484658241272","0.000027874484658241272"
"33692","0.0030995383858680725","0.0030995383858680725","0.0030995383858680725"
"33698","0.02584424801170826","0.02584424801170826","0.02584424801170826"
"33704","0.07113045454025269","0.07113045454025269","0.07113045454025269"
"33710","0.014743134379386902","0.014743134379386902","0.014743134379386902"
"33712","0.0062552765011787415","0.0062552765011787415","0.0062552765011787415"
"33718","0.0003091525286436081","0.0003091525286436081","0.0003091525286436081"
"33724","0.0003277100622653961","0.0003277100622653961","0.0003277100622653961"
"33730","0.001987326890230179","0.001987326890230179","0.001987326890230179"
"33734","0.00020725466310977936","0.00020725466310977936","0.00020725466310977936"
"33736","0.0013539455831050873","0.0013539455831050873","0.0013539455831050873"
"33738","0.0035333652049303055","0.0035333652049303055","0.0035333652049303055"
"33740","0.004340039566159248","0.004340039566159248","0.004340039566159248"
"33742","0.00012868084013462067","0.00012868084013462067","0.00012868084013462067"
"33746","0.0006013363599777222","0.0006013363599777222","0.0006013363599777222"
"33748","0.0008104164153337479","0.0008104164153337479","0.0008104164153337479"
"33752","0.0012256093323230743","0.0012256093323230743","0.0012256093323230743"
"33756","0.00004252977669239044","0.00004252977669239044","0.00004252977669239044"
"33764","0.0018612220883369446","0.0018612220883369446","0.0018612220883369446"
"33766","0.0018822457641363144","0.0018822457641363144","0.0018822457641363144"
"33774","0.0032634269446134567","0.0032634269446134567","0.0032634269446134567"
"33792","0.0003922954201698303","0.0003922954201698303","0.0003922954201698303"
"33796","0.001177806407213211","0.001177806407213211","0.001177806407213211"
"33798","0.00043284520506858826","0.00043284520506858826","0.00043284520506858826"
"33808","0.002259807661175728","0.002259807661175728","0.002259807661175728"
"33814","0.02779190056025982","0.02779190056025982","0.02779190056025982"
"33816","0.003095809370279312","0.003095809370279312","0.003095809370279312"
"33818","0.00043142959475517273","0.00043142959475517273","0.00043142959475517273"
"33820","0.0002365708351135254","0.0002365708351135254","0.0002365708351135254"
"33822","0.008265681564807892","0.008265681564807892","0.008265681564807892"
"33824","0.017794635146856308","0.017794635146856308","0.017794635146856308"
"33826","0.00020842254161834717","0.00020842254161834717","0.00020842254161834717"
"33830","0.00015101395547389984","0.00015101395547389984","0.00015101395547389984"
"33834","0.010615730658173561","0.010615730658173561","0.010615730658173561"
"33844","0.0006185732781887054","0.0006185732781887054","0.0006185732781887054"
"33848","0.028613256290555","0.028613256290555","0.028613256290555"
"33852","0.013586102053523064","0.013586102053523064","0.013586102053523064"
"33854","0.01771835796535015","0.01771835796535015","0.01771835796535015"
"33856","0.002445036545395851","0.002445036545395851","0.002445036545395851"
"33858","0.000029304996132850647","0.000029304996132850647","0.000029304996132850647"
"33860","0.0004645492881536484","0.0004645492881536484","0.0004645492881536484"
"33862","0.003100169822573662","0.003100169822573662","0.003100169822573662"
"33864","0.00024051591753959656","0.00024051591753959656","0.00024051591753959656"
"33866","0.002721872180700302","0.002721872180700302","0.002721872180700302"
"33870","0.00047188252210617065","0.00047188252210617065","0.00047188252210617065"
"33872","0.0009376779198646545","0.0009376779198646545","0.0009376779198646545"
"33884","0.014451084658503532","0.014451084658503532","0.014451084658503532"
"33886","0.00021516531705856323","0.00021516531705856323","0.00021516531705856323"
"33888","0.0015885159373283386","0.0015885159373283386","0.0015885159373283386"
"33900","0.00027540139853954315","0.00027540139853954315","0.00027540139853954315"
"33904","0.0011696740984916687","0.0011696740984916687","0.0011696740984916687"
"33910","0.003465980291366577","0.003465980291366577","0.003465980291366577"
"33912","0.00022942759096622467","0.00022942759096622467","0.00022942759096622467"
"33918","0.03815745562314987","0.03815745562314987","0.03815745562314987"
"33928","0.0015315748751163483","0.0015315748751163483","0.0015315748751163483"
"33932","0.0023467186838388443","0.0023467186838388443","0.0023467186838388443"
"33934","0.0029577314853668213","0.0029577314853668213","0.0029577314853668213"
"33938","0.00038301199674606323","0.00038301199674606323","0.00038301199674606323"
"33942","0.003437357023358345","0.003437357023358345","0.003437357023358345"
"33946","0.0011297240853309631","0.0011297240853309631","0.0011297240853309631"
"33948","0.021126916632056236","0.021126916632056236","0.021126916632056236"
"33950","0.0003616977483034134","0.0003616977483034134","0.0003616977483034134"
"33956","0.00002271123230457306","0.00002271123230457306","0.00002271123230457306"
"33964","0.0010120905935764313","0.0010120905935764313","0.0010120905935764313"
"33966","0.0004059392958879471","0.0004059392958879471","0.0004059392958879471"
"33972","0.002053394913673401","0.002053394913673401","0.002053394913673401"
"33974","0.0003360733389854431","0.0003360733389854431","0.0003360733389854431"
"33980","0.00011086463928222656","0.00011086463928222656","0.00011086463928222656"
"33982","0.0010847076773643494","0.0010847076773643494","0.0010847076773643494"
"33990","0.005449341610074043","0.005449341610074043","0.005449341610074043"
"33996","0.002225687727332115","0.002225687727332115","0.002225687727332115"
"34004","0.0015383455902338028","0.0015383455902338028","0.0015383455902338028"
"34010","0.014295853674411774","0.014295853674411774","0.014295853674411774"
"34032","0.004961173981428146","0.004961173981428146","0.004961173981428146"
"34042","0.0076703764498233795","0.0076703764498233795","0.0076703764498233795"
"34046","0.0003654994070529938","0.0003654994070529938","0.0003654994070529938"
"34048","0.00017663463950157166","0.00017663463950157166","0.00017663463950157166"
"34054","0.003998029977083206","0.003998029977083206","0.003998029977083206"
"34062","0.0004543643444776535","0.0004543643444776535","0.0004543643444776535"
"34064","0.00036273710429668427","0.00036273710429668427","0.00036273710429668427"
"34066","0.0007814709097146988","0.0007814709097146988","0.0007814709097146988"
"34068","0.0024341698735952377","0.0024341698735952377","0.0024341698735952377"
"34070","0.0003351755440235138","0.0003351755440235138","0.0003351755440235138"
"34074","0.007091183215379715","0.007091183215379715","0.007091183215379715"
"34076","0.0014987308531999588","0.0014987308531999588","0.0014987308531999588"
"34080","0.008010860532522202","0.008010860532522202","0.008010860532522202"
"34082","0.00043759308755397797","0.00043759308755397797","0.00043759308755397797"
"34084","0.0027810055762529373","0.0027810055762529373","0.0027810055762529373"
"34086","0.00039498135447502136","0.00039498135447502136","0.00039498135447502136"
"34088","0.027701279148459435","0.027701279148459435","0.027701279148459435"
"34094","0.010690763592720032","0.010690763592720032","0.010690763592720032"
"34098","0.01370622031390667","0.01370622031390667","0.01370622031390667"
"34102","0.0002544429153203964","0.0002544429153203964","0.0002544429153203964"
"34104","0.024081982672214508","0.024081982672214508","0.024081982672214508"
"34110","0.0013078972697257996","0.0013078972697257996","0.0013078972697257996"
"34114","0.0005120038986206055","0.0005120038986206055","0.0005120038986206055"
"34116","0.00025412067770957947","0.00025412067770957947","0.00025412067770957947"
"34120","0.0002191159874200821","0.0002191159874200821","0.0002191159874200821"
"34126","0.00024010613560676575","0.00024010613560676575","0.00024010613560676575"
"34128","0.0007696188986301422","0.0007696188986301422","0.0007696188986301422"
"34146","0.000048432499170303345","0.000048432499170303345","0.000048432499170303345"
"34148","0.00461626797914505","0.00461626797914505","0.00461626797914505"
"34150","0.001214735209941864","0.001214735209941864","0.001214735209941864"
"34152","0.018733400851488113","0.018733400851488113","0.018733400851488113"
"34158","0.007748231291770935","0.007748231291770935","0.007748231291770935"
"34160","0.004472225904464722","0.004472225904464722","0.004472225904464722"
"34162","0.0001423414796590805","0.0001423414796590805","0.0001423414796590805"
"34166","0.00046803802251815796","0.00046803802251815796","0.00046803802251815796"
"34168","0.0005926173180341721","0.0005926173180341721","0.0005926173180341721"
"34170","0.0006033908575773239","0.0006033908575773239","0.0006033908575773239"
"34176","0.0010405909270048141","0.0010405909270048141","0.0010405909270048141"
"34184","0.004874041303992271","0.004874041303992271","0.004874041303992271"
"34191","0.0002452358603477478","0.0002452358603477478","0.0002452358603477478"
"34203","0.000810183584690094","0.000810183584690094","0.000810183584690094"
"34205","0.0001608673483133316","0.0001608673483133316","0.0001608673483133316"
"34209","0.0026119034737348557","0.0026119034737348557","0.0026119034737348557"
"34211","0.000050982460379600525","0.000050982460379600525","0.000050982460379600525"
"34213","0.016006335616111755","0.016006335616111755","0.016006335616111755"
"34229","0.016159502789378166","0.016159502789378166","0.016159502789378166"
"34231","0.005139291286468506","0.005139291286468506","0.005139291286468506"
"34233","0.0038216616958379745","0.0038216616958379745","0.0038216616958379745"
"34239","0.006181105971336365","0.006181105971336365","0.006181105971336365"
"34241","0.010960331186652184","0.010960331186652184","0.010960331186652184"
"34243","0.0004929695278406143","0.0004929695278406143","0.0004929695278406143"
"34259","0.0030000004917383194","0.0030000004917383194","0.0030000004917383194"
"34269","0.000009162351489067078","0.000009162351489067078","0.000009162351489067078"
"34271","0.003952449187636375","0.003952449187636375","0.003952449187636375"
"34273","0.0003480352461338043","0.0003480352461338043","0.0003480352461338043"
"34275","0.000863960012793541","0.000863960012793541","0.000863960012793541"
"34301","0.01653592474758625","0.01653592474758625","0.01653592474758625"
"34307","0.0015002526342868805","0.0015002526342868805","0.0015002526342868805"
"34311","0.03124385140836239","0.03124385140836239","0.03124385140836239"
"34317","0.009625142440199852","0.009625142440199852","0.009625142440199852"
"34321","0.0026557650417089462","0.0026557650417089462","0.0026557650417089462"
"34325","0.004594728350639343","0.004594728350639343","0.004594728350639343"
"34327","0.00027178600430488586","0.00027178600430488586","0.00027178600430488586"
"34329","0.0002998318523168564","0.0002998318523168564","0.0002998318523168564"
"34331","0.0012201499193906784","0.0012201499193906784","0.0012201499193906784"
"34337","0.00055721215903759","0.00055721215903759","0.00055721215903759"
"34345","0.000119013711810112","0.000119013711810112","0.000119013711810112"
"34347","0.0005285833030939102","0.0005285833030939102","0.0005285833030939102"
"34355","0.00014205649495124817","0.00014205649495124817","0.00014205649495124817"
"34369","0.00014513731002807617","0.00014513731002807617","0.00014513731002807617"
"34379","0.005860308185219765","0.005860308185219765","0.005860308185219765"
"34383","0.0003508124500513077","0.0003508124500513077","0.0003508124500513077"
"34389","0.0005662050098180771","0.0005662050098180771","0.0005662050098180771"
"34395","0.007342793047428131","0.007342793047428131","0.007342793047428131"
"34397","0.02365824393928051","0.02365824393928051","0.02365824393928051"
"34401","0.0017253067344427109","0.0017253067344427109","0.0017253067344427109"
"34405","0.0000869259238243103","0.0000869259238243103","0.0000869259238243103"
"34417","0.0001344531774520874","0.0001344531774520874","0.0001344531774520874"
"34419","0.0002058800309896469","0.0002058800309896469","0.0002058800309896469"
"34423","0.013336097821593285","0.013336097821593285","0.013336097821593285"
"34425","0.0009427573531866074","0.0009427573531866074","0.0009427573531866074"
"34427","0.001094382256269455","0.001094382256269455","0.001094382256269455"
"34429","0.00208265520632267","0.00208265520632267","0.00208265520632267"
"34431","0.00041759759187698364","0.00041759759187698364","0.00041759759187698364"
"34433","0.005041858181357384","0.005041858181357384","0.005041858181357384"
"34435","0.0011831074953079224","0.0011831074953079224","0.0011831074953079224"
"34441","0.00004894658923149109","0.00004894658923149109","0.00004894658923149109"
"34453","0.003152277320623398","0.003152277320623398","0.003152277320623398"
"34457","0.00021108239889144897","0.00021108239889144897","0.00021108239889144897"
"34459","0.00021310336887836456","0.00021310336887836456","0.00021310336887836456"
"34461","0.0004016309976577759","0.0004016309976577759","0.0004016309976577759"
"34487","0.0005634855479001999","0.0005634855479001999","0.0005634855479001999"
"34489","0.04204969108104706","0.04204969108104706","0.04204969108104706"
"34497","0.0005563255399465561","0.0005563255399465561","0.0005563255399465561"
"34501","0.005480203777551651","0.005480203777551651","0.005480203777551651"
"34507","0.004468876868486404","0.004468876868486404","0.004468876868486404"
"34515","0.006186751648783684","0.006186751648783684","0.006186751648783684"
"34517","0.0006725918501615524","0.0006725918501615524","0.0006725918501615524"
"34533","0.0003371667116880417","0.0003371667116880417","0.0003371667116880417"
"34541","0.006975995376706123","0.006975995376706123","0.006975995376706123"
"34551","0.0016032755374908447","0.0016032755374908447","0.0016032755374908447"
"34555","0.0006310045719146729","0.0006310045719146729","0.0006310045719146729"
"34561","0.008415667340159416","0.008415667340159416","0.008415667340159416"
"34563","0.00003083422780036926","0.00003083422780036926","0.00003083422780036926"
"34569","0.00861702486872673","0.00861702486872673","0.00861702486872673"
"34571","0.00017130374908447266","0.00017130374908447266","0.00017130374908447266"
"34575","0.0006146058440208435","0.0006146058440208435","0.0006146058440208435"
"34587","0.0004166848957538605","0.0004166848957538605","0.0004166848957538605"
"34595","0.0007192082703113556","0.0007192082703113556","0.0007192082703113556"
"34597","0.0002934560179710388","0.0002934560179710388","0.0002934560179710388"
"34599","0.00015343166887760162","0.00015343166887760162","0.00015343166887760162"
"34601","0.0017974469810724258","0.0017974469810724258","0.0017974469810724258"
"34607","0.0008210241794586182","0.0008210241794586182","0.0008210241794586182"
"34611","0.003024335950613022","0.003024335950613022","0.003024335950613022"
"34615","0.010152401402592659","0.010152401402592659","0.010152401402592659"
"34617","0.00003845803439617157","0.00003845803439617157","0.00003845803439617157"
"34619","0.007257958874106407","0.007257958874106407","0.007257958874106407"
"34623","0.001658700406551361","0.001658700406551361","0.001658700406551361"
"34625","0.0006174780428409576","0.0006174780428409576","0.0006174780428409576"
"34627","0.01643352024257183","0.01643352024257183","0.01643352024257183"
"34639","0.0014856941998004913","0.0014856941998004913","0.0014856941998004913"
"34641","0.013672765344381332","0.013672765344381332","0.013672765344381332"
"34647","0.0005923807621002197","0.0005923807621002197","0.0005923807621002197"
"34653","0.00032239779829978943","0.00032239779829978943","0.00032239779829978943"
"34655","0.0001443512737751007","0.0001443512737751007","0.0001443512737751007"
"34657","0.00531800277531147","0.00531800277531147","0.00531800277531147"
"34661","0.00374748557806015","0.00374748557806015","0.00374748557806015"
"34665","0.038546524941921234","0.038546524941921234","0.038546524941921234"
"34671","0.0028944406658411026","0.0028944406658411026","0.0028944406658411026"
"34675","0.0008091293275356293","0.0008091293275356293","0.0008091293275356293"
"34687","0.012669067829847336","0.012669067829847336","0.012669067829847336"
"34693","0.0030352622270584106","0.0030352622270584106","0.0030352622270584106"
"34695","0.00044438615441322327","0.00044438615441322327","0.00044438615441322327"
"34701","0.00048878975212574","0.00048878975212574","0.00048878975212574"
"34707","0.010598646476864815","0.010598646476864815","0.010598646476864815"
"34717","0.026037834584712982","0.026037834584712982","0.026037834584712982"
"34721","0.00017093680799007416","0.00017093680799007416","0.00017093680799007416"
"34723","0.00044090114533901215","0.00044090114533901215","0.00044090114533901215"
"34729","0.0020123720169067383","0.0020123720169067383","0.0020123720169067383"
"34731","0.0003392025828361511","0.0003392025828361511","0.0003392025828361511"
"34733","0.005100645124912262","0.005100645124912262","0.005100645124912262"
"34737","0.0007177591323852539","0.0007177591323852539","0.0007177591323852539"
"34741","0.002427743747830391","0.002427743747830391","0.002427743747830391"
"34743","0.0031034722924232483","0.0031034722924232483","0.0031034722924232483"
"34749","0.000580277293920517","0.000580277293920517","0.000580277293920517"
"34751","0.00030790455639362335","0.00030790455639362335","0.00030790455639362335"
"34761","0.0010094158351421356","0.0010094158351421356","0.0010094158351421356"
"34767","0.0012452714145183563","0.0012452714145183563","0.0012452714145183563"
"34773","0.0008023492991924286","0.0008023492991924286","0.0008023492991924286"
"34777","0.00034711509943008423","0.00034711509943008423","0.00034711509943008423"
"34783","0.0003306698054075241","0.0003306698054075241","0.0003306698054075241"
"34787","0.002715090289711952","0.002715090289711952","0.002715090289711952"
"34793","0.00456228107213974","0.00456228107213974","0.00456228107213974"
"34795","0.0003155805170536041","0.0003155805170536041","0.0003155805170536041"
"34799","0.0000874493271112442","0.0000874493271112442","0.0000874493271112442"
"34801","0.002529304474592209","0.002529304474592209","0.002529304474592209"
"34803","0.001750381663441658","0.001750381663441658","0.001750381663441658"
"34811","0.0006518661975860596","0.0006518661975860596","0.0006518661975860596"
"34817","0.004336006939411163","0.004336006939411163","0.004336006939411163"
"34819","0.00007766112685203552","0.00007766112685203552","0.00007766112685203552"
"34825","0.0001734122633934021","0.0001734122633934021","0.0001734122633934021"
"34827","0.0003799963742494583","0.0003799963742494583","0.0003799963742494583"
"34831","0.0080760158598423","0.0080760158598423","0.0080760158598423"
"34841","0.00010973401367664337","0.00010973401367664337","0.00010973401367664337"
"34843","0.0007090214639902115","0.0007090214639902115","0.0007090214639902115"
"34847","0.00011963210999965668","0.00011963210999965668","0.00011963210999965668"
"34849","0.0011363010853528976","0.0011363010853528976","0.0011363010853528976"
"34857","0.01477864384651184","0.01477864384651184","0.01477864384651184"
"34861","0.0005926210433244705","0.0005926210433244705","0.0005926210433244705"
"34867","0.000568833202123642","0.000568833202123642","0.000568833202123642"
"34871","0.0002770647406578064","0.0002770647406578064","0.0002770647406578064"
"34877","0.00011052191257476807","0.00011052191257476807","0.00011052191257476807"
"34879","0.0035858098417520523","0.0035858098417520523","0.0035858098417520523"
"34883","0.00017065368592739105","0.00017065368592739105","0.00017065368592739105"
"34889","0.0000998377799987793","0.0000998377799987793","0.0000998377799987793"
"34895","0.0012537464499473572","0.0012537464499473572","0.0012537464499473572"
"34903","0.00023369863629341125","0.00023369863629341125","0.00023369863629341125"
"34911","0.0005303714424371719","0.0005303714424371719","0.0005303714424371719"
"34913","0.000723760575056076","0.000723760575056076","0.000723760575056076"
"34915","0.000012323260307312012","0.000012323260307312012","0.000012323260307312012"
"34921","0.001719541847705841","0.001719541847705841","0.001719541847705841"
"34925","0.00029036402702331543","0.00029036402702331543","0.00029036402702331543"
"34927","0.0001929197460412979","0.0001929197460412979","0.0001929197460412979"
"34935","0.0002978537231683731","0.0002978537231683731","0.0002978537231683731"
"34939","0.00008312799036502838","0.00008312799036502838","0.00008312799036502838"
"34941","0.0027421992272138596","0.0027421992272138596","0.0027421992272138596"
"34947","0.0008011665195226669","0.0008011665195226669","0.0008011665195226669"
"34951","0.03388456255197525","0.03388456255197525","0.03388456255197525"
"34953","0.0019195470958948135","0.0019195470958948135","0.0019195470958948135"
"34959","0.017432106658816338","0.017432106658816338","0.017432106658816338"
"34965","0.000138038769364357","0.000138038769364357","0.000138038769364357"
"34973","0.000484369695186615","0.000484369695186615","0.000484369695186615"
"34977","0.016006842255592346","0.016006842255592346","0.016006842255592346"
"34979","0.000021709129214286804","0.000021709129214286804","0.000021709129214286804"
"34985","0.009958932176232338","0.009958932176232338","0.009958932176232338"
"34987","0.00021461956202983856","0.00021461956202983856","0.00021461956202983856"
"34991","0.009528612717986107","0.009528612717986107","0.009528612717986107"
"34993","0.0013154074549674988","0.0013154074549674988","0.0013154074549674988"
"34995","0.004692429676651955","0.004692429676651955","0.004692429676651955"
"34997","0.00010824762284755707","0.00010824762284755707","0.00010824762284755707"
"35001","0.00017258524894714355","0.00017258524894714355","0.00017258524894714355"
"35003","0.024278827011585236","0.024278827011585236","0.024278827011585236"
"35005","0.017123909667134285","0.017123909667134285","0.017123909667134285"
"35007","0.0016208626329898834","0.0016208626329898834","0.0016208626329898834"
"35009","0.0005844738334417343","0.0005844738334417343","0.0005844738334417343"
"35011","0.000825909897685051","0.000825909897685051","0.000825909897685051"
"35013","0.004349455237388611","0.004349455237388611","0.004349455237388611"
"35017","0.0012382492423057556","0.0012382492423057556","0.0012382492423057556"
"35021","0.0006289277225732803","0.0006289277225732803","0.0006289277225732803"
"35027","0.000047229230403900146","0.000047229230403900146","0.000047229230403900146"
"35031","0.002264149487018585","0.002264149487018585","0.002264149487018585"
"35033","0.00019687972962856293","0.00019687972962856293","0.00019687972962856293"
"35035","0.08749385178089142","0.08749385178089142","0.08749385178089142"
"35037","0.0003431588411331177","0.0003431588411331177","0.0003431588411331177"
"35041","0.0017116647213697433","0.0017116647213697433","0.0017116647213697433"
"35047","0.000015482306480407715","0.000015482306480407715","0.000015482306480407715"
"35049","0.00005389004945755005","0.00005389004945755005","0.00005389004945755005"
"35053","0.0002811867743730545","0.0002811867743730545","0.0002811867743730545"
"35063","0.00005471520125865936","0.00005471520125865936","0.00005471520125865936"
"35069","0.006736019626259804","0.006736019626259804","0.006736019626259804"
"35073","0.001668933779001236","0.001668933779001236","0.001668933779001236"
"35081","0.001195499673485756","0.001195499673485756","0.001195499673485756"
"35083","0.0005642864853143692","0.0005642864853143692","0.0005642864853143692"
"35089","0.006898513063788414","0.006898513063788414","0.006898513063788414"
"35103","0.0012699086219072342","0.0012699086219072342","0.0012699086219072342"
"35105","0.005885414779186249","0.005885414779186249","0.005885414779186249"
"35107","0.001946946606040001","0.001946946606040001","0.001946946606040001"
"35111","0.0009559374302625656","0.0009559374302625656","0.0009559374302625656"
"35129","0.002330152317881584","0.002330152317881584","0.002330152317881584"
"35133","0.0008212421089410782","0.0008212421089410782","0.0008212421089410782"
"35135","0.00046882033348083496","0.00046882033348083496","0.00046882033348083496"
"35139","0.00033138878643512726","0.00033138878643512726","0.00033138878643512726"
"35147","0.0026419945061206818","0.0026419945061206818","0.0026419945061206818"
"35149","0.013529926538467407","0.013529926538467407","0.013529926538467407"
"35153","0.000018188729882240295","0.000018188729882240295","0.000018188729882240295"
"35155","0.011802634224295616","0.011802634224295616","0.011802634224295616"
"35159","0.0004683230072259903","0.0004683230072259903","0.0004683230072259903"
"35173","0.0038324426859617233","0.0038324426859617233","0.0038324426859617233"
"35175","0.0007006507366895676","0.0007006507366895676","0.0007006507366895676"
"35188","0.0002109389752149582","0.0002109389752149582","0.0002109389752149582"
"35192","0.002781275659799576","0.002781275659799576","0.002781275659799576"
"35194","0.008131850510835648","0.008131850510835648","0.008131850510835648"
"35196","0.00014392659068107605","0.00014392659068107605","0.00014392659068107605"
"35198","0.0007224176079034805","0.0007224176079034805","0.0007224176079034805"
"35202","0.013673201203346252","0.013673201203346252","0.013673201203346252"
"35204","0.00010575726628303528","0.00010575726628303528","0.00010575726628303528"
"35208","0.0005389358848333359","0.0005389358848333359","0.0005389358848333359"
"35212","0.0035984888672828674","0.0035984888672828674","0.0035984888672828674"
"35214","0.00013776496052742004","0.00013776496052742004","0.00013776496052742004"
"35228","0.00013070181012153625","0.00013070181012153625","0.00013070181012153625"
"35232","0.0012843236327171326","0.0012843236327171326","0.0012843236327171326"
"35236","0.0001294165849685669","0.0001294165849685669","0.0001294165849685669"
"35238","0.0018465556204319","0.0018465556204319","0.0018465556204319"
"35242","0.012407545000314713","0.012407545000314713","0.012407545000314713"
"35244","0.0007597468793392181","0.0007597468793392181","0.0007597468793392181"
"35248","0.0007300935685634613","0.0007300935685634613","0.0007300935685634613"
"35250","0.0013274811208248138","0.0013274811208248138","0.0013274811208248138"
"35264","0.0008057206869125366","0.0008057206869125366","0.0008057206869125366"
"35266","0.0002804752439260483","0.0002804752439260483","0.0002804752439260483"
"35270","0.0002999957650899887","0.0002999957650899887","0.0002999957650899887"
"35274","0.0018203239887952805","0.0018203239887952805","0.0018203239887952805"
"35280","0.00019567832350730896","0.00019567832350730896","0.00019567832350730896"
"35282","0.013266369700431824","0.013266369700431824","0.013266369700431824"
"35296","0.001022934913635254","0.001022934913635254","0.001022934913635254"
"35306","0.0017334800213575363","0.0017334800213575363","0.0017334800213575363"
"35308","0.0002664867788553238","0.0002664867788553238","0.0002664867788553238"
"35316","0.00010568834841251373","0.00010568834841251373","0.00010568834841251373"
"35320","0.004958782345056534","0.004958782345056534","0.004958782345056534"
"35324","0.0050293318927288055","0.0050293318927288055","0.0050293318927288055"
"35328","0.00012280233204364777","0.00012280233204364777","0.00012280233204364777"
"35336","0.0025798603892326355","0.0025798603892326355","0.0025798603892326355"
"35340","0.00643625482916832","0.00643625482916832","0.00643625482916832"
"35342","0.00004552491009235382","0.00004552491009235382","0.00004552491009235382"
"35344","0.00012307055294513702","0.00012307055294513702","0.00012307055294513702"
"35348","0.00026041455566883087","0.00026041455566883087","0.00026041455566883087"
"35352","0.0010211430490016937","0.0010211430490016937","0.0010211430490016937"
"35354","0.011156076565384865","0.011156076565384865","0.011156076565384865"
"35358","0.0008452776819467545","0.0008452776819467545","0.0008452776819467545"
"35362","0.000805119052529335","0.000805119052529335","0.000805119052529335"
"35368","0.00462532602250576","0.00462532602250576","0.00462532602250576"
"35374","0.0006342977285385132","0.0006342977285385132","0.0006342977285385132"
"35376","0.0006818417459726334","0.0006818417459726334","0.0006818417459726334"
"35380","0.00736820325255394","0.00736820325255394","0.00736820325255394"
"35384","0.00010875053703784943","0.00010875053703784943","0.00010875053703784943"
"35386","0.00003192387521266937","0.00003192387521266937","0.00003192387521266937"
"35392","0.003797028213739395","0.003797028213739395","0.003797028213739395"
"35400","0.003410113975405693","0.003410113975405693","0.003410113975405693"
"35406","0.0003356281667947769","0.0003356281667947769","0.0003356281667947769"
"35410","0.00048744305968284607","0.00048744305968284607","0.00048744305968284607"
"35414","0.002882450819015503","0.002882450819015503","0.002882450819015503"
"35422","0.0005989018827676773","0.0005989018827676773","0.0005989018827676773"
"35426","0.01625128835439682","0.01625128835439682","0.01625128835439682"
"35430","0.00032990798354148865","0.00032990798354148865","0.00032990798354148865"
"35436","0.0006738826632499695","0.0006738826632499695","0.0006738826632499695"
"35438","0.0006922408938407898","0.0006922408938407898","0.0006922408938407898"
"35442","0.003252631053328514","0.003252631053328514","0.003252631053328514"
"35450","0.007665960118174553","0.007665960118174553","0.007665960118174553"
"35452","0.02645709365606308","0.02645709365606308","0.02645709365606308"
"35456","0.01856403611600399","0.01856403611600399","0.01856403611600399"
"35462","0.002418842166662216","0.002418842166662216","0.002418842166662216"
"35464","0.0008459817618131638","0.0008459817618131638","0.0008459817618131638"
"35468","0.0036979150027036667","0.0036979150027036667","0.0036979150027036667"
"35472","0.01773151569068432","0.01773151569068432","0.01773151569068432"
"35476","0.0002573840320110321","0.0002573840320110321","0.0002573840320110321"
"35484","0.0008764080703258514","0.0008764080703258514","0.0008764080703258514"
"35486","0.0025373268872499466","0.0025373268872499466","0.0025373268872499466"
"35492","0.00017676688730716705","0.00017676688730716705","0.00017676688730716705"
"35496","0.000225163996219635","0.000225163996219635","0.000225163996219635"
"35504","0.004358451813459396","0.004358451813459396","0.004358451813459396"
"35506","0.00030491873621940613","0.00030491873621940613","0.00030491873621940613"
"35510","0.013843193650245667","0.013843193650245667","0.013843193650245667"
"35512","0.0003737993538379669","0.0003737993538379669","0.0003737993538379669"
"35514","0.005907725542783737","0.005907725542783737","0.005907725542783737"
"35520","0.0014381390064954758","0.0014381390064954758","0.0014381390064954758"
"35536","0.0015462134033441544","0.0015462134033441544","0.0015462134033441544"
"35540","0.0002940092235803604","0.0002940092235803604","0.0002940092235803604"
"35544","0.0010814163833856583","0.0010814163833856583","0.0010814163833856583"
"35554","0.01960216462612152","0.01960216462612152","0.01960216462612152"
"35560","0.00012506917119026184","0.00012506917119026184","0.00012506917119026184"
"35574","0.00022082403302192688","0.00022082403302192688","0.00022082403302192688"
"35576","0.0005131606012582779","0.0005131606012582779","0.0005131606012582779"
"35582","0.008074825629591942","0.008074825629591942","0.008074825629591942"
"35584","0.0052564069628715515","0.0052564069628715515","0.0052564069628715515"
"35590","0.0002436283975839615","0.0002436283975839615","0.0002436283975839615"
"35594","0.0000441279262304306","0.0000441279262304306","0.0000441279262304306"
"35598","0.00016295164823532104","0.00016295164823532104","0.00016295164823532104"
"35600","0.0669257789850235","0.0669257789850235","0.0669257789850235"
"35602","0.02305316925048828","0.02305316925048828","0.02305316925048828"
"35604","0.0007784925401210785","0.0007784925401210785","0.0007784925401210785"
"35606","0.0003600809723138809","0.0003600809723138809","0.0003600809723138809"
"35620","0.04936043173074722","0.04936043173074722","0.04936043173074722"
"35628","0.001818651333451271","0.001818651333451271","0.001818651333451271"
"35632","0.0004343688488006592","0.0004343688488006592","0.0004343688488006592"
"35636","0.00032009929418563843","0.00032009929418563843","0.00032009929418563843"
"35638","0.0021735429763793945","0.0021735429763793945","0.0021735429763793945"
"35642","0.0004157163202762604","0.0004157163202762604","0.0004157163202762604"
"35644","0.0007992945611476898","0.0007992945611476898","0.0007992945611476898"
"35660","0.00014794990420341492","0.00014794990420341492","0.00014794990420341492"
"35664","0.009582802653312683","0.009582802653312683","0.009582802653312683"
"35670","0.005581613630056381","0.005581613630056381","0.005581613630056381"
"35672","0.003007780760526657","0.003007780760526657","0.003007780760526657"
"35676","0.0023825280368328094","0.0023825280368328094","0.0023825280368328094"
"35678","0.018340878188610077","0.018340878188610077","0.018340878188610077"
"35686","0.0033281054347753525","0.0033281054347753525","0.0033281054347753525"
"35690","0.0010868702083826065","0.0010868702083826065","0.0010868702083826065"
"35698","0.0002560187131166458","0.0002560187131166458","0.0002560187131166458"
"35702","0.0001708492636680603","0.0001708492636680603","0.0001708492636680603"
"35704","0.034540221095085144","0.034540221095085144","0.034540221095085144"
"35706","0.0001727025955915451","0.0001727025955915451","0.0001727025955915451"
"35720","0.0009750127792358398","0.0009750127792358398","0.0009750127792358398"
"35726","0.0038350876420736313","0.0038350876420736313","0.0038350876420736313"
"35730","0.0016965139657258987","0.0016965139657258987","0.0016965139657258987"
"35746","0.02080390602350235","0.02080390602350235","0.02080390602350235"
"35748","0.0016710590571165085","0.0016710590571165085","0.0016710590571165085"
"35756","0.004659734666347504","0.004659734666347504","0.004659734666347504"
"35774","0.002260059118270874","0.002260059118270874","0.002260059118270874"
"35778","0.000040981918573379517","0.000040981918573379517","0.000040981918573379517"
"35782","0.0006254222244024277","0.0006254222244024277","0.0006254222244024277"
"35788","0.0002951081842184067","0.0002951081842184067","0.0002951081842184067"
"35794","0.00048281438648700714","0.00048281438648700714","0.00048281438648700714"
"35796","0.0003460049629211426","0.0003460049629211426","0.0003460049629211426"
"35802","0.0026080142706632614","0.0026080142706632614","0.0026080142706632614"
"35806","0.0002761669456958771","0.0002761669456958771","0.0002761669456958771"
"35808","0.009658325463533401","0.009658325463533401","0.009658325463533401"
"35812","0.00014047324657440186","0.00014047324657440186","0.00014047324657440186"
"35816","0.004447147250175476","0.004447147250175476","0.004447147250175476"
"35822","0.0012825839221477509","0.0012825839221477509","0.0012825839221477509"
"35824","0.0028395913541316986","0.0028395913541316986","0.0028395913541316986"
"35828","0.001628488302230835","0.001628488302230835","0.001628488302230835"
"35830","0.007117912173271179","0.007117912173271179","0.007117912173271179"
"35838","0.00024698302149772644","0.00024698302149772644","0.00024698302149772644"
"35840","0.004304876551032066","0.004304876551032066","0.004304876551032066"
"35848","0.000627448782324791","0.000627448782324791","0.000627448782324791"
"35850","0.0003043748438358307","0.0003043748438358307","0.0003043748438358307"
"35852","0.025906264781951904","0.025906264781951904","0.025906264781951904"
"35854","0.011025002226233482","0.011025002226233482","0.011025002226233482"
"35862","0.005304757505655289","0.005304757505655289","0.005304757505655289"
"35866","0.00126677006483078","0.00126677006483078","0.00126677006483078"
"35868","0.0018704775720834732","0.0018704775720834732","0.0018704775720834732"
"35872","0.001177757978439331","0.001177757978439331","0.001177757978439331"
"35874","0.0015521720051765442","0.0015521720051765442","0.0015521720051765442"
"35882","0.009559201076626778","0.009559201076626778","0.009559201076626778"
"35904","0.017837658524513245","0.017837658524513245","0.017837658524513245"
"35906","0.0018565095961093903","0.0018565095961093903","0.0018565095961093903"
"35914","0.00040787458419799805","0.00040787458419799805","0.00040787458419799805"
"35920","0.0016166698187589645","0.0016166698187589645","0.0016166698187589645"
"35924","0.001576857641339302","0.001576857641339302","0.001576857641339302"
"35932","0.014901824295520782","0.014901824295520782","0.014901824295520782"
"35938","0.0020439326763153076","0.0020439326763153076","0.0020439326763153076"
"35944","0.001081438735127449","0.001081438735127449","0.001081438735127449"
"35948","0.00028455257415771484","0.00028455257415771484","0.00028455257415771484"
"35952","0.0010120533406734467","0.0010120533406734467","0.0010120533406734467"
"35958","0.004762904718518257","0.004762904718518257","0.004762904718518257"
"35972","0.08088745921850204","0.08088745921850204","0.08088745921850204"
"35974","0.00029131025075912476","0.00029131025075912476","0.00029131025075912476"
"35978","0.00016373954713344574","0.00016373954713344574","0.00016373954713344574"
"35980","0.0006440393626689911","0.0006440393626689911","0.0006440393626689911"
"35992","0.01479734480381012","0.01479734480381012","0.01479734480381012"
"35996","0.0000874791294336319","0.0000874791294336319","0.0000874791294336319"
"36006","0.006033036857843399","0.006033036857843399","0.006033036857843399"
"36008","0.000055262818932533264","0.000055262818932533264","0.000055262818932533264"
"36012","0.00006866641342639923","0.00006866641342639923","0.00006866641342639923"
"36014","0.001828184351325035","0.001828184351325035","0.001828184351325035"
"36026","0.00032035261392593384","0.00032035261392593384","0.00032035261392593384"
"36030","0.008027905598282814","0.008027905598282814","0.008027905598282814"
"36032","0.0016780365258455276","0.0016780365258455276","0.0016780365258455276"
"36034","0.006765678524971008","0.006765678524971008","0.006765678524971008"
"36036","0.00159512460231781","0.00159512460231781","0.00159512460231781"
"36038","0.0016653798520565033","0.0016653798520565033","0.0016653798520565033"
"36048","0.0008799247443675995","0.0008799247443675995","0.0008799247443675995"
"36056","0.008671596646308899","0.008671596646308899","0.008671596646308899"
"36058","0.0018198341131210327","0.0018198341131210327","0.0018198341131210327"
"36070","0.010881045833230019","0.010881045833230019","0.010881045833230019"
"36078","0.0008889921009540558","0.0008889921009540558","0.0008889921009540558"
"36082","0.0005025342106819153","0.0005025342106819153","0.0005025342106819153"
"36086","0.00007344596087932587","0.00007344596087932587","0.00007344596087932587"
"36088","0.02345513366162777","0.02345513366162777","0.02345513366162777"
"36094","0.0009618215262889862","0.0009618215262889862","0.0009618215262889862"
"36096","0.0001002829521894455","0.0001002829521894455","0.0001002829521894455"
"36098","0.00017970427870750427","0.00017970427870750427","0.00017970427870750427"
"36102","0.0006968528032302856","0.0006968528032302856","0.0006968528032302856"
"36104","0.0014089569449424744","0.0014089569449424744","0.0014089569449424744"
"36108","0.00005740858614444733","0.00005740858614444733","0.00005740858614444733"
"36114","0.00031238049268722534","0.00031238049268722534","0.00031238049268722534"
"36120","0.0013677943497896194","0.0013677943497896194","0.0013677943497896194"
"36132","0.00002948753535747528","0.00002948753535747528","0.00002948753535747528"
"36140","0.00026703812181949615","0.00026703812181949615","0.00026703812181949615"
"36152","0.0020561721175909042","0.0020561721175909042","0.0020561721175909042"
"36156","0.0025616195052862167","0.0025616195052862167","0.0025616195052862167"
"36160","0.0016639232635498047","0.0016639232635498047","0.0016639232635498047"
"36168","0.0003536045551300049","0.0003536045551300049","0.0003536045551300049"
"36173","0.00047967396676540375","0.00047967396676540375","0.00047967396676540375"
"36177","0.01005341112613678","0.01005341112613678","0.01005341112613678"
"36183","0.0028941817581653595","0.0028941817581653595","0.0028941817581653595"
"36185","0.0004466567188501358","0.0004466567188501358","0.0004466567188501358"
"36187","0.00028272904455661774","0.00028272904455661774","0.00028272904455661774"
"36191","0.003998059779405594","0.003998059779405594","0.003998059779405594"
"36201","0.0005824007093906403","0.0005824007093906403","0.0005824007093906403"
"36205","0.00042999163269996643","0.00042999163269996643","0.00042999163269996643"
"36211","0.001355975866317749","0.001355975866317749","0.001355975866317749"
"36215","0.0003464408218860626","0.0003464408218860626","0.0003464408218860626"
"36217","0.0001534596085548401","0.0001534596085548401","0.0001534596085548401"
"36219","0.00280768983066082","0.00280768983066082","0.00280768983066082"
"36229","0.0018127299845218658","0.0018127299845218658","0.0018127299845218658"
"36233","0.0017471052706241608","0.0017471052706241608","0.0017471052706241608"
"36245","0.0006919447332620621","0.0006919447332620621","0.0006919447332620621"
"36247","0.00008662045001983643","0.00008662045001983643","0.00008662045001983643"
"36261","0.00043575093150138855","0.00043575093150138855","0.00043575093150138855"
"36265","0.000317305326461792","0.000317305326461792","0.000317305326461792"
"36267","0.0002720467746257782","0.0002720467746257782","0.0002720467746257782"
"36269","0.003894718363881111","0.003894718363881111","0.003894718363881111"
"36279","0.07604160159826279","0.07604160159826279","0.07604160159826279"
"36281","0.00033806636929512024","0.00033806636929512024","0.00033806636929512024"
"36283","0.013554785400629044","0.013554785400629044","0.013554785400629044"
"36291","0.0005652718245983124","0.0005652718245983124","0.0005652718245983124"
"36293","0.00010331720113754272","0.00010331720113754272","0.00010331720113754272"
"36297","0.011562615633010864","0.011562615633010864","0.011562615633010864"
"36301","0.00043172575533390045","0.00043172575533390045","0.00043172575533390045"
"36313","0.0008845571428537369","0.0008845571428537369","0.0008845571428537369"
"36315","0.00027952343225479126","0.00027952343225479126","0.00027952343225479126"
"36323","0.00011081621050834656","0.00011081621050834656","0.00011081621050834656"
"36325","0.0018738936632871628","0.0018738936632871628","0.0018738936632871628"
"36327","0.0074515026062726974","0.0074515026062726974","0.0074515026062726974"
"36333","0.002380775287747383","0.002380775287747383","0.002380775287747383"
"36339","0.0005044043064117432","0.0005044043064117432","0.0005044043064117432"
"36343","0.01088431291282177","0.01088431291282177","0.01088431291282177"
"36345","0.00004480220377445221","0.00004480220377445221","0.00004480220377445221"
"36347","0.03223507106304169","0.03223507106304169","0.03223507106304169"
"36351","0.0030326582491397858","0.0030326582491397858","0.0030326582491397858"
"36353","0.004461782053112984","0.004461782053112984","0.004461782053112984"
"36355","0.005736077204346657","0.005736077204346657","0.005736077204346657"
"36357","0.0003433283418416977","0.0003433283418416977","0.0003433283418416977"
"36361","0.012577380985021591","0.012577380985021591","0.012577380985021591"
"36367","0.019909847527742386","0.019909847527742386","0.019909847527742386"
"36369","0.000019084662199020386","0.000019084662199020386","0.000019084662199020386"
"36371","0.015034807845950127","0.015034807845950127","0.015034807845950127"
"36381","0.000952424481511116","0.000952424481511116","0.000952424481511116"
"36383","0.0006065256893634796","0.0006065256893634796","0.0006065256893634796"
"36389","0.0027065016329288483","0.0027065016329288483","0.0027065016329288483"
"36391","0.014894254505634308","0.014894254505634308","0.014894254505634308"
"36397","0.03491406887769699","0.03491406887769699","0.03491406887769699"
"36399","0.001138150691986084","0.001138150691986084","0.001138150691986084"
"36411","0.0001325570046901703","0.0001325570046901703","0.0001325570046901703"
"36415","0.002134738489985466","0.002134738489985466","0.002134738489985466"
"36427","0.018865469843149185","0.018865469843149185","0.018865469843149185"
"36431","0.00024852901697158813","0.00024852901697158813","0.00024852901697158813"
"36433","0.00918937660753727","0.00918937660753727","0.00918937660753727"
"36435","0.0003804657608270645","0.0003804657608270645","0.0003804657608270645"
"36441","0.0008448362350463867","0.0008448362350463867","0.0008448362350463867"
"36449","0.0005071163177490234","0.0005071163177490234","0.0005071163177490234"
"36451","0.0003483574837446213","0.0003483574837446213","0.0003483574837446213"
"36453","0.001460883766412735","0.001460883766412735","0.001460883766412735"
"36455","0.0004931148141622543","0.0004931148141622543","0.0004931148141622543"
"36461","0.018891002982854843","0.018891002982854843","0.018891002982854843"
"36463","0.01950005255639553","0.01950005255639553","0.01950005255639553"
"36471","0.000032413750886917114","0.000032413750886917114","0.000032413750886917114"
"36473","0.000206630676984787","0.000206630676984787","0.000206630676984787"
"36479","0.0006512552499771118","0.0006512552499771118","0.0006512552499771118"
"36481","0.0002822708338499069","0.0002822708338499069","0.0002822708338499069"
"36489","0.0017791073769330978","0.0017791073769330978","0.0017791073769330978"
"36493","0.00886586494743824","0.00886586494743824","0.00886586494743824"
"36495","0.02832016348838806","0.02832016348838806","0.02832016348838806"
"36503","0.008875815197825432","0.008875815197825432","0.008875815197825432"
"36511","0.0024505648761987686","0.0024505648761987686","0.0024505648761987686"
"36515","0.022145243361592293","0.022145243361592293","0.022145243361592293"
"36519","0.002833394333720207","0.002833394333720207","0.002833394333720207"
"36523","0.00010396912693977356","0.00010396912693977356","0.00010396912693977356"
"36543","0.0004694182425737381","0.0004694182425737381","0.0004694182425737381"
"36545","0.00020189955830574036","0.00020189955830574036","0.00020189955830574036"
"36551","0.00009354390203952789","0.00009354390203952789","0.00009354390203952789"
"36559","0.00869152694940567","0.00869152694940567","0.00869152694940567"
"36561","0.0004035104066133499","0.0004035104066133499","0.0004035104066133499"
"36563","0.009859653189778328","0.009859653189778328","0.009859653189778328"
"36565","0.0005664452910423279","0.0005664452910423279","0.0005664452910423279"
"36581","0.016028020530939102","0.016028020530939102","0.016028020530939102"
"36587","0.0032696370035409927","0.0032696370035409927","0.0032696370035409927"
"36595","0.0002777557820081711","0.0002777557820081711","0.0002777557820081711"
"36601","0.000056687742471694946","0.000056687742471694946","0.000056687742471694946"
"36603","0.0061548613011837006","0.0061548613011837006","0.0061548613011837006"
"36617","0.000051097944378852844","0.000051097944378852844","0.000051097944378852844"
"36621","0.00009260326623916626","0.00009260326623916626","0.00009260326623916626"
"36623","0.02085835300385952","0.02085835300385952","0.02085835300385952"
"36629","0.0017458368092775345","0.0017458368092775345","0.0017458368092775345"
"36633","0.0003837607800960541","0.0003837607800960541","0.0003837607800960541"
"36639","0.0022633634507656097","0.0022633634507656097","0.0022633634507656097"
"36641","0.001220613718032837","0.001220613718032837","0.001220613718032837"
"36645","0.00025588274002075195","0.00025588274002075195","0.00025588274002075195"
"36659","0.004226284101605415","0.004226284101605415","0.004226284101605415"
"36663","0.0018359273672103882","0.0018359273672103882","0.0018359273672103882"
"36667","0.00017052888870239258","0.00017052888870239258","0.00017052888870239258"
"36671","0.0014577768743038177","0.0014577768743038177","0.0014577768743038177"
"36677","0.030806148424744606","0.030806148424744606","0.030806148424744606"
"36685","0.0021153222769498825","0.0021153222769498825","0.0021153222769498825"
"36687","0.019104497507214546","0.019104497507214546","0.019104497507214546"
"36689","0.0010117553174495697","0.0010117553174495697","0.0010117553174495697"
"36691","0.001158144325017929","0.001158144325017929","0.001158144325017929"
"36695","0.00027029775083065033","0.00027029775083065033","0.00027029775083065033"
"36697","0.0011353269219398499","0.0011353269219398499","0.0011353269219398499"
"36709","0.000049093738198280334","0.000049093738198280334","0.000049093738198280334"
"36711","0.00029070861637592316","0.00029070861637592316","0.00029070861637592316"
"36713","0.0000915229320526123","0.0000915229320526123","0.0000915229320526123"
"36717","0.00019050389528274536","0.00019050389528274536","0.00019050389528274536"
"36723","0.0006681140512228012","0.0006681140512228012","0.0006681140512228012"
"36725","0.000441158190369606","0.000441158190369606","0.000441158190369606"
"36733","0.00041111744940280914","0.00041111744940280914","0.00041111744940280914"
"36735","0.0018031392246484756","0.0018031392246484756","0.0018031392246484756"
"36747","0.004752064123749733","0.004752064123749733","0.004752064123749733"
"36753","0.0005957372486591339","0.0005957372486591339","0.0005957372486591339"
"36757","0.0004969034343957901","0.0004969034343957901","0.0004969034343957901"
"36767","0.00011937133967876434","0.00011937133967876434","0.00011937133967876434"
"36769","0.001505289226770401","0.001505289226770401","0.001505289226770401"
"36773","0.002216830849647522","0.002216830849647522","0.002216830849647522"
"36777","0.00027100369334220886","0.00027100369334220886","0.00027100369334220886"
"36783","0.00016487203538417816","0.00016487203538417816","0.00016487203538417816"
"36789","0.0018424727022647858","0.0018424727022647858","0.0018424727022647858"
"36803","0.004839535802602768","0.004839535802602768","0.004839535802602768"
"36807","0.00045562535524368286","0.00045562535524368286","0.00045562535524368286"
"36811","0.0002307537943124771","0.0002307537943124771","0.0002307537943124771"
"36823","0.0006659142673015594","0.0006659142673015594","0.0006659142673015594"
"36835","0.004305562004446983","0.004305562004446983","0.004305562004446983"
"36837","0.006088590249419212","0.006088590249419212","0.006088590249419212"
"36839","0.003903135657310486","0.003903135657310486","0.003903135657310486"
"36849","0.002092462033033371","0.002092462033033371","0.002092462033033371"
"36853","0.003900570794939995","0.003900570794939995","0.003900570794939995"
"36855","0.0029954444617033005","0.0029954444617033005","0.0029954444617033005"
"36859","0.00019174069166183472","0.00019174069166183472","0.00019174069166183472"
"36871","0.0002764705568552017","0.0002764705568552017","0.0002764705568552017"
"36879","0.010815516114234924","0.010815516114234924","0.010815516114234924"
"36885","0.0002441350370645523","0.0002441350370645523","0.0002441350370645523"
"36891","0.0008424147963523865","0.0008424147963523865","0.0008424147963523865"
"36899","0.034992482513189316","0.034992482513189316","0.034992482513189316"
"36903","0.008326811715960503","0.008326811715960503","0.008326811715960503"
"36905","0.00009766034781932831","0.00009766034781932831","0.00009766034781932831"
"36907","0.0003936886787414551","0.0003936886787414551","0.0003936886787414551"
"36919","0.0012027397751808167","0.0012027397751808167","0.0012027397751808167"
"36923","0.00012267380952835083","0.00012267380952835083","0.00012267380952835083"
"36927","0.00019224360585212708","0.00019224360585212708","0.00019224360585212708"
"36929","0.0007223524153232574","0.0007223524153232574","0.0007223524153232574"
"36935","0.0018030758947134018","0.0018030758947134018","0.0018030758947134018"
"36939","0.0027176160365343094","0.0027176160365343094","0.0027176160365343094"
"36941","0.000356823205947876","0.000356823205947876","0.000356823205947876"
"36943","0.0000626537948846817","0.0000626537948846817","0.0000626537948846817"
"36945","0.015752695500850677","0.015752695500850677","0.015752695500850677"
"36949","0.00010997429490089417","0.00010997429490089417","0.00010997429490089417"
"36955","0.00008558481931686401","0.00008558481931686401","0.00008558481931686401"
"36961","0.00038833171129226685","0.00038833171129226685","0.00038833171129226685"
"36963","0.0005868785083293915","0.0005868785083293915","0.0005868785083293915"
"36967","0.00016033463180065155","0.00016033463180065155","0.00016033463180065155"
"36969","0.0000616312026977539","0.0000616312026977539","0.0000616312026977539"
"36971","0.00043271854519844055","0.00043271854519844055","0.00043271854519844055"
"36973","0.00074002705514431","0.00074002705514431","0.00074002705514431"
"36981","0.0006877463310956955","0.0006877463310956955","0.0006877463310956955"
"36983","0.0037305541336536407","0.0037305541336536407","0.0037305541336536407"
"36985","0.0007571801543235779","0.0007571801543235779","0.0007571801543235779"
"36989","0.0010973867028951645","0.0010973867028951645","0.0010973867028951645"
"36991","0.0016491785645484924","0.0016491785645484924","0.0016491785645484924"
"36993","0.00026869960129261017","0.00026869960129261017","0.00026869960129261017"
"37003","0.0020249225199222565","0.0020249225199222565","0.0020249225199222565"
"37007","0.001140151172876358","0.001140151172876358","0.001140151172876358"
"37009","0.00022308900952339172","0.00022308900952339172","0.00022308900952339172"
"37011","0.00006623752415180206","0.00006623752415180206","0.00006623752415180206"
"37013","0.0001319795846939087","0.0001319795846939087","0.0001319795846939087"
"37015","0.00046825967729091644","0.00046825967729091644","0.00046825967729091644"
"37017","0.0007556155323982239","0.0007556155323982239","0.0007556155323982239"
"37021","0.00021327100694179535","0.00021327100694179535","0.00021327100694179535"
"37025","0.0003494191914796829","0.0003494191914796829","0.0003494191914796829"
"37027","0.0031962543725967407","0.0031962543725967407","0.0031962543725967407"
"37041","0.0001340135931968689","0.0001340135931968689","0.0001340135931968689"
"37047","0.01172289066016674","0.01172289066016674","0.01172289066016674"
"37049","0.004276633262634277","0.004276633262634277","0.004276633262634277"
"37051","0.001978255808353424","0.001978255808353424","0.001978255808353424"
"37057","0.0009815096855163574","0.0009815096855163574","0.0009815096855163574"
"37063","0.0000986885279417038","0.0000986885279417038","0.0000986885279417038"
"37067","0.0028528161346912384","0.0028528161346912384","0.0028528161346912384"
"37075","0.0058784205466508865","0.0058784205466508865","0.0058784205466508865"
"37077","0.0007428731769323349","0.0007428731769323349","0.0007428731769323349"
"37083","0.006991328671574593","0.006991328671574593","0.006991328671574593"
"37087","0.0001952722668647766","0.0001952722668647766","0.0001952722668647766"
"37093","0.0006468668580055237","0.0006468668580055237","0.0006468668580055237"
"37097","0.008002577349543571","0.008002577349543571","0.008002577349543571"
"37105","0.0006479807198047638","0.0006479807198047638","0.0006479807198047638"
"37109","0.001125754788517952","0.001125754788517952","0.001125754788517952"
"37113","0.02543056756258011","0.02543056756258011","0.02543056756258011"
"37115","0.0021497365087270737","0.0021497365087270737","0.0021497365087270737"
"37121","0.0004642512649297714","0.0004642512649297714","0.0004642512649297714"
"37123","0.0002925954759120941","0.0002925954759120941","0.0002925954759120941"
"37129","0.00020234845578670502","0.00020234845578670502","0.00020234845578670502"
"37143","0.0012903977185487747","0.0012903977185487747","0.0012903977185487747"
"37145","0.003683466464281082","0.003683466464281082","0.003683466464281082"
"37149","0.000016842037439346313","0.000016842037439346313","0.000016842037439346313"
"37151","0.00032137706875801086","0.00032137706875801086","0.00032137706875801086"
"37153","0.0008974149823188782","0.0008974149823188782","0.0008974149823188782"
"37159","0.00010448135435581207","0.00010448135435581207","0.00010448135435581207"
"37170","0.0034216921776533127","0.0034216921776533127","0.0034216921776533127"
"37174","0.009992262348532677","0.009992262348532677","0.009992262348532677"
"37176","0.0006332267075777054","0.0006332267075777054","0.0006332267075777054"
"37178","0.0015790760517120361","0.0015790760517120361","0.0015790760517120361"
"37184","0.0004887860268354416","0.0004887860268354416","0.0004887860268354416"
"37196","0.0003031305968761444","0.0003031305968761444","0.0003031305968761444"
"37198","0.0028549451380968094","0.0028549451380968094","0.0028549451380968094"
"37202","0.0002769697457551956","0.0002769697457551956","0.0002769697457551956"
"37212","0.001825740560889244","0.001825740560889244","0.001825740560889244"
"37214","0.00001058727502822876","0.00001058727502822876","0.00001058727502822876"
"37218","0.0006504431366920471","0.0006504431366920471","0.0006504431366920471"
"37242","0.0003347247838973999","0.0003347247838973999","0.0003347247838973999"
"37246","0.020601794123649597","0.020601794123649597","0.020601794123649597"
"37248","0.0002078767865896225","0.0002078767865896225","0.0002078767865896225"
"37250","0.0009796861559152603","0.0009796861559152603","0.0009796861559152603"
"37254","0.04210995137691498","0.04210995137691498","0.04210995137691498"
"37260","0.0018706340342760086","0.0018706340342760086","0.0018706340342760086"
"37266","0.0007440093904733658","0.0007440093904733658","0.0007440093904733658"
"37270","0.00017259269952774048","0.00017259269952774048","0.00017259269952774048"
"37272","0.00013716891407966614","0.00013716891407966614","0.00013716891407966614"
"37274","0.007818562909960747","0.007818562909960747","0.007818562909960747"
"37280","0.001562001183629036","0.001562001183629036","0.001562001183629036"
"37282","0.013762209564447403","0.013762209564447403","0.013762209564447403"
"37288","0.002109430730342865","0.002109430730342865","0.002109430730342865"
"37292","0.0039843786507844925","0.0039843786507844925","0.0039843786507844925"
"37300","0.0010217316448688507","0.0010217316448688507","0.0010217316448688507"
"37312","0.00010799616575241089","0.00010799616575241089","0.00010799616575241089"
"37322","0.0009062513709068298","0.0009062513709068298","0.0009062513709068298"
"37324","0.00003889016807079315","0.00003889016807079315","0.00003889016807079315"
"37334","0.00005951337516307831","0.00005951337516307831","0.00005951337516307831"
"37338","0.003375321626663208","0.003375321626663208","0.003375321626663208"
"37352","0.00002664141356945038","0.00002664141356945038","0.00002664141356945038"
"37356","0.00036920420825481415","0.00036920420825481415","0.00036920420825481415"
"37368","0.0007410086691379547","0.0007410086691379547","0.0007410086691379547"
"37372","0.00012341327965259552","0.00012341327965259552","0.00012341327965259552"
"37376","0.002355394884943962","0.002355394884943962","0.002355394884943962"
"37382","0.0008288342505693436","0.0008288342505693436","0.0008288342505693436"
"37384","0.0020739827305078506","0.0020739827305078506","0.0020739827305078506"
"37386","0.0005163848400115967","0.0005163848400115967","0.0005163848400115967"
"37390","0.0066370852291584015","0.0066370852291584015","0.0066370852291584015"
"37408","0.0038262642920017242","0.0038262642920017242","0.0038262642920017242"
"37414","0.0011413395404815674","0.0011413395404815674","0.0011413395404815674"
"37418","0.025941429659724236","0.025941429659724236","0.025941429659724236"
"37420","0.0018714405596256256","0.0018714405596256256","0.0018714405596256256"
"37426","0.004015026614069939","0.004015026614069939","0.004015026614069939"
"37434","0.0014094505459070206","0.0014094505459070206","0.0014094505459070206"
"37440","0.050712618976831436","0.050712618976831436","0.050712618976831436"
"37446","0.011430064216256142","0.011430064216256142","0.011430064216256142"
"37448","0.0022477880120277405","0.0022477880120277405","0.0022477880120277405"
"37450","0.00032508745789527893","0.00032508745789527893","0.00032508745789527893"
"37452","0.00004141032695770264","0.00004141032695770264","0.00004141032695770264"
"37456","0.0013315770775079727","0.0013315770775079727","0.0013315770775079727"
"37458","0.006710099056363106","0.006710099056363106","0.006710099056363106"
"37468","0.0007212236523628235","0.0007212236523628235","0.0007212236523628235"
"37478","0.00016727298498153687","0.00016727298498153687","0.00016727298498153687"
"37482","0.0002041887491941452","0.0002041887491941452","0.0002041887491941452"
"37490","0.04386872798204422","0.04386872798204422","0.04386872798204422"
"37494","0.001951608806848526","0.001951608806848526","0.001951608806848526"
"37496","0.00019353069365024567","0.00019353069365024567","0.00019353069365024567"
"37498","0.0015138033777475357","0.0015138033777475357","0.0015138033777475357"
"37502","0.00004065409302711487","0.00004065409302711487","0.00004065409302711487"
"37510","0.0000914260745048523","0.0000914260745048523","0.0000914260745048523"
"37514","0.0011814869940280914","0.0011814869940280914","0.0011814869940280914"
"37522","0.0010200589895248413","0.0010200589895248413","0.0010200589895248413"
"37526","0.00210578553378582","0.00210578553378582","0.00210578553378582"
"37528","0.015162801370024681","0.015162801370024681","0.015162801370024681"
"37532","0.0007026083767414093","0.0007026083767414093","0.0007026083767414093"
"37534","0.0000907406210899353","0.0000907406210899353","0.0000907406210899353"
"37540","0.0045635998249053955","0.0045635998249053955","0.0045635998249053955"
"37544","0.00016659870743751526","0.00016659870743751526","0.00016659870743751526"
"37546","0.00034288130700588226","0.00034288130700588226","0.00034288130700588226"
"37554","0.00014810077846050262","0.00014810077846050262","0.00014810077846050262"
"37556","0.0003590099513530731","0.0003590099513530731","0.0003590099513530731"
"37562","0.0005437731742858887","0.0005437731742858887","0.0005437731742858887"
"37568","0.0001434721052646637","0.0001434721052646637","0.0001434721052646637"
"37572","0.0008925683796405792","0.0008925683796405792","0.0008925683796405792"
"37580","0.0006882622838020325","0.0006882622838020325","0.0006882622838020325"
"37590","0.0020071938633918762","0.0020071938633918762","0.0020071938633918762"
"37592","0.0018013417720794678","0.0018013417720794678","0.0018013417720794678"
"37598","0.0047659073024988174","0.0047659073024988174","0.0047659073024988174"
"37620","0.010951504111289978","0.010951504111289978","0.010951504111289978"
"37622","0.009667012840509415","0.009667012840509415","0.009667012840509415"
"37638","0.0365658774971962","0.0365658774971962","0.0365658774971962"
"37650","0.0014887675642967224","0.0014887675642967224","0.0014887675642967224"
"37654","0.00002399645745754242","0.00002399645745754242","0.00002399645745754242"
"37658","0.010673455893993378","0.010673455893993378","0.010673455893993378"
"37664","0.00015947222709655762","0.00015947222709655762","0.00015947222709655762"
"37672","0.00007451698184013367","0.00007451698184013367","0.00007451698184013367"
"37674","0.004198862239718437","0.004198862239718437","0.004198862239718437"
"37676","0.001620117574930191","0.001620117574930191","0.001620117574930191"
"37688","0.00009358488023281097","0.00009358488023281097","0.00009358488023281097"
"37692","0.00022996775805950165","0.00022996775805950165","0.00022996775805950165"
"37694","0.00018287263810634613","0.00018287263810634613","0.00018287263810634613"
"37698","0.00403963215649128","0.00403963215649128","0.00403963215649128"
"37702","0.0000955723226070404","0.0000955723226070404","0.0000955723226070404"
"37704","0.033094123005867004","0.033094123005867004","0.033094123005867004"
"37706","0.02785663679242134","0.02785663679242134","0.02785663679242134"
"37710","0.012867335230112076","0.012867335230112076","0.012867335230112076"
"37712","0.00006331689655780792","0.00006331689655780792","0.00006331689655780792"
"37718","0.00009947456419467926","0.00009947456419467926","0.00009947456419467926"
"37724","0.001107495278120041","0.001107495278120041","0.001107495278120041"
"37726","0.0002036653459072113","0.0002036653459072113","0.0002036653459072113"
"37734","0.001179628074169159","0.001179628074169159","0.001179628074169159"
"37748","0.007207436487078667","0.007207436487078667","0.007207436487078667"
"37750","0.0011441092938184738","0.0011441092938184738","0.0011441092938184738"
"37752","0.0021593887358903885","0.0021593887358903885","0.0021593887358903885"
"37754","0.0001262333244085312","0.0001262333244085312","0.0001262333244085312"
"37756","0.003377208486199379","0.003377208486199379","0.003377208486199379"
"37762","0.001928132027387619","0.001928132027387619","0.001928132027387619"
"37764","0.00875299796462059","0.00875299796462059","0.00875299796462059"
"37772","0.002730194479227066","0.002730194479227066","0.002730194479227066"
"37782","0.00021994858980178833","0.00021994858980178833","0.00021994858980178833"
"37786","0.0010629873722791672","0.0010629873722791672","0.0010629873722791672"
"37792","0.0019813384860754013","0.0019813384860754013","0.0019813384860754013"
"37794","0.010302597656846046","0.010302597656846046","0.010302597656846046"
"37796","0.00030431710183620453","0.00030431710183620453","0.00030431710183620453"
"37800","0.0005004126578569412","0.0005004126578569412","0.0005004126578569412"
"37808","0.00048798322677612305","0.00048798322677612305","0.00048798322677612305"
"37810","0.024649005383253098","0.024649005383253098","0.024649005383253098"
"37828","0.00012350641191005707","0.00012350641191005707","0.00012350641191005707"
"37838","0.002293560653924942","0.002293560653924942","0.002293560653924942"
"37840","0.0210050567984581","0.0210050567984581","0.0210050567984581"
"37842","0.0006812624633312225","0.0006812624633312225","0.0006812624633312225"
"37844","0.00004699639976024628","0.00004699639976024628","0.00004699639976024628"
"37846","0.0069510433822870255","0.0069510433822870255","0.0069510433822870255"
"37848","0.002526046708226204","0.002526046708226204","0.002526046708226204"
"37852","0.018778428435325623","0.018778428435325623","0.018778428435325623"
"37856","0.0013889782130718231","0.0013889782130718231","0.0013889782130718231"
"37860","0.00031481683254241943","0.00031481683254241943","0.00031481683254241943"
"37862","0.0012951493263244629","0.0012951493263244629","0.0012951493263244629"
"37864","0.0087987519800663","0.0087987519800663","0.0087987519800663"
"37868","0.0043900273740291595","0.0043900273740291595","0.0043900273740291595"
"37870","0.0012450069189071655","0.0012450069189071655","0.0012450069189071655"
"37874","0.0002947784960269928","0.0002947784960269928","0.0002947784960269928"
"37878","0.0035211369395256042","0.0035211369395256042","0.0035211369395256042"
"37888","0.000055033713579177856","0.000055033713579177856","0.000055033713579177856"
"37890","0.0016624052077531815","0.0016624052077531815","0.0016624052077531815"
"37894","0.010247945785522461","0.010247945785522461","0.010247945785522461"
"37896","0.0018474943935871124","0.0018474943935871124","0.0018474943935871124"
"37898","0.008169090375304222","0.008169090375304222","0.008169090375304222"
"37900","0.012852927669882774","0.012852927669882774","0.012852927669882774"
"37906","0.00006188824772834778","0.00006188824772834778","0.00006188824772834778"
"37908","0.0001863185316324234","0.0001863185316324234","0.0001863185316324234"
"37914","0.004991061985492706","0.004991061985492706","0.004991061985492706"
"37920","0.0011781062930822372","0.0011781062930822372","0.0011781062930822372"
"37928","0.0035061687231063843","0.0035061687231063843","0.0035061687231063843"
"37930","0.0007490105926990509","0.0007490105926990509","0.0007490105926990509"
"37938","0.002768462523818016","0.002768462523818016","0.002768462523818016"
"37948","0.0003294665366411209","0.0003294665366411209","0.0003294665366411209"
"37950","0.00023712776601314545","0.00023712776601314545","0.00023712776601314545"
"37952","0.011903226375579834","0.011903226375579834","0.011903226375579834"
"37958","0.006075853481888771","0.006075853481888771","0.006075853481888771"
"37960","0.00040288083255290985","0.00040288083255290985","0.00040288083255290985"
"37962","0.011624755337834358","0.011624755337834358","0.011624755337834358"
"37964","0.001804327592253685","0.001804327592253685","0.001804327592253685"
"37970","0.0001751035451889038","0.0001751035451889038","0.0001751035451889038"
"37980","0.0003879126161336899","0.0003879126161336899","0.0003879126161336899"
"37982","0.0021417029201984406","0.0021417029201984406","0.0021417029201984406"
"37988","0.00007542595267295837","0.00007542595267295837","0.00007542595267295837"
"37996","0.00008835829794406891","0.00008835829794406891","0.00008835829794406891"
"38002","0.00008080340921878815","0.00008080340921878815","0.00008080340921878815"
"38004","0.001002321019768715","0.001002321019768715","0.001002321019768715"
"38006","0.009881548583507538","0.009881548583507538","0.009881548583507538"
"38010","0.00012323260307312012","0.00012323260307312012","0.00012323260307312012"
"38012","0.00018450431525707245","0.00018450431525707245","0.00018450431525707245"
"38014","0.0005170032382011414","0.0005170032382011414","0.0005170032382011414"
"38020","0.029153993353247643","0.029153993353247643","0.029153993353247643"
"38038","0.02344241552054882","0.02344241552054882","0.02344241552054882"
"38046","0.000912809744477272","0.000912809744477272","0.000912809744477272"
"38058","0.0007076039910316467","0.0007076039910316467","0.0007076039910316467"
"38062","0.00001436471939086914","0.00001436471939086914","0.00001436471939086914"
"38064","0.0009472556412220001","0.0009472556412220001","0.0009472556412220001"
"38074","0.0000934842973947525","0.0000934842973947525","0.0000934842973947525"
"38078","0.0015325658023357391","0.0015325658023357391","0.0015325658023357391"
"38080","0.00001561082899570465","0.00001561082899570465","0.00001561082899570465"
"38082","0.0002819038927555084","0.0002819038927555084","0.0002819038927555084"
"38086","0.0025187842547893524","0.0025187842547893524","0.0025187842547893524"
"38092","0.0006436724215745926","0.0006436724215745926","0.0006436724215745926"
"38104","0.0001285448670387268","0.0001285448670387268","0.0001285448670387268"
"38108","0.006314599886536598","0.006314599886536598","0.006314599886536598"
"38110","0.003459649160504341","0.003459649160504341","0.003459649160504341"
"38118","0.00016579404473304749","0.00016579404473304749","0.00016579404473304749"
"38124","0.000250399112701416","0.000250399112701416","0.000250399112701416"
"38126","0.027294397354125977","0.027294397354125977","0.027294397354125977"
"38132","0.00041997991502285004","0.00041997991502285004","0.00041997991502285004"
"38144","0.00728948600590229","0.00728948600590229","0.00728948600590229"
"38159","0.003096776083111763","0.003096776083111763","0.003096776083111763"
"38161","0.0008869227021932602","0.0008869227021932602","0.0008869227021932602"
"38167","0.0003618113696575165","0.0003618113696575165","0.0003618113696575165"
"38169","0.00009663775563240051","0.00009663775563240051","0.00009663775563240051"
"38171","0.00012707151472568512","0.00012707151472568512","0.00012707151472568512"
"38175","0.0005220603197813034","0.0005220603197813034","0.0005220603197813034"
"38179","0.03685425966978073","0.03685425966978073","0.03685425966978073"
"38189","0.00012234225869178772","0.00012234225869178772","0.00012234225869178772"
"38195","0.0031395796686410904","0.0031395796686410904","0.0031395796686410904"
"38199","0.0056343358010053635","0.0056343358010053635","0.0056343358010053635"
"38203","0.0008162837475538254","0.0008162837475538254","0.0008162837475538254"
"38207","0.00043055228888988495","0.00043055228888988495","0.00043055228888988495"
"38217","0.0001725032925605774","0.0001725032925605774","0.0001725032925605774"
"38229","0.0003393348306417465","0.0003393348306417465","0.0003393348306417465"
"38231","0.00028128549456596375","0.00028128549456596375","0.00028128549456596375"
"38237","0.00007011741399765015","0.00007011741399765015","0.00007011741399765015"
"38239","0.0011909231543540955","0.0011909231543540955","0.0011909231543540955"
"38253","0.00212041474878788","0.00212041474878788","0.00212041474878788"
"38261","0.0005117449909448624","0.0005117449909448624","0.0005117449909448624"
"38267","0.00016744621098041534","0.00016744621098041534","0.00016744621098041534"
"38275","0.00004963018000125885","0.00004963018000125885","0.00004963018000125885"
"38289","0.0032420791685581207","0.0032420791685581207","0.0032420791685581207"
"38297","0.0027475636452436447","0.0027475636452436447","0.0027475636452436447"
"38301","0.00048274919390678406","0.00048274919390678406","0.00048274919390678406"
"38305","0.0005827825516462326","0.0005827825516462326","0.0005827825516462326"
"38311","0.00039419718086719513","0.00039419718086719513","0.00039419718086719513"
"38313","0.0001763664186000824","0.0001763664186000824","0.0001763664186000824"
"38333","0.00006964057683944702","0.00006964057683944702","0.00006964057683944702"
"38337","0.0004958547651767731","0.0004958547651767731","0.0004958547651767731"
"38343","0.0003527142107486725","0.0003527142107486725","0.0003527142107486725"
"38345","0.004364024847745895","0.004364024847745895","0.004364024847745895"
"38347","0.00039429590106010437","0.00039429590106010437","0.00039429590106010437"
"38353","0.006964946165680885","0.006964946165680885","0.006964946165680885"
"38363","0.001604188233613968","0.001604188233613968","0.001604188233613968"
"38365","0.11657727509737015","0.11657727509737015","0.11657727509737015"
"38367","0.0008722003549337387","0.0008722003549337387","0.0008722003549337387"
"38369","0.00019088014960289001","0.00019088014960289001","0.00019088014960289001"
"38371","0.013384420424699783","0.013384420424699783","0.013384420424699783"
"38377","0.00004450976848602295","0.00004450976848602295","0.00004450976848602295"
"38383","0.00006274878978729248","0.00006274878978729248","0.00006274878978729248"
"38385","0.0013816356658935547","0.0013816356658935547","0.0013816356658935547"
"38387","0.00005729310214519501","0.00005729310214519501","0.00005729310214519501"
"38389","0.0037531722337007523","0.0037531722337007523","0.0037531722337007523"
"38393","0.005028342828154564","0.005028342828154564","0.005028342828154564"
"38395","0.017728885635733604","0.017728885635733604","0.017728885635733604"
"38397","0.001275479793548584","0.001275479793548584","0.001275479793548584"
"38399","0.0033469758927822113","0.0033469758927822113","0.0033469758927822113"
"38405","0.0050713177770376205","0.0050713177770376205","0.0050713177770376205"
"38407","0.000023311004042625427","0.000023311004042625427","0.000023311004042625427"
"38411","0.013525497168302536","0.013525497168302536","0.013525497168302536"
"38417","0.00025908276438713074","0.00025908276438713074","0.00025908276438713074"
"38423","0.006041845306754112","0.006041845306754112","0.006041845306754112"
"38433","0.0000848919153213501","0.0000848919153213501","0.0000848919153213501"
"38435","0.001635061576962471","0.001635061576962471","0.001635061576962471"
"38437","0.000035999342799186707","0.000035999342799186707","0.000035999342799186707"
"38449","0.00005749054253101349","0.00005749054253101349","0.00005749054253101349"
"38451","0.005873179063200951","0.005873179063200951","0.005873179063200951"
"38453","0.0005953740328550339","0.0005953740328550339","0.0005953740328550339"
"38455","0.001954101026058197","0.001954101026058197","0.001954101026058197"
"38467","0.009773630648851395","0.009773630648851395","0.009773630648851395"
"38469","0.004332786425948143","0.004332786425948143","0.004332786425948143"
"38471","0.0018056388944387436","0.0018056388944387436","0.0018056388944387436"
"38475","0.0003151688724756241","0.0003151688724756241","0.0003151688724756241"
"38477","0.004271874204277992","0.004271874204277992","0.004271874204277992"
"38489","0.0032159555703401566","0.0032159555703401566","0.0032159555703401566"
"38505","0.00038851797580718994","0.00038851797580718994","0.00038851797580718994"
"38509","0.0008908025920391083","0.0008908025920391083","0.0008908025920391083"
"38511","0.0001148022711277008","0.0001148022711277008","0.0001148022711277008"
"38513","0.004508526995778084","0.004508526995778084","0.004508526995778084"
"38517","0.00044809095561504364","0.00044809095561504364","0.00044809095561504364"
"38521","0.0026670750230550766","0.0026670750230550766","0.0026670750230550766"
"38523","0.0002315714955329895","0.0002315714955329895","0.0002315714955329895"
"38525","0.009922945871949196","0.009922945871949196","0.009922945871949196"
"38527","0.013215072453022003","0.013215072453022003","0.013215072453022003"
"38531","0.0002036523073911667","0.0002036523073911667","0.0002036523073911667"
"38533","0.0006519556045532227","0.0006519556045532227","0.0006519556045532227"
"38535","0.00010623782873153687","0.00010623782873153687","0.00010623782873153687"
"38541","0.000026280060410499573","0.000026280060410499573","0.000026280060410499573"
"38547","0.00014650262892246246","0.00014650262892246246","0.00014650262892246246"
"38555","0.010056896135210991","0.010056896135210991","0.010056896135210991"
"38559","0.00006681308150291443","0.00006681308150291443","0.00006681308150291443"
"38563","0.00771452859044075","0.00771452859044075","0.00771452859044075"
"38565","0.0025739986449480057","0.0025739986449480057","0.0025739986449480057"
"38567","0.0008128359913825989","0.0008128359913825989","0.0008128359913825989"
"38575","0.00024961866438388824","0.00024961866438388824","0.00024961866438388824"
"38579","0.000028055161237716675","0.000028055161237716675","0.000028055161237716675"
"38583","0.00032452866435050964","0.00032452866435050964","0.00032452866435050964"
"38585","0.008057422935962677","0.008057422935962677","0.008057422935962677"
"38587","0.0002935696393251419","0.0002935696393251419","0.0002935696393251419"
"38601","0.01416965201497078","0.01416965201497078","0.01416965201497078"
"38613","0.004300739616155624","0.004300739616155624","0.004300739616155624"
"38617","0.0019007083028554916","0.0019007083028554916","0.0019007083028554916"
"38621","0.0013640746474266052","0.0013640746474266052","0.0013640746474266052"
"38627","0.0002420283854007721","0.0002420283854007721","0.0002420283854007721"
"38631","0.002893824130296707","0.002893824130296707","0.002893824130296707"
"38635","0.0006252247840166092","0.0006252247840166092","0.0006252247840166092"
"38637","0.0013178251683712006","0.0013178251683712006","0.0013178251683712006"
"38641","0.004540435969829559","0.004540435969829559","0.004540435969829559"
"38643","0.0024889539927244186","0.0024889539927244186","0.0024889539927244186"
"38645","0.002004900947213173","0.002004900947213173","0.002004900947213173"
"38647","0.000509338453412056","0.000509338453412056","0.000509338453412056"
"38649","0.0010194219648838043","0.0010194219648838043","0.0010194219648838043"
"38653","0.00012029334902763367","0.00012029334902763367","0.00012029334902763367"
"38665","0.0017365273088216782","0.0017365273088216782","0.0017365273088216782"
"38669","0.000021424144506454468","0.000021424144506454468","0.000021424144506454468"
"38671","0.0015636887401342392","0.0015636887401342392","0.0015636887401342392"
"38677","0.00033563561737537384","0.00033563561737537384","0.00033563561737537384"
"38683","0.00028931722044944763","0.00028931722044944763","0.00028931722044944763"
"38685","0.000296667218208313","0.000296667218208313","0.000296667218208313"
"38689","0.0004909466952085495","0.0004909466952085495","0.0004909466952085495"
"38691","0.0005782898515462875","0.0005782898515462875","0.0005782898515462875"
"38693","0.0024173352867364883","0.0024173352867364883","0.0024173352867364883"
"38695","0.0031311288475990295","0.0031311288475990295","0.0031311288475990295"
"38707","0.005816208198666573","0.005816208198666573","0.005816208198666573"
"38709","0.0007907692342996597","0.0007907692342996597","0.0007907692342996597"
"38711","0.0006137900054454803","0.0006137900054454803","0.0006137900054454803"
"38715","0.006351744756102562","0.006351744756102562","0.006351744756102562"
"38717","0.00008150935173034668","0.00008150935173034668","0.00008150935173034668"
"38721","0.009259702637791634","0.009259702637791634","0.009259702637791634"
"38723","0.0000902470201253891","0.0000902470201253891","0.0000902470201253891"
"38729","0.00024561770260334015","0.00024561770260334015","0.00024561770260334015"
"38737","0.00215049646794796","0.00215049646794796","0.00215049646794796"
"38741","0.000012785196304321289","0.000012785196304321289","0.000012785196304321289"
"38745","0.0004373118281364441","0.0004373118281364441","0.0004373118281364441"
"38751","0.00022809021174907684","0.00022809021174907684","0.00022809021174907684"
"38755","0.00014134496450424194","0.00014134496450424194","0.00014134496450424194"
"38767","0.00004501640796661377","0.00004501640796661377","0.00004501640796661377"
"38775","0.0009879637509584427","0.0009879637509584427","0.0009879637509584427"
"38777","0.00045556388795375824","0.00045556388795375824","0.00045556388795375824"
"38787","0.0005136020481586456","0.0005136020481586456","0.0005136020481586456"
"38801","0.00016372278332710266","0.00016372278332710266","0.00016372278332710266"
"38813","0.0017137955874204636","0.0017137955874204636","0.0017137955874204636"
"38815","0.0014287587255239487","0.0014287587255239487","0.0014287587255239487"
"38819","0.00035939551889896393","0.00035939551889896393","0.00035939551889896393"
"38827","0.001171531155705452","0.001171531155705452","0.001171531155705452"
"38833","0.016116932034492493","0.016116932034492493","0.016116932034492493"
"38835","0.00695379450917244","0.00695379450917244","0.00695379450917244"
"38837","0.005988867953419685","0.005988867953419685","0.005988867953419685"
"38841","0.014305328950285912","0.014305328950285912","0.014305328950285912"
"38843","0.0024120397865772247","0.0024120397865772247","0.0024120397865772247"
"38855","0.00018121302127838135","0.00018121302127838135","0.00018121302127838135"
"38857","0.0042699649930000305","0.0042699649930000305","0.0042699649930000305"
"38859","0.00007363036274909973","0.00007363036274909973","0.00007363036274909973"
"38869","0.00037078000605106354","0.00037078000605106354","0.00037078000605106354"
"38871","0.00013069994747638702","0.00013069994747638702","0.00013069994747638702"
"38873","0.00028743408620357513","0.00028743408620357513","0.00028743408620357513"
"38877","0.0008774586021900177","0.0008774586021900177","0.0008774586021900177"
"38881","0.006814237684011459","0.006814237684011459","0.006814237684011459"
"38891","0.0005875155329704285","0.0005875155329704285","0.0005875155329704285"
"38893","0.0003237370401620865","0.0003237370401620865","0.0003237370401620865"
"38903","0.004169981926679611","0.004169981926679611","0.004169981926679611"
"38905","0.00010449253022670746","0.00010449253022670746","0.00010449253022670746"
"38907","0.0008104853332042694","0.0008104853332042694","0.0008104853332042694"
"38911","0.0006007794290781021","0.0006007794290781021","0.0006007794290781021"
"38919","0.00041956640779972076","0.00041956640779972076","0.00041956640779972076"
"38925","0.0028839893639087677","0.0028839893639087677","0.0028839893639087677"
"38927","0.0003561079502105713","0.0003561079502105713","0.0003561079502105713"
"38929","0.013718156144022942","0.013718156144022942","0.013718156144022942"
"38931","0.003584695979952812","0.003584695979952812","0.003584695979952812"
"38933","0.0021423697471618652","0.0021423697471618652","0.0021423697471618652"
"38937","0.0009904596954584122","0.0009904596954584122","0.0009904596954584122"
"38941","0.004760080948472023","0.004760080948472023","0.004760080948472023"
"38943","0.0015794429928064346","0.0015794429928064346","0.0015794429928064346"
"38947","0.00032727979123592377","0.00032727979123592377","0.00032727979123592377"
"38957","0.00016056932508945465","0.00016056932508945465","0.00016056932508945465"
"38961","0.024720249697566032","0.024720249697566032","0.024720249697566032"
"38973","0.00018640980124473572","0.00018640980124473572","0.00018640980124473572"
"38985","0.0024112705141305923","0.0024112705141305923","0.0024112705141305923"
"38987","0.00010920315980911255","0.00010920315980911255","0.00010920315980911255"
"38989","0.00015805289149284363","0.00015805289149284363","0.00015805289149284363"
"38991","0.0000783633440732956","0.0000783633440732956","0.0000783633440732956"
"38997","0.0006335694342851639","0.0006335694342851639","0.0006335694342851639"
"39003","0.00007351674139499664","0.00007351674139499664","0.00007351674139499664"
"39007","0.0004637613892555237","0.0004637613892555237","0.0004637613892555237"
"39009","0.01509886234998703","0.01509886234998703","0.01509886234998703"
"39013","0.00020650774240493774","0.00020650774240493774","0.00020650774240493774"
"39015","0.002876266837120056","0.002876266837120056","0.002876266837120056"
"39021","0.00020614638924598694","0.00020614638924598694","0.00020614638924598694"
"39035","0.002239605411887169","0.002239605411887169","0.002239605411887169"
"39037","0.0019268002361059189","0.0019268002361059189","0.0019268002361059189"
"39043","0.0005739517509937286","0.0005739517509937286","0.0005739517509937286"
"39051","0.00909278355538845","0.00909278355538845","0.00909278355538845"
"39057","0.0001559630036354065","0.0001559630036354065","0.0001559630036354065"
"39071","0.00943678617477417","0.00943678617477417","0.00943678617477417"
"39075","0.00016045011579990387","0.00016045011579990387","0.00016045011579990387"
"39077","0.008932964876294136","0.008932964876294136","0.008932964876294136"
"39085","0.00005557946860790253","0.00005557946860790253","0.00005557946860790253"
"39087","0.006451904773712158","0.006451904773712158","0.006451904773712158"
"39089","0.0009507592767477036","0.0009507592767477036","0.0009507592767477036"
"39093","0.0004164949059486389","0.0004164949059486389","0.0004164949059486389"
"39095","0.0017320141196250916","0.0017320141196250916","0.0017320141196250916"
"39097","0.00020591728389263153","0.00020591728389263153","0.00020591728389263153"
"39101","0.025318151339888573","0.025318151339888573","0.025318151339888573"
"39103","0.00017878785729408264","0.00017878785729408264","0.00017878785729408264"
"39113","0.005682405084371567","0.005682405084371567","0.005682405084371567"
"39115","0.00047930702567100525","0.00047930702567100525","0.00047930702567100525"
"39119","0.00023147277534008026","0.00023147277534008026","0.00023147277534008026"
"39127","0.004026742652058601","0.004026742652058601","0.004026742652058601"
"39129","0.002310190349817276","0.002310190349817276","0.002310190349817276"
"39131","0.00002514757215976715","0.00002514757215976715","0.00002514757215976715"
"39135","0.0016140807420015335","0.0016140807420015335","0.0016140807420015335"
"39137","0.0005513541400432587","0.0005513541400432587","0.0005513541400432587"
"39150","0.00003208965063095093","0.00003208965063095093","0.00003208965063095093"
"39154","0.0009523779153823853","0.0009523779153823853","0.0009523779153823853"
"39156","0.0005208328366279602","0.0005208328366279602","0.0005208328366279602"
"39158","0.0018661431968212128","0.0018661431968212128","0.0018661431968212128"
"39160","0.0000608004629611969","0.0000608004629611969","0.0000608004629611969"
"39162","0.0000769197940826416","0.0000769197940826416","0.0000769197940826416"
"39164","0.000596165657043457","0.000596165657043457","0.000596165657043457"
"39168","0.0004560742527246475","0.0004560742527246475","0.0004560742527246475"
"39176","0.003551855683326721","0.003551855683326721","0.003551855683326721"
"39178","0.0010532960295677185","0.0010532960295677185","0.0010532960295677185"
"39184","0.004344841465353966","0.004344841465353966","0.004344841465353966"
"39186","0.0074707381427288055","0.0074707381427288055","0.0074707381427288055"
"39188","0.0007682032883167267","0.0007682032883167267","0.0007682032883167267"
"39206","0.0592740923166275","0.0592740923166275","0.0592740923166275"
"39208","0.0002194177359342575","0.0002194177359342575","0.0002194177359342575"
"39210","0.0034790076315402985","0.0034790076315402985","0.0034790076315402985"
"39214","0.00007715076208114624","0.00007715076208114624","0.00007715076208114624"
"39232","0.00953783467411995","0.00953783467411995","0.00953783467411995"
"39242","0.0009520966559648514","0.0009520966559648514","0.0009520966559648514"
"39244","0.00006837956607341766","0.00006837956607341766","0.00006837956607341766"
"39246","0.0004460252821445465","0.0004460252821445465","0.0004460252821445465"
"39248","0.0005094856023788452","0.0005094856023788452","0.0005094856023788452"
"39252","0.00025429949164390564","0.00025429949164390564","0.00025429949164390564"
"39258","0.012518640607595444","0.012518640607595444","0.012518640607595444"
"39260","0.0003319643437862396","0.0003319643437862396","0.0003319643437862396"
"39262","0.0003943145275115967","0.0003943145275115967","0.0003943145275115967"
"39264","0.000054921954870224","0.000054921954870224","0.000054921954870224"
"39280","0.00009206868708133698","0.00009206868708133698","0.00009206868708133698"
"39282","0.0005353372544050217","0.0005353372544050217","0.0005353372544050217"
"39288","0.0002671070396900177","0.0002671070396900177","0.0002671070396900177"
"39294","0.00019398704171180725","0.00019398704171180725","0.00019398704171180725"
"39302","0.004136824980378151","0.004136824980378151","0.004136824980378151"
"39304","0.00008684583008289337","0.00008684583008289337","0.00008684583008289337"
"39306","0.00041503459215164185","0.00041503459215164185","0.00041503459215164185"
"39308","0.0011897645890712738","0.0011897645890712738","0.0011897645890712738"
"39314","0.00011576525866985321","0.00011576525866985321","0.00011576525866985321"
"39322","0.0004320107400417328","0.0004320107400417328","0.0004320107400417328"
"39324","0.00001010112464427948","0.00001010112464427948","0.00001010112464427948"
"39326","0.00017546862363815308","0.00017546862363815308","0.00017546862363815308"
"39328","0.00027531012892723083","0.00027531012892723083","0.00027531012892723083"
"39354","0.0017811115831136703","0.0017811115831136703","0.0017811115831136703"
"39358","0.0004155319184064865","0.0004155319184064865","0.0004155319184064865"
"39360","0.0006676912307739258","0.0006676912307739258","0.0006676912307739258"
"39364","0.0008999649435281754","0.0008999649435281754","0.0008999649435281754"
"39372","0.011454615741968155","0.011454615741968155","0.011454615741968155"
"39374","0.0002634245902299881","0.0002634245902299881","0.0002634245902299881"
"39386","0.0038222484290599823","0.0038222484290599823","0.0038222484290599823"
"39394","0.0019942335784435272","0.0019942335784435272","0.0019942335784435272"
"39400","0.0007458776235580444","0.0007458776235580444","0.0007458776235580444"
"39406","0.0007773581892251968","0.0007773581892251968","0.0007773581892251968"
"39414","0.0023258812725543976","0.0023258812725543976","0.0023258812725543976"
"39418","0.0001210775226354599","0.0001210775226354599","0.0001210775226354599"
"39420","0.0009867995977401733","0.0009867995977401733","0.0009867995977401733"
"39422","0.00026960112154483795","0.00026960112154483795","0.00026960112154483795"
"39424","0.008586708456277847","0.008586708456277847","0.008586708456277847"
"39426","0.000044697895646095276","0.000044697895646095276","0.000044697895646095276"
"39430","0.0034436769783496857","0.0034436769783496857","0.0034436769783496857"
"39432","0.0006919782608747482","0.0006919782608747482","0.0006919782608747482"
"39436","0.003313301131129265","0.003313301131129265","0.003313301131129265"
"39438","0.002276746556162834","0.002276746556162834","0.002276746556162834"
"39444","0.000012198463082313538","0.000012198463082313538","0.000012198463082313538"
"39446","0.009114908054471016","0.009114908054471016","0.009114908054471016"
"39450","0.0006049089133739471","0.0006049089133739471","0.0006049089133739471"
"39460","0.000039072707295417786","0.000039072707295417786","0.000039072707295417786"
"39464","0.0012601818889379501","0.0012601818889379501","0.0012601818889379501"
"39466","0.0003384854644536972","0.0003384854644536972","0.0003384854644536972"
"39468","0.0002902224659919739","0.0002902224659919739","0.0002902224659919739"
"39470","0.000049443915486335754","0.000049443915486335754","0.000049443915486335754"
"39476","0.002732066437602043","0.002732066437602043","0.002732066437602043"
"39478","0.0006695594638586044","0.0006695594638586044","0.0006695594638586044"
"39480","0.009329581633210182","0.009329581633210182","0.009329581633210182"
"39482","0.0008850265294313431","0.0008850265294313431","0.0008850265294313431"
"39484","0.0003935880959033966","0.0003935880959033966","0.0003935880959033966"
"39490","0.007134623825550079","0.007134623825550079","0.007134623825550079"
"39496","0.0018099453300237656","0.0018099453300237656","0.0018099453300237656"
"39508","0.0014185123145580292","0.0014185123145580292","0.0014185123145580292"
"39510","0.00006673485040664673","0.00006673485040664673","0.00006673485040664673"
"39526","0.042387038469314575","0.042387038469314575","0.042387038469314575"
"39536","0.0013074036687612534","0.0013074036687612534","0.0013074036687612534"
"39540","0.0016072001308202744","0.0016072001308202744","0.0016072001308202744"
"39542","0.01789388433098793","0.01789388433098793","0.01789388433098793"
"39548","0.017375893890857697","0.017375893890857697","0.017375893890857697"
"39550","0.0005392767488956451","0.0005392767488956451","0.0005392767488956451"
"39554","0.00009650923311710358","0.00009650923311710358","0.00009650923311710358"
"39556","0.00028596073389053345","0.00028596073389053345","0.00028596073389053345"
"39564","0.00008147209882736206","0.00008147209882736206","0.00008147209882736206"
"39568","0.0010158251971006393","0.0010158251971006393","0.0010158251971006393"
"39570","0.0036553330719470978","0.0036553330719470978","0.0036553330719470978"
"39578","0.00006337650120258331","0.00006337650120258331","0.00006337650120258331"
"39582","0.0008439850062131882","0.0008439850062131882","0.0008439850062131882"
"39598","0.00021193735301494598","0.00021193735301494598","0.00021193735301494598"
"39606","0.00015419535338878632","0.00015419535338878632","0.00015419535338878632"
"39622","0.00010938197374343872","0.00010938197374343872","0.00010938197374343872"
"39634","0.000025197863578796387","0.000025197863578796387","0.000025197863578796387"
"39638","0.00022442080080509186","0.00022442080080509186","0.00022442080080509186"
"39640","0.0006086975336074829","0.0006086975336074829","0.0006086975336074829"
"39644","0.0035453904420137405","0.0035453904420137405","0.0035453904420137405"
"39646","0.0012443512678146362","0.0012443512678146362","0.0012443512678146362"
"39654","0.00018562376499176025","0.00018562376499176025","0.00018562376499176025"
"39658","0.00006640143692493439","0.00006640143692493439","0.00006640143692493439"
"39660","0.000439988449215889","0.000439988449215889","0.000439988449215889"
"39662","0.0001413784921169281","0.0001413784921169281","0.0001413784921169281"
"39666","0.04689379408955574","0.04689379408955574","0.04689379408955574"
"39672","0.029964596033096313","0.029964596033096313","0.029964596033096313"
"39686","0.0019491594284772873","0.0019491594284772873","0.0019491594284772873"
"39692","0.002569606527686119","0.002569606527686119","0.002569606527686119"
"39694","0.0023892801254987717","0.0023892801254987717","0.0023892801254987717"
"39696","0.0018592067062854767","0.0018592067062854767","0.0018592067062854767"
"39702","0.0003379993140697479","0.0003379993140697479","0.0003379993140697479"
"39708","0.00009675510227680206","0.00009675510227680206","0.00009675510227680206"
"39712","0.0004900097846984863","0.0004900097846984863","0.0004900097846984863"
"39720","0.006598597392439842","0.006598597392439842","0.006598597392439842"
"39728","0.021896328777074814","0.021896328777074814","0.021896328777074814"
"39730","0.0005635786801576614","0.0005635786801576614","0.0005635786801576614"
"39732","0.002537911757826805","0.002537911757826805","0.002537911757826805"
"39734","0.0002798028290271759","0.0002798028290271759","0.0002798028290271759"
"39736","0.0005208626389503479","0.0005208626389503479","0.0005208626389503479"
"39754","0.0009644143283367157","0.0009644143283367157","0.0009644143283367157"
"39756","0.0024188142269849777","0.0024188142269849777","0.0024188142269849777"
"39758","0.0005783475935459137","0.0005783475935459137","0.0005783475935459137"
"39768","0.0011554230004549026","0.0011554230004549026","0.0011554230004549026"
"39772","0.00020256079733371735","0.00020256079733371735","0.00020256079733371735"
"39776","0.001133529469370842","0.001133529469370842","0.001133529469370842"
"39790","0.001095511019229889","0.001095511019229889","0.001095511019229889"
"39794","0.00019023194909095764","0.00019023194909095764","0.00019023194909095764"
"39796","0.0005941428244113922","0.0005941428244113922","0.0005941428244113922"
"39800","0.0003987513482570648","0.0003987513482570648","0.0003987513482570648"
"39804","0.0010011475533246994","0.0010011475533246994","0.0010011475533246994"
"39812","0.00015468522906303406","0.00015468522906303406","0.00015468522906303406"
"39822","0.004656495526432991","0.004656495526432991","0.004656495526432991"
"39844","0.00008301623165607452","0.00008301623165607452","0.00008301623165607452"
"39846","0.00003303401172161102","0.00003303401172161102","0.00003303401172161102"
"39848","0.0005274098366498947","0.0005274098366498947","0.0005274098366498947"
"39852","0.00032963789999485016","0.00032963789999485016","0.00032963789999485016"
"39854","0.0005866456776857376","0.0005866456776857376","0.0005866456776857376"
"39858","0.003322293981909752","0.003322293981909752","0.003322293981909752"
"39860","0.00014444440603256226","0.00014444440603256226","0.00014444440603256226"
"39864","0.00019836798310279846","0.00019836798310279846","0.00019836798310279846"
"39874","0.034638069570064545","0.034638069570064545","0.034638069570064545"
"39876","0.00010282732546329498","0.00010282732546329498","0.00010282732546329498"
"39878","0.00021439045667648315","0.00021439045667648315","0.00021439045667648315"
"39884","0.0009703096002340317","0.0009703096002340317","0.0009703096002340317"
"39890","0.0004634242504835129","0.0004634242504835129","0.0004634242504835129"
"39894","0.00028336048126220703","0.00028336048126220703","0.00028336048126220703"
"39900","0.002578180283308029","0.002578180283308029","0.002578180283308029"
"39906","0.00004307739436626434","0.00004307739436626434","0.00004307739436626434"
"39916","0.00014987774193286896","0.00014987774193286896","0.00014987774193286896"
"39918","0.0024178363382816315","0.0024178363382816315","0.0024178363382816315"
"39920","0.0005581509321928024","0.0005581509321928024","0.0005581509321928024"
"39922","0.0005167778581380844","0.0005167778581380844","0.0005167778581380844"
"39930","0.006479781121015549","0.006479781121015549","0.006479781121015549"
"39932","0.0009391847997903824","0.0009391847997903824","0.0009391847997903824"
"39934","0.0000760108232498169","0.0000760108232498169","0.0000760108232498169"
"39936","0.0001656748354434967","0.0001656748354434967","0.0001656748354434967"
"39940","0.0017362162470817566","0.0017362162470817566","0.0017362162470817566"
"39942","0.0011370852589607239","0.0011370852589607239","0.0011370852589607239"
"39950","0.000018930062651634216","0.000018930062651634216","0.000018930062651634216"
"39954","0.00022121891379356384","0.00022121891379356384","0.00022121891379356384"
"39960","0.00021319277584552765","0.00021319277584552765","0.00021319277584552765"
"39962","0.00011318549513816833","0.00011318549513816833","0.00011318549513816833"
"39966","0.00003304518759250641","0.00003304518759250641","0.00003304518759250641"
"39976","0.00017136894166469574","0.00017136894166469574","0.00017136894166469574"
"39978","0.000015076249837875366","0.000015076249837875366","0.000015076249837875366"
"39980","0.005304329097270966","0.005304329097270966","0.005304329097270966"
"39982","0.00006338022649288177","0.00006338022649288177","0.00006338022649288177"
"39986","0.00005126558244228363","0.00005126558244228363","0.00005126558244228363"
"39988","0.0005477927625179291","0.0005477927625179291","0.0005477927625179291"
"39992","0.000079374760389328","0.000079374760389328","0.000079374760389328"
"39994","0.000054253265261650085","0.000054253265261650085","0.000054253265261650085"
"39996","0.00008740462362766266","0.00008740462362766266","0.00008740462362766266"
"40000","0.0034970473498106003","0.0034970473498106003","0.0034970473498106003"
"40004","0.000125151127576828","0.000125151127576828","0.000125151127576828"
"40008","0.0011263936758041382","0.0011263936758041382","0.0011263936758041382"
"40010","0.0018231943249702454","0.0018231943249702454","0.0018231943249702454"
"40016","0.0008041393011808395","0.0008041393011808395","0.0008041393011808395"
"40018","0.00011066719889640808","0.00011066719889640808","0.00011066719889640808"
"40026","0.0007802881300449371","0.0007802881300449371","0.0007802881300449371"
"40032","0.0005583018064498901","0.0005583018064498901","0.0005583018064498901"
"40036","0.00046214088797569275","0.00046214088797569275","0.00046214088797569275"
"40038","0.008821796625852585","0.008821796625852585","0.008821796625852585"
"40046","0.006176872178912163","0.006176872178912163","0.006176872178912163"
"40054","0.0023957639932632446","0.0023957639932632446","0.0023957639932632446"
"40064","0.00020949915051460266","0.00020949915051460266","0.00020949915051460266"
"40070","0.0018803682178258896","0.0018803682178258896","0.0018803682178258896"
"40080","0.030535290017724037","0.030535290017724037","0.030535290017724037"
"40090","0.00003670156002044678","0.00003670156002044678","0.00003670156002044678"
"40094","0.0017199218273162842","0.0017199218273162842","0.0017199218273162842"
"40102","0.000028293579816818237","0.000028293579816818237","0.000028293579816818237"
"40110","0.0000955238938331604","0.0000955238938331604","0.0000955238938331604"
"40112","0.00026760995388031006","0.00026760995388031006","0.00026760995388031006"
"40120","0.0007127057760953903","0.0007127057760953903","0.0007127057760953903"
"40130","0.00007722713053226471","0.00007722713053226471","0.00007722713053226471"
"40137","0.006381889805197716","0.006381889805197716","0.006381889805197716"
"40139","0.01397094689309597","0.01397094689309597","0.01397094689309597"
"40141","0.00018145889043807983","0.00018145889043807983","0.00018145889043807983"
"40143","0.006165076047182083","0.006165076047182083","0.006165076047182083"
"40149","0.002072686329483986","0.002072686329483986","0.002072686329483986"
"40157","0.00035313889384269714","0.00035313889384269714","0.00035313889384269714"
"40159","0.0001685693860054016","0.0001685693860054016","0.0001685693860054016"
"40167","0.0019630305469036102","0.0019630305469036102","0.0019630305469036102"
"40173","0.009543264284729958","0.009543264284729958","0.009543264284729958"
"40175","0.00003696233034133911","0.00003696233034133911","0.00003696233034133911"
"40179","0.000280207023024559","0.000280207023024559","0.000280207023024559"
"40185","0.00026585720479488373","0.00026585720479488373","0.00026585720479488373"
"40187","0.00093810074031353","0.00093810074031353","0.00093810074031353"
"40191","0.0009380411356687546","0.0009380411356687546","0.0009380411356687546"
"40193","0.0029121097177267075","0.0029121097177267075","0.0029121097177267075"
"40203","0.00005823560059070587","0.00005823560059070587","0.00005823560059070587"
"40207","0.0006310325115919113","0.0006310325115919113","0.0006310325115919113"
"40209","0.00008480064570903778","0.00008480064570903778","0.00008480064570903778"
"40213","0.00021177344024181366","0.00021177344024181366","0.00021177344024181366"
"40219","0.0012951139360666275","0.0012951139360666275","0.0012951139360666275"
"40225","0.0005733314901590347","0.0005733314901590347","0.0005733314901590347"
"40229","0.00828167051076889","0.00828167051076889","0.00828167051076889"
"40231","0.0005628354847431183","0.0005628354847431183","0.0005628354847431183"
"40245","0.0005323495715856552","0.0005323495715856552","0.0005323495715856552"
"40249","0.000710194930434227","0.000710194930434227","0.000710194930434227"
"40253","0.0019790828227996826","0.0019790828227996826","0.0019790828227996826"
"40259","0.0004383958876132965","0.0004383958876132965","0.0004383958876132965"
"40261","0.007068688049912453","0.007068688049912453","0.007068688049912453"
"40265","0.0017869360744953156","0.0017869360744953156","0.0017869360744953156"
"40271","0.0014073271304368973","0.0014073271304368973","0.0014073271304368973"
"40279","0.01756500080227852","0.01756500080227852","0.01756500080227852"
"40283","0.00032484158873558044","0.00032484158873558044","0.00032484158873558044"
"40289","0.018304666504263878","0.018304666504263878","0.018304666504263878"
"40291","0.00014296546578407288","0.00014296546578407288","0.00014296546578407288"
"40297","0.00015928596258163452","0.00015928596258163452","0.00015928596258163452"
"40305","0.0009897798299789429","0.0009897798299789429","0.0009897798299789429"
"40311","0.0018752440810203552","0.0018752440810203552","0.0018752440810203552"
"40315","0.0009643435478210449","0.0009643435478210449","0.0009643435478210449"
"40323","0.00012070871889591217","0.00012070871889591217","0.00012070871889591217"
"40333","0.027507498860359192","0.027507498860359192","0.027507498860359192"
"40341","0.00027539394795894623","0.00027539394795894623","0.00027539394795894623"
"40351","0.00008084438741207123","0.00008084438741207123","0.00008084438741207123"
"40357","0.00038835033774375916","0.00038835033774375916","0.00038835033774375916"
"40361","0.00005486421287059784","0.00005486421287059784","0.00005486421287059784"
"40363","0.00033909454941749573","0.00033909454941749573","0.00033909454941749573"
"40365","0.00018892623484134674","0.00018892623484134674","0.00018892623484134674"
"40375","0.014063050970435143","0.014063050970435143","0.014063050970435143"
"40379","0.00931510515511036","0.00931510515511036","0.00931510515511036"
"40381","0.0012628398835659027","0.0012628398835659027","0.0012628398835659027"
"40383","0.0006368551403284073","0.0006368551403284073","0.0006368551403284073"
"40387","0.0012432746589183807","0.0012432746589183807","0.0012432746589183807"
"40391","0.00012496672570705414","0.00012496672570705414","0.00012496672570705414"
"40395","0.05759690701961517","0.05759690701961517","0.05759690701961517"
"40407","0.0011604074388742447","0.0011604074388742447","0.0011604074388742447"
"40411","0.0003498382866382599","0.0003498382866382599","0.0003498382866382599"
"40415","0.0004736054688692093","0.0004736054688692093","0.0004736054688692093"
"40425","0.00021536648273468018","0.00021536648273468018","0.00021536648273468018"
"40427","0.0002027451992034912","0.0002027451992034912","0.0002027451992034912"
"40433","0.0001062937080860138","0.0001062937080860138","0.0001062937080860138"
"40435","0.0000667329877614975","0.0000667329877614975","0.0000667329877614975"
"40437","0.000041231513023376465","0.000041231513023376465","0.000041231513023376465"
"40441","0.0014396272599697113","0.0014396272599697113","0.0014396272599697113"
"40449","0.032140281051397324","0.032140281051397324","0.032140281051397324"
"40451","0.0003135018050670624","0.0003135018050670624","0.0003135018050670624"
"40453","0.025125179439783096","0.025125179439783096","0.025125179439783096"
"40459","0.00065629743039608","0.00065629743039608","0.00065629743039608"
"40461","0.00041208043694496155","0.00041208043694496155","0.00041208043694496155"
"40463","0.008206862956285477","0.008206862956285477","0.008206862956285477"
"40467","0.0011795125901699066","0.0011795125901699066","0.0011795125901699066"
"40471","0.0010832492262125015","0.0010832492262125015","0.0010832492262125015"
"40473","0.0008400585502386093","0.0008400585502386093","0.0008400585502386093"
"40475","0.003486957401037216","0.003486957401037216","0.003486957401037216"
"40477","0.0012092795222997665","0.0012092795222997665","0.0012092795222997665"
"40479","0.000048626214265823364","0.000048626214265823364","0.000048626214265823364"
"40483","0.0003434251993894577","0.0003434251993894577","0.0003434251993894577"
"40485","0.00001091882586479187","0.00001091882586479187","0.00001091882586479187"
"40487","0.00004657730460166931","0.00004657730460166931","0.00004657730460166931"
"40489","0.0020014625042676926","0.0020014625042676926","0.0020014625042676926"
"40503","0.000039633363485336304","0.000039633363485336304","0.000039633363485336304"
"40505","0.0025325343012809753","0.0025325343012809753","0.0025325343012809753"
"40517","0.0006263274699449539","0.0006263274699449539","0.0006263274699449539"
"40519","0.000033641234040260315","0.000033641234040260315","0.000033641234040260315"
"40525","0.00009938143193721771","0.00009938143193721771","0.00009938143193721771"
"40531","0.00043189525604248047","0.00043189525604248047","0.00043189525604248047"
"40537","0.0003614947199821472","0.0003614947199821472","0.0003614947199821472"
"40539","0.0020478367805480957","0.0020478367805480957","0.0020478367805480957"
"40543","0.000316571444272995","0.000316571444272995","0.000316571444272995"
"40547","0.003036804497241974","0.003036804497241974","0.003036804497241974"
"40551","0.0010386835783720016","0.0010386835783720016","0.0010386835783720016"
"40563","0.00010585412383079529","0.00010585412383079529","0.00010585412383079529"
"40567","0.05620521679520607","0.05620521679520607","0.05620521679520607"
"40571","0.0017813332378864288","0.0017813332378864288","0.0017813332378864288"
"40573","0.00010085850954055786","0.00010085850954055786","0.00010085850954055786"
"40577","0.0006151571869850159","0.0006151571869850159","0.0006151571869850159"
"40579","0.002569139003753662","0.002569139003753662","0.002569139003753662"
"40583","0.002361433580517769","0.002361433580517769","0.002361433580517769"
"40585","0.00010267458856105804","0.00010267458856105804","0.00010267458856105804"
"40587","0.0007458105683326721","0.0007458105683326721","0.0007458105683326721"
"40589","0.005078010261058807","0.005078010261058807","0.005078010261058807"
"40591","0.00010885857045650482","0.00010885857045650482","0.00010885857045650482"
"40595","0.012270864099264145","0.012270864099264145","0.012270864099264145"
"40599","0.0000613182783126831","0.0000613182783126831","0.0000613182783126831"
"40603","0.010548144578933716","0.010548144578933716","0.010548144578933716"
"40607","0.0007742419838905334","0.0007742419838905334","0.0007742419838905334"
"40619","0.00003154948353767395","0.00003154948353767395","0.00003154948353767395"
"40625","0.0005987007170915604","0.0005987007170915604","0.0005987007170915604"
"40627","0.0015564728528261185","0.0015564728528261185","0.0015564728528261185"
"40635","0.005872571840882301","0.005872571840882301","0.005872571840882301"
"40639","0.00008571334183216095","0.00008571334183216095","0.00008571334183216095"
"40645","0.0014013703912496567","0.0014013703912496567","0.0014013703912496567"
"40651","0.0003181230276823044","0.0003181230276823044","0.0003181230276823044"
"40653","0.004959952086210251","0.004959952086210251","0.004959952086210251"
"40657","0.04931306093931198","0.04931306093931198","0.04931306093931198"
"40659","0.00011017359793186188","0.00011017359793186188","0.00011017359793186188"
"40661","0.0005946513265371323","0.0005946513265371323","0.0005946513265371323"
"40663","0.00023816339671611786","0.00023816339671611786","0.00023816339671611786"
"40667","0.0002898387610912323","0.0002898387610912323","0.0002898387610912323"
"40669","0.00022005662322044373","0.00022005662322044373","0.00022005662322044373"
"40673","0.004714956507086754","0.004714956507086754","0.004714956507086754"
"40675","0.00008139945566654205","0.00008139945566654205","0.00008139945566654205"
"40677","0.00005132891237735748","0.00005132891237735748","0.00005132891237735748"
"40679","0.0007480978965759277","0.0007480978965759277","0.0007480978965759277"
"40681","0.0015901792794466019","0.0015901792794466019","0.0015901792794466019"
"40691","0.000630352646112442","0.000630352646112442","0.000630352646112442"
"40693","0.00519883818924427","0.00519883818924427","0.00519883818924427"
"40697","0.0001232437789440155","0.0001232437789440155","0.0001232437789440155"
"40699","0.00005319714546203613","0.00005319714546203613","0.00005319714546203613"
"40701","0.000006606802344322205","0.000006606802344322205","0.000006606802344322205"
"40703","0.00016863644123077393","0.00016863644123077393","0.00016863644123077393"
"40705","0.0038284678012132645","0.0038284678012132645","0.0038284678012132645"
"40709","0.000522831454873085","0.000522831454873085","0.000522831454873085"
"40715","0.0000585801899433136","0.0000585801899433136","0.0000585801899433136"
"40717","0.0016991030424833298","0.0016991030424833298","0.0016991030424833298"
"40725","0.005262618884444237","0.005262618884444237","0.005262618884444237"
"40731","0.004167802631855011","0.004167802631855011","0.004167802631855011"
"40733","0.00017394684255123138","0.00017394684255123138","0.00017394684255123138"
"40737","0.00038090161979198456","0.00038090161979198456","0.00038090161979198456"
"40743","0.00010128319263458252","0.00010128319263458252","0.00010128319263458252"
"40751","0.0002064090222120285","0.0002064090222120285","0.0002064090222120285"
"40755","0.003938993439078331","0.003938993439078331","0.003938993439078331"
"40757","0.02954382821917534","0.02954382821917534","0.02954382821917534"
"40761","0.013194577768445015","0.013194577768445015","0.013194577768445015"
"40789","0.005598435178399086","0.005598435178399086","0.005598435178399086"
"40795","0.00035418756306171417","0.00035418756306171417","0.00035418756306171417"
"40797","0.0031271129846572876","0.0031271129846572876","0.0031271129846572876"
"40803","0.000042071565985679626","0.000042071565985679626","0.000042071565985679626"
"40809","0.001487981528043747","0.001487981528043747","0.001487981528043747"
"40811","0.000020656734704971313","0.000020656734704971313","0.000020656734704971313"
"40819","0.0006792638450860977","0.0006792638450860977","0.0006792638450860977"
"40821","0.0004182923585176468","0.0004182923585176468","0.0004182923585176468"
"40831","0.000963328406214714","0.000963328406214714","0.000963328406214714"
"40847","0.002081485465168953","0.002081485465168953","0.002081485465168953"
"40851","0.013121210038661957","0.013121210038661957","0.013121210038661957"
"40859","0.00001981481909751892","0.00001981481909751892","0.00001981481909751892"
"40865","0.0020474717020988464","0.0020474717020988464","0.0020474717020988464"
"40867","0.0000888928771018982","0.0000888928771018982","0.0000888928771018982"
"40873","0.00022097676992416382","0.00022097676992416382","0.00022097676992416382"
"40879","0.00015403516590595245","0.00015403516590595245","0.00015403516590595245"
"40883","0.001890856772661209","0.001890856772661209","0.001890856772661209"
"40885","0.007354747503995895","0.007354747503995895","0.007354747503995895"
"40889","0.005076378583908081","0.005076378583908081","0.005076378583908081"
"40891","0.0015771593898534775","0.0015771593898534775","0.0015771593898534775"
"40893","0.011670950800180435","0.011670950800180435","0.011670950800180435"
"40895","0.005978511646389961","0.005978511646389961","0.005978511646389961"
"40901","0.0001826714724302292","0.0001826714724302292","0.0001826714724302292"
"40903","0.0031809192150831223","0.0031809192150831223","0.0031809192150831223"
"40905","0.0009720716625452042","0.0009720716625452042","0.0009720716625452042"
"40907","0.002088051289319992","0.002088051289319992","0.002088051289319992"
"40913","0.003490457311272621","0.003490457311272621","0.003490457311272621"
"40915","0.0032005105167627335","0.0032005105167627335","0.0032005105167627335"
"40919","0.00007633678615093231","0.00007633678615093231","0.00007633678615093231"
"40923","0.0033851750195026398","0.0033851750195026398","0.0033851750195026398"
"40935","0.000016519799828529358","0.000016519799828529358","0.000016519799828529358"
"40939","0.002560501918196678","0.002560501918196678","0.002560501918196678"
"40943","0.0021743495017290115","0.0021743495017290115","0.0021743495017290115"
"40945","0.0022509992122650146","0.0022509992122650146","0.0022509992122650146"
"40953","0.003050226718187332","0.003050226718187332","0.003050226718187332"
"40957","0.00004063919186592102","0.00004063919186592102","0.00004063919186592102"
"40963","0.000049326568841934204","0.000049326568841934204","0.000049326568841934204"
"40967","0.006261691451072693","0.006261691451072693","0.006261691451072693"
"40971","0.00029080361127853394","0.00029080361127853394","0.00029080361127853394"
"40975","0.00005791522562503815","0.00005791522562503815","0.00005791522562503815"
"40977","0.00019700266420841217","0.00019700266420841217","0.00019700266420841217"
"40983","0.0005700774490833282","0.0005700774490833282","0.0005700774490833282"
"40989","0.00048842653632164","0.00048842653632164","0.00048842653632164"
"40991","0.00010017119348049164","0.00010017119348049164","0.00010017119348049164"
"40995","0.00015930645167827606","0.00015930645167827606","0.00015930645167827606"
"40997","0.0013668574392795563","0.0013668574392795563","0.0013668574392795563"
"41003","0.004905378445982933","0.004905378445982933","0.004905378445982933"
"41005","0.00008359923958778381","0.00008359923958778381","0.00008359923958778381"
"41017","0.000019157305359840393","0.000019157305359840393","0.000019157305359840393"
"41021","0.009268950670957565","0.009268950670957565","0.009268950670957565"
"41023","0.0001988634467124939","0.0001988634467124939","0.0001988634467124939"
"41025","0.0011572223156690598","0.0011572223156690598","0.0011572223156690598"
"41029","0.00023523345589637756","0.00023523345589637756","0.00023523345589637756"
"41037","0.0009473096579313278","0.0009473096579313278","0.0009473096579313278"
"41039","0.006332430988550186","0.006332430988550186","0.006332430988550186"
"41045","0.006384618580341339","0.006384618580341339","0.006384618580341339"
"41047","0.0006294436752796173","0.0006294436752796173","0.0006294436752796173"
"41073","0.0045706965029239655","0.0045706965029239655","0.0045706965029239655"
"41075","0.00225958414375782","0.00225958414375782","0.00225958414375782"
"41089","0.00023541226983070374","0.00023541226983070374","0.00023541226983070374"
"41093","0.0037056654691696167","0.0037056654691696167","0.0037056654691696167"
"41099","0.006567908450961113","0.006567908450961113","0.006567908450961113"
"41101","0.0010925587266683578","0.0010925587266683578","0.0010925587266683578"
"41103","0.0029533784836530685","0.0029533784836530685","0.0029533784836530685"
"41105","0.04552566632628441","0.04552566632628441","0.04552566632628441"
"41107","0.0024501271545886993","0.0024501271545886993","0.0024501271545886993"
"41109","0.00032126717269420624","0.00032126717269420624","0.00032126717269420624"
"41123","0.00017905980348587036","0.00017905980348587036","0.00017905980348587036"
"41146","0.0005137622356414795","0.0005137622356414795","0.0005137622356414795"
"41154","0.00027859024703502655","0.00027859024703502655","0.00027859024703502655"
"41162","0.00021465308964252472","0.00021465308964252472","0.00021465308964252472"
"41168","0.0004866812378168106","0.0004866812378168106","0.0004866812378168106"
"41172","0.0033103637397289276","0.0033103637397289276","0.0033103637397289276"
"41174","0.004453152418136597","0.004453152418136597","0.004453152418136597"
"41188","0.000252285972237587","0.000252285972237587","0.000252285972237587"
"41192","0.0017108619213104248","0.0017108619213104248","0.0017108619213104248"
"41194","0.0009984448552131653","0.0009984448552131653","0.0009984448552131653"
"41200","0.0021865814924240112","0.0021865814924240112","0.0021865814924240112"
"41202","0.0002173949033021927","0.0002173949033021927","0.0002173949033021927"
"41220","0.030755817890167236","0.030755817890167236","0.030755817890167236"
"41224","0.00005972757935523987","0.00005972757935523987","0.00005972757935523987"
"41226","0.0012779422104358673","0.0012779422104358673","0.0012779422104358673"
"41232","0.0006698574870824814","0.0006698574870824814","0.0006698574870824814"
"41238","0.00018612854182720184","0.00018612854182720184","0.00018612854182720184"
"41244","0.00012958236038684845","0.00012958236038684845","0.00012958236038684845"
"41252","0.000917527824640274","0.000917527824640274","0.000917527824640274"
"41260","0.000444166362285614","0.000444166362285614","0.000444166362285614"
"41262","0.000612037256360054","0.000612037256360054","0.000612037256360054"
"41264","0.004918556660413742","0.004918556660413742","0.004918556660413742"
"41270","0.0030843932181596756","0.0030843932181596756","0.0030843932181596756"
"41272","0.00012330897152423859","0.00012330897152423859","0.00012330897152423859"
"41278","0.003672594204545021","0.003672594204545021","0.003672594204545021"
"41282","0.00012589246034622192","0.00012589246034622192","0.00012589246034622192"
"41296","0.0006041526794433594","0.0006041526794433594","0.0006041526794433594"
"41298","0.0011298134922981262","0.0011298134922981262","0.0011298134922981262"
"41300","0.050884127616882324","0.050884127616882324","0.050884127616882324"
"41306","0.0002995133399963379","0.0002995133399963379","0.0002995133399963379"
"41310","0.000048723071813583374","0.000048723071813583374","0.000048723071813583374"
"41312","0.0031123701483011246","0.0031123701483011246","0.0031123701483011246"
"41316","0.00012099556624889374","0.00012099556624889374","0.00012099556624889374"
"41318","0.0013473555445671082","0.0013473555445671082","0.0013473555445671082"
"41328","0.005742769688367844","0.005742769688367844","0.005742769688367844"
"41334","0.0009475406259298325","0.0009475406259298325","0.0009475406259298325"
"41338","0.0011266432702541351","0.0011266432702541351","0.0011266432702541351"
"41342","0.0019291266798973083","0.0019291266798973083","0.0019291266798973083"
"41346","0.0012077298015356064","0.0012077298015356064","0.0012077298015356064"
"41348","0.0004793088883161545","0.0004793088883161545","0.0004793088883161545"
"41350","0.0003217160701751709","0.0003217160701751709","0.0003217160701751709"
"41356","0.007988762110471725","0.007988762110471725","0.007988762110471725"
"41358","0.0006498564034700394","0.0006498564034700394","0.0006498564034700394"
"41360","0.0018370412290096283","0.0018370412290096283","0.0018370412290096283"
"41366","0.0005088280886411667","0.0005088280886411667","0.0005088280886411667"
"41372","0.00006641820073127747","0.00006641820073127747","0.00006641820073127747"
"41374","0.0002284478396177292","0.0002284478396177292","0.0002284478396177292"
"41376","0.0015543103218078613","0.0015543103218078613","0.0015543103218078613"
"41378","0.0021985284984111786","0.0021985284984111786","0.0021985284984111786"
"41380","0.0012657530605793","0.0012657530605793","0.0012657530605793"
"41390","0.00046688877046108246","0.00046688877046108246","0.00046688877046108246"
"41396","0.0054411329329013824","0.0054411329329013824","0.0054411329329013824"
"41398","0.007588502019643784","0.007588502019643784","0.007588502019643784"
"41408","0.0012807231396436691","0.0012807231396436691","0.0012807231396436691"
"41412","0.00014872662723064423","0.00014872662723064423","0.00014872662723064423"
"41428","0.0006372667849063873","0.0006372667849063873","0.0006372667849063873"
"41430","0.003649793565273285","0.003649793565273285","0.003649793565273285"
"41434","0.005600832402706146","0.005600832402706146","0.005600832402706146"
"41438","0.0020026322454214096","0.0020026322454214096","0.0020026322454214096"
"41442","0.0025653745979070663","0.0025653745979070663","0.0025653745979070663"
"41448","0.00015894882380962372","0.00015894882380962372","0.00015894882380962372"
"41452","0.00014473870396614075","0.00014473870396614075","0.00014473870396614075"
"41458","0.0025090184062719345","0.0025090184062719345","0.0025090184062719345"
"41460","0.0000354275107383728","0.0000354275107383728","0.0000354275107383728"
"41462","0.003300881013274193","0.003300881013274193","0.003300881013274193"
"41468","0.0026846081018447876","0.0026846081018447876","0.0026846081018447876"
"41472","0.00034055300056934357","0.00034055300056934357","0.00034055300056934357"
"41478","0.0020447690039873123","0.0020447690039873123","0.0020447690039873123"
"41482","0.00019747763872146606","0.00019747763872146606","0.00019747763872146606"
"41484","0.00009618327021598816","0.00009618327021598816","0.00009618327021598816"
"41490","0.026842493563890457","0.026842493563890457","0.026842493563890457"
"41504","0.002339400351047516","0.002339400351047516","0.002339400351047516"
"41510","0.001446487382054329","0.001446487382054329","0.001446487382054329"
"41514","0.001289835199713707","0.001289835199713707","0.001289835199713707"
"41532","0.0016963575035333633","0.0016963575035333633","0.0016963575035333633"
"41536","0.019760098308324814","0.019760098308324814","0.019760098308324814"
"41538","0.01345859281718731","0.01345859281718731","0.01345859281718731"
"41540","0.0015714168548583984","0.0015714168548583984","0.0015714168548583984"
"41542","0.004598537459969521","0.004598537459969521","0.004598537459969521"
"41550","0.00009460747241973877","0.00009460747241973877","0.00009460747241973877"
"41558","0.06402484327554703","0.06402484327554703","0.06402484327554703"
"41560","0.0024315379559993744","0.0024315379559993744","0.0024315379559993744"
"41566","0.0003085136413574219","0.0003085136413574219","0.0003085136413574219"
"41568","0.00468156673014164","0.00468156673014164","0.00468156673014164"
"41570","0.0002718791365623474","0.0002718791365623474","0.0002718791365623474"
"41574","0.0025408603250980377","0.0025408603250980377","0.0025408603250980377"
"41580","0.0006066597998142242","0.0006066597998142242","0.0006066597998142242"
"41586","0.0001883283257484436","0.0001883283257484436","0.0001883283257484436"
"41590","0.0012071039527654648","0.0012071039527654648","0.0012071039527654648"
"41620","0.00009909830987453461","0.00009909830987453461","0.00009909830987453461"
"41624","0.0003495309501886368","0.0003495309501886368","0.0003495309501886368"
"41626","0.007561076432466507","0.007561076432466507","0.007561076432466507"
"41630","0.0006455369293689728","0.0006455369293689728","0.0006455369293689728"
"41634","0.00007566064596176147","0.00007566064596176147","0.00007566064596176147"
"41636","0.00026442669332027435","0.00026442669332027435","0.00026442669332027435"
"41648","0.00011846981942653656","0.00011846981942653656","0.00011846981942653656"
"41650","0.01648017391562462","0.01648017391562462","0.01648017391562462"
"41654","0.00042607635259628296","0.00042607635259628296","0.00042607635259628296"
"41656","0.000251181423664093","0.000251181423664093","0.000251181423664093"
"41658","0.0019716117531061172","0.0019716117531061172","0.0019716117531061172"
"41666","0.024713197723031044","0.024713197723031044","0.024713197723031044"
"41668","0.0000778399407863617","0.0000778399407863617","0.0000778399407863617"
"41670","0.00046665407717227936","0.00046665407717227936","0.00046665407717227936"
"41672","0.004669001325964928","0.004669001325964928","0.004669001325964928"
"41678","0.0004279911518096924","0.0004279911518096924","0.0004279911518096924"
"41686","0.0003032926470041275","0.0003032926470041275","0.0003032926470041275"
"41704","0.01950237527489662","0.01950237527489662","0.01950237527489662"
"41706","0.010551776736974716","0.010551776736974716","0.010551776736974716"
"41708","0.00011082552373409271","0.00011082552373409271","0.00011082552373409271"
"41714","0.00008442997932434082","0.00008442997932434082","0.00008442997932434082"
"41718","0.026069188490509987","0.026069188490509987","0.026069188490509987"
"41744","0.0007764697074890137","0.0007764697074890137","0.0007764697074890137"
"41752","0.002880983054637909","0.002880983054637909","0.002880983054637909"
"41754","0.00020885467529296875","0.00020885467529296875","0.00020885467529296875"
"41756","0.005871832370758057","0.005871832370758057","0.005871832370758057"
"41758","0.001409551128745079","0.001409551128745079","0.001409551128745079"
"41764","0.04825117066502571","0.04825117066502571","0.04825117066502571"
"41780","0.0012275893241167068","0.0012275893241167068","0.0012275893241167068"
"41786","0.006337303668260574","0.006337303668260574","0.006337303668260574"
"41790","0.00006309337913990021","0.00006309337913990021","0.00006309337913990021"
"41794","0.024835670366883278","0.024835670366883278","0.024835670366883278"
"41802","0.0001142360270023346","0.0001142360270023346","0.0001142360270023346"
"41804","0.0004087388515472412","0.0004087388515472412","0.0004087388515472412"
"41808","0.004682840779423714","0.004682840779423714","0.004682840779423714"
"41812","0.0001528710126876831","0.0001528710126876831","0.0001528710126876831"
"41816","0.049955517053604126","0.049955517053604126","0.049955517053604126"
"41818","0.0015730280429124832","0.0015730280429124832","0.0015730280429124832"
"41820","0.0011118948459625244","0.0011118948459625244","0.0011118948459625244"
"41824","0.00004421919584274292","0.00004421919584274292","0.00004421919584274292"
"41826","0.0013129189610481262","0.0013129189610481262","0.0013129189610481262"
"41828","0.0008217170834541321","0.0008217170834541321","0.0008217170834541321"
"41830","0.0006295274943113327","0.0006295274943113327","0.0006295274943113327"
"41832","0.00004305131733417511","0.00004305131733417511","0.00004305131733417511"
"41834","0.010832550004124641","0.010832550004124641","0.010832550004124641"
"41840","0.0003417525440454483","0.0003417525440454483","0.0003417525440454483"
"41852","0.0004882197827100754","0.0004882197827100754","0.0004882197827100754"
"41854","0.0008438397198915482","0.0008438397198915482","0.0008438397198915482"
"41856","0.0027946587651968002","0.0027946587651968002","0.0027946587651968002"
"41860","0.0012783482670783997","0.0012783482670783997","0.0012783482670783997"
"41862","0.002248082309961319","0.002248082309961319","0.002248082309961319"
"41864","0.00046042725443840027","0.00046042725443840027","0.00046042725443840027"
"41866","0.00006732344627380371","0.00006732344627380371","0.00006732344627380371"
"41868","0.005162203684449196","0.005162203684449196","0.005162203684449196"
"41870","0.00039756670594215393","0.00039756670594215393","0.00039756670594215393"
"41872","0.0000753309577703476","0.0000753309577703476","0.0000753309577703476"
"41874","0.0014615729451179504","0.0014615729451179504","0.0014615729451179504"
"41876","0.0014428254216909409","0.0014428254216909409","0.0014428254216909409"
"41880","0.016450349241495132","0.016450349241495132","0.016450349241495132"
"41884","0.00036091916263103485","0.00036091916263103485","0.00036091916263103485"
"41886","0.007436700165271759","0.007436700165271759","0.007436700165271759"
"41890","0.00026124902069568634","0.00026124902069568634","0.00026124902069568634"
"41892","0.00007139518857002258","0.00007139518857002258","0.00007139518857002258"
"41894","0.00012613274157047272","0.00012613274157047272","0.00012613274157047272"
"41898","0.000082358717918396","0.000082358717918396","0.000082358717918396"
"41906","0.0020501818507909775","0.0020501818507909775","0.0020501818507909775"
"41910","0.00492723286151886","0.00492723286151886","0.00492723286151886"
"41914","0.0002981908619403839","0.0002981908619403839","0.0002981908619403839"
"41916","0.026033557951450348","0.026033557951450348","0.026033557951450348"
"41918","0.0016765967011451721","0.0016765967011451721","0.0016765967011451721"
"41922","0.0034429170191287994","0.0034429170191287994","0.0034429170191287994"
"41932","0.00010554865002632141","0.00010554865002632141","0.00010554865002632141"
"41942","0.00016226992011070251","0.00016226992011070251","0.00016226992011070251"
"41944","0.004611276090145111","0.004611276090145111","0.004611276090145111"
"41954","0.000042187049984931946","0.000042187049984931946","0.000042187049984931946"
"41960","0.0006104633212089539","0.0006104633212089539","0.0006104633212089539"
"41968","0.008046463131904602","0.008046463131904602","0.008046463131904602"
"41976","0.00029740482568740845","0.00029740482568740845","0.00029740482568740845"
"41978","0.00026922859251499176","0.00026922859251499176","0.00026922859251499176"
"41984","0.001463310793042183","0.001463310793042183","0.001463310793042183"
"41992","0.0004573836922645569","0.0004573836922645569","0.0004573836922645569"
"42006","0.000022061169147491455","0.000022061169147491455","0.000022061169147491455"
"42012","0.0004730876535177231","0.0004730876535177231","0.0004730876535177231"
"42016","0.003087935969233513","0.003087935969233513","0.003087935969233513"
"42024","0.00047924742102622986","0.00047924742102622986","0.00047924742102622986"
"42032","0.0009943824261426926","0.0009943824261426926","0.0009943824261426926"
"42034","0.003903331235051155","0.003903331235051155","0.003903331235051155"
"42036","0.0004712659865617752","0.0004712659865617752","0.0004712659865617752"
"42042","0.0027148760855197906","0.0027148760855197906","0.0027148760855197906"
"42046","0.005778195336461067","0.005778195336461067","0.005778195336461067"
"42052","0.00016298331320285797","0.00016298331320285797","0.00016298331320285797"
"42054","0.0006542336195707321","0.0006542336195707321","0.0006542336195707321"
"42056","0.0003620181232690811","0.0003620181232690811","0.0003620181232690811"
"42064","0.00022809207439422607","0.00022809207439422607","0.00022809207439422607"
"42066","0.006866034120321274","0.006866034120321274","0.006866034120321274"
"42068","0.0010086093097925186","0.0010086093097925186","0.0010086093097925186"
"42070","0.00007409043610095978","0.00007409043610095978","0.00007409043610095978"
"42074","0.00027831830084323883","0.00027831830084323883","0.00027831830084323883"
"42076","0.000807054340839386","0.000807054340839386","0.000807054340839386"
"42080","0.0015985388308763504","0.0015985388308763504","0.0015985388308763504"
"42082","0.000022975727915763855","0.000022975727915763855","0.000022975727915763855"
"42088","0.00020433217287063599","0.00020433217287063599","0.00020433217287063599"
"42092","0.000542541965842247","0.000542541965842247","0.000542541965842247"
"42098","0.00011109374463558197","0.00011109374463558197","0.00011109374463558197"
"42104","0.002866540104150772","0.002866540104150772","0.002866540104150772"
"42110","0.000887356698513031","0.000887356698513031","0.000887356698513031"
"42114","0.004397798329591751","0.004397798329591751","0.004397798329591751"
"42121","0.0006240997463464737","0.0006240997463464737","0.0006240997463464737"
"42127","0.002869788557291031","0.002869788557291031","0.002869788557291031"
"42129","0.00006607547402381897","0.00006607547402381897","0.00006607547402381897"
"42139","0.00031090155243873596","0.00031090155243873596","0.00031090155243873596"
"42145","0.000015754252672195435","0.000015754252672195435","0.000015754252672195435"
"42149","0.0008609015494585037","0.0008609015494585037","0.0008609015494585037"
"42157","0.0011865515261888504","0.0011865515261888504","0.0011865515261888504"
"42159","0.0001307521015405655","0.0001307521015405655","0.0001307521015405655"
"42163","0.0005009174346923828","0.0005009174346923828","0.0005009174346923828"
"42165","0.002234244719147682","0.002234244719147682","0.002234244719147682"
"42171","0.002082856371998787","0.002082856371998787","0.002082856371998787"
"42179","0.020809825509786606","0.020809825509786606","0.020809825509786606"
"42199","0.0005822964012622833","0.0005822964012622833","0.0005822964012622833"
"42201","0.0005192253738641739","0.0005192253738641739","0.0005192253738641739"
"42205","0.004545627161860466","0.004545627161860466","0.004545627161860466"
"42207","0.019708668813109398","0.019708668813109398","0.019708668813109398"
"42219","0.012850645929574966","0.012850645929574966","0.012850645929574966"
"42221","0.0002667214721441269","0.0002667214721441269","0.0002667214721441269"
"42223","0.0014130473136901855","0.0014130473136901855","0.0014130473136901855"
"42225","0.00021051988005638123","0.00021051988005638123","0.00021051988005638123"
"42229","0.007303938269615173","0.007303938269615173","0.007303938269615173"
"42233","0.001997280865907669","0.001997280865907669","0.001997280865907669"
"42239","0.00013154931366443634","0.00013154931366443634","0.00013154931366443634"
"42245","0.000013638287782669067","0.000013638287782669067","0.000013638287782669067"
"42247","0.00005410425364971161","0.00005410425364971161","0.00005410425364971161"
"42249","0.00005593709647655487","0.00005593709647655487","0.00005593709647655487"
"42251","0.000027505680918693542","0.000027505680918693542","0.000027505680918693542"
"42253","0.00019210949540138245","0.00019210949540138245","0.00019210949540138245"
"42265","0.019144264981150627","0.019144264981150627","0.019144264981150627"
"42269","0.0000322684645652771","0.0000322684645652771","0.0000322684645652771"
"42273","0.00002625584602355957","0.00002625584602355957","0.00002625584602355957"
"42277","0.000046934932470321655","0.000046934932470321655","0.000046934932470321655"
"42281","0.0001798570156097412","0.0001798570156097412","0.0001798570156097412"
"42285","0.0012090038508176804","0.0012090038508176804","0.0012090038508176804"
"42293","0.0037915483117103577","0.0037915483117103577","0.0037915483117103577"
"42295","0.0011913422495126724","0.0011913422495126724","0.0011913422495126724"
"42305","0.000141877681016922","0.000141877681016922","0.000141877681016922"
"42311","0.00010492466390132904","0.00010492466390132904","0.00010492466390132904"
"42313","0.006734713912010193","0.006734713912010193","0.006734713912010193"
"42317","0.005929021164774895","0.005929021164774895","0.005929021164774895"
"42319","0.0005003549158573151","0.0005003549158573151","0.0005003549158573151"
"42323","0.00011393800377845764","0.00011393800377845764","0.00011393800377845764"
"42327","0.000947706401348114","0.000947706401348114","0.000947706401348114"
"42331","0.0032718367874622345","0.0032718367874622345","0.0032718367874622345"
"42335","0.000455344095826149","0.000455344095826149","0.000455344095826149"
"42341","0.007936730980873108","0.007936730980873108","0.007936730980873108"
"42357","0.023885881528258324","0.023885881528258324","0.023885881528258324"
"42359","0.010337240993976593","0.010337240993976593","0.010337240993976593"
"42363","0.0010119248181581497","0.0010119248181581497","0.0010119248181581497"
"42367","0.0011756792664527893","0.0011756792664527893","0.0011756792664527893"
"42371","0.001081906259059906","0.001081906259059906","0.001081906259059906"
"42373","0.00014520622789859772","0.00014520622789859772","0.00014520622789859772"
"42375","0.0013694055378437042","0.0013694055378437042","0.0013694055378437042"
"42383","0.001333264634013176","0.001333264634013176","0.001333264634013176"
"42385","0.00003515556454658508","0.00003515556454658508","0.00003515556454658508"
"42391","0.0016261152923107147","0.0016261152923107147","0.0016261152923107147"
"42397","0.00028777867555618286","0.00028777867555618286","0.00028777867555618286"
"42401","0.00046397559344768524","0.00046397559344768524","0.00046397559344768524"
"42407","0.00009412877261638641","0.00009412877261638641","0.00009412877261638641"
"42409","0.00003703124821186066","0.00003703124821186066","0.00003703124821186066"
"42413","0.002736121416091919","0.002736121416091919","0.002736121416091919"
"42415","0.0005649756640195847","0.0005649756640195847","0.0005649756640195847"
"42417","0.0002471506595611572","0.0002471506595611572","0.0002471506595611572"
"42425","0.00018860772252082825","0.00018860772252082825","0.00018860772252082825"
"42429","0.002547629177570343","0.002547629177570343","0.002547629177570343"
"42431","0.0012692045420408249","0.0012692045420408249","0.0012692045420408249"
"42433","0.0012637786567211151","0.0012637786567211151","0.0012637786567211151"
"42437","0.0029797684401273727","0.0029797684401273727","0.0029797684401273727"
"42441","0.0009705536067485809","0.0009705536067485809","0.0009705536067485809"
"42447","0.001166556030511856","0.001166556030511856","0.001166556030511856"
"42455","0.00015918724238872528","0.00015918724238872528","0.00015918724238872528"
"42461","0.0016897711902856827","0.0016897711902856827","0.0016897711902856827"
"42467","0.00009950622916221619","0.00009950622916221619","0.00009950622916221619"
"42469","0.0000653974711894989","0.0000653974711894989","0.0000653974711894989"
"42471","0.00003257766366004944","0.00003257766366004944","0.00003257766366004944"
"42473","0.000026969239115715027","0.000026969239115715027","0.000026969239115715027"
"42479","0.0015327353030443192","0.0015327353030443192","0.0015327353030443192"
"42485","0.007043447345495224","0.007043447345495224","0.007043447345495224"
"42503","0.0000460110604763031","0.0000460110604763031","0.0000460110604763031"
"42509","0.002461463212966919","0.002461463212966919","0.002461463212966919"
"42515","0.0002909153699874878","0.0002909153699874878","0.0002909153699874878"
"42519","0.0002628844231367111","0.0002628844231367111","0.0002628844231367111"
"42523","0.004858922213315964","0.004858922213315964","0.004858922213315964"
"42529","0.02005833014845848","0.02005833014845848","0.02005833014845848"
"42531","0.003927908837795258","0.003927908837795258","0.003927908837795258"
"42537","0.00019376911222934723","0.00019376911222934723","0.00019376911222934723"
"42541","0.0003180932253599167","0.0003180932253599167","0.0003180932253599167"
"42543","0.007345471531152725","0.007345471531152725","0.007345471531152725"
"42545","0.0002019144594669342","0.0002019144594669342","0.0002019144594669342"
"42547","0.0015455670654773712","0.0015455670654773712","0.0015455670654773712"
"42549","0.00003738701343536377","0.00003738701343536377","0.00003738701343536377"
"42563","0.000497959554195404","0.000497959554195404","0.000497959554195404"
"42569","0.00003744103014469147","0.00003744103014469147","0.00003744103014469147"
"42579","0.0017728488892316818","0.0017728488892316818","0.0017728488892316818"
"42583","0.00018050894141197205","0.00018050894141197205","0.00018050894141197205"
"42587","0.000039149075746536255","0.000039149075746536255","0.000039149075746536255"
"42591","0.0001642182469367981","0.0001642182469367981","0.0001642182469367981"
"42597","0.016765572130680084","0.016765572130680084","0.016765572130680084"
"42605","0.0017765425145626068","0.0017765425145626068","0.0017765425145626068"
"42607","0.00007848627865314484","0.00007848627865314484","0.00007848627865314484"
"42613","0.000019086524844169617","0.000019086524844169617","0.000019086524844169617"
"42615","0.009042123332619667","0.009042123332619667","0.009042123332619667"
"42623","0.0013311952352523804","0.0013311952352523804","0.0013311952352523804"
"42635","0.06898036599159241","0.06898036599159241","0.06898036599159241"
"42639","0.0014314297586679459","0.0014314297586679459","0.0014314297586679459"
"42657","0.00038070790469646454","0.00038070790469646454","0.00038070790469646454"
"42663","0.004195999354124069","0.004195999354124069","0.004195999354124069"
"42669","0.0023820698261260986","0.0023820698261260986","0.0023820698261260986"
"42671","0.0003005433827638626","0.0003005433827638626","0.0003005433827638626"
"42675","0.0006187856197357178","0.0006187856197357178","0.0006187856197357178"
"42679","0.0003711339086294174","0.0003711339086294174","0.0003711339086294174"
"42683","0.0003889128565788269","0.0003889128565788269","0.0003889128565788269"
"42685","0.0004818439483642578","0.0004818439483642578","0.0004818439483642578"
"42691","0.00010451860725879669","0.00010451860725879669","0.00010451860725879669"
"42695","0.00037062913179397583","0.00037062913179397583","0.00037062913179397583"
"42697","0.0008611828088760376","0.0008611828088760376","0.0008611828088760376"
"42707","0.00025757960975170135","0.00025757960975170135","0.00025757960975170135"
"42717","0.0018326174467802048","0.0018326174467802048","0.0018326174467802048"
"42721","0.00012051872909069061","0.00012051872909069061","0.00012051872909069061"
"42723","0.00014618970453739166","0.00014618970453739166","0.00014618970453739166"
"42737","0.00041158683598041534","0.00041158683598041534","0.00041158683598041534"
"42739","0.000754157081246376","0.000754157081246376","0.000754157081246376"
"42747","0.0004485342651605606","0.0004485342651605606","0.0004485342651605606"
"42749","0.0039824433624744415","0.0039824433624744415","0.0039824433624744415"
"42751","0.00010550767183303833","0.00010550767183303833","0.00010550767183303833"
"42753","0.017431149259209633","0.017431149259209633","0.017431149259209633"
"42755","0.00006906874477863312","0.00006906874477863312","0.00006906874477863312"
"42763","0.0008029267191886902","0.0008029267191886902","0.0008029267191886902"
"42773","0.000028287991881370544","0.000028287991881370544","0.000028287991881370544"
"42775","0.0004823412746191025","0.0004823412746191025","0.0004823412746191025"
"42781","0.00010143592953681946","0.00010143592953681946","0.00010143592953681946"
"42783","0.0011748261749744415","0.0011748261749744415","0.0011748261749744415"
"42787","0.00010883621871471405","0.00010883621871471405","0.00010883621871471405"
"42795","0.00015396811068058014","0.00015396811068058014","0.00015396811068058014"
"42803","0.0014663655310869217","0.0014663655310869217","0.0014663655310869217"
"42805","0.004067327827215195","0.004067327827215195","0.004067327827215195"
"42809","0.0017247051000595093","0.0017247051000595093","0.0017247051000595093"
"42817","0.004795128479599953","0.004795128479599953","0.004795128479599953"
"42829","0.025211947038769722","0.025211947038769722","0.025211947038769722"
"42831","0.007331967353820801","0.007331967353820801","0.007331967353820801"
"42833","0.00006845220923423767","0.00006845220923423767","0.00006845220923423767"
"42835","0.0016010943800210953","0.0016010943800210953","0.0016010943800210953"
"42837","0.0006796661764383316","0.0006796661764383316","0.0006796661764383316"
"42839","0.00038808584213256836","0.00038808584213256836","0.00038808584213256836"
"42841","0.0005666408687829971","0.0005666408687829971","0.0005666408687829971"
"42847","0.0023427698761224747","0.0023427698761224747","0.0023427698761224747"
"42853","0.05964057147502899","0.05964057147502899","0.05964057147502899"
"42855","0.0004700124263763428","0.0004700124263763428","0.0004700124263763428"
"42863","0.0000861920416355133","0.0000861920416355133","0.0000861920416355133"
"42867","0.0005106348544359207","0.0005106348544359207","0.0005106348544359207"
"42877","0.004229852929711342","0.004229852929711342","0.004229852929711342"
"42879","0.021390417590737343","0.021390417590737343","0.021390417590737343"
"42891","0.0007786136120557785","0.0007786136120557785","0.0007786136120557785"
"42893","0.0009427741169929504","0.0009427741169929504","0.0009427741169929504"
"42903","0.00019703246653079987","0.00019703246653079987","0.00019703246653079987"
"42905","0.00015532411634922028","0.00015532411634922028","0.00015532411634922028"
"42911","0.0061431750655174255","0.0061431750655174255","0.0061431750655174255"
"42917","0.00025499798357486725","0.00025499798357486725","0.00025499798357486725"
"42925","0.00012059509754180908","0.00012059509754180908","0.00012059509754180908"
"42931","0.00000858306884765625","0.00000858306884765625","0.00000858306884765625"
"42935","0.019406277686357498","0.019406277686357498","0.019406277686357498"
"42939","0.018514713272452354","0.018514713272452354","0.018514713272452354"
"42941","0.0004240330308675766","0.0004240330308675766","0.0004240330308675766"
"42943","0.00004838593304157257","0.00004838593304157257","0.00004838593304157257"
"42947","0.0003079306334257126","0.0003079306334257126","0.0003079306334257126"
"42955","0.00003784149885177612","0.00003784149885177612","0.00003784149885177612"
"42983","0.02723447047173977","0.02723447047173977","0.02723447047173977"
"42985","0.0004581417888402939","0.0004581417888402939","0.0004581417888402939"
"42991","0.013932954519987106","0.013932954519987106","0.013932954519987106"
"42997","0.0003813374787569046","0.0003813374787569046","0.0003813374787569046"
"43009","0.000059118494391441345","0.000059118494391441345","0.000059118494391441345"
"43015","0.01854538545012474","0.01854538545012474","0.01854538545012474"
"43021","0.002353021875023842","0.002353021875023842","0.002353021875023842"
"43025","0.0007994174957275391","0.0007994174957275391","0.0007994174957275391"
"43027","0.00017254799604415894","0.00017254799604415894","0.00017254799604415894"
"43033","0.0015552695840597153","0.0015552695840597153","0.0015552695840597153"
"43039","0.0006679929792881012","0.0006679929792881012","0.0006679929792881012"
"43043","0.00020905956625938416","0.00020905956625938416","0.00020905956625938416"
"43045","0.0004748702049255371","0.0004748702049255371","0.0004748702049255371"
"43057","0.00038122572004795074","0.00038122572004795074","0.00038122572004795074"
"43061","0.0000718478113412857","0.0000718478113412857","0.0000718478113412857"
"43065","0.0005955807864665985","0.0005955807864665985","0.0005955807864665985"
"43071","0.0006507504731416702","0.0006507504731416702","0.0006507504731416702"
"43075","0.000173274427652359","0.000173274427652359","0.000173274427652359"
"43081","0.00032702647149562836","0.00032702647149562836","0.00032702647149562836"
"43083","0.0004341360181570053","0.0004341360181570053","0.0004341360181570053"
"43087","0.0032285451889038086","0.0032285451889038086","0.0032285451889038086"
"43089","0.00004668720066547394","0.00004668720066547394","0.00004668720066547394"
"43091","0.010092681273818016","0.010092681273818016","0.010092681273818016"
"43101","0.0008818693459033966","0.0008818693459033966","0.0008818693459033966"
"43103","0.0003113783895969391","0.0003113783895969391","0.0003113783895969391"
"43112","0.00007681362330913544","0.00007681362330913544","0.00007681362330913544"
"43114","0.011452937498688698","0.011452937498688698","0.011452937498688698"
"43116","0.0005369856953620911","0.0005369856953620911","0.0005369856953620911"
"43120","0.0005773734301328659","0.0005773734301328659","0.0005773734301328659"
"43122","0.00003942660987377167","0.00003942660987377167","0.00003942660987377167"
"43124","0.00003813393414020538","0.00003813393414020538","0.00003813393414020538"
"43126","0.0019407439976930618","0.0019407439976930618","0.0019407439976930618"
"43130","0.0007651783525943756","0.0007651783525943756","0.0007651783525943756"
"43138","0.00002767331898212433","0.00002767331898212433","0.00002767331898212433"
"43140","0.000822409987449646","0.000822409987449646","0.000822409987449646"
"43156","0.0014043375849723816","0.0014043375849723816","0.0014043375849723816"
"43174","0.00017487816512584686","0.00017487816512584686","0.00017487816512584686"
"43176","0.0007575564086437225","0.0007575564086437225","0.0007575564086437225"
"43180","0.0005422588437795639","0.0005422588437795639","0.0005422588437795639"
"43186","0.001782229170203209","0.001782229170203209","0.001782229170203209"
"43190","0.004390200600028038","0.004390200600028038","0.004390200600028038"
"43192","0.00033156760036945343","0.00033156760036945343","0.00033156760036945343"
"43196","0.036473117768764496","0.036473117768764496","0.036473117768764496"
"43198","0.000232769176363945","0.000232769176363945","0.000232769176363945"
"43216","0.0007736142724752426","0.0007736142724752426","0.0007736142724752426"
"43222","0.0008168630301952362","0.0008168630301952362","0.0008168630301952362"
"43224","0.002650320529937744","0.002650320529937744","0.002650320529937744"
"43228","0.05199447646737099","0.05199447646737099","0.05199447646737099"
"43254","0.00007747672498226166","0.00007747672498226166","0.00007747672498226166"
"43260","0.03643067181110382","0.03643067181110382","0.03643067181110382"
"43276","0.0007016453891992569","0.0007016453891992569","0.0007016453891992569"
"43278","0.00020597316324710846","0.00020597316324710846","0.00020597316324710846"
"43294","0.00040466710925102234","0.00040466710925102234","0.00040466710925102234"
"43298","0.0001562945544719696","0.0001562945544719696","0.0001562945544719696"
"43300","0.0015783850103616714","0.0015783850103616714","0.0015783850103616714"
"43304","0.00024219974875450134","0.00024219974875450134","0.00024219974875450134"
"43306","0.00035735033452510834","0.00035735033452510834","0.00035735033452510834"
"43310","0.000026345252990722656","0.000026345252990722656","0.000026345252990722656"
"43316","0.00010350346565246582","0.00010350346565246582","0.00010350346565246582"
"43318","0.000046292319893836975","0.000046292319893836975","0.000046292319893836975"
"43324","0.0038116220384836197","0.0038116220384836197","0.0038116220384836197"
"43326","0.0031307898461818695","0.0031307898461818695","0.0031307898461818695"
"43336","0.0018888730555772781","0.0018888730555772781","0.0018888730555772781"
"43338","0.00006125308573246002","0.00006125308573246002","0.00006125308573246002"
"43340","0.000022064894437789917","0.000022064894437789917","0.000022064894437789917"
"43354","0.004454487934708595","0.004454487934708595","0.004454487934708595"
"43358","0.0014779400080442429","0.0014779400080442429","0.0014779400080442429"
"43372","0.00009965524077415466","0.00009965524077415466","0.00009965524077415466"
"43374","0.00009873509407043457","0.00009873509407043457","0.00009873509407043457"
"43376","0.00038332492113113403","0.00038332492113113403","0.00038332492113113403"
"43380","0.00016710162162780762","0.00016710162162780762","0.00016710162162780762"
"43390","0.000415850430727005","0.000415850430727005","0.000415850430727005"
"43392","0.010951794683933258","0.010951794683933258","0.010951794683933258"
"43396","0.0024097617715597153","0.0024097617715597153","0.0024097617715597153"
"43404","0.0002261623740196228","0.0002261623740196228","0.0002261623740196228"
"43406","0.004542198032140732","0.004542198032140732","0.004542198032140732"
"43408","0.0014838110655546188","0.0014838110655546188","0.0014838110655546188"
"43412","0.0007769092917442322","0.0007769092917442322","0.0007769092917442322"
"43416","0.000043161213397979736","0.000043161213397979736","0.000043161213397979736"
"43432","0.0003706347197294235","0.0003706347197294235","0.0003706347197294235"
"43444","0.00636010617017746","0.00636010617017746","0.00636010617017746"
"43446","0.00013724714517593384","0.00013724714517593384","0.00013724714517593384"
"43450","0.0004755742847919464","0.0004755742847919464","0.0004755742847919464"
"43456","0.0011082515120506287","0.0011082515120506287","0.0011082515120506287"
"43458","0.0009499583393335342","0.0009499583393335342","0.0009499583393335342"
"43462","0.00022446922957897186","0.00022446922957897186","0.00022446922957897186"
"43464","0.0009618941694498062","0.0009618941694498062","0.0009618941694498062"
"43470","0.0023647546768188477","0.0023647546768188477","0.0023647546768188477"
"43472","0.005440143868327141","0.005440143868327141","0.005440143868327141"
"43478","0.00010769255459308624","0.00010769255459308624","0.00010769255459308624"
"43482","0.00008331798017024994","0.00008331798017024994","0.00008331798017024994"
"43484","0.00039891526103019714","0.00039891526103019714","0.00039891526103019714"
"43486","0.0026851240545511246","0.0026851240545511246","0.0026851240545511246"
"43492","0.0017611682415008545","0.0017611682415008545","0.0017611682415008545"
"43494","0.038163475692272186","0.038163475692272186","0.038163475692272186"
"43498","0.0001680627465248108","0.0001680627465248108","0.0001680627465248108"
"43510","0.00027356669306755066","0.00027356669306755066","0.00027356669306755066"
"43516","0.0008539874106645584","0.0008539874106645584","0.0008539874106645584"
"43520","0.0015045572072267532","0.0015045572072267532","0.0015045572072267532"
"43522","0.00014724582433700562","0.00014724582433700562","0.00014724582433700562"
"43524","0.00006666593253612518","0.00006666593253612518","0.00006666593253612518"
"43526","0.000051176175475120544","0.000051176175475120544","0.000051176175475120544"
"43536","0.008864156901836395","0.008864156901836395","0.008864156901836395"
"43544","0.0022563524544239044","0.0022563524544239044","0.0022563524544239044"
"43546","0.0010021701455116272","0.0010021701455116272","0.0010021701455116272"
"43554","0.000014865770936012268","0.000014865770936012268","0.000014865770936012268"
"43556","0.0001688450574874878","0.0001688450574874878","0.0001688450574874878"
"43558","0.00044201314449310303","0.00044201314449310303","0.00044201314449310303"
"43562","0.0038093216717243195","0.0038093216717243195","0.0038093216717243195"
"43568","0.0009071230888366699","0.0009071230888366699","0.0009071230888366699"
"43572","0.0002743694931268692","0.0002743694931268692","0.0002743694931268692"
"43576","0.0014274735003709793","0.0014274735003709793","0.0014274735003709793"
"43582","0.0005086436867713928","0.0005086436867713928","0.0005086436867713928"
"43588","0.008450837805867195","0.008450837805867195","0.008450837805867195"
"43590","0.002910517156124115","0.002910517156124115","0.002910517156124115"
"43596","0.00018034502863883972","0.00018034502863883972","0.00018034502863883972"
"43604","0.0011998526751995087","0.0011998526751995087","0.0011998526751995087"
"43606","0.0005012601613998413","0.0005012601613998413","0.0005012601613998413"
"43610","0.0007618553936481476","0.0007618553936481476","0.0007618553936481476"
"43618","0.00010894052684307098","0.00010894052684307098","0.00010894052684307098"
"43624","0.0009914059191942215","0.0009914059191942215","0.0009914059191942215"
"43626","0.00043771974742412567","0.00043771974742412567","0.00043771974742412567"
"43628","0.0007494445890188217","0.0007494445890188217","0.0007494445890188217"
"43636","0.0025153979659080505","0.0025153979659080505","0.0025153979659080505"
"43644","0.0006213933229446411","0.0006213933229446411","0.0006213933229446411"
"43648","0.000776996836066246","0.000776996836066246","0.000776996836066246"
"43654","0.0022827256470918655","0.0022827256470918655","0.0022827256470918655"
"43660","0.00018669292330741882","0.00018669292330741882","0.00018669292330741882"
"43670","0.0004260558634996414","0.0004260558634996414","0.0004260558634996414"
"43678","0.0017500538378953934","0.0017500538378953934","0.0017500538378953934"
"43686","0.0005705226212739944","0.0005705226212739944","0.0005705226212739944"
"43692","0.0003292430192232132","0.0003292430192232132","0.0003292430192232132"
"43696","0.001088527962565422","0.001088527962565422","0.001088527962565422"
"43698","0.0009833090007305145","0.0009833090007305145","0.0009833090007305145"
"43700","0.00036782771348953247","0.00036782771348953247","0.00036782771348953247"
"43702","0.002500232309103012","0.002500232309103012","0.002500232309103012"
"43704","0.0006827376782894135","0.0006827376782894135","0.0006827376782894135"
"43706","0.0000550784170627594","0.0000550784170627594","0.0000550784170627594"
"43710","0.0001994650810956955","0.0001994650810956955","0.0001994650810956955"
"43712","0.00047452375292778015","0.00047452375292778015","0.00047452375292778015"
"43716","0.001971019431948662","0.001971019431948662","0.001971019431948662"
"43728","0.00033736787736415863","0.00033736787736415863","0.00033736787736415863"
"43732","0.0002241171896457672","0.0002241171896457672","0.0002241171896457672"
"43742","0.0025440435856580734","0.0025440435856580734","0.0025440435856580734"
"43748","0.00040243007242679596","0.00040243007242679596","0.00040243007242679596"
"43754","0.010698039084672928","0.010698039084672928","0.010698039084672928"
"43760","0.0015658624470233917","0.0015658624470233917","0.0015658624470233917"
"43762","0.022171661257743835","0.022171661257743835","0.022171661257743835"
"43770","0.006383480504155159","0.006383480504155159","0.006383480504155159"
"43776","0.00042377784848213196","0.00042377784848213196","0.00042377784848213196"
"43780","0.0000833999365568161","0.0000833999365568161","0.0000833999365568161"
"43782","0.00007934309542179108","0.00007934309542179108","0.00007934309542179108"
"43788","0.007396336644887924","0.007396336644887924","0.007396336644887924"
"43792","0.001983165740966797","0.001983165740966797","0.001983165740966797"
"43794","0.0023182854056358337","0.0023182854056358337","0.0023182854056358337"
"43796","0.021127846091985703","0.021127846091985703","0.021127846091985703"
"43802","0.000026308000087738037","0.000026308000087738037","0.000026308000087738037"
"43808","0.0007995050400495529","0.0007995050400495529","0.0007995050400495529"
"43810","0.0006615761667490005","0.0006615761667490005","0.0006615761667490005"
"43812","0.0002524964511394501","0.0002524964511394501","0.0002524964511394501"
"43818","0.000015340745449066162","0.000015340745449066162","0.000015340745449066162"
"43836","0.0005063489079475403","0.0005063489079475403","0.0005063489079475403"
"43840","0.00007568299770355225","0.00007568299770355225","0.00007568299770355225"
"43842","0.0006302967667579651","0.0006302967667579651","0.0006302967667579651"
"43846","0.04263143986463547","0.04263143986463547","0.04263143986463547"
"43852","0.0003634802997112274","0.0003634802997112274","0.0003634802997112274"
"43862","0.03431643173098564","0.03431643173098564","0.03431643173098564"
"43866","0.008205939084291458","0.008205939084291458","0.008205939084291458"
"43874","0.0007757227867841721","0.0007757227867841721","0.0007757227867841721"
"43876","0.00005920976400375366","0.00005920976400375366","0.00005920976400375366"
"43882","0.0018820147961378098","0.0018820147961378098","0.0018820147961378098"
"43890","0.00007167831063270569","0.00007167831063270569","0.00007167831063270569"
"43892","0.0012794546782970428","0.0012794546782970428","0.0012794546782970428"
"43894","0.00010024569928646088","0.00010024569928646088","0.00010024569928646088"
"43898","0.00197424553334713","0.00197424553334713","0.00197424553334713"
"43902","0.00891929678618908","0.00891929678618908","0.00891929678618908"
"43904","0.009139452129602432","0.009139452129602432","0.009139452129602432"
"43908","0.0003227218985557556","0.0003227218985557556","0.0003227218985557556"
"43910","0.0023217201232910156","0.0023217201232910156","0.0023217201232910156"
"43914","0.033941611647605896","0.033941611647605896","0.033941611647605896"
"43916","0.00024772435426712036","0.00024772435426712036","0.00024772435426712036"
"43920","0.01187901571393013","0.01187901571393013","0.01187901571393013"
"43926","0.0003276560455560684","0.0003276560455560684","0.0003276560455560684"
"43928","0.0010446812957525253","0.0010446812957525253","0.0010446812957525253"
"43930","0.00039251334965229034","0.00039251334965229034","0.00039251334965229034"
"43932","0.0013707559555768967","0.0013707559555768967","0.0013707559555768967"
"43934","0.00023105181753635406","0.00023105181753635406","0.00023105181753635406"
"43944","0.0013295449316501617","0.0013295449316501617","0.0013295449316501617"
"43946","0.00095343217253685","0.00095343217253685","0.00095343217253685"
"43952","0.0000694170594215393","0.0000694170594215393","0.0000694170594215393"
"43956","0.0013169217854738235","0.0013169217854738235","0.0013169217854738235"
"43960","0.00022280775010585785","0.00022280775010585785","0.00022280775010585785"
"43964","0.00017669610679149628","0.00017669610679149628","0.00017669610679149628"
"43966","0.000474538654088974","0.000474538654088974","0.000474538654088974"
"43970","0.00008110329508781433","0.00008110329508781433","0.00008110329508781433"
"43972","0.019100816920399666","0.019100816920399666","0.019100816920399666"
"43976","0.00004255026578903198","0.00004255026578903198","0.00004255026578903198"
"43980","0.0001614447683095932","0.0001614447683095932","0.0001614447683095932"
"43986","0.0032563917338848114","0.0032563917338848114","0.0032563917338848114"
"43992","0.0008513331413269043","0.0008513331413269043","0.0008513331413269043"
"43994","0.002468600869178772","0.002468600869178772","0.002468600869178772"
"43996","0.022145962342619896","0.022145962342619896","0.022145962342619896"
"44000","0.00036915577948093414","0.00036915577948093414","0.00036915577948093414"
"44004","0.00271555595099926","0.00271555595099926","0.00271555595099926"
"44012","0.00035730190575122833","0.00035730190575122833","0.00035730190575122833"
"44024","0.0000742543488740921","0.0000742543488740921","0.0000742543488740921"
"44030","0.0025286562740802765","0.0025286562740802765","0.0025286562740802765"
"44032","0.015352148562669754","0.015352148562669754","0.015352148562669754"
"44036","0.0035041533410549164","0.0035041533410549164","0.0035041533410549164"
"44040","0.009986136108636856","0.009986136108636856","0.009986136108636856"
"44042","0.0006253663450479507","0.0006253663450479507","0.0006253663450479507"
"44044","0.0010842923074960709","0.0010842923074960709","0.0010842923074960709"
"44046","0.0021258313208818436","0.0021258313208818436","0.0021258313208818436"
"44048","0.04460509121417999","0.04460509121417999","0.04460509121417999"
"44054","0.0013987720012664795","0.0013987720012664795","0.0013987720012664795"
"44070","0.00023879297077655792","0.00023879297077655792","0.00023879297077655792"
"44072","0.00017932429909706116","0.00017932429909706116","0.00017932429909706116"
"44074","0.0007005110383033752","0.0007005110383033752","0.0007005110383033752"
"44082","0.00022019073367118835","0.00022019073367118835","0.00022019073367118835"
"44086","0.0003313310444355011","0.0003313310444355011","0.0003313310444355011"
"44096","0.0004578791558742523","0.0004578791558742523","0.0004578791558742523"
"44103","0.001655852422118187","0.001655852422118187","0.001655852422118187"
"44105","0.000026108697056770325","0.000026108697056770325","0.000026108697056770325"
"44109","0.0005435869097709656","0.0005435869097709656","0.0005435869097709656"
"44129","0.0029636528342962265","0.0029636528342962265","0.0029636528342962265"
"44133","0.009586326777935028","0.009586326777935028","0.009586326777935028"
"44139","0.0011194497346878052","0.0011194497346878052","0.0011194497346878052"
"44141","0.0002252049744129181","0.0002252049744129181","0.0002252049744129181"
"44143","0.00019109994173049927","0.00019109994173049927","0.00019109994173049927"
"44145","0.0006612576544284821","0.0006612576544284821","0.0006612576544284821"
"44147","0.0022208411246538162","0.0022208411246538162","0.0022208411246538162"
"44153","0.0001830868422985077","0.0001830868422985077","0.0001830868422985077"
"44155","0.0013105608522891998","0.0013105608522891998","0.0013105608522891998"
"44157","0.00047975219786167145","0.00047975219786167145","0.00047975219786167145"
"44165","0.000015798956155776978","0.000015798956155776978","0.000015798956155776978"
"44167","0.000353444367647171","0.000353444367647171","0.000353444367647171"
"44177","0.00009069032967090607","0.00009069032967090607","0.00009069032967090607"
"44179","0.00020583905279636383","0.00020583905279636383","0.00020583905279636383"
"44181","0.0001664441078901291","0.0001664441078901291","0.0001664441078901291"
"44185","0.00007345713675022125","0.00007345713675022125","0.00007345713675022125"
"44189","0.0056676920503377914","0.0056676920503377914","0.0056676920503377914"
"44197","0.02560555934906006","0.02560555934906006","0.02560555934906006"
"44199","0.00009746290743350983","0.00009746290743350983","0.00009746290743350983"
"44213","0.00015742890536785126","0.00015742890536785126","0.00015742890536785126"
"44215","0.00042356736958026886","0.00042356736958026886","0.00042356736958026886"
"44223","0.029306311160326004","0.029306311160326004","0.029306311160326004"
"44229","0.0002660192549228668","0.0002660192549228668","0.0002660192549228668"
"44233","0.0005912669003009796","0.0005912669003009796","0.0005912669003009796"
"44239","0.008547050878405571","0.008547050878405571","0.008547050878405571"
"44241","0.00008337199687957764","0.00008337199687957764","0.00008337199687957764"
"44253","0.0039036571979522705","0.0039036571979522705","0.0039036571979522705"
"44259","0.0003240201622247696","0.0003240201622247696","0.0003240201622247696"
"44261","0.00024934858083724976","0.00024934858083724976","0.00024934858083724976"
"44263","0.00037047453224658966","0.00037047453224658966","0.00037047453224658966"
"44265","0.001742251217365265","0.001742251217365265","0.001742251217365265"
"44275","0.0006447900086641312","0.0006447900086641312","0.0006447900086641312"
"44285","0.040562234818935394","0.040562234818935394","0.040562234818935394"
"44293","0.000010099261999130249","0.000010099261999130249","0.000010099261999130249"
"44295","0.0012234020978212357","0.0012234020978212357","0.0012234020978212357"
"44297","0.00023511238396167755","0.00023511238396167755","0.00023511238396167755"
"44299","0.0005851630121469498","0.0005851630121469498","0.0005851630121469498"
"44301","0.0005300473421812057","0.0005300473421812057","0.0005300473421812057"
"44307","0.0004098936915397644","0.0004098936915397644","0.0004098936915397644"
"44309","0.007049353793263435","0.007049353793263435","0.007049353793263435"
"44311","0.00004388764500617981","0.00004388764500617981","0.00004388764500617981"
"44315","0.00006921961903572083","0.00006921961903572083","0.00006921961903572083"
"44327","0.000690339133143425","0.000690339133143425","0.000690339133143425"
"44343","0.003607792779803276","0.003607792779803276","0.003607792779803276"
"44345","0.0018060952425003052","0.0018060952425003052","0.0018060952425003052"
"44347","0.0008053705096244812","0.0008053705096244812","0.0008053705096244812"
"44349","0.0014932751655578613","0.0014932751655578613","0.0014932751655578613"
"44351","0.0037031155079603195","0.0037031155079603195","0.0037031155079603195"
"44353","0.0033296719193458557","0.0033296719193458557","0.0033296719193458557"
"44361","0.0010533705353736877","0.0010533705353736877","0.0010533705353736877"
"44367","0.00006172992289066315","0.00006172992289066315","0.00006172992289066315"
"44369","0.0003369636833667755","0.0003369636833667755","0.0003369636833667755"
"44373","0.00024979375302791595","0.00024979375302791595","0.00024979375302791595"
"44381","0.0012554414570331573","0.0012554414570331573","0.0012554414570331573"
"44383","0.002356588840484619","0.002356588840484619","0.002356588840484619"
"44389","0.0002744160592556","0.0002744160592556","0.0002744160592556"
"44391","0.0008493997156620026","0.0008493997156620026","0.0008493997156620026"
"44395","0.0019847452640533447","0.0019847452640533447","0.0019847452640533447"
"44399","0.00025762617588043213","0.00025762617588043213","0.00025762617588043213"
"44401","0.00047191232442855835","0.00047191232442855835","0.00047191232442855835"
"44409","0.0012695733457803726","0.0012695733457803726","0.0012695733457803726"
"44411","0.00008864700794219971","0.00008864700794219971","0.00008864700794219971"
"44415","0.000011254101991653442","0.000011254101991653442","0.000011254101991653442"
"44417","0.0007577259093523026","0.0007577259093523026","0.0007577259093523026"
"44423","0.0022353697568178177","0.0022353697568178177","0.0022353697568178177"
"44427","0.0007049068808555603","0.0007049068808555603","0.0007049068808555603"
"44437","0.0015035588294267654","0.0015035588294267654","0.0015035588294267654"
"44439","0.0001173652708530426","0.0001173652708530426","0.0001173652708530426"
"44451","0.000717824324965477","0.000717824324965477","0.000717824324965477"
"44453","0.00008445605635643005","0.00008445605635643005","0.00008445605635643005"
"44455","0.0022763237357139587","0.0022763237357139587","0.0022763237357139587"
"44471","0.0026840921491384506","0.0026840921491384506","0.0026840921491384506"
"44473","0.0025883615016937256","0.0025883615016937256","0.0025883615016937256"
"44479","0.001093164086341858","0.001093164086341858","0.001093164086341858"
"44481","0.0026600025594234467","0.0026600025594234467","0.0026600025594234467"
"44485","0.000019023194909095764","0.000019023194909095764","0.000019023194909095764"
"44487","0.00018447265028953552","0.00018447265028953552","0.00018447265028953552"
"44495","0.0000345427542924881","0.0000345427542924881","0.0000345427542924881"
"44497","0.00012110546231269836","0.00012110546231269836","0.00012110546231269836"
"44499","0.008419100195169449","0.008419100195169449","0.008419100195169449"
"44503","0.0022246241569519043","0.0022246241569519043","0.0022246241569519043"
"44513","0.00019872747361660004","0.00019872747361660004","0.00019872747361660004"
"44515","0.0019038151949644089","0.0019038151949644089","0.0019038151949644089"
"44521","0.0038465578109025955","0.0038465578109025955","0.0038465578109025955"
"44523","0.00009035319089889526","0.00009035319089889526","0.00009035319089889526"
"44527","0.000791255384683609","0.000791255384683609","0.000791255384683609"
"44533","0.00041018053889274597","0.00041018053889274597","0.00041018053889274597"
"44535","0.00009169243276119232","0.00009169243276119232","0.00009169243276119232"
"44543","0.02070475183427334","0.02070475183427334","0.02070475183427334"
"44545","0.002011949196457863","0.002011949196457863","0.002011949196457863"
"44549","0.003044724464416504","0.003044724464416504","0.003044724464416504"
"44561","0.014641806483268738","0.014641806483268738","0.014641806483268738"
"44565","0.0006401017308235168","0.0006401017308235168","0.0006401017308235168"
"44569","0.003493916243314743","0.003493916243314743","0.003493916243314743"
"44577","0.001047726720571518","0.001047726720571518","0.001047726720571518"
"44579","0.004247799515724182","0.004247799515724182","0.004247799515724182"
"44585","0.0001988392323255539","0.0001988392323255539","0.0001988392323255539"
"44589","0.005694972351193428","0.005694972351193428","0.005694972351193428"
"44591","0.0004336349666118622","0.0004336349666118622","0.0004336349666118622"
"44601","0.020022829994559288","0.020022829994559288","0.020022829994559288"
"44603","0.009430430829524994","0.009430430829524994","0.009430430829524994"
"44607","0.000034127384424209595","0.000034127384424209595","0.000034127384424209595"
"44609","0.0011949893087148666","0.0011949893087148666","0.0011949893087148666"
"44613","0.000022273510694503784","0.000022273510694503784","0.000022273510694503784"
"44617","0.00024041533470153809","0.00024041533470153809","0.00024041533470153809"
"44623","0.00012553483247756958","0.00012553483247756958","0.00012553483247756958"
"44637","0.0001891050487756729","0.0001891050487756729","0.0001891050487756729"
"44645","0.000031655654311180115","0.000031655654311180115","0.000031655654311180115"
"44649","0.0003439411520957947","0.0003439411520957947","0.0003439411520957947"
"44653","0.0009729228913784027","0.0009729228913784027","0.0009729228913784027"
"44667","0.0016538184136152267","0.0016538184136152267","0.0016538184136152267"
"44671","0.0004135891795158386","0.0004135891795158386","0.0004135891795158386"
"44677","0.00036924146115779877","0.00036924146115779877","0.00036924146115779877"
"44683","0.00029819831252098083","0.00029819831252098083","0.00029819831252098083"
"44687","0.00006105005741119385","0.00006105005741119385","0.00006105005741119385"
"44691","0.00047681108117103577","0.00047681108117103577","0.00047681108117103577"
"44701","0.0017033498734235764","0.0017033498734235764","0.0017033498734235764"
"44703","0.0010421182960271835","0.0010421182960271835","0.0010421182960271835"
"44707","0.0026672203093767166","0.0026672203093767166","0.0026672203093767166"
"44709","0.00008662045001983643","0.00008662045001983643","0.00008662045001983643"
"44711","0.0009656250476837158","0.0009656250476837158","0.0009656250476837158"
"44715","0.00011612661182880402","0.00011612661182880402","0.00011612661182880402"
"44733","0.0005899686366319656","0.0005899686366319656","0.0005899686366319656"
"44735","0.0004753582179546356","0.0004753582179546356","0.0004753582179546356"
"44747","0.000052111223340034485","0.000052111223340034485","0.000052111223340034485"
"44751","0.00004200637340545654","0.00004200637340545654","0.00004200637340545654"
"44757","0.007579278200864792","0.007579278200864792","0.007579278200864792"
"44759","0.00032033585011959076","0.00032033585011959076","0.00032033585011959076"
"44765","0.0057673100382089615","0.0057673100382089615","0.0057673100382089615"
"44767","0.0028380323201417923","0.0028380323201417923","0.0028380323201417923"
"44769","0.0005421023815870285","0.0005421023815870285","0.0005421023815870285"
"44775","0.0007823780179023743","0.0007823780179023743","0.0007823780179023743"
"44779","0.0003864504396915436","0.0003864504396915436","0.0003864504396915436"
"44781","0.0072373393923044205","0.0072373393923044205","0.0072373393923044205"
"44799","0.003756467252969742","0.003756467252969742","0.003756467252969742"
"44803","0.00003702007234096527","0.00003702007234096527","0.00003702007234096527"
"44807","0.016469575464725494","0.016469575464725494","0.016469575464725494"
"44809","0.000011997297406196594","0.000011997297406196594","0.000011997297406196594"
"44813","0.00034009478986263275","0.00034009478986263275","0.00034009478986263275"
"44819","0.0007714554667472839","0.0007714554667472839","0.0007714554667472839"
"44821","0.003610728308558464","0.003610728308558464","0.003610728308558464"
"44823","0.000787392258644104","0.000787392258644104","0.000787392258644104"
"44833","0.0001934841275215149","0.0001934841275215149","0.0001934841275215149"
"44837","0.003190102055668831","0.003190102055668831","0.003190102055668831"
"44847","0.00002940744161605835","0.00002940744161605835","0.00002940744161605835"
"44849","0.00010415352880954742","0.00010415352880954742","0.00010415352880954742"
"44851","0.00012778490781784058","0.00012778490781784058","0.00012778490781784058"
"44853","0.001995077356696129","0.001995077356696129","0.001995077356696129"
"44855","0.00034826621413230896","0.00034826621413230896","0.00034826621413230896"
"44859","0.0005360767245292664","0.0005360767245292664","0.0005360767245292664"
"44863","0.00008231215178966522","0.00008231215178966522","0.00008231215178966522"
"44865","0.000036630779504776","0.000036630779504776","0.000036630779504776"
"44883","0.0023200083523988724","0.0023200083523988724","0.0023200083523988724"
"44891","0.0002630278468132019","0.0002630278468132019","0.0002630278468132019"
"44893","0.0014353077858686447","0.0014353077858686447","0.0014353077858686447"
"44901","0.022457487881183624","0.022457487881183624","0.022457487881183624"
"44907","0.0008715931326150894","0.0008715931326150894","0.0008715931326150894"
"44909","0.023449070751667023","0.023449070751667023","0.023449070751667023"
"44913","0.00008849240839481354","0.00008849240839481354","0.00008849240839481354"
"44915","0.001276116818189621","0.001276116818189621","0.001276116818189621"
"44917","0.0013487208634614944","0.0013487208634614944","0.0013487208634614944"
"44919","0.0004011373966932297","0.0004011373966932297","0.0004011373966932297"
"44921","0.0007234849035739899","0.0007234849035739899","0.0007234849035739899"
"44927","0.0002718735486268997","0.0002718735486268997","0.0002718735486268997"
"44935","0.008721742779016495","0.008721742779016495","0.008721742779016495"
"44943","0.0012606456875801086","0.0012606456875801086","0.0012606456875801086"
"44945","0.0029208827763795853","0.0029208827763795853","0.0029208827763795853"
"44951","0.007645200937986374","0.007645200937986374","0.007645200937986374"
"44975","0.001425866037607193","0.001425866037607193","0.001425866037607193"
"44983","0.0007494855672121048","0.0007494855672121048","0.0007494855672121048"
"44985","0.000506991520524025","0.000506991520524025","0.000506991520524025"
"44987","0.00008092634379863739","0.00008092634379863739","0.00008092634379863739"
"44991","0.0012328848242759705","0.0012328848242759705","0.0012328848242759705"
"44993","0.000025488436222076416","0.000025488436222076416","0.000025488436222076416"
"44995","0.0009583812206983566","0.0009583812206983566","0.0009583812206983566"
"44999","0.042309004813432693","0.042309004813432693","0.042309004813432693"
"45001","0.0010693781077861786","0.0010693781077861786","0.0010693781077861786"
"45003","0.0001020822674036026","0.0001020822674036026","0.0001020822674036026"
"45009","0.00033404119312763214","0.00033404119312763214","0.00033404119312763214"
"45017","0.00022014230489730835","0.00022014230489730835","0.00022014230489730835"
"45025","0.0018172170966863632","0.0018172170966863632","0.0018172170966863632"
"45027","0.00021722353994846344","0.00021722353994846344","0.00021722353994846344"
"45035","0.00954824686050415","0.00954824686050415","0.00954824686050415"
"45037","0.00008489377796649933","0.00008489377796649933","0.00008489377796649933"
"45047","0.0009182579815387726","0.0009182579815387726","0.0009182579815387726"
"45049","0.0011567343026399612","0.0011567343026399612","0.0011567343026399612"
"45067","0.0030757300555706024","0.0030757300555706024","0.0030757300555706024"
"45071","0.0007157456129789352","0.0007157456129789352","0.0007157456129789352"
"45081","0.0002435501664876938","0.0002435501664876938","0.0002435501664876938"
"45085","0.0004678536206483841","0.0004678536206483841","0.0004678536206483841"
"45092","0.00006365776062011719","0.00006365776062011719","0.00006365776062011719"
"45098","0.00015837699174880981","0.00015837699174880981","0.00015837699174880981"
"45104","0.008549243211746216","0.008549243211746216","0.008549243211746216"
"45108","0.0002991296350955963","0.0002991296350955963","0.0002991296350955963"
"45110","0.00040144845843315125","0.00040144845843315125","0.00040144845843315125"
"45112","0.0009266398847103119","0.0009266398847103119","0.0009266398847103119"
"45122","0.003757935017347336","0.003757935017347336","0.003757935017347336"
"45124","0.0002459380775690079","0.0002459380775690079","0.0002459380775690079"
"45128","0.0035034921020269394","0.0035034921020269394","0.0035034921020269394"
"45140","0.00005958043038845062","0.00005958043038845062","0.00005958043038845062"
"45142","0.00020411238074302673","0.00020411238074302673","0.00020411238074302673"
"45156","0.0007541216909885406","0.0007541216909885406","0.0007541216909885406"
"45158","0.0004192013293504715","0.0004192013293504715","0.0004192013293504715"
"45164","0.0009263642132282257","0.0009263642132282257","0.0009263642132282257"
"45166","0.0011649802327156067","0.0011649802327156067","0.0011649802327156067"
"45168","0.007563350722193718","0.007563350722193718","0.007563350722193718"
"45174","0.008160639554262161","0.008160639554262161","0.008160639554262161"
"45180","0.0018078014254570007","0.0018078014254570007","0.0018078014254570007"
"45184","0.0001576002687215805","0.0001576002687215805","0.0001576002687215805"
"45190","0.0017325393855571747","0.0017325393855571747","0.0017325393855571747"
"45198","0.00014313124120235443","0.00014313124120235443","0.00014313124120235443"
"45200","0.0007217880338430405","0.0007217880338430405","0.0007217880338430405"
"45206","0.00010910816490650177","0.00010910816490650177","0.00010910816490650177"
"45208","0.00017323903739452362","0.00017323903739452362","0.00017323903739452362"
"45212","0.006404062733054161","0.006404062733054161","0.006404062733054161"
"45220","0.002842547371983528","0.002842547371983528","0.002842547371983528"
"45224","0.008521649986505508","0.008521649986505508","0.008521649986505508"
"45232","0.008293205872178078","0.008293205872178078","0.008293205872178078"
"45234","0.00023674964904785156","0.00023674964904785156","0.00023674964904785156"
"45236","0.00004315376281738281","0.00004315376281738281","0.00004315376281738281"
"45240","0.0002507418394088745","0.0002507418394088745","0.0002507418394088745"
"45248","0.0007930304855108261","0.0007930304855108261","0.0007930304855108261"
"45250","0.00017210282385349274","0.00017210282385349274","0.00017210282385349274"
"45256","0.00003637745976448059","0.00003637745976448059","0.00003637745976448059"
"45258","0.0002750363200902939","0.0002750363200902939","0.0002750363200902939"
"45266","0.0002650190144777298","0.0002650190144777298","0.0002650190144777298"
"45268","0.0009266436100006104","0.0009266436100006104","0.0009266436100006104"
"45284","0.0026409365236759186","0.0026409365236759186","0.0026409365236759186"
"45290","0.00022380240261554718","0.00022380240261554718","0.00022380240261554718"
"45292","0.00003793090581893921","0.00003793090581893921","0.00003793090581893921"
"45298","0.00015529803931713104","0.00015529803931713104","0.00015529803931713104"
"45304","0.003500238060951233","0.003500238060951233","0.003500238060951233"
"45312","0.0006000082939863205","0.0006000082939863205","0.0006000082939863205"
"45322","0.0001950245350599289","0.0001950245350599289","0.0001950245350599289"
"45324","0.0016079079359769821","0.0016079079359769821","0.0016079079359769821"
"45332","0.0013421867042779922","0.0013421867042779922","0.0013421867042779922"
"45334","0.0002487599849700928","0.0002487599849700928","0.0002487599849700928"
"45336","0.0010136310011148453","0.0010136310011148453","0.0010136310011148453"
"45346","0.00007436051964759827","0.00007436051964759827","0.00007436051964759827"
"45348","0.0003575775772333145","0.0003575775772333145","0.0003575775772333145"
"45352","0.000056218355894088745","0.000056218355894088745","0.000056218355894088745"
"45354","0.0010831225663423538","0.0010831225663423538","0.0010831225663423538"
"45356","0.002235596999526024","0.002235596999526024","0.002235596999526024"
"45358","0.00027611665427684784","0.00027611665427684784","0.00027611665427684784"
"45362","0.0010441653430461884","0.0010441653430461884","0.0010441653430461884"
"45366","0.0023729223757982254","0.0023729223757982254","0.0023729223757982254"
"45372","0.001786213368177414","0.001786213368177414","0.001786213368177414"
"45384","0.00023392215371131897","0.00023392215371131897","0.00023392215371131897"
"45400","0.0007486660033464432","0.0007486660033464432","0.0007486660033464432"
"45406","0.0006445422768592834","0.0006445422768592834","0.0006445422768592834"
"45410","0.0009733475744724274","0.0009733475744724274","0.0009733475744724274"
"45412","0.00013838335871696472","0.00013838335871696472","0.00013838335871696472"
"45424","0.0008906014263629913","0.0008906014263629913","0.0008906014263629913"
"45426","0.0008040331304073334","0.0008040331304073334","0.0008040331304073334"
"45430","0.000024398788809776306","0.000024398788809776306","0.000024398788809776306"
"45432","0.00021598301827907562","0.00021598301827907562","0.00021598301827907562"
"45434","0.0023451782763004303","0.0023451782763004303","0.0023451782763004303"
"45436","0.0038789696991443634","0.0038789696991443634","0.0038789696991443634"
"45438","0.00047912634909152985","0.00047912634909152985","0.00047912634909152985"
"45440","0.00045264698565006256","0.00045264698565006256","0.00045264698565006256"
"45442","0.006066378206014633","0.006066378206014633","0.006066378206014633"
"45446","0.003790857270359993","0.003790857270359993","0.003790857270359993"
"45448","0.00008841603994369507","0.00008841603994369507","0.00008841603994369507"
"45454","0.0002015046775341034","0.0002015046775341034","0.0002015046775341034"
"45458","0.0013995692133903503","0.0013995692133903503","0.0013995692133903503"
"45470","0.00015909969806671143","0.00015909969806671143","0.00015909969806671143"
"45476","0.000795707106590271","0.000795707106590271","0.000795707106590271"
"45480","0.00008133798837661743","0.00008133798837661743","0.00008133798837661743"
"45482","0.000055009499192237854","0.000055009499192237854","0.000055009499192237854"
"45492","0.0017186962068080902","0.0017186962068080902","0.0017186962068080902"
"45502","0.011734416708350182","0.011734416708350182","0.011734416708350182"
"45514","0.0002568736672401428","0.0002568736672401428","0.0002568736672401428"
"45516","0.00016383081674575806","0.00016383081674575806","0.00016383081674575806"
"45524","0.00031291134655475616","0.00031291134655475616","0.00031291134655475616"
"45530","0.00015015527606010437","0.00015015527606010437","0.00015015527606010437"
"45546","0.000011878088116645813","0.000011878088116645813","0.000011878088116645813"
"45548","0.00017625465989112854","0.00017625465989112854","0.00017625465989112854"
"45550","0.0005857553333044052","0.0005857553333044052","0.0005857553333044052"
"45552","0.0025108177214860916","0.0025108177214860916","0.0025108177214860916"
"45554","0.00411260686814785","0.00411260686814785","0.00411260686814785"
"45560","0.00010771863162517548","0.00010771863162517548","0.00010771863162517548"
"45564","0.00002512522041797638","0.00002512522041797638","0.00002512522041797638"
"45568","0.0012769978493452072","0.0012769978493452072","0.0012769978493452072"
"45572","0.00006977468729019165","0.00006977468729019165","0.00006977468729019165"
"45578","0.0005888212472200394","0.0005888212472200394","0.0005888212472200394"
"45580","0.003397330641746521","0.003397330641746521","0.003397330641746521"
"45582","0.00430927611887455","0.00430927611887455","0.00430927611887455"
"45584","0.00011635385453701019","0.00011635385453701019","0.00011635385453701019"
"45592","0.012231852859258652","0.012231852859258652","0.012231852859258652"
"45594","0.00008162856101989746","0.00008162856101989746","0.00008162856101989746"
"45596","0.00013825856149196625","0.00013825856149196625","0.00013825856149196625"
"45600","0.0013083349913358688","0.0013083349913358688","0.0013083349913358688"
"45608","0.004575695842504501","0.004575695842504501","0.004575695842504501"
"45614","0.007734937593340874","0.007734937593340874","0.007734937593340874"
"45630","0.0026229172945022583","0.0026229172945022583","0.0026229172945022583"
"45642","0.002348121255636215","0.002348121255636215","0.002348121255636215"
"45646","0.002440245822072029","0.002440245822072029","0.002440245822072029"
"45654","0.0034939292818307877","0.0034939292818307877","0.0034939292818307877"
"45670","0.0028312988579273224","0.0028312988579273224","0.0028312988579273224"
"45674","0.00011720694601535797","0.00011720694601535797","0.00011720694601535797"
"45680","0.0012795869261026382","0.0012795869261026382","0.0012795869261026382"
"45690","0.00006451830267906189","0.00006451830267906189","0.00006451830267906189"
"45696","0.00009923242032527924","0.00009923242032527924","0.00009923242032527924"
"45698","0.000021006911993026733","0.000021006911993026733","0.000021006911993026733"
"45716","0.0022132080048322678","0.0022132080048322678","0.0022132080048322678"
"45726","0.0005417075008153915","0.0005417075008153915","0.0005417075008153915"
"45736","0.00017574243247509003","0.00017574243247509003","0.00017574243247509003"
"45742","0.00005607865750789642","0.00005607865750789642","0.00005607865750789642"
"45746","0.006374850869178772","0.006374850869178772","0.006374850869178772"
"45750","0.0005604978650808334","0.0005604978650808334","0.0005604978650808334"
"45760","0.010890739038586617","0.010890739038586617","0.010890739038586617"
"45764","0.0013195425271987915","0.0013195425271987915","0.0013195425271987915"
"45766","0.00023617222905158997","0.00023617222905158997","0.00023617222905158997"
"45770","0.0005904566496610641","0.0005904566496610641","0.0005904566496610641"
"45774","0.0006060805171728134","0.0006060805171728134","0.0006060805171728134"
"45776","0.00006336532533168793","0.00006336532533168793","0.00006336532533168793"
"45778","0.0001390557736158371","0.0001390557736158371","0.0001390557736158371"
"45782","0.000405043363571167","0.000405043363571167","0.000405043363571167"
"45784","0.010601380839943886","0.010601380839943886","0.010601380839943886"
"45786","0.01197999157011509","0.01197999157011509","0.01197999157011509"
"45790","0.0013352371752262115","0.0013352371752262115","0.0013352371752262115"
"45792","0.000202203169465065","0.000202203169465065","0.000202203169465065"
"45798","0.0009410064667463303","0.0009410064667463303","0.0009410064667463303"
"45800","0.00006871484220027924","0.00006871484220027924","0.00006871484220027924"
"45802","0.0014820732176303864","0.0014820732176303864","0.0014820732176303864"
"45804","0.0016691870987415314","0.0016691870987415314","0.0016691870987415314"
"45808","0.00011644139885902405","0.00011644139885902405","0.00011644139885902405"
"45810","0.0004300791770219803","0.0004300791770219803","0.0004300791770219803"
"45812","0.001330757513642311","0.001330757513642311","0.001330757513642311"
"45824","0.037482813000679016","0.037482813000679016","0.037482813000679016"
"45826","0.001883847638964653","0.001883847638964653","0.001883847638964653"
"45830","0.005018353462219238","0.005018353462219238","0.005018353462219238"
"45834","0.0001548808068037033","0.0001548808068037033","0.0001548808068037033"
"45840","0.0003533400595188141","0.0003533400595188141","0.0003533400595188141"
"45842","0.00008553825318813324","0.00008553825318813324","0.00008553825318813324"
"45844","0.00032428838312625885","0.00032428838312625885","0.00032428838312625885"
"45850","0.00024044141173362732","0.00024044141173362732","0.00024044141173362732"
"45858","0.002887869253754616","0.002887869253754616","0.002887869253754616"
"45860","0.0003482010215520859","0.0003482010215520859","0.0003482010215520859"
"45868","0.019140159711241722","0.019140159711241722","0.019140159711241722"
"45870","0.00021075457334518433","0.00021075457334518433","0.00021075457334518433"
"45874","0.0005463454872369766","0.0005463454872369766","0.0005463454872369766"
"45876","0.001126222312450409","0.001126222312450409","0.001126222312450409"
"45896","0.0005391575396060944","0.0005391575396060944","0.0005391575396060944"
"45898","0.011487597599625587","0.011487597599625587","0.011487597599625587"
"45900","0.000018773600459098816","0.000018773600459098816","0.000018773600459098816"
"45908","0.000026242807507514954","0.000026242807507514954","0.000026242807507514954"
"45918","0.00010303594172000885","0.00010303594172000885","0.00010303594172000885"
"45920","0.0008459296077489853","0.0008459296077489853","0.0008459296077489853"
"45922","0.0007452629506587982","0.0007452629506587982","0.0007452629506587982"
"45928","0.00754128023982048","0.00754128023982048","0.00754128023982048"
"45930","0.0004104301333427429","0.0004104301333427429","0.0004104301333427429"
"45932","0.00039060041308403015","0.00039060041308403015","0.00039060041308403015"
"45934","0.0001272875815629959","0.0001272875815629959","0.0001272875815629959"
"45936","0.0008810609579086304","0.0008810609579086304","0.0008810609579086304"
"45938","0.0018944982439279556","0.0018944982439279556","0.0018944982439279556"
"45950","0.028387518599629402","0.028387518599629402","0.028387518599629402"
"45956","0.003790963441133499","0.003790963441133499","0.003790963441133499"
"45970","0.0000682976096868515","0.0000682976096868515","0.0000682976096868515"
"45976","0.004491044208407402","0.004491044208407402","0.004491044208407402"
"45980","0.00020404905080795288","0.00020404905080795288","0.00020404905080795288"
"45984","0.00021803565323352814","0.00021803565323352814","0.00021803565323352814"
"45990","0.00016322173178195953","0.00016322173178195953","0.00016322173178195953"
"45994","0.019292840734124184","0.019292840734124184","0.019292840734124184"
"45996","0.0011947955936193466","0.0011947955936193466","0.0011947955936193466"
"45998","0.0002995859831571579","0.0002995859831571579","0.0002995859831571579"
"46008","0.0013561155647039413","0.0013561155647039413","0.0013561155647039413"
"46010","0.0004024989902973175","0.0004024989902973175","0.0004024989902973175"
"46012","0.006058527156710625","0.006058527156710625","0.006058527156710625"
"46014","0.017024680972099304","0.017024680972099304","0.017024680972099304"
"46018","0.00022734515368938446","0.00022734515368938446","0.00022734515368938446"
"46028","0.0010040216147899628","0.0010040216147899628","0.0010040216147899628"
"46038","0.00045244768261909485","0.00045244768261909485","0.00045244768261909485"
"46046","0.009436197578907013","0.009436197578907013","0.009436197578907013"
"46048","0.0004352964460849762","0.0004352964460849762","0.0004352964460849762"
"46050","0.00439910963177681","0.00439910963177681","0.00439910963177681"
"46054","0.000020857900381088257","0.000020857900381088257","0.000020857900381088257"
"46056","0.001010645180940628","0.001010645180940628","0.001010645180940628"
"46058","0.00018404237926006317","0.00018404237926006317","0.00018404237926006317"
"46060","0.0012336671352386475","0.0012336671352386475","0.0012336671352386475"
"46068","0.0007524657994508743","0.0007524657994508743","0.0007524657994508743"
"46070","0.0019449163228273392","0.0019449163228273392","0.0019449163228273392"
"46076","0.00018422864377498627","0.00018422864377498627","0.00018422864377498627"
"46083","0.0002019684761762619","0.0002019684761762619","0.0002019684761762619"
"46087","0.0002108253538608551","0.0002108253538608551","0.0002108253538608551"
"46091","0.00036167725920677185","0.00036167725920677185","0.00036167725920677185"
"46093","0.005289340391755104","0.005289340391755104","0.005289340391755104"
"46095","0.0033543892204761505","0.0033543892204761505","0.0033543892204761505"
"46115","0.002835361286997795","0.002835361286997795","0.002835361286997795"
"46117","0.0002349168062210083","0.0002349168062210083","0.0002349168062210083"
"46127","0.0027091912925243378","0.0027091912925243378","0.0027091912925243378"
"46135","0.00003412365913391113","0.00003412365913391113","0.00003412365913391113"
"46139","0.0010452605783939362","0.0010452605783939362","0.0010452605783939362"
"46141","0.0022794976830482483","0.0022794976830482483","0.0022794976830482483"
"46145","0.00013441406190395355","0.00013441406190395355","0.00013441406190395355"
"46149","0.0003169737756252289","0.0003169737756252289","0.0003169737756252289"
"46151","0.006333881989121437","0.006333881989121437","0.006333881989121437"
"46159","0.0002305060625076294","0.0002305060625076294","0.0002305060625076294"
"46161","0.0003075897693634033","0.0003075897693634033","0.0003075897693634033"
"46163","0.000024940818548202515","0.000024940818548202515","0.000024940818548202515"
"46167","0.00004798918962478638","0.00004798918962478638","0.00004798918962478638"
"46171","0.0005426853895187378","0.0005426853895187378","0.0005426853895187378"
"46173","0.00001580081880092621","0.00001580081880092621","0.00001580081880092621"
"46175","0.0006556324660778046","0.0006556324660778046","0.0006556324660778046"
"46179","0.00015221349895000458","0.00015221349895000458","0.00015221349895000458"
"46181","0.008157219737768173","0.008157219737768173","0.008157219737768173"
"46187","0.0005928818136453629","0.0005928818136453629","0.0005928818136453629"
"46197","0.0001322440803050995","0.0001322440803050995","0.0001322440803050995"
"46199","0.000116666778922081","0.000116666778922081","0.000116666778922081"
"46201","0.0023294836282730103","0.0023294836282730103","0.0023294836282730103"
"46207","0.0005080606788396835","0.0005080606788396835","0.0005080606788396835"
"46211","0.0004594177007675171","0.0004594177007675171","0.0004594177007675171"
"46217","0.0240059494972229","0.0240059494972229","0.0240059494972229"
"46223","0.0004990976303815842","0.0004990976303815842","0.0004990976303815842"
"46225","0.00009550713002681732","0.00009550713002681732","0.00009550713002681732"
"46231","0.000749124214053154","0.000749124214053154","0.000749124214053154"
"46235","0.007650637999176979","0.007650637999176979","0.007650637999176979"
"46239","0.0002859868109226227","0.0002859868109226227","0.0002859868109226227"
"46249","0.00001567043364048004","0.00001567043364048004","0.00001567043364048004"
"46251","0.0003708507865667343","0.0003708507865667343","0.0003708507865667343"
"46257","0.005782119929790497","0.005782119929790497","0.005782119929790497"
"46265","0.0002034120261669159","0.0002034120261669159","0.0002034120261669159"
"46267","0.00031421519815921783","0.00031421519815921783","0.00031421519815921783"
"46269","0.00004513934254646301","0.00004513934254646301","0.00004513934254646301"
"46271","0.00005400553345680237","0.00005400553345680237","0.00005400553345680237"
"46273","0.00028748251497745514","0.00028748251497745514","0.00028748251497745514"
"46275","0.0064079295843839645","0.0064079295843839645","0.0064079295843839645"
"46285","0.00029250234365463257","0.00029250234365463257","0.00029250234365463257"
"46287","0.027643481269478798","0.027643481269478798","0.027643481269478798"
"46293","0.00011748261749744415","0.00011748261749744415","0.00011748261749744415"
"46297","0.0008950140327215195","0.0008950140327215195","0.0008950140327215195"
"46299","0.00006219185888767242","0.00006219185888767242","0.00006219185888767242"
"46307","0.021802427247166634","0.021802427247166634","0.021802427247166634"
"46313","0.007621359080076218","0.007621359080076218","0.007621359080076218"
"46319","0.0014104563742876053","0.0014104563742876053","0.0014104563742876053"
"46321","0.0016478244215250015","0.0016478244215250015","0.0016478244215250015"
"46325","0.00022981129586696625","0.00022981129586696625","0.00022981129586696625"
"46327","0.03684429079294205","0.03684429079294205","0.03684429079294205"
"46331","0.0028519947081804276","0.0028519947081804276","0.0028519947081804276"
"46333","0.0001080930233001709","0.0001080930233001709","0.0001080930233001709"
"46337","0.000349266454577446","0.000349266454577446","0.000349266454577446"
"46339","0.0001444779336452484","0.0001444779336452484","0.0001444779336452484"
"46341","0.002872047945857048","0.002872047945857048","0.002872047945857048"
"46343","0.0005310717970132828","0.0005310717970132828","0.0005310717970132828"
"46347","0.0004925429821014404","0.0004925429821014404","0.0004925429821014404"
"46349","0.00007648579776287079","0.00007648579776287079","0.00007648579776287079"
"46351","0.005440942943096161","0.005440942943096161","0.005440942943096161"
"46355","0.00007325038313865662","0.00007325038313865662","0.00007325038313865662"
"46359","0.0000856686383485794","0.0000856686383485794","0.0000856686383485794"
"46363","0.0007840245962142944","0.0007840245962142944","0.0007840245962142944"
"46371","0.001391323283314705","0.001391323283314705","0.001391323283314705"
"46379","0.0008113216608762741","0.0008113216608762741","0.0008113216608762741"
"46387","0.00052640400826931","0.00052640400826931","0.00052640400826931"
"46389","0.030237777158617973","0.030237777158617973","0.030237777158617973"
"46391","0.000053159892559051514","0.000053159892559051514","0.000053159892559051514"
"46397","0.003248104825615883","0.003248104825615883","0.003248104825615883"
"46399","0.00014247745275497437","0.00014247745275497437","0.00014247745275497437"
"46403","0.000053690746426582336","0.000053690746426582336","0.000053690746426582336"
"46409","0.0002459287643432617","0.0002459287643432617","0.0002459287643432617"
"46411","0.005436405539512634","0.005436405539512634","0.005436405539512634"
"46417","0.0017818622291088104","0.0017818622291088104","0.0017818622291088104"
"46419","0.00045720674097537994","0.00045720674097537994","0.00045720674097537994"
"46423","0.0042894016951322556","0.0042894016951322556","0.0042894016951322556"
"46425","0.00039312615990638733","0.00039312615990638733","0.00039312615990638733"
"46427","0.0006034690886735916","0.0006034690886735916","0.0006034690886735916"
"46429","0.004660187289118767","0.004660187289118767","0.004660187289118767"
"46431","0.0006386134773492813","0.0006386134773492813","0.0006386134773492813"
"46435","0.0003752429038286209","0.0003752429038286209","0.0003752429038286209"
"46439","0.000027485191822052002","0.000027485191822052002","0.000027485191822052002"
"46447","0.00028116442263126373","0.00028116442263126373","0.00028116442263126373"
"46451","0.001041984185576439","0.001041984185576439","0.001041984185576439"
"46457","0.00014441274106502533","0.00014441274106502533","0.00014441274106502533"
"46465","0.0006205476820468903","0.0006205476820468903","0.0006205476820468903"
"46467","0.0005355402827262878","0.0005355402827262878","0.0005355402827262878"
"46469","0.00005992315709590912","0.00005992315709590912","0.00005992315709590912"
"46473","0.00026436150074005127","0.00026436150074005127","0.00026436150074005127"
"46475","0.00022969022393226624","0.00022969022393226624","0.00022969022393226624"
"46481","0.00008245185017585754","0.00008245185017585754","0.00008245185017585754"
"46489","0.00007925741374492645","0.00007925741374492645","0.00007925741374492645"
"46491","0.012371817603707314","0.012371817603707314","0.012371817603707314"
"46493","0.015149464830756187","0.015149464830756187","0.015149464830756187"
"46497","0.00013861432671546936","0.00013861432671546936","0.00013861432671546936"
"46501","0.00013973191380500793","0.00013973191380500793","0.00013973191380500793"
"46503","0.0017957426607608795","0.0017957426607608795","0.0017957426607608795"
"46507","0.0005557909607887268","0.0005557909607887268","0.0005557909607887268"
"46509","0.0011973120272159576","0.0011973120272159576","0.0011973120272159576"
"46517","0.000017391517758369446","0.000017391517758369446","0.000017391517758369446"
"46519","0.000059310346841812134","0.000059310346841812134","0.000059310346841812134"
"46523","0.00015119463205337524","0.00015119463205337524","0.00015119463205337524"
"46529","0.0001535080373287201","0.0001535080373287201","0.0001535080373287201"
"46537","0.0002898015081882477","0.0002898015081882477","0.0002898015081882477"
"46541","0.04403062164783478","0.04403062164783478","0.04403062164783478"
"46549","0.00004771724343299866","0.00004771724343299866","0.00004771724343299866"
"46553","0.0022652819752693176","0.0022652819752693176","0.0022652819752693176"
"46559","0.0001285076141357422","0.0001285076141357422","0.0001285076141357422"
"46561","0.0018413104116916656","0.0018413104116916656","0.0018413104116916656"
"46569","0.0000313296914100647","0.0000313296914100647","0.0000313296914100647"
"46573","0.00020198337733745575","0.00020198337733745575","0.00020198337733745575"
"46575","0.0000070873647928237915","0.0000070873647928237915","0.0000070873647928237915"
"46577","0.00032191164791584015","0.00032191164791584015","0.00032191164791584015"
"46579","0.00006690621376037598","0.00006690621376037598","0.00006690621376037598"
"46583","0.001155829057097435","0.001155829057097435","0.001155829057097435"
"46585","0.000040454789996147156","0.000040454789996147156","0.000040454789996147156"
"46587","0.0002455003559589386","0.0002455003559589386","0.0002455003559589386"
"46591","0.00043755583465099335","0.00043755583465099335","0.00043755583465099335"
"46593","0.0005699247121810913","0.0005699247121810913","0.0005699247121810913"
"46595","0.0016552899032831192","0.0016552899032831192","0.0016552899032831192"
"46601","0.00033655762672424316","0.00033655762672424316","0.00033655762672424316"
"46603","0.00015957094728946686","0.00015957094728946686","0.00015957094728946686"
"46607","0.00048825517296791077","0.00048825517296791077","0.00048825517296791077"
"46611","0.004927719011902809","0.004927719011902809","0.004927719011902809"
"46615","0.00014191679656505585","0.00014191679656505585","0.00014191679656505585"
"46617","0.0003891345113515854","0.0003891345113515854","0.0003891345113515854"
"46631","0.0017543770372867584","0.0017543770372867584","0.0017543770372867584"
"46635","0.00004832260310649872","0.00004832260310649872","0.00004832260310649872"
"46637","0.0012988615781068802","0.0012988615781068802","0.0012988615781068802"
"46647","0.0002620220184326172","0.0002620220184326172","0.0002620220184326172"
"46649","0.00754401832818985","0.00754401832818985","0.00754401832818985"
"46657","0.006932467222213745","0.006932467222213745","0.006932467222213745"
"46659","0.0013198740780353546","0.0013198740780353546","0.0013198740780353546"
"46661","0.0036843959242105484","0.0036843959242105484","0.0036843959242105484"
"46665","0.002196749672293663","0.002196749672293663","0.002196749672293663"
"46673","0.000318136066198349","0.000318136066198349","0.000318136066198349"
"46675","0.02021127939224243","0.02021127939224243","0.02021127939224243"
"46679","0.000057213008403778076","0.000057213008403778076","0.000057213008403778076"
"46681","0.0036700833588838577","0.0036700833588838577","0.0036700833588838577"
"46687","0.011968828737735748","0.011968828737735748","0.011968828737735748"
"46693","0.00002582557499408722","0.00002582557499408722","0.00002582557499408722"
"46695","0.0028602946549654007","0.0028602946549654007","0.0028602946549654007"
"46703","0.0008397772908210754","0.0008397772908210754","0.0008397772908210754"
"46705","0.00002315826714038849","0.00002315826714038849","0.00002315826714038849"
"46709","0.000298425555229187","0.000298425555229187","0.000298425555229187"
"46711","0.0013864953070878983","0.0013864953070878983","0.0013864953070878983"
"46729","0.00011494569480419159","0.00011494569480419159","0.00011494569480419159"
"46733","0.00016759149730205536","0.00016759149730205536","0.00016759149730205536"
"46737","0.00011960230767726898","0.00011960230767726898","0.00011960230767726898"
"46739","0.000004431232810020447","0.000004431232810020447","0.000004431232810020447"
"46745","0.004754694178700447","0.004754694178700447","0.004754694178700447"
"46747","0.0016296356916427612","0.0016296356916427612","0.0016296356916427612"
"46749","0.00020947493612766266","0.00020947493612766266","0.00020947493612766266"
"46755","0.03024800680577755","0.03024800680577755","0.03024800680577755"
"46757","0.0000719260424375534","0.0000719260424375534","0.0000719260424375534"
"46763","0.00007941201329231262","0.00007941201329231262","0.00007941201329231262"
"46771","0.0016620233654975891","0.0016620233654975891","0.0016620233654975891"
"46775","0.00006977468729019165","0.00006977468729019165","0.00006977468729019165"
"46777","0.00008153542876243591","0.00008153542876243591","0.00008153542876243591"
"46785","0.0006038341671228409","0.0006038341671228409","0.0006038341671228409"
"46789","0.012726696208119392","0.012726696208119392","0.012726696208119392"
"46791","0.009923083707690239","0.009923083707690239","0.009923083707690239"
"46797","0.00040428154170513153","0.00040428154170513153","0.00040428154170513153"
"46803","0.0011916346848011017","0.0011916346848011017","0.0011916346848011017"
"46809","0.009113287553191185","0.009113287553191185","0.009113287553191185"
"46811","0.0010482221841812134","0.0010482221841812134","0.0010482221841812134"
"46813","0.0003186184912919998","0.0003186184912919998","0.0003186184912919998"
"46819","0.0005815215408802032","0.0005815215408802032","0.0005815215408802032"
"46823","0.00017006881535053253","0.00017006881535053253","0.00017006881535053253"
"46831","0.00013823620975017548","0.00013823620975017548","0.00013823620975017548"
"46833","0.010133745148777962","0.010133745148777962","0.010133745148777962"
"46835","0.022141363471746445","0.022141363471746445","0.022141363471746445"
"46845","0.00005068443715572357","0.00005068443715572357","0.00005068443715572357"
"46849","0.0009098462760448456","0.0009098462760448456","0.0009098462760448456"
"46851","0.018242482095956802","0.018242482095956802","0.018242482095956802"
"46853","0.00014222972095012665","0.00014222972095012665","0.00014222972095012665"
"46861","0.00012915395200252533","0.00012915395200252533","0.00012915395200252533"
"46863","0.0000960957258939743","0.0000960957258939743","0.0000960957258939743"
"46867","0.000016549602150917053","0.000016549602150917053","0.000016549602150917053"
"46871","0.0006438549607992172","0.0006438549607992172","0.0006438549607992172"
"46891","0.03353536128997803","0.03353536128997803","0.03353536128997803"
"46907","0.00031395256519317627","0.00031395256519317627","0.00031395256519317627"
"46909","0.004697129130363464","0.004697129130363464","0.004697129130363464"
"46927","0.004107074812054634","0.004107074812054634","0.004107074812054634"
"46929","0.000004712492227554321","0.000004712492227554321","0.000004712492227554321"
"46943","0.00034965015947818756","0.00034965015947818756","0.00034965015947818756"
"46945","0.0011313781142234802","0.0011313781142234802","0.0011313781142234802"
"46947","0.0009612478315830231","0.0009612478315830231","0.0009612478315830231"
"46957","0.00042652152478694916","0.00042652152478694916","0.00042652152478694916"
"46959","0.0008833669126033783","0.0008833669126033783","0.0008833669126033783"
"46961","0.004489058628678322","0.004489058628678322","0.004489058628678322"
"46967","0.0006271470338106155","0.0006271470338106155","0.0006271470338106155"
"46969","0.05698731169104576","0.05698731169104576","0.05698731169104576"
"46977","0.001611471176147461","0.001611471176147461","0.001611471176147461"
"46981","0.000015914440155029297","0.000015914440155029297","0.000015914440155029297"
"46989","0.00012421049177646637","0.00012421049177646637","0.00012421049177646637"
"46993","0.00045390985906124115","0.00045390985906124115","0.00045390985906124115"
"46999","0.00013345293700695038","0.00013345293700695038","0.00013345293700695038"
"47007","0.0005827713757753372","0.0005827713757753372","0.0005827713757753372"
"47009","0.0034087561070919037","0.0034087561070919037","0.0034087561070919037"
"47013","0.004710091277956963","0.004710091277956963","0.004710091277956963"
"47019","0.0000467449426651001","0.0000467449426651001","0.0000467449426651001"
"47021","0.002496270462870598","0.002496270462870598","0.002496270462870598"
"47023","0.019039694219827652","0.019039694219827652","0.019039694219827652"
"47025","0.00009401887655258179","0.00009401887655258179","0.00009401887655258179"
"47035","0.00018548965454101562","0.00018548965454101562","0.00018548965454101562"
"47039","0.0003776177763938904","0.0003776177763938904","0.0003776177763938904"
"47043","0.0017990469932556152","0.0017990469932556152","0.0017990469932556152"
"47045","0.0013558194041252136","0.0013558194041252136","0.0013558194041252136"
"47049","0.013784440234303474","0.013784440234303474","0.013784440234303474"
"47061","0.00004775822162628174","0.00004775822162628174","0.00004775822162628174"
"47063","0.00011957623064517975","0.00011957623064517975","0.00011957623064517975"
"47065","0.00004321150481700897","0.00004321150481700897","0.00004321150481700897"
"47067","0.00012738816440105438","0.00012738816440105438","0.00012738816440105438"
"47078","0.0006228610873222351","0.0006228610873222351","0.0006228610873222351"
"47090","0.004858553409576416","0.004858553409576416","0.004858553409576416"
"47096","0.00004892982542514801","0.00004892982542514801","0.00004892982542514801"
"47100","0.002430552616715431","0.002430552616715431","0.002430552616715431"
"47102","0.0018440727144479752","0.0018440727144479752","0.0018440727144479752"
"47104","0.00014065392315387726","0.00014065392315387726","0.00014065392315387726"
"47106","0.0011482853442430496","0.0011482853442430496","0.0011482853442430496"
"47110","0.0013292841613292694","0.0013292841613292694","0.0013292841613292694"
"47112","0.00040636956691741943","0.00040636956691741943","0.00040636956691741943"
"47120","0.005346702411770821","0.005346702411770821","0.005346702411770821"
"47124","0.00006582401692867279","0.00006582401692867279","0.00006582401692867279"
"47138","0.0005271192640066147","0.0005271192640066147","0.0005271192640066147"
"47146","0.00046609900891780853","0.00046609900891780853","0.00046609900891780853"
"47148","0.00018021464347839355","0.00018021464347839355","0.00018021464347839355"
"47160","0.00041736289858818054","0.00041736289858818054","0.00041736289858818054"
"47164","0.001250147819519043","0.001250147819519043","0.001250147819519043"
"47170","0.0007970500737428665","0.0007970500737428665","0.0007970500737428665"
"47174","0.0028958357870578766","0.0028958357870578766","0.0028958357870578766"
"47184","0.0062317755073308945","0.0062317755073308945","0.0062317755073308945"
"47188","0.00009522587060928345","0.00009522587060928345","0.00009522587060928345"
"47196","0.02546055242419243","0.02546055242419243","0.02546055242419243"
"47198","0.0010587871074676514","0.0010587871074676514","0.0010587871074676514"
"47206","0.001311780884861946","0.001311780884861946","0.001311780884861946"
"47208","0.0008318368345499039","0.0008318368345499039","0.0008318368345499039"
"47210","0.0018272548913955688","0.0018272548913955688","0.0018272548913955688"
"47226","0.0004039555788040161","0.0004039555788040161","0.0004039555788040161"
"47228","0.0035804156213998795","0.0035804156213998795","0.0035804156213998795"
"47232","0.00004260241985321045","0.00004260241985321045","0.00004260241985321045"
"47238","0.0002130214124917984","0.0002130214124917984","0.0002130214124917984"
"47240","0.013131367042660713","0.013131367042660713","0.013131367042660713"
"47250","0.000039692968130111694","0.000039692968130111694","0.000039692968130111694"
"47252","0.0015883352607488632","0.0015883352607488632","0.0015883352607488632"
"47264","0.0003528296947479248","0.0003528296947479248","0.0003528296947479248"
"47272","0.0011371355503797531","0.0011371355503797531","0.0011371355503797531"
"47276","0.000020459294319152832","0.000020459294319152832","0.000020459294319152832"
"47288","0.0002690814435482025","0.0002690814435482025","0.0002690814435482025"
"47290","0.0010133571922779083","0.0010133571922779083","0.0010133571922779083"
"47292","0.00008503533899784088","0.00008503533899784088","0.00008503533899784088"
"47294","0.00012137368321418762","0.00012137368321418762","0.00012137368321418762"
"47296","0.0006005372852087021","0.0006005372852087021","0.0006005372852087021"
"47300","0.0002451520413160324","0.0002451520413160324","0.0002451520413160324"
"47302","0.0001664571464061737","0.0001664571464061737","0.0001664571464061737"
"47314","0.008729739114642143","0.008729739114642143","0.008729739114642143"
"47320","0.00014279596507549286","0.00014279596507549286","0.00014279596507549286"
"47322","0.0004875585436820984","0.0004875585436820984","0.0004875585436820984"
"47324","0.0007095485925674438","0.0007095485925674438","0.0007095485925674438"
"47330","0.00009192526340484619","0.00009192526340484619","0.00009192526340484619"
"47332","0.027375806123018265","0.027375806123018265","0.027375806123018265"
"47336","0.0008433572947978973","0.0008433572947978973","0.0008433572947978973"
"47338","0.0009762737900018692","0.0009762737900018692","0.0009762737900018692"
"47344","0.0011595264077186584","0.0011595264077186584","0.0011595264077186584"
"47346","0.00009405985474586487","0.00009405985474586487","0.00009405985474586487"
"47350","0.021043013781309128","0.021043013781309128","0.021043013781309128"
"47354","0.000014416873455047607","0.000014416873455047607","0.000014416873455047607"
"47362","0.002550709992647171","0.002550709992647171","0.002550709992647171"
"47364","0.00005578435957431793","0.00005578435957431793","0.00005578435957431793"
"47368","0.00031139515340328217","0.00031139515340328217","0.00031139515340328217"
"47376","0.01620168425142765","0.01620168425142765","0.01620168425142765"
"47380","0.00008010305464267731","0.00008010305464267731","0.00008010305464267731"
"47382","0.012989083305001259","0.012989083305001259","0.012989083305001259"
"47384","0.000029880553483963013","0.000029880553483963013","0.000029880553483963013"
"47392","0.0006652399897575378","0.0006652399897575378","0.0006652399897575378"
"47412","0.02742014266550541","0.02742014266550541","0.02742014266550541"
"47414","0.0008458029478788376","0.0008458029478788376","0.0008458029478788376"
"47424","0.00037481263279914856","0.00037481263279914856","0.00037481263279914856"
"47432","0.000151708722114563","0.000151708722114563","0.000151708722114563"
"47434","0.0004724618047475815","0.0004724618047475815","0.0004724618047475815"
"47442","0.0028425827622413635","0.0028425827622413635","0.0028425827622413635"
"47446","0.003180466592311859","0.003180466592311859","0.003180466592311859"
"47450","0.011767061427235603","0.011767061427235603","0.011767061427235603"
"47452","0.016560174524784088","0.016560174524784088","0.016560174524784088"
"47462","0.002564983442425728","0.002564983442425728","0.002564983442425728"
"47466","0.0003702305257320404","0.0003702305257320404","0.0003702305257320404"
"47470","0.00004916451871395111","0.00004916451871395111","0.00004916451871395111"
"47474","0.0000701751559972763","0.0000701751559972763","0.0000701751559972763"
"47478","0.000108400359749794","0.000108400359749794","0.000108400359749794"
"47482","0.00017464719712734222","0.00017464719712734222","0.00017464719712734222"
"47490","0.010874537751078606","0.010874537751078606","0.010874537751078606"
"47492","0.0007741264998912811","0.0007741264998912811","0.0007741264998912811"
"47502","0.0025090575218200684","0.0025090575218200684","0.0025090575218200684"
"47504","0.00011588633060455322","0.00011588633060455322","0.00011588633060455322"
"47506","0.0007962044328451157","0.0007962044328451157","0.0007962044328451157"
"47514","0.00042733922600746155","0.00042733922600746155","0.00042733922600746155"
"47540","0.003504667431116104","0.003504667431116104","0.003504667431116104"
"47554","0.0034393351525068283","0.0034393351525068283","0.0034393351525068283"
"47556","0.00011964142322540283","0.00011964142322540283","0.00011964142322540283"
"47558","0.0003879312425851822","0.0003879312425851822","0.0003879312425851822"
"47566","0.00023450329899787903","0.00023450329899787903","0.00023450329899787903"
"47568","0.0010077916085720062","0.0010077916085720062","0.0010077916085720062"
"47570","0.0019281208515167236","0.0019281208515167236","0.0019281208515167236"
"47584","0.01099989004433155","0.01099989004433155","0.01099989004433155"
"47588","0.00008487701416015625","0.00008487701416015625","0.00008487701416015625"
"47590","0.0004351716488599777","0.0004351716488599777","0.0004351716488599777"
"47592","0.0004222821444272995","0.0004222821444272995","0.0004222821444272995"
"47596","0.0017565488815307617","0.0017565488815307617","0.0017565488815307617"
"47610","0.00009875185787677765","0.00009875185787677765","0.00009875185787677765"
"47614","0.03357657045125961","0.03357657045125961","0.03357657045125961"
"47616","0.002319207414984703","0.002319207414984703","0.002319207414984703"
"47618","0.0009253732860088348","0.0009253732860088348","0.0009253732860088348"
"47620","0.00013276375830173492","0.00013276375830173492","0.00013276375830173492"
"47630","0.012217944487929344","0.012217944487929344","0.012217944487929344"
"47636","0.00023590773344039917","0.00023590773344039917","0.00023590773344039917"
"47638","0.00001584365963935852","0.00001584365963935852","0.00001584365963935852"
"47648","0.00005663000047206879","0.00005663000047206879","0.00005663000047206879"
"47652","0.005036011338233948","0.005036011338233948","0.005036011338233948"
"47668","0.00015729665756225586","0.00015729665756225586","0.00015729665756225586"
"47670","0.0004257708787918091","0.0004257708787918091","0.0004257708787918091"
"47674","0.00005686841905117035","0.00005686841905117035","0.00005686841905117035"
"47676","0.00019999779760837555","0.00019999779760837555","0.00019999779760837555"
"47682","0.004295382648706436","0.004295382648706436","0.004295382648706436"
"47686","0.00014437921345233917","0.00014437921345233917","0.00014437921345233917"
"47690","0.003589201718568802","0.003589201718568802","0.003589201718568802"
"47710","0.00022750161588191986","0.00022750161588191986","0.00022750161588191986"
"47716","0.005842695012688637","0.005842695012688637","0.005842695012688637"
"47726","0.0000897478312253952","0.0000897478312253952","0.0000897478312253952"
"47734","0.0002725590020418167","0.0002725590020418167","0.0002725590020418167"
"47736","0.0000991523265838623","0.0000991523265838623","0.0000991523265838623"
"47742","0.005438869819045067","0.005438869819045067","0.005438869819045067"
"47744","0.0025625601410865784","0.0025625601410865784","0.0025625601410865784"
"47748","0.0030987318605184555","0.0030987318605184555","0.0030987318605184555"
"47758","0.008424155414104462","0.008424155414104462","0.008424155414104462"
"47762","0.011947335675358772","0.011947335675358772","0.011947335675358772"
"47770","0.012001147493720055","0.012001147493720055","0.012001147493720055"
"47772","0.00009989924728870392","0.00009989924728870392","0.00009989924728870392"
"47780","0.0037898682057857513","0.0037898682057857513","0.0037898682057857513"
"47786","0.00005438178777694702","0.00005438178777694702","0.00005438178777694702"
"47788","0.0008414983749389648","0.0008414983749389648","0.0008414983749389648"
"47790","0.00032969750463962555","0.00032969750463962555","0.00032969750463962555"
"47796","0.0048574525862932205","0.0048574525862932205","0.0048574525862932205"
"47800","0.000492168590426445","0.000492168590426445","0.000492168590426445"
"47802","0.0015304572880268097","0.0015304572880268097","0.0015304572880268097"
"47808","0.012925349175930023","0.012925349175930023","0.012925349175930023"
"47816","0.01339796930551529","0.01339796930551529","0.01339796930551529"
"47818","0.016751855611801147","0.016751855611801147","0.016751855611801147"
"47822","0.002265762537717819","0.002265762537717819","0.002265762537717819"
"47824","0.000043194741010665894","0.000043194741010665894","0.000043194741010665894"
"47830","0.0009763073176145554","0.0009763073176145554","0.0009763073176145554"
"47842","0.0022204723209142685","0.0022204723209142685","0.0022204723209142685"
"47846","0.00037424638867378235","0.00037424638867378235","0.00037424638867378235"
"47850","0.00015735812485218048","0.00015735812485218048","0.00015735812485218048"
"47856","0.0014438070356845856","0.0014438070356845856","0.0014438070356845856"
"47858","0.016733583062887192","0.016733583062887192","0.016733583062887192"
"47860","0.001522773876786232","0.001522773876786232","0.001522773876786232"
"47872","0.0010547060519456863","0.0010547060519456863","0.0010547060519456863"
"47876","0.0000328943133354187","0.0000328943133354187","0.0000328943133354187"
"47886","0.0007466934621334076","0.0007466934621334076","0.0007466934621334076"
"47888","0.00030632875859737396","0.00030632875859737396","0.00030632875859737396"
"47894","0.009856857359409332","0.009856857359409332","0.009856857359409332"
"47896","0.0006183888763189316","0.0006183888763189316","0.0006183888763189316"
"47898","0.00012598372995853424","0.00012598372995853424","0.00012598372995853424"
"47902","0.0002079978585243225","0.0002079978585243225","0.0002079978585243225"
"47908","0.0038711652159690857","0.0038711652159690857","0.0038711652159690857"
"47912","0.00001634843647480011","0.00001634843647480011","0.00001634843647480011"
"47916","0.00007603131234645844","0.00007603131234645844","0.00007603131234645844"
"47918","0.00940394401550293","0.00940394401550293","0.00940394401550293"
"47920","0.015769904479384422","0.015769904479384422","0.015769904479384422"
"47922","0.001820070669054985","0.001820070669054985","0.001820070669054985"
"47926","0.0016101077198982239","0.0016101077198982239","0.0016101077198982239"
"47930","0.005643744021654129","0.005643744021654129","0.005643744021654129"
"47932","0.00020462460815906525","0.00020462460815906525","0.00020462460815906525"
"47938","0.004731571301817894","0.004731571301817894","0.004731571301817894"
"47948","0.00008135102689266205","0.00008135102689266205","0.00008135102689266205"
"47950","0.00009116344153881073","0.00009116344153881073","0.00009116344153881073"
"47956","0.005421441048383713","0.005421441048383713","0.005421441048383713"
"47962","0.00031981803476810455","0.00031981803476810455","0.00031981803476810455"
"47964","0.00012927688658237457","0.00012927688658237457","0.00012927688658237457"
"47968","0.0005378127098083496","0.0005378127098083496","0.0005378127098083496"
"47970","0.000991586595773697","0.000991586595773697","0.000991586595773697"
"47974","0.000464852899312973","0.000464852899312973","0.000464852899312973"
"47976","0.00008093379437923431","0.00008093379437923431","0.00008093379437923431"
"47980","0.020510368049144745","0.020510368049144745","0.020510368049144745"
"47984","0.00040919147431850433","0.00040919147431850433","0.00040919147431850433"
"47986","0.00032306648790836334","0.00032306648790836334","0.00032306648790836334"
"47992","0.0005707331001758575","0.0005707331001758575","0.0005707331001758575"
"47994","0.002155676484107971","0.002155676484107971","0.002155676484107971"
"48014","0.0005233865231275558","0.0005233865231275558","0.0005233865231275558"
"48022","0.0002454295754432678","0.0002454295754432678","0.0002454295754432678"
"48026","0.0005996469408273697","0.0005996469408273697","0.0005996469408273697"
"48028","0.00007843971252441406","0.00007843971252441406","0.00007843971252441406"
"48032","0.0021910034120082855","0.0021910034120082855","0.0021910034120082855"
"48034","0.00207526795566082","0.00207526795566082","0.00207526795566082"
"48038","0.004450477659702301","0.004450477659702301","0.004450477659702301"
"48040","0.000630328431725502","0.000630328431725502","0.000630328431725502"
"48042","0.0003039557486772537","0.0003039557486772537","0.0003039557486772537"
"48046","0.006173864006996155","0.006173864006996155","0.006173864006996155"
"48048","0.00017200224101543427","0.00017200224101543427","0.00017200224101543427"
"48050","0.0005190260708332062","0.0005190260708332062","0.0005190260708332062"
"48054","0.0009284559637308121","0.0009284559637308121","0.0009284559637308121"
"48067","0.004310011863708496","0.004310011863708496","0.004310011863708496"
"48069","0.00007975287735462189","0.00007975287735462189","0.00007975287735462189"
"48071","0.0024460405111312866","0.0024460405111312866","0.0024460405111312866"
"48083","0.0037063732743263245","0.0037063732743263245","0.0037063732743263245"
"48085","0.00018332898616790771","0.00018332898616790771","0.00018332898616790771"
"48091","0.0006604846566915512","0.0006604846566915512","0.0006604846566915512"
"48093","0.00011300668120384216","0.00011300668120384216","0.00011300668120384216"
"48099","0.0006738528609275818","0.0006738528609275818","0.0006738528609275818"
"48115","0.0001295916736125946","0.0001295916736125946","0.0001295916736125946"
"48117","0.0005742460489273071","0.0005742460489273071","0.0005742460489273071"
"48119","0.0015758704394102097","0.0015758704394102097","0.0015758704394102097"
"48121","0.031222565099596977","0.031222565099596977","0.031222565099596977"
"48123","0.0015740003436803818","0.0015740003436803818","0.0015740003436803818"
"48131","0.000008411705493927002","0.000008411705493927002","0.000008411705493927002"
"48137","0.015457050874829292","0.015457050874829292","0.015457050874829292"
"48139","0.00012724101543426514","0.00012724101543426514","0.00012724101543426514"
"48145","0.0008788518607616425","0.0008788518607616425","0.0008788518607616425"
"48151","0.0009107384830713272","0.0009107384830713272","0.0009107384830713272"
"48165","0.0011066682636737823","0.0011066682636737823","0.0011066682636737823"
"48175","0.004551762714982033","0.004551762714982033","0.004551762714982033"
"48181","0.00004125572741031647","0.00004125572741031647","0.00004125572741031647"
"48185","0.0005099214613437653","0.0005099214613437653","0.0005099214613437653"
"48195","0.0002070460468530655","0.0002070460468530655","0.0002070460468530655"
"48207","0.010585587471723557","0.010585587471723557","0.010585587471723557"
"48209","0.0002074986696243286","0.0002074986696243286","0.0002074986696243286"
"48211","0.033294372260570526","0.033294372260570526","0.033294372260570526"
"48217","0.010911935940384865","0.010911935940384865","0.010911935940384865"
"48219","0.003127317875623703","0.003127317875623703","0.003127317875623703"
"48227","0.0026886630803346634","0.0026886630803346634","0.0026886630803346634"
"48229","0.016919462010264397","0.016919462010264397","0.016919462010264397"
"48235","0.001837199553847313","0.001837199553847313","0.001837199553847313"
"48239","0.001701299101114273","0.001701299101114273","0.001701299101114273"
"48245","0.0004222113639116287","0.0004222113639116287","0.0004222113639116287"
"48255","0.0036198776215314865","0.0036198776215314865","0.0036198776215314865"
"48257","0.0022179093211889267","0.0022179093211889267","0.0022179093211889267"
"48259","0.00051116943359375","0.00051116943359375","0.00051116943359375"
"48263","0.0003677587956190109","0.0003677587956190109","0.0003677587956190109"
"48267","0.0056421589106321335","0.0056421589106321335","0.0056421589106321335"
"48273","0.000026553869247436523","0.000026553869247436523","0.000026553869247436523"
"48277","0.0027456097304821014","0.0027456097304821014","0.0027456097304821014"
"48283","0.0004872512072324753","0.0004872512072324753","0.0004872512072324753"
"48285","0.0008203182369470596","0.0008203182369470596","0.0008203182369470596"
"48291","0.00005365535616874695","0.00005365535616874695","0.00005365535616874695"
"48299","0.0000455658882856369","0.0000455658882856369","0.0000455658882856369"
"48301","0.00761263445019722","0.00761263445019722","0.00761263445019722"
"48303","0.0018788054585456848","0.0018788054585456848","0.0018788054585456848"
"48309","0.025541851297020912","0.025541851297020912","0.025541851297020912"
"48319","0.001018935814499855","0.001018935814499855","0.001018935814499855"
"48325","0.00005518272519111633","0.00005518272519111633","0.00005518272519111633"
"48329","0.00018145889043807983","0.00018145889043807983","0.00018145889043807983"
"48337","0.0000632070004940033","0.0000632070004940033","0.0000632070004940033"
"48345","0.0013336651027202606","0.0013336651027202606","0.0013336651027202606"
"48347","0.0024747494608163834","0.0024747494608163834","0.0024747494608163834"
"48349","0.002592647448182106","0.002592647448182106","0.002592647448182106"
"48351","0.002382073551416397","0.002382073551416397","0.002382073551416397"
"48355","0.000049777328968048096","0.000049777328968048096","0.000049777328968048096"
"48379","0.00006753578782081604","0.00006753578782081604","0.00006753578782081604"
"48383","0.00009772367775440216","0.00009772367775440216","0.00009772367775440216"
"48385","0.00005588121712207794","0.00005588121712207794","0.00005588121712207794"
"48387","0.0003634616732597351","0.0003634616732597351","0.0003634616732597351"
"48389","0.001369742676615715","0.001369742676615715","0.001369742676615715"
"48393","0.0006038770079612732","0.0006038770079612732","0.0006038770079612732"
"48395","0.0006317794322967529","0.0006317794322967529","0.0006317794322967529"
"48401","0.004809606820344925","0.004809606820344925","0.004809606820344925"
"48403","0.023280618712306023","0.023280618712306023","0.023280618712306023"
"48405","0.013142004609107971","0.013142004609107971","0.013142004609107971"
"48409","0.002062307670712471","0.002062307670712471","0.002062307670712471"
"48411","0.000032924115657806396","0.000032924115657806396","0.000032924115657806396"
"48423","0.01552191935479641","0.01552191935479641","0.01552191935479641"
"48425","0.002146964892745018","0.002146964892745018","0.002146964892745018"
"48437","0.0017289184033870697","0.0017289184033870697","0.0017289184033870697"
"48439","0.0003993231803178787","0.0003993231803178787","0.0003993231803178787"
"48441","0.00010330602526664734","0.00010330602526664734","0.00010330602526664734"
"48447","0.00008494220674037933","0.00008494220674037933","0.00008494220674037933"
"48457","0.00030593574047088623","0.00030593574047088623","0.00030593574047088623"
"48461","0.00018240511417388916","0.00018240511417388916","0.00018240511417388916"
"48465","0.00012770295143127441","0.00012770295143127441","0.00012770295143127441"
"48475","0.0006632581353187561","0.0006632581353187561","0.0006632581353187561"
"48477","0.00031971558928489685","0.00031971558928489685","0.00031971558928489685"
"48479","0.00025178492069244385","0.00025178492069244385","0.00025178492069244385"
"48483","0.0022740624845027924","0.0022740624845027924","0.0022740624845027924"
"48485","0.009542958810925484","0.009542958810925484","0.009542958810925484"
"48487","0.00008958391845226288","0.00008958391845226288","0.00008958391845226288"
"48493","0.00006052479147911072","0.00006052479147911072","0.00006052479147911072"
"48505","0.00014875084161758423","0.00014875084161758423","0.00014875084161758423"
"48507","0.00007632561028003693","0.00007632561028003693","0.00007632561028003693"
"48509","0.023872267454862595","0.023872267454862595","0.023872267454862595"
"48525","0.00015711039304733276","0.00015711039304733276","0.00015711039304733276"
"48527","0.0011879317462444305","0.0011879317462444305","0.0011879317462444305"
"48533","0.0022647567093372345","0.0022647567093372345","0.0022647567093372345"
"48535","0.006778877228498459","0.006778877228498459","0.006778877228498459"
"48539","0.0015894174575805664","0.0015894174575805664","0.0015894174575805664"
"48543","0.000016491860151290894","0.000016491860151290894","0.000016491860151290894"
"48545","0.00016914308071136475","0.00016914308071136475","0.00016914308071136475"
"48549","0.0005442816764116287","0.0005442816764116287","0.0005442816764116287"
"48551","0.014401355758309364","0.014401355758309364","0.014401355758309364"
"48553","0.022774452343583107","0.022774452343583107","0.022774452343583107"
"48557","0.00016018003225326538","0.00016018003225326538","0.00016018003225326538"
"48559","0.0005615837872028351","0.0005615837872028351","0.0005615837872028351"
"48563","0.00009709224104881287","0.00009709224104881287","0.00009709224104881287"
"48577","0.00008419528603553772","0.00008419528603553772","0.00008419528603553772"
"48579","0.00019363872706890106","0.00019363872706890106","0.00019363872706890106"
"48581","0.002583572641015053","0.002583572641015053","0.002583572641015053"
"48585","0.000790126621723175","0.000790126621723175","0.000790126621723175"
"48591","0.00034333206713199615","0.00034333206713199615","0.00034333206713199615"
"48593","0.0035404283553361893","0.0035404283553361893","0.0035404283553361893"
"48607","0.0003860555589199066","0.0003860555589199066","0.0003860555589199066"
"48611","0.021205388009548187","0.021205388009548187","0.021205388009548187"
"48619","0.0005216654390096664","0.0005216654390096664","0.0005216654390096664"
"48621","0.00003364868462085724","0.00003364868462085724","0.00003364868462085724"
"48625","0.00013583339750766754","0.00013583339750766754","0.00013583339750766754"
"48627","0.00047093629837036133","0.00047093629837036133","0.00047093629837036133"
"48629","0.00007907487452030182","0.00007907487452030182","0.00007907487452030182"
"48637","0.00033462606370449066","0.00033462606370449066","0.00033462606370449066"
"48643","0.0006635580211877823","0.0006635580211877823","0.0006635580211877823"
"48647","0.004976021125912666","0.004976021125912666","0.004976021125912666"
"48649","0.000075535848736763","0.000075535848736763","0.000075535848736763"
"48655","0.001595761626958847","0.001595761626958847","0.001595761626958847"
"48659","0.006464662030339241","0.006464662030339241","0.006464662030339241"
"48679","0.004952087998390198","0.004952087998390198","0.004952087998390198"
"48681","0.0005521476268768311","0.0005521476268768311","0.0005521476268768311"
"48685","0.00014806538820266724","0.00014806538820266724","0.00014806538820266724"
"48695","0.0019109081476926804","0.0019109081476926804","0.0019109081476926804"
"48699","0.000041136518120765686","0.000041136518120765686","0.000041136518120765686"
"48713","0.00014203786849975586","0.00014203786849975586","0.00014203786849975586"
"48721","0.0007640030235052109","0.0007640030235052109","0.0007640030235052109"
"48725","0.00002485141158103943","0.00002485141158103943","0.00002485141158103943"
"48727","0.0008238460868597031","0.0008238460868597031","0.0008238460868597031"
"48733","0.0049549732357263565","0.0049549732357263565","0.0049549732357263565"
"48735","0.0001837797462940216","0.0001837797462940216","0.0001837797462940216"
"48739","0.004293354228138924","0.004293354228138924","0.004293354228138924"
"48741","0.0023972410708665848","0.0023972410708665848","0.0023972410708665848"
"48743","0.00010245479643344879","0.00010245479643344879","0.00010245479643344879"
"48753","0.002638109028339386","0.002638109028339386","0.002638109028339386"
"48767","0.0010843388736248016","0.0010843388736248016","0.0010843388736248016"
"48769","0.03397331014275551","0.03397331014275551","0.03397331014275551"
"48775","0.00027798116207122803","0.00027798116207122803","0.00027798116207122803"
"48787","0.0009051039814949036","0.0009051039814949036","0.0009051039814949036"
"48791","0.0010498575866222382","0.0010498575866222382","0.0010498575866222382"
"48797","0.00023415684700012207","0.00023415684700012207","0.00023415684700012207"
"48799","0.000054486095905303955","0.000054486095905303955","0.000054486095905303955"
"48801","0.000498773530125618","0.000498773530125618","0.000498773530125618"
"48803","0.00003005005419254303","0.00003005005419254303","0.00003005005419254303"
"48805","0.0004145335406064987","0.0004145335406064987","0.0004145335406064987"
"48807","0.00024986453354358673","0.00024986453354358673","0.00024986453354358673"
"48813","0.021270273253321648","0.021270273253321648","0.021270273253321648"
"48831","0.0008550379425287247","0.0008550379425287247","0.0008550379425287247"
"48833","0.0001584719866514206","0.0001584719866514206","0.0001584719866514206"
"48835","0.00010560639202594757","0.00010560639202594757","0.00010560639202594757"
"48841","0.00008697435259819031","0.00008697435259819031","0.00008697435259819031"
"48843","0.0005113836377859116","0.0005113836377859116","0.0005113836377859116"
"48845","0.00005008280277252197","0.00005008280277252197","0.00005008280277252197"
"48851","0.0012081414461135864","0.0012081414461135864","0.0012081414461135864"
"48853","0.0004476923495531082","0.0004476923495531082","0.0004476923495531082"
"48859","0.0005884617567062378","0.0005884617567062378","0.0005884617567062378"
"48863","0.0006123539060354233","0.0006123539060354233","0.0006123539060354233"
"48877","0.0031993072479963303","0.0031993072479963303","0.0031993072479963303"
"48879","0.0005559567362070084","0.0005559567362070084","0.0005559567362070084"
"48881","0.0017741657793521881","0.0017741657793521881","0.0017741657793521881"
"48883","0.03206862509250641","0.03206862509250641","0.03206862509250641"
"48889","0.00010323897004127502","0.00010323897004127502","0.00010323897004127502"
"48891","0.0002747289836406708","0.0002747289836406708","0.0002747289836406708"
"48895","0.0020403582602739334","0.0020403582602739334","0.0020403582602739334"
"48903","0.0003721993416547775","0.0003721993416547775","0.0003721993416547775"
"48905","0.054321613162755966","0.054321613162755966","0.054321613162755966"
"48909","0.000046873465180397034","0.000046873465180397034","0.000046873465180397034"
"48913","0.0003873053938150406","0.0003873053938150406","0.0003873053938150406"
"48919","0.0003894530236721039","0.0003894530236721039","0.0003894530236721039"
"48921","0.000021284446120262146","0.000021284446120262146","0.000021284446120262146"
"48923","0.0005697179585695267","0.0005697179585695267","0.0005697179585695267"
"48927","0.01855907216668129","0.01855907216668129","0.01855907216668129"
"48929","0.0037611722946166992","0.0037611722946166992","0.0037611722946166992"
"48935","0.004097620025277138","0.004097620025277138","0.004097620025277138"
"48937","0.0015097055584192276","0.0015097055584192276","0.0015097055584192276"
"48939","0.0002207346260547638","0.0002207346260547638","0.0002207346260547638"
"48941","0.00005827471613883972","0.00005827471613883972","0.00005827471613883972"
"48945","0.0000467691570520401","0.0000467691570520401","0.0000467691570520401"
"48949","0.0011424794793128967","0.0011424794793128967","0.0011424794793128967"
"48951","0.00034295395016670227","0.00034295395016670227","0.00034295395016670227"
"48953","0.0009617917239665985","0.0009617917239665985","0.0009617917239665985"
"48961","0.018623027950525284","0.018623027950525284","0.018623027950525284"
"48967","0.0009393710643053055","0.0009393710643053055","0.0009393710643053055"
"48973","0.017401792109012604","0.017401792109012604","0.017401792109012604"
"48977","0.005081463605165482","0.005081463605165482","0.005081463605165482"
"48979","0.0050320737063884735","0.0050320737063884735","0.0050320737063884735"
"48989","0.0003950204700231552","0.0003950204700231552","0.0003950204700231552"
"48991","0.0001522749662399292","0.0001522749662399292","0.0001522749662399292"
"48995","0.0011852625757455826","0.0011852625757455826","0.0011852625757455826"
"49001","0.002040756866335869","0.002040756866335869","0.002040756866335869"
"49003","0.004700597375631332","0.004700597375631332","0.004700597375631332"
"49005","0.0008574947714805603","0.0008574947714805603","0.0008574947714805603"
"49007","0.0006040278822183609","0.0006040278822183609","0.0006040278822183609"
"49009","0.0003048572689294815","0.0003048572689294815","0.0003048572689294815"
"49013","0.0002878997474908829","0.0002878997474908829","0.0002878997474908829"
"49015","0.00020576082170009613","0.00020576082170009613","0.00020576082170009613"
"49023","0.00012409687042236328","0.00012409687042236328","0.00012409687042236328"
"49031","0.005394600331783295","0.005394600331783295","0.005394600331783295"
"49033","0.010161485522985458","0.010161485522985458","0.010161485522985458"
"49035","0.00012679584324359894","0.00012679584324359894","0.00012679584324359894"
"49041","0.0014518983662128448","0.0014518983662128448","0.0014518983662128448"
"49045","0.0006809588521718979","0.0006809588521718979","0.0006809588521718979"
"49047","0.00007197074592113495","0.00007197074592113495","0.00007197074592113495"
"49049","0.000017138198018074036","0.000017138198018074036","0.000017138198018074036"
"49056","0.0001498088240623474","0.0001498088240623474","0.0001498088240623474"
"49060","0.03999508172273636","0.03999508172273636","0.03999508172273636"
"49066","0.0036278963088989258","0.0036278963088989258","0.0036278963088989258"
"49070","0.0004381611943244934","0.0004381611943244934","0.0004381611943244934"
"49074","0.0018380619585514069","0.0018380619585514069","0.0018380619585514069"
"49076","0.00007387995719909668","0.00007387995719909668","0.00007387995719909668"
"49078","0.000023851171135902405","0.000023851171135902405","0.000023851171135902405"
"49086","0.0010288096964359283","0.0010288096964359283","0.0010288096964359283"
"49090","0.0008849054574966431","0.0008849054574966431","0.0008849054574966431"
"49092","0.0006448850035667419","0.0006448850035667419","0.0006448850035667419"
"49094","0.00203130766749382","0.00203130766749382","0.00203130766749382"
"49100","0.00002687796950340271","0.00002687796950340271","0.00002687796950340271"
"49108","0.001200864091515541","0.001200864091515541","0.001200864091515541"
"49110","0.0001509394496679306","0.0001509394496679306","0.0001509394496679306"
"49112","0.00018586963415145874","0.00018586963415145874","0.00018586963415145874"
"49114","0.0009205620735883713","0.0009205620735883713","0.0009205620735883713"
"49116","0.001636940985918045","0.001636940985918045","0.001636940985918045"
"49120","0.0017864033579826355","0.0017864033579826355","0.0017864033579826355"
"49122","0.0000634957104921341","0.0000634957104921341","0.0000634957104921341"
"49124","0.0004922300577163696","0.0004922300577163696","0.0004922300577163696"
"49146","0.0008335113525390625","0.0008335113525390625","0.0008335113525390625"
"49148","0.0005697812885046005","0.0005697812885046005","0.0005697812885046005"
"49150","0.00004711560904979706","0.00004711560904979706","0.00004711560904979706"
"49154","0.004837196320295334","0.004837196320295334","0.004837196320295334"
"49156","0.008334198966622353","0.008334198966622353","0.008334198966622353"
"49160","0.02411177009344101","0.02411177009344101","0.02411177009344101"
"49166","0.0018297284841537476","0.0018297284841537476","0.0018297284841537476"
"49172","0.00023208744823932648","0.00023208744823932648","0.00023208744823932648"
"49174","0.00034893862903118134","0.00034893862903118134","0.00034893862903118134"
"49176","0.0012355986982584","0.0012355986982584","0.0012355986982584"
"49178","0.00030431896448135376","0.00030431896448135376","0.00030431896448135376"
"49182","0.0002918671816587448","0.0002918671816587448","0.0002918671816587448"
"49184","0.00016614049673080444","0.00016614049673080444","0.00016614049673080444"
"49186","0.00008820556104183197","0.00008820556104183197","0.00008820556104183197"
"49188","0.00037988461554050446","0.00037988461554050446","0.00037988461554050446"
"49192","0.002398492768406868","0.002398492768406868","0.002398492768406868"
"49194","0.002047669142484665","0.002047669142484665","0.002047669142484665"
"49196","0.023176206275820732","0.023176206275820732","0.023176206275820732"
"49200","0.042611584067344666","0.042611584067344666","0.042611584067344666"
"49206","0.00011340156197547913","0.00011340156197547913","0.00011340156197547913"
"49212","0.0005747471004724503","0.0005747471004724503","0.0005747471004724503"
"49214","0.000017220154404640198","0.000017220154404640198","0.000017220154404640198"
"49216","0.00005208328366279602","0.00005208328366279602","0.00005208328366279602"
"49224","0.018133968114852905","0.018133968114852905","0.018133968114852905"
"49226","0.0028536785393953323","0.0028536785393953323","0.0028536785393953323"
"49228","0.0014572124928236008","0.0014572124928236008","0.0014572124928236008"
"49236","0.0019274409860372543","0.0019274409860372543","0.0019274409860372543"
"49242","0.004320476204156876","0.004320476204156876","0.004320476204156876"
"49244","0.0023968126624822617","0.0023968126624822617","0.0023968126624822617"
"49248","0.0004923194646835327","0.0004923194646835327","0.0004923194646835327"
"49252","0.0026283301413059235","0.0026283301413059235","0.0026283301413059235"
"49256","0.00019497424364089966","0.00019497424364089966","0.00019497424364089966"
"49258","0.0020469073206186295","0.0020469073206186295","0.0020469073206186295"
"49260","0.011807598173618317","0.011807598173618317","0.011807598173618317"
"49264","0.00019670091569423676","0.00019670091569423676","0.00019670091569423676"
"49268","0.00034351833164691925","0.00034351833164691925","0.00034351833164691925"
"49270","0.00033789873123168945","0.00033789873123168945","0.00033789873123168945"
"49280","0.0001582801342010498","0.0001582801342010498","0.0001582801342010498"
"49282","0.0014561507850885391","0.0014561507850885391","0.0014561507850885391"
"49294","0.00030484050512313843","0.00030484050512313843","0.00030484050512313843"
"49298","0.0017398204654455185","0.0017398204654455185","0.0017398204654455185"
"49302","0.0002738628536462784","0.0002738628536462784","0.0002738628536462784"
"49314","0.0006567724049091339","0.0006567724049091339","0.0006567724049091339"
"49316","0.0002826899290084839","0.0002826899290084839","0.0002826899290084839"
"49318","0.0000060442835092544556","0.0000060442835092544556","0.0000060442835092544556"
"49326","0.0020841918885707855","0.0020841918885707855","0.0020841918885707855"
"49328","0.0000740494579076767","0.0000740494579076767","0.0000740494579076767"
"49332","0.00799945555627346","0.00799945555627346","0.00799945555627346"
"49338","0.00003733113408088684","0.00003733113408088684","0.00003733113408088684"
"49344","0.046508170664310455","0.046508170664310455","0.046508170664310455"
"49346","0.0005842484533786774","0.0005842484533786774","0.0005842484533786774"
"49348","0.00011496059596538544","0.00011496059596538544","0.00011496059596538544"
"49350","0.007175905629992485","0.007175905629992485","0.007175905629992485"
"49362","0.022516949102282524","0.022516949102282524","0.022516949102282524"
"49364","0.0005385950207710266","0.0005385950207710266","0.0005385950207710266"
"49368","0.0005742907524108887","0.0005742907524108887","0.0005742907524108887"
"49376","0.0036448538303375244","0.0036448538303375244","0.0036448538303375244"
"49378","0.011722743511199951","0.011722743511199951","0.011722743511199951"
"49390","0.01675477623939514","0.01675477623939514","0.01675477623939514"
"49394","0.0003752913326025009","0.0003752913326025009","0.0003752913326025009"
"49398","0.008325286209583282","0.008325286209583282","0.008325286209583282"
"49404","0.00007843226194381714","0.00007843226194381714","0.00007843226194381714"
"49406","0.0003080219030380249","0.0003080219030380249","0.0003080219030380249"
"49410","0.0010330341756343842","0.0010330341756343842","0.0010330341756343842"
"49418","0.00015256740152835846","0.00015256740152835846","0.00015256740152835846"
"49426","0.0023049507290124893","0.0023049507290124893","0.0023049507290124893"
"49428","0.016511648893356323","0.016511648893356323","0.016511648893356323"
"49430","0.0003899708390235901","0.0003899708390235901","0.0003899708390235901"
"49436","0.000680234283208847","0.000680234283208847","0.000680234283208847"
"49438","0.006197523325681686","0.006197523325681686","0.006197523325681686"
"49448","0.0007469002157449722","0.0007469002157449722","0.0007469002157449722"
"49454","0.0014648772776126862","0.0014648772776126862","0.0014648772776126862"
"49456","0.0001411251723766327","0.0001411251723766327","0.0001411251723766327"
"49466","0.0002107173204421997","0.0002107173204421997","0.0002107173204421997"
"49468","0.00007017143070697784","0.00007017143070697784","0.00007017143070697784"
"49472","0.004253646358847618","0.004253646358847618","0.004253646358847618"
"49494","0.00036906078457832336","0.00036906078457832336","0.00036906078457832336"
"49496","0.0004450008273124695","0.0004450008273124695","0.0004450008273124695"
"49504","0.00011913850903511047","0.00011913850903511047","0.00011913850903511047"
"49506","0.00031001120805740356","0.00031001120805740356","0.00031001120805740356"
"49510","0.00007377192378044128","0.00007377192378044128","0.00007377192378044128"
"49512","0.00038072094321250916","0.00038072094321250916","0.00038072094321250916"
"49514","0.0006261616945266724","0.0006261616945266724","0.0006261616945266724"
"49518","0.00023520179092884064","0.00023520179092884064","0.00023520179092884064"
"49520","0.0009970255196094513","0.0009970255196094513","0.0009970255196094513"
"49528","0.000038158148527145386","0.000038158148527145386","0.000038158148527145386"
"49534","0.000016435980796813965","0.000016435980796813965","0.000016435980796813965"
"49538","0.002104213461279869","0.002104213461279869","0.002104213461279869"
"49540","0.006621096283197403","0.006621096283197403","0.006621096283197403"
"49542","0.00007147528231143951","0.00007147528231143951","0.00007147528231143951"