"Step","test-model_132024 - Loss","test-model_132024 - Loss__MIN","test-model_132024 - Loss__MAX"
"0","0.16156768798828125","0.16156768798828125","0.16156768798828125"
"2","0.14398193359375","0.14398193359375","0.14398193359375"
"6","0.16413116455078125","0.16413116455078125","0.16413116455078125"
"8","0.15287399291992188","0.15287399291992188","0.15287399291992188"
"10","0.160491943359375","0.160491943359375","0.160491943359375"
"14","0.11832427978515625","0.11832427978515625","0.11832427978515625"
"16","0.14956283569335938","0.14956283569335938","0.14956283569335938"
"18","0.14235687255859375","0.14235687255859375","0.14235687255859375"
"20","0.15344619750976562","0.15344619750976562","0.15344619750976562"
"22","0.14619064331054688","0.14619064331054688","0.14619064331054688"
"24","0.1757965087890625","0.1757965087890625","0.1757965087890625"
"28","0.11818313598632812","0.11818313598632812","0.11818313598632812"
"30","0.12433624267578125","0.12433624267578125","0.12433624267578125"
"32","0.17548370361328125","0.17548370361328125","0.17548370361328125"
"34","0.12757492065429688","0.12757492065429688","0.12757492065429688"
"36","0.14122390747070312","0.14122390747070312","0.14122390747070312"
"38","0.13170623779296875","0.13170623779296875","0.13170623779296875"
"40","0.21441650390625","0.21441650390625","0.21441650390625"
"42","0.137176513671875","0.137176513671875","0.137176513671875"
"44","0.1461181640625","0.1461181640625","0.1461181640625"
"50","0.16965484619140625","0.16965484619140625","0.16965484619140625"
"52","0.1271820068359375","0.1271820068359375","0.1271820068359375"
"54","0.1940460205078125","0.1940460205078125","0.1940460205078125"
"56","0.1534271240234375","0.1534271240234375","0.1534271240234375"
"58","0.10561180114746094","0.10561180114746094","0.10561180114746094"
"60","0.182037353515625","0.182037353515625","0.182037353515625"
"62","0.11208343505859375","0.11208343505859375","0.11208343505859375"
"64","0.14111328125","0.14111328125","0.14111328125"
"66","0.1927032470703125","0.1927032470703125","0.1927032470703125"
"68","0.1588897705078125","0.1588897705078125","0.1588897705078125"
"70","0.1417694091796875","0.1417694091796875","0.1417694091796875"
"72","0.1124420166015625","0.1124420166015625","0.1124420166015625"
"76","0.11749649047851562","0.11749649047851562","0.11749649047851562"
"78","0.1650543212890625","0.1650543212890625","0.1650543212890625"
"80","0.12837982177734375","0.12837982177734375","0.12837982177734375"
"82","0.12801361083984375","0.12801361083984375","0.12801361083984375"
"84","0.11754226684570312","0.11754226684570312","0.11754226684570312"
"86","0.15328216552734375","0.15328216552734375","0.15328216552734375"
"88","0.1316680908203125","0.1316680908203125","0.1316680908203125"
"90","0.12421417236328125","0.12421417236328125","0.12421417236328125"
"92","0.1446990966796875","0.1446990966796875","0.1446990966796875"
"94","0.15702056884765625","0.15702056884765625","0.15702056884765625"
"96","0.14617919921875","0.14617919921875","0.14617919921875"
"100","0.2035675048828125","0.2035675048828125","0.2035675048828125"
"102","0.1368560791015625","0.1368560791015625","0.1368560791015625"
"104","0.183258056640625","0.183258056640625","0.183258056640625"
"106","0.15691375732421875","0.15691375732421875","0.15691375732421875"
"108","0.1275482177734375","0.1275482177734375","0.1275482177734375"
"110","0.15261077880859375","0.15261077880859375","0.15261077880859375"
"112","0.1382598876953125","0.1382598876953125","0.1382598876953125"
"114","0.1497955322265625","0.1497955322265625","0.1497955322265625"
"116","0.17906951904296875","0.17906951904296875","0.17906951904296875"
"118","0.13404083251953125","0.13404083251953125","0.13404083251953125"
"120","0.10755157470703125","0.10755157470703125","0.10755157470703125"
"124","0.16486358642578125","0.16486358642578125","0.16486358642578125"
"126","0.1427764892578125","0.1427764892578125","0.1427764892578125"
"128","0.1464691162109375","0.1464691162109375","0.1464691162109375"
"130","0.1801605224609375","0.1801605224609375","0.1801605224609375"
"132","0.1732025146484375","0.1732025146484375","0.1732025146484375"
"134","0.1607666015625","0.1607666015625","0.1607666015625"
"136","0.12932586669921875","0.12932586669921875","0.12932586669921875"
"138","0.15210723876953125","0.15210723876953125","0.15210723876953125"
"140","0.14696121215820312","0.14696121215820312","0.14696121215820312"
"142","0.19045257568359375","0.19045257568359375","0.19045257568359375"
"144","0.1237030029296875","0.1237030029296875","0.1237030029296875"
"146","0.1450958251953125","0.1450958251953125","0.1450958251953125"
"148","0.1691741943359375","0.1691741943359375","0.1691741943359375"
"150","0.13831710815429688","0.13831710815429688","0.13831710815429688"
"152","0.1636962890625","0.1636962890625","0.1636962890625"
"154","0.15442276000976562","0.15442276000976562","0.15442276000976562"
"158","0.16437530517578125","0.16437530517578125","0.16437530517578125"
"162","0.15587615966796875","0.15587615966796875","0.15587615966796875"
"164","0.152435302734375","0.152435302734375","0.152435302734375"
"166","0.13637924194335938","0.13637924194335938","0.13637924194335938"
"168","0.12258148193359375","0.12258148193359375","0.12258148193359375"
"170","0.15932464599609375","0.15932464599609375","0.15932464599609375"
"172","0.13376617431640625","0.13376617431640625","0.13376617431640625"
"174","0.160430908203125","0.160430908203125","0.160430908203125"
"176","0.15518951416015625","0.15518951416015625","0.15518951416015625"
"178","0.1702728271484375","0.1702728271484375","0.1702728271484375"
"180","0.1193695068359375","0.1193695068359375","0.1193695068359375"
"182","0.13592910766601562","0.13592910766601562","0.13592910766601562"
"186","0.16086578369140625","0.16086578369140625","0.16086578369140625"
"188","0.13491058349609375","0.13491058349609375","0.13491058349609375"
"190","0.14373016357421875","0.14373016357421875","0.14373016357421875"
"192","0.1674652099609375","0.1674652099609375","0.1674652099609375"
"194","0.13325119018554688","0.13325119018554688","0.13325119018554688"
"196","0.1372222900390625","0.1372222900390625","0.1372222900390625"
"198","0.12801361083984375","0.12801361083984375","0.12801361083984375"
"200","0.14058685302734375","0.14058685302734375","0.14058685302734375"
"202","0.17365264892578125","0.17365264892578125","0.17365264892578125"
"204","0.17138671875","0.17138671875","0.17138671875"
"206","0.13365936279296875","0.13365936279296875","0.13365936279296875"
"208","0.1755523681640625","0.1755523681640625","0.1755523681640625"
"210","0.14661788940429688","0.14661788940429688","0.14661788940429688"
"214","0.135009765625","0.135009765625","0.135009765625"
"216","0.14403533935546875","0.14403533935546875","0.14403533935546875"
"218","0.1830596923828125","0.1830596923828125","0.1830596923828125"
"222","0.1391143798828125","0.1391143798828125","0.1391143798828125"
"224","0.15935516357421875","0.15935516357421875","0.15935516357421875"
"228","0.15169525146484375","0.15169525146484375","0.15169525146484375"
"232","0.130035400390625","0.130035400390625","0.130035400390625"
"234","0.15840911865234375","0.15840911865234375","0.15840911865234375"
"236","0.17626953125","0.17626953125","0.17626953125"
"240","0.14058685302734375","0.14058685302734375","0.14058685302734375"
"242","0.2030487060546875","0.2030487060546875","0.2030487060546875"
"244","0.18990325927734375","0.18990325927734375","0.18990325927734375"
"246","0.1308441162109375","0.1308441162109375","0.1308441162109375"
"248","0.14227676391601562","0.14227676391601562","0.14227676391601562"
"250","0.1114349365234375","0.1114349365234375","0.1114349365234375"
"252","0.1280670166015625","0.1280670166015625","0.1280670166015625"
"254","0.17832183837890625","0.17832183837890625","0.17832183837890625"
"256","0.15325164794921875","0.15325164794921875","0.15325164794921875"
"260","0.160797119140625","0.160797119140625","0.160797119140625"
"265","0.1591796875","0.1591796875","0.1591796875"
"269","0.16902923583984375","0.16902923583984375","0.16902923583984375"
"271","0.14656829833984375","0.14656829833984375","0.14656829833984375"
"273","0.15452194213867188","0.15452194213867188","0.15452194213867188"
"275","0.16098785400390625","0.16098785400390625","0.16098785400390625"
"279","0.16416549682617188","0.16416549682617188","0.16416549682617188"
"281","0.16414260864257812","0.16414260864257812","0.16414260864257812"
"287","0.1773681640625","0.1773681640625","0.1773681640625"
"289","0.12993621826171875","0.12993621826171875","0.12993621826171875"
"293","0.16448211669921875","0.16448211669921875","0.16448211669921875"
"295","0.13795852661132812","0.13795852661132812","0.13795852661132812"
"299","0.155517578125","0.155517578125","0.155517578125"
"301","0.1411285400390625","0.1411285400390625","0.1411285400390625"
"303","0.1667327880859375","0.1667327880859375","0.1667327880859375"
"307","0.1434173583984375","0.1434173583984375","0.1434173583984375"
"309","0.17173004150390625","0.17173004150390625","0.17173004150390625"
"311","0.18144989013671875","0.18144989013671875","0.18144989013671875"
"313","0.19736480712890625","0.19736480712890625","0.19736480712890625"
"315","0.1527099609375","0.1527099609375","0.1527099609375"
"317","0.156494140625","0.156494140625","0.156494140625"
"319","0.1058807373046875","0.1058807373046875","0.1058807373046875"
"321","0.13460540771484375","0.13460540771484375","0.13460540771484375"
"323","0.19621658325195312","0.19621658325195312","0.19621658325195312"
"327","0.13768768310546875","0.13768768310546875","0.13768768310546875"
"329","0.13161468505859375","0.13161468505859375","0.13161468505859375"
"331","0.1941680908203125","0.1941680908203125","0.1941680908203125"
"335","0.16689300537109375","0.16689300537109375","0.16689300537109375"
"337","0.15055084228515625","0.15055084228515625","0.15055084228515625"
"339","0.1705322265625","0.1705322265625","0.1705322265625"
"341","0.1414947509765625","0.1414947509765625","0.1414947509765625"
"343","0.1664581298828125","0.1664581298828125","0.1664581298828125"
"345","0.12691116333007812","0.12691116333007812","0.12691116333007812"
"347","0.18634033203125","0.18634033203125","0.18634033203125"
"349","0.11530303955078125","0.11530303955078125","0.11530303955078125"
"351","0.17877578735351562","0.17877578735351562","0.17877578735351562"
"353","0.15012359619140625","0.15012359619140625","0.15012359619140625"
"355","0.1606597900390625","0.1606597900390625","0.1606597900390625"
"357","0.1500091552734375","0.1500091552734375","0.1500091552734375"
"365","0.1796417236328125","0.1796417236328125","0.1796417236328125"
"367","0.1738128662109375","0.1738128662109375","0.1738128662109375"
"369","0.15784454345703125","0.15784454345703125","0.15784454345703125"
"371","0.11141204833984375","0.11141204833984375","0.11141204833984375"
"373","0.12066650390625","0.12066650390625","0.12066650390625"
"377","0.0926055908203125","0.0926055908203125","0.0926055908203125"
"381","0.10831451416015625","0.10831451416015625","0.10831451416015625"
"385","0.19133758544921875","0.19133758544921875","0.19133758544921875"
"387","0.1273651123046875","0.1273651123046875","0.1273651123046875"
"389","0.13949203491210938","0.13949203491210938","0.13949203491210938"
"391","0.12883377075195312","0.12883377075195312","0.12883377075195312"
"393","0.14865875244140625","0.14865875244140625","0.14865875244140625"
"395","0.16837310791015625","0.16837310791015625","0.16837310791015625"
"397","0.14121246337890625","0.14121246337890625","0.14121246337890625"
"405","0.114898681640625","0.114898681640625","0.114898681640625"
"407","0.13106536865234375","0.13106536865234375","0.13106536865234375"
"409","0.1131744384765625","0.1131744384765625","0.1131744384765625"
"411","0.14393234252929688","0.14393234252929688","0.14393234252929688"
"417","0.11611175537109375","0.11611175537109375","0.11611175537109375"
"421","0.12754058837890625","0.12754058837890625","0.12754058837890625"
"425","0.144989013671875","0.144989013671875","0.144989013671875"
"429","0.17752838134765625","0.17752838134765625","0.17752838134765625"
"435","0.15703582763671875","0.15703582763671875","0.15703582763671875"
"437","0.14128875732421875","0.14128875732421875","0.14128875732421875"
"441","0.119873046875","0.119873046875","0.119873046875"
"443","0.135223388671875","0.135223388671875","0.135223388671875"
"445","0.1313018798828125","0.1313018798828125","0.1313018798828125"
"447","0.15807342529296875","0.15807342529296875","0.15807342529296875"
"449","0.16909027099609375","0.16909027099609375","0.16909027099609375"
"451","0.12221527099609375","0.12221527099609375","0.12221527099609375"
"453","0.163055419921875","0.163055419921875","0.163055419921875"
"455","0.21901702880859375","0.21901702880859375","0.21901702880859375"
"457","0.18222808837890625","0.18222808837890625","0.18222808837890625"
"459","0.14759063720703125","0.14759063720703125","0.14759063720703125"
"461","0.16190338134765625","0.16190338134765625","0.16190338134765625"
"463","0.15079498291015625","0.15079498291015625","0.15079498291015625"
"465","0.13092803955078125","0.13092803955078125","0.13092803955078125"
"469","0.20182037353515625","0.20182037353515625","0.20182037353515625"
"471","0.16504669189453125","0.16504669189453125","0.16504669189453125"
"473","0.14472198486328125","0.14472198486328125","0.14472198486328125"
"475","0.14803314208984375","0.14803314208984375","0.14803314208984375"
"477","0.18289947509765625","0.18289947509765625","0.18289947509765625"
"479","0.17302703857421875","0.17302703857421875","0.17302703857421875"
"483","0.14435768127441406","0.14435768127441406","0.14435768127441406"
"485","0.1647491455078125","0.1647491455078125","0.1647491455078125"
"487","0.17687606811523438","0.17687606811523438","0.17687606811523438"
"489","0.14666366577148438","0.14666366577148438","0.14666366577148438"
"491","0.14519882202148438","0.14519882202148438","0.14519882202148438"
"495","0.1565704345703125","0.1565704345703125","0.1565704345703125"
"497","0.2105865478515625","0.2105865478515625","0.2105865478515625"
"499","0.13945388793945312","0.13945388793945312","0.13945388793945312"
"501","0.17552947998046875","0.17552947998046875","0.17552947998046875"
"503","0.1915435791015625","0.1915435791015625","0.1915435791015625"
"507","0.16753387451171875","0.16753387451171875","0.16753387451171875"
"509","0.12109375","0.12109375","0.12109375"
"511","0.13330841064453125","0.13330841064453125","0.13330841064453125"
"513","0.0929412841796875","0.0929412841796875","0.0929412841796875"
"515","0.1524200439453125","0.1524200439453125","0.1524200439453125"
"519","0.205963134765625","0.205963134765625","0.205963134765625"
"523","0.1460418701171875","0.1460418701171875","0.1460418701171875"
"525","0.1444549560546875","0.1444549560546875","0.1444549560546875"
"531","0.14898300170898438","0.14898300170898438","0.14898300170898438"
"533","0.15276336669921875","0.15276336669921875","0.15276336669921875"
"537","0.12179183959960938","0.12179183959960938","0.12179183959960938"
"541","0.14669036865234375","0.14669036865234375","0.14669036865234375"
"543","0.1920013427734375","0.1920013427734375","0.1920013427734375"
"545","0.2003326416015625","0.2003326416015625","0.2003326416015625"
"547","0.152313232421875","0.152313232421875","0.152313232421875"
"549","0.14347457885742188","0.14347457885742188","0.14347457885742188"
"551","0.17324066162109375","0.17324066162109375","0.17324066162109375"
"553","0.15872955322265625","0.15872955322265625","0.15872955322265625"
"555","0.12117767333984375","0.12117767333984375","0.12117767333984375"
"557","0.1687164306640625","0.1687164306640625","0.1687164306640625"
"559","0.17242431640625","0.17242431640625","0.17242431640625"
"561","0.162841796875","0.162841796875","0.162841796875"
"563","0.11876296997070312","0.11876296997070312","0.11876296997070312"
"567","0.16147994995117188","0.16147994995117188","0.16147994995117188"
"569","0.17404937744140625","0.17404937744140625","0.17404937744140625"
"575","0.13620758056640625","0.13620758056640625","0.13620758056640625"
"577","0.163360595703125","0.163360595703125","0.163360595703125"
"581","0.14000701904296875","0.14000701904296875","0.14000701904296875"
"583","0.1358795166015625","0.1358795166015625","0.1358795166015625"
"585","0.11181259155273438","0.11181259155273438","0.11181259155273438"
"587","0.15627288818359375","0.15627288818359375","0.15627288818359375"
"589","0.12664413452148438","0.12664413452148438","0.12664413452148438"
"591","0.1622467041015625","0.1622467041015625","0.1622467041015625"
"597","0.16690826416015625","0.16690826416015625","0.16690826416015625"
"601","0.14231109619140625","0.14231109619140625","0.14231109619140625"
"603","0.17241287231445312","0.17241287231445312","0.17241287231445312"
"605","0.10812759399414062","0.10812759399414062","0.10812759399414062"
"607","0.1777496337890625","0.1777496337890625","0.1777496337890625"
"609","0.16905975341796875","0.16905975341796875","0.16905975341796875"
"611","0.1791839599609375","0.1791839599609375","0.1791839599609375"
"613","0.17984771728515625","0.17984771728515625","0.17984771728515625"
"615","0.15559005737304688","0.15559005737304688","0.15559005737304688"
"617","0.189971923828125","0.189971923828125","0.189971923828125"
"619","0.1689910888671875","0.1689910888671875","0.1689910888671875"
"621","0.12681198120117188","0.12681198120117188","0.12681198120117188"
"629","0.1664276123046875","0.1664276123046875","0.1664276123046875"
"631","0.16509628295898438","0.16509628295898438","0.16509628295898438"
"633","0.159576416015625","0.159576416015625","0.159576416015625"
"635","0.11296653747558594","0.11296653747558594","0.11296653747558594"
"637","0.1332244873046875","0.1332244873046875","0.1332244873046875"
"639","0.15128326416015625","0.15128326416015625","0.15128326416015625"
"641","0.1595916748046875","0.1595916748046875","0.1595916748046875"
"643","0.136932373046875","0.136932373046875","0.136932373046875"
"645","0.15312957763671875","0.15312957763671875","0.15312957763671875"
"647","0.13556671142578125","0.13556671142578125","0.13556671142578125"
"651","0.158203125","0.158203125","0.158203125"
"653","0.1490325927734375","0.1490325927734375","0.1490325927734375"
"655","0.11737823486328125","0.11737823486328125","0.11737823486328125"
"657","0.14661026000976562","0.14661026000976562","0.14661026000976562"
"659","0.13522720336914062","0.13522720336914062","0.13522720336914062"
"661","0.1362152099609375","0.1362152099609375","0.1362152099609375"
"663","0.11121368408203125","0.11121368408203125","0.11121368408203125"
"665","0.12204742431640625","0.12204742431640625","0.12204742431640625"
"667","0.174224853515625","0.174224853515625","0.174224853515625"
"669","0.13976287841796875","0.13976287841796875","0.13976287841796875"
"671","0.15883636474609375","0.15883636474609375","0.15883636474609375"
"673","0.1130523681640625","0.1130523681640625","0.1130523681640625"
"675","0.199798583984375","0.199798583984375","0.199798583984375"
"677","0.15274810791015625","0.15274810791015625","0.15274810791015625"
"679","0.16469573974609375","0.16469573974609375","0.16469573974609375"
"681","0.15691757202148438","0.15691757202148438","0.15691757202148438"
"689","0.1222381591796875","0.1222381591796875","0.1222381591796875"
"695","0.10770416259765625","0.10770416259765625","0.10770416259765625"
"697","0.15457916259765625","0.15457916259765625","0.15457916259765625"
"699","0.1726531982421875","0.1726531982421875","0.1726531982421875"
"703","0.17926788330078125","0.17926788330078125","0.17926788330078125"
"707","0.1331787109375","0.1331787109375","0.1331787109375"
"711","0.19326019287109375","0.19326019287109375","0.19326019287109375"
"713","0.12036895751953125","0.12036895751953125","0.12036895751953125"
"721","0.13265228271484375","0.13265228271484375","0.13265228271484375"
"723","0.16193389892578125","0.16193389892578125","0.16193389892578125"
"725","0.16706085205078125","0.16706085205078125","0.16706085205078125"
"727","0.20694732666015625","0.20694732666015625","0.20694732666015625"
"731","0.14644813537597656","0.14644813537597656","0.14644813537597656"
"735","0.10281181335449219","0.10281181335449219","0.10281181335449219"
"737","0.12406158447265625","0.12406158447265625","0.12406158447265625"
"741","0.17696380615234375","0.17696380615234375","0.17696380615234375"
"743","0.10400390625","0.10400390625","0.10400390625"
"745","0.15775299072265625","0.15775299072265625","0.15775299072265625"
"747","0.13330078125","0.13330078125","0.13330078125"
"753","0.11753463745117188","0.11753463745117188","0.11753463745117188"
"755","0.179290771484375","0.179290771484375","0.179290771484375"
"757","0.150665283203125","0.150665283203125","0.150665283203125"
"759","0.1515960693359375","0.1515960693359375","0.1515960693359375"
"765","0.13927459716796875","0.13927459716796875","0.13927459716796875"
"767","0.16992950439453125","0.16992950439453125","0.16992950439453125"
"771","0.11913299560546875","0.11913299560546875","0.11913299560546875"
"777","0.13167190551757812","0.13167190551757812","0.13167190551757812"
"779","0.1262969970703125","0.1262969970703125","0.1262969970703125"
"781","0.1476287841796875","0.1476287841796875","0.1476287841796875"
"783","0.1158905029296875","0.1158905029296875","0.1158905029296875"
"785","0.1575164794921875","0.1575164794921875","0.1575164794921875"
"787","0.15239715576171875","0.15239715576171875","0.15239715576171875"
"794","0.15659332275390625","0.15659332275390625","0.15659332275390625"
"798","0.15004730224609375","0.15004730224609375","0.15004730224609375"
"800","0.15807342529296875","0.15807342529296875","0.15807342529296875"
"804","0.1369476318359375","0.1369476318359375","0.1369476318359375"
"806","0.1558380126953125","0.1558380126953125","0.1558380126953125"
"812","0.15538787841796875","0.15538787841796875","0.15538787841796875"
"814","0.1526641845703125","0.1526641845703125","0.1526641845703125"
"816","0.153411865234375","0.153411865234375","0.153411865234375"
"818","0.17134857177734375","0.17134857177734375","0.17134857177734375"
"822","0.15883255004882812","0.15883255004882812","0.15883255004882812"
"824","0.14632415771484375","0.14632415771484375","0.14632415771484375"
"826","0.19846343994140625","0.19846343994140625","0.19846343994140625"
"828","0.13485336303710938","0.13485336303710938","0.13485336303710938"
"832","0.18912506103515625","0.18912506103515625","0.18912506103515625"
"834","0.16538238525390625","0.16538238525390625","0.16538238525390625"
"838","0.13680267333984375","0.13680267333984375","0.13680267333984375"
"846","0.1452484130859375","0.1452484130859375","0.1452484130859375"
"850","0.1506805419921875","0.1506805419921875","0.1506805419921875"
"852","0.192352294921875","0.192352294921875","0.192352294921875"
"854","0.1234283447265625","0.1234283447265625","0.1234283447265625"
"856","0.1790008544921875","0.1790008544921875","0.1790008544921875"
"858","0.13441848754882812","0.13441848754882812","0.13441848754882812"
"860","0.1521759033203125","0.1521759033203125","0.1521759033203125"
"862","0.14917755126953125","0.14917755126953125","0.14917755126953125"
"864","0.18056106567382812","0.18056106567382812","0.18056106567382812"
"874","0.16374969482421875","0.16374969482421875","0.16374969482421875"
"876","0.107391357421875","0.107391357421875","0.107391357421875"
"884","0.11961746215820312","0.11961746215820312","0.11961746215820312"
"886","0.14319610595703125","0.14319610595703125","0.14319610595703125"
"888","0.1274566650390625","0.1274566650390625","0.1274566650390625"
"890","0.11025619506835938","0.11025619506835938","0.11025619506835938"
"892","0.192047119140625","0.192047119140625","0.192047119140625"
"894","0.13343429565429688","0.13343429565429688","0.13343429565429688"
"896","0.202056884765625","0.202056884765625","0.202056884765625"
"898","0.1468353271484375","0.1468353271484375","0.1468353271484375"
"904","0.2011260986328125","0.2011260986328125","0.2011260986328125"
"906","0.13886260986328125","0.13886260986328125","0.13886260986328125"
"908","0.1505889892578125","0.1505889892578125","0.1505889892578125"
"910","0.1951904296875","0.1951904296875","0.1951904296875"
"912","0.20497894287109375","0.20497894287109375","0.20497894287109375"
"914","0.15373992919921875","0.15373992919921875","0.15373992919921875"
"916","0.13713455200195312","0.13713455200195312","0.13713455200195312"
"918","0.14508056640625","0.14508056640625","0.14508056640625"
"920","0.15565109252929688","0.15565109252929688","0.15565109252929688"
"922","0.10182571411132812","0.10182571411132812","0.10182571411132812"
"924","0.21244049072265625","0.21244049072265625","0.21244049072265625"
"926","0.18828582763671875","0.18828582763671875","0.18828582763671875"
"928","0.20362472534179688","0.20362472534179688","0.20362472534179688"
"930","0.142730712890625","0.142730712890625","0.142730712890625"
"932","0.17421722412109375","0.17421722412109375","0.17421722412109375"
"934","0.18634033203125","0.18634033203125","0.18634033203125"
"938","0.1710662841796875","0.1710662841796875","0.1710662841796875"
"940","0.1722412109375","0.1722412109375","0.1722412109375"
"944","0.15472793579101562","0.15472793579101562","0.15472793579101562"
"946","0.1597137451171875","0.1597137451171875","0.1597137451171875"
"948","0.12189483642578125","0.12189483642578125","0.12189483642578125"
"950","0.14696502685546875","0.14696502685546875","0.14696502685546875"
"952","0.13005447387695312","0.13005447387695312","0.13005447387695312"
"954","0.19683837890625","0.19683837890625","0.19683837890625"
"958","0.15367889404296875","0.15367889404296875","0.15367889404296875"
"962","0.15711212158203125","0.15711212158203125","0.15711212158203125"
"964","0.13525009155273438","0.13525009155273438","0.13525009155273438"
"966","0.1879425048828125","0.1879425048828125","0.1879425048828125"
"968","0.09350967407226562","0.09350967407226562","0.09350967407226562"
"970","0.11510086059570312","0.11510086059570312","0.11510086059570312"
"972","0.14781951904296875","0.14781951904296875","0.14781951904296875"
"974","0.1510772705078125","0.1510772705078125","0.1510772705078125"
"978","0.1859130859375","0.1859130859375","0.1859130859375"
"980","0.17522430419921875","0.17522430419921875","0.17522430419921875"
"982","0.11370849609375","0.11370849609375","0.11370849609375"
"984","0.11977005004882812","0.11977005004882812","0.11977005004882812"
"986","0.11809539794921875","0.11809539794921875","0.11809539794921875"
"988","0.12607574462890625","0.12607574462890625","0.12607574462890625"
"990","0.1434783935546875","0.1434783935546875","0.1434783935546875"
"992","0.11603164672851562","0.11603164672851562","0.11603164672851562"
"994","0.10997200012207031","0.10997200012207031","0.10997200012207031"
"996","0.1618804931640625","0.1618804931640625","0.1618804931640625"
"998","0.15594482421875","0.15594482421875","0.15594482421875"
"1000","0.12233734130859375","0.12233734130859375","0.12233734130859375"
"1002","0.1336212158203125","0.1336212158203125","0.1336212158203125"
"1006","0.13115310668945312","0.13115310668945312","0.13115310668945312"
"1008","0.16188812255859375","0.16188812255859375","0.16188812255859375"
"1010","0.1549224853515625","0.1549224853515625","0.1549224853515625"
"1016","0.17195892333984375","0.17195892333984375","0.17195892333984375"
"1026","0.19474029541015625","0.19474029541015625","0.19474029541015625"
"1028","0.21710205078125","0.21710205078125","0.21710205078125"
"1030","0.1452178955078125","0.1452178955078125","0.1452178955078125"
"1032","0.14597702026367188","0.14597702026367188","0.14597702026367188"
"1034","0.1912384033203125","0.1912384033203125","0.1912384033203125"
"1038","0.18811798095703125","0.18811798095703125","0.18811798095703125"
"1042","0.12893295288085938","0.12893295288085938","0.12893295288085938"
"1044","0.15949249267578125","0.15949249267578125","0.15949249267578125"
"1046","0.1516265869140625","0.1516265869140625","0.1516265869140625"
"1048","0.170928955078125","0.170928955078125","0.170928955078125"
"1052","0.1676483154296875","0.1676483154296875","0.1676483154296875"
"1054","0.18772125244140625","0.18772125244140625","0.18772125244140625"
"1056","0.1654224395751953","0.1654224395751953","0.1654224395751953"
"1058","0.13360595703125","0.13360595703125","0.13360595703125"
"1060","0.15575408935546875","0.15575408935546875","0.15575408935546875"
"1062","0.16180038452148438","0.16180038452148438","0.16180038452148438"
"1064","0.1788482666015625","0.1788482666015625","0.1788482666015625"
"1066","0.110504150390625","0.110504150390625","0.110504150390625"
"1068","0.143829345703125","0.143829345703125","0.143829345703125"
"1070","0.13684844970703125","0.13684844970703125","0.13684844970703125"
"1072","0.15775299072265625","0.15775299072265625","0.15775299072265625"
"1074","0.19368743896484375","0.19368743896484375","0.19368743896484375"
"1076","0.18103790283203125","0.18103790283203125","0.18103790283203125"
"1078","0.1860504150390625","0.1860504150390625","0.1860504150390625"
"1080","0.12528228759765625","0.12528228759765625","0.12528228759765625"
"1082","0.13607025146484375","0.13607025146484375","0.13607025146484375"
"1088","0.16080856323242188","0.16080856323242188","0.16080856323242188"
"1090","0.1419219970703125","0.1419219970703125","0.1419219970703125"
"1094","0.12518310546875","0.12518310546875","0.12518310546875"
"1102","0.15007400512695312","0.15007400512695312","0.15007400512695312"
"1104","0.16666412353515625","0.16666412353515625","0.16666412353515625"
"1106","0.16971588134765625","0.16971588134765625","0.16971588134765625"
"1108","0.16510009765625","0.16510009765625","0.16510009765625"
"1112","0.1345062255859375","0.1345062255859375","0.1345062255859375"
"1114","0.14876174926757812","0.14876174926757812","0.14876174926757812"
"1116","0.19611358642578125","0.19611358642578125","0.19611358642578125"
"1118","0.13184738159179688","0.13184738159179688","0.13184738159179688"
"1124","0.12948226928710938","0.12948226928710938","0.12948226928710938"
"1130","0.1314105987548828","0.1314105987548828","0.1314105987548828"
"1132","0.14746665954589844","0.14746665954589844","0.14746665954589844"
"1134","0.11066055297851562","0.11066055297851562","0.11066055297851562"
"1136","0.137451171875","0.137451171875","0.137451171875"
"1138","0.19268035888671875","0.19268035888671875","0.19268035888671875"
"1140","0.14363861083984375","0.14363861083984375","0.14363861083984375"
"1144","0.1544952392578125","0.1544952392578125","0.1544952392578125"
"1152","0.2015380859375","0.2015380859375","0.2015380859375"
"1154","0.1512908935546875","0.1512908935546875","0.1512908935546875"
"1156","0.09110260009765625","0.09110260009765625","0.09110260009765625"
"1158","0.14510345458984375","0.14510345458984375","0.14510345458984375"
"1160","0.12178802490234375","0.12178802490234375","0.12178802490234375"
"1162","0.14865875244140625","0.14865875244140625","0.14865875244140625"
"1166","0.14297866821289062","0.14297866821289062","0.14297866821289062"
"1168","0.15362548828125","0.15362548828125","0.15362548828125"
"1170","0.1264190673828125","0.1264190673828125","0.1264190673828125"
"1172","0.147918701171875","0.147918701171875","0.147918701171875"
"1174","0.14879989624023438","0.14879989624023438","0.14879989624023438"
"1176","0.1357574462890625","0.1357574462890625","0.1357574462890625"
"1178","0.1666259765625","0.1666259765625","0.1666259765625"
"1180","0.130096435546875","0.130096435546875","0.130096435546875"
"1182","0.16464614868164062","0.16464614868164062","0.16464614868164062"
"1184","0.18304443359375","0.18304443359375","0.18304443359375"
"1186","0.14051055908203125","0.14051055908203125","0.14051055908203125"
"1188","0.129058837890625","0.129058837890625","0.129058837890625"
"1190","0.126312255859375","0.126312255859375","0.126312255859375"
"1194","0.16532135009765625","0.16532135009765625","0.16532135009765625"
"1196","0.13990211486816406","0.13990211486816406","0.13990211486816406"
"1198","0.17002105712890625","0.17002105712890625","0.17002105712890625"
"1200","0.122222900390625","0.122222900390625","0.122222900390625"
"1202","0.16217422485351562","0.16217422485351562","0.16217422485351562"
"1208","0.14653778076171875","0.14653778076171875","0.14653778076171875"
"1210","0.14682769775390625","0.14682769775390625","0.14682769775390625"
"1212","0.19232940673828125","0.19232940673828125","0.19232940673828125"
"1214","0.145965576171875","0.145965576171875","0.145965576171875"
"1216","0.123382568359375","0.123382568359375","0.123382568359375"
"1218","0.15349578857421875","0.15349578857421875","0.15349578857421875"
"1220","0.12060165405273438","0.12060165405273438","0.12060165405273438"
"1222","0.13381195068359375","0.13381195068359375","0.13381195068359375"
"1224","0.11939239501953125","0.11939239501953125","0.11939239501953125"
"1228","0.1755828857421875","0.1755828857421875","0.1755828857421875"
"1230","0.12704086303710938","0.12704086303710938","0.12704086303710938"
"1232","0.14130401611328125","0.14130401611328125","0.14130401611328125"
"1234","0.10657119750976562","0.10657119750976562","0.10657119750976562"
"1236","0.16118621826171875","0.16118621826171875","0.16118621826171875"
"1238","0.13169097900390625","0.13169097900390625","0.13169097900390625"
"1242","0.13167572021484375","0.13167572021484375","0.13167572021484375"
"1246","0.16472625732421875","0.16472625732421875","0.16472625732421875"
"1248","0.15651702880859375","0.15651702880859375","0.15651702880859375"
"1250","0.1499176025390625","0.1499176025390625","0.1499176025390625"
"1252","0.1788177490234375","0.1788177490234375","0.1788177490234375"
"1254","0.15953826904296875","0.15953826904296875","0.15953826904296875"
"1256","0.14014816284179688","0.14014816284179688","0.14014816284179688"
"1258","0.15412139892578125","0.15412139892578125","0.15412139892578125"
"1260","0.15109634399414062","0.15109634399414062","0.15109634399414062"
"1262","0.12793731689453125","0.12793731689453125","0.12793731689453125"
"1264","0.17644500732421875","0.17644500732421875","0.17644500732421875"
"1266","0.174957275390625","0.174957275390625","0.174957275390625"
"1268","0.18441390991210938","0.18441390991210938","0.18441390991210938"
"1270","0.15396881103515625","0.15396881103515625","0.15396881103515625"
"1272","0.1677093505859375","0.1677093505859375","0.1677093505859375"
"1274","0.16678237915039062","0.16678237915039062","0.16678237915039062"
"1276","0.15294647216796875","0.15294647216796875","0.15294647216796875"
"1280","0.218505859375","0.218505859375","0.218505859375"
"1286","0.151885986328125","0.151885986328125","0.151885986328125"
"1288","0.12385177612304688","0.12385177612304688","0.12385177612304688"
"1290","0.17726898193359375","0.17726898193359375","0.17726898193359375"
"1292","0.15949249267578125","0.15949249267578125","0.15949249267578125"
"1294","0.1273193359375","0.1273193359375","0.1273193359375"
"1296","0.1351318359375","0.1351318359375","0.1351318359375"
"1298","0.11761474609375","0.11761474609375","0.11761474609375"
"1300","0.13550567626953125","0.13550567626953125","0.13550567626953125"
"1302","0.14635467529296875","0.14635467529296875","0.14635467529296875"
"1304","0.1345367431640625","0.1345367431640625","0.1345367431640625"
"1306","0.164459228515625","0.164459228515625","0.164459228515625"
"1308","0.13993072509765625","0.13993072509765625","0.13993072509765625"
"1310","0.15746307373046875","0.15746307373046875","0.15746307373046875"
"1314","0.173919677734375","0.173919677734375","0.173919677734375"
"1321","0.135467529296875","0.135467529296875","0.135467529296875"
"1327","0.13131332397460938","0.13131332397460938","0.13131332397460938"
"1331","0.16542816162109375","0.16542816162109375","0.16542816162109375"
"1333","0.11009979248046875","0.11009979248046875","0.11009979248046875"
"1337","0.14362335205078125","0.14362335205078125","0.14362335205078125"
"1341","0.173858642578125","0.173858642578125","0.173858642578125"
"1343","0.16510772705078125","0.16510772705078125","0.16510772705078125"
"1345","0.14543914794921875","0.14543914794921875","0.14543914794921875"
"1347","0.150238037109375","0.150238037109375","0.150238037109375"
"1349","0.1335906982421875","0.1335906982421875","0.1335906982421875"
"1351","0.16286087036132812","0.16286087036132812","0.16286087036132812"
"1355","0.14073562622070312","0.14073562622070312","0.14073562622070312"
"1357","0.1616668701171875","0.1616668701171875","0.1616668701171875"
"1359","0.20047760009765625","0.20047760009765625","0.20047760009765625"
"1361","0.1307830810546875","0.1307830810546875","0.1307830810546875"
"1363","0.1410980224609375","0.1410980224609375","0.1410980224609375"
"1365","0.16217803955078125","0.16217803955078125","0.16217803955078125"
"1367","0.1260833740234375","0.1260833740234375","0.1260833740234375"
"1369","0.1573486328125","0.1573486328125","0.1573486328125"
"1371","0.185577392578125","0.185577392578125","0.185577392578125"
"1373","0.18062973022460938","0.18062973022460938","0.18062973022460938"
"1375","0.10724067687988281","0.10724067687988281","0.10724067687988281"
"1377","0.15474319458007812","0.15474319458007812","0.15474319458007812"
"1379","0.12360191345214844","0.12360191345214844","0.12360191345214844"
"1383","0.1841888427734375","0.1841888427734375","0.1841888427734375"
"1385","0.14896583557128906","0.14896583557128906","0.14896583557128906"
"1387","0.12302780151367188","0.12302780151367188","0.12302780151367188"
"1389","0.12570953369140625","0.12570953369140625","0.12570953369140625"
"1391","0.11232757568359375","0.11232757568359375","0.11232757568359375"
"1393","0.16493797302246094","0.16493797302246094","0.16493797302246094"
"1397","0.11292648315429688","0.11292648315429688","0.11292648315429688"
"1399","0.193267822265625","0.193267822265625","0.193267822265625"
"1401","0.153656005859375","0.153656005859375","0.153656005859375"
"1403","0.16670989990234375","0.16670989990234375","0.16670989990234375"
"1407","0.1778106689453125","0.1778106689453125","0.1778106689453125"
"1411","0.15958404541015625","0.15958404541015625","0.15958404541015625"
"1413","0.14826583862304688","0.14826583862304688","0.14826583862304688"
"1415","0.12997055053710938","0.12997055053710938","0.12997055053710938"
"1417","0.1468963623046875","0.1468963623046875","0.1468963623046875"
"1419","0.14115142822265625","0.14115142822265625","0.14115142822265625"
"1421","0.1240081787109375","0.1240081787109375","0.1240081787109375"
"1425","0.107666015625","0.107666015625","0.107666015625"
"1427","0.13916778564453125","0.13916778564453125","0.13916778564453125"
"1433","0.11359405517578125","0.11359405517578125","0.11359405517578125"
"1435","0.11866378784179688","0.11866378784179688","0.11866378784179688"
"1437","0.1723480224609375","0.1723480224609375","0.1723480224609375"
"1439","0.12528228759765625","0.12528228759765625","0.12528228759765625"
"1445","0.11374282836914062","0.11374282836914062","0.11374282836914062"
"1447","0.1841888427734375","0.1841888427734375","0.1841888427734375"
"1449","0.14244842529296875","0.14244842529296875","0.14244842529296875"
"1451","0.13427734375","0.13427734375","0.13427734375"
"1455","0.136077880859375","0.136077880859375","0.136077880859375"
"1457","0.13450241088867188","0.13450241088867188","0.13450241088867188"
"1459","0.10538482666015625","0.10538482666015625","0.10538482666015625"
"1461","0.13397979736328125","0.13397979736328125","0.13397979736328125"
"1463","0.130706787109375","0.130706787109375","0.130706787109375"
"1465","0.16503143310546875","0.16503143310546875","0.16503143310546875"
"1467","0.1235809326171875","0.1235809326171875","0.1235809326171875"
"1469","0.178009033203125","0.178009033203125","0.178009033203125"
"1471","0.13744354248046875","0.13744354248046875","0.13744354248046875"
"1473","0.12546539306640625","0.12546539306640625","0.12546539306640625"
"1475","0.118438720703125","0.118438720703125","0.118438720703125"
"1485","0.13415908813476562","0.13415908813476562","0.13415908813476562"
"1487","0.133575439453125","0.133575439453125","0.133575439453125"
"1489","0.13864898681640625","0.13864898681640625","0.13864898681640625"
"1491","0.10620880126953125","0.10620880126953125","0.10620880126953125"
"1495","0.10268020629882812","0.10268020629882812","0.10268020629882812"
"1497","0.115692138671875","0.115692138671875","0.115692138671875"
"1499","0.11845016479492188","0.11845016479492188","0.11845016479492188"
"1501","0.1158294677734375","0.1158294677734375","0.1158294677734375"
"1503","0.10642623901367188","0.10642623901367188","0.10642623901367188"
"1505","0.15213775634765625","0.15213775634765625","0.15213775634765625"
"1507","0.156829833984375","0.156829833984375","0.156829833984375"
"1509","0.133331298828125","0.133331298828125","0.133331298828125"
"1511","0.11919021606445312","0.11919021606445312","0.11919021606445312"
"1515","0.11454010009765625","0.11454010009765625","0.11454010009765625"
"1517","0.13022613525390625","0.13022613525390625","0.13022613525390625"
"1519","0.12184906005859375","0.12184906005859375","0.12184906005859375"
"1523","0.110809326171875","0.110809326171875","0.110809326171875"
"1525","0.08692264556884766","0.08692264556884766","0.08692264556884766"
"1527","0.124267578125","0.124267578125","0.124267578125"
"1529","0.1341400146484375","0.1341400146484375","0.1341400146484375"
"1531","0.1392974853515625","0.1392974853515625","0.1392974853515625"
"1533","0.1890583038330078","0.1890583038330078","0.1890583038330078"
"1535","0.10582351684570312","0.10582351684570312","0.10582351684570312"
"1539","0.12180900573730469","0.12180900573730469","0.12180900573730469"
"1545","0.11150360107421875","0.11150360107421875","0.11150360107421875"
"1547","0.09204292297363281","0.09204292297363281","0.09204292297363281"
"1553","0.10626983642578125","0.10626983642578125","0.10626983642578125"
"1555","0.11624908447265625","0.11624908447265625","0.11624908447265625"
"1557","0.12081527709960938","0.12081527709960938","0.12081527709960938"
"1559","0.12894058227539062","0.12894058227539062","0.12894058227539062"
"1563","0.07915496826171875","0.07915496826171875","0.07915496826171875"
"1565","0.11587905883789062","0.11587905883789062","0.11587905883789062"
"1567","0.129730224609375","0.129730224609375","0.129730224609375"
"1569","0.1082916259765625","0.1082916259765625","0.1082916259765625"
"1571","0.12138748168945312","0.12138748168945312","0.12138748168945312"
"1573","0.129150390625","0.129150390625","0.129150390625"
"1575","0.10569572448730469","0.10569572448730469","0.10569572448730469"
"1577","0.1434001922607422","0.1434001922607422","0.1434001922607422"
"1585","0.167816162109375","0.167816162109375","0.167816162109375"
"1587","0.17488861083984375","0.17488861083984375","0.17488861083984375"
"1589","0.09274673461914062","0.09274673461914062","0.09274673461914062"
"1591","0.11771774291992188","0.11771774291992188","0.11771774291992188"
"1593","0.14725875854492188","0.14725875854492188","0.14725875854492188"
"1595","0.11078262329101562","0.11078262329101562","0.11078262329101562"
"1597","0.1605377197265625","0.1605377197265625","0.1605377197265625"
"1601","0.10420608520507812","0.10420608520507812","0.10420608520507812"
"1603","0.08973503112792969","0.08973503112792969","0.08973503112792969"
"1607","0.1274871826171875","0.1274871826171875","0.1274871826171875"
"1611","0.10641098022460938","0.10641098022460938","0.10641098022460938"
"1613","0.14297866821289062","0.14297866821289062","0.14297866821289062"
"1617","0.12615966796875","0.12615966796875","0.12615966796875"
"1621","0.1383209228515625","0.1383209228515625","0.1383209228515625"
"1623","0.1290760040283203","0.1290760040283203","0.1290760040283203"
"1625","0.10753250122070312","0.10753250122070312","0.10753250122070312"
"1629","0.13080978393554688","0.13080978393554688","0.13080978393554688"
"1631","0.07472896575927734","0.07472896575927734","0.07472896575927734"
"1633","0.13349533081054688","0.13349533081054688","0.13349533081054688"
"1635","0.09514617919921875","0.09514617919921875","0.09514617919921875"
"1639","0.18975448608398438","0.18975448608398438","0.18975448608398438"
"1643","0.12432098388671875","0.12432098388671875","0.12432098388671875"
"1645","0.08209228515625","0.08209228515625","0.08209228515625"
"1647","0.11026763916015625","0.11026763916015625","0.11026763916015625"
"1651","0.11779212951660156","0.11779212951660156","0.11779212951660156"
"1653","0.07947349548339844","0.07947349548339844","0.07947349548339844"
"1655","0.10818862915039062","0.10818862915039062","0.10818862915039062"
"1657","0.09371185302734375","0.09371185302734375","0.09371185302734375"
"1661","0.11967086791992188","0.11967086791992188","0.11967086791992188"
"1663","0.10205841064453125","0.10205841064453125","0.10205841064453125"
"1665","0.11104583740234375","0.11104583740234375","0.11104583740234375"
"1667","0.11185073852539062","0.11185073852539062","0.11185073852539062"
"1669","0.08353042602539062","0.08353042602539062","0.08353042602539062"
"1673","0.13617706298828125","0.13617706298828125","0.13617706298828125"
"1675","0.12545013427734375","0.12545013427734375","0.12545013427734375"
"1683","0.10421466827392578","0.10421466827392578","0.10421466827392578"
"1685","0.12496566772460938","0.12496566772460938","0.12496566772460938"
"1687","0.05871868133544922","0.05871868133544922","0.05871868133544922"
"1689","0.1979827880859375","0.1979827880859375","0.1979827880859375"
"1691","0.141998291015625","0.141998291015625","0.141998291015625"
"1693","0.13866806030273438","0.13866806030273438","0.13866806030273438"
"1695","0.12911224365234375","0.12911224365234375","0.12911224365234375"
"1701","0.11186599731445312","0.11186599731445312","0.11186599731445312"
"1703","0.13602828979492188","0.13602828979492188","0.13602828979492188"
"1705","0.12782859802246094","0.12782859802246094","0.12782859802246094"
"1709","0.15706634521484375","0.15706634521484375","0.15706634521484375"
"1711","0.10558128356933594","0.10558128356933594","0.10558128356933594"
"1715","0.14274215698242188","0.14274215698242188","0.14274215698242188"
"1717","0.12876415252685547","0.12876415252685547","0.12876415252685547"
"1719","0.08231544494628906","0.08231544494628906","0.08231544494628906"
"1721","0.1316070556640625","0.1316070556640625","0.1316070556640625"
"1723","0.1172332763671875","0.1172332763671875","0.1172332763671875"
"1729","0.16931915283203125","0.16931915283203125","0.16931915283203125"
"1731","0.08538818359375","0.08538818359375","0.08538818359375"
"1733","0.12396907806396484","0.12396907806396484","0.12396907806396484"
"1735","0.08180475234985352","0.08180475234985352","0.08180475234985352"
"1737","0.07269287109375","0.07269287109375","0.07269287109375"
"1741","0.09555244445800781","0.09555244445800781","0.09555244445800781"
"1743","0.08278942108154297","0.08278942108154297","0.08278942108154297"
"1747","0.09674835205078125","0.09674835205078125","0.09674835205078125"
"1749","0.09662246704101562","0.09662246704101562","0.09662246704101562"
"1751","0.14407920837402344","0.14407920837402344","0.14407920837402344"
"1753","0.11757278442382812","0.11757278442382812","0.11757278442382812"
"1755","0.07710647583007812","0.07710647583007812","0.07710647583007812"
"1759","0.17144775390625","0.17144775390625","0.17144775390625"
"1761","0.13332748413085938","0.13332748413085938","0.13332748413085938"
"1763","0.07492256164550781","0.07492256164550781","0.07492256164550781"
"1765","0.12295150756835938","0.12295150756835938","0.12295150756835938"
"1769","0.16155624389648438","0.16155624389648438","0.16155624389648438"
"1771","0.12182998657226562","0.12182998657226562","0.12182998657226562"
"1773","0.11721992492675781","0.11721992492675781","0.11721992492675781"
"1777","0.1321563720703125","0.1321563720703125","0.1321563720703125"
"1779","0.143707275390625","0.143707275390625","0.143707275390625"
"1781","0.11407089233398438","0.11407089233398438","0.11407089233398438"
"1783","0.11733245849609375","0.11733245849609375","0.11733245849609375"
"1785","0.14794540405273438","0.14794540405273438","0.14794540405273438"
"1789","0.12042999267578125","0.12042999267578125","0.12042999267578125"
"1791","0.11145210266113281","0.11145210266113281","0.11145210266113281"
"1795","0.08617305755615234","0.08617305755615234","0.08617305755615234"
"1797","0.15912532806396484","0.15912532806396484","0.15912532806396484"
"1799","0.14857101440429688","0.14857101440429688","0.14857101440429688"
"1801","0.15486526489257812","0.15486526489257812","0.15486526489257812"
"1805","0.09688186645507812","0.09688186645507812","0.09688186645507812"
"1807","0.11696815490722656","0.11696815490722656","0.11696815490722656"
"1809","0.12561416625976562","0.12561416625976562","0.12561416625976562"
"1811","0.12950897216796875","0.12950897216796875","0.12950897216796875"
"1815","0.12692642211914062","0.12692642211914062","0.12692642211914062"
"1819","0.11593055725097656","0.11593055725097656","0.11593055725097656"
"1821","0.09853744506835938","0.09853744506835938","0.09853744506835938"
"1823","0.09349632263183594","0.09349632263183594","0.09349632263183594"
"1825","0.09577369689941406","0.09577369689941406","0.09577369689941406"
"1827","0.0920405387878418","0.0920405387878418","0.0920405387878418"
"1829","0.09851646423339844","0.09851646423339844","0.09851646423339844"
"1831","0.10393905639648438","0.10393905639648438","0.10393905639648438"
"1833","0.11104965209960938","0.11104965209960938","0.11104965209960938"
"1835","0.08503913879394531","0.08503913879394531","0.08503913879394531"
"1839","0.1489410400390625","0.1489410400390625","0.1489410400390625"
"1841","0.11571693420410156","0.11571693420410156","0.11571693420410156"
"1850","0.06206512451171875","0.06206512451171875","0.06206512451171875"
"1852","0.08243846893310547","0.08243846893310547","0.08243846893310547"
"1854","0.11849594116210938","0.11849594116210938","0.11849594116210938"
"1856","0.11056709289550781","0.11056709289550781","0.11056709289550781"
"1860","0.09865570068359375","0.09865570068359375","0.09865570068359375"
"1862","0.08679389953613281","0.08679389953613281","0.08679389953613281"
"1866","0.11838340759277344","0.11838340759277344","0.11838340759277344"
"1868","0.13564300537109375","0.13564300537109375","0.13564300537109375"
"1870","0.08560562133789062","0.08560562133789062","0.08560562133789062"
"1874","0.0995645523071289","0.0995645523071289","0.0995645523071289"
"1884","0.07953262329101562","0.07953262329101562","0.07953262329101562"
"1886","0.09195518493652344","0.09195518493652344","0.09195518493652344"
"1888","0.13665771484375","0.13665771484375","0.13665771484375"
"1890","0.11124992370605469","0.11124992370605469","0.11124992370605469"
"1894","0.17263221740722656","0.17263221740722656","0.17263221740722656"
"1898","0.10754966735839844","0.10754966735839844","0.10754966735839844"
"1900","0.09250259399414062","0.09250259399414062","0.09250259399414062"
"1902","0.09289932250976562","0.09289932250976562","0.09289932250976562"
"1904","0.05940437316894531","0.05940437316894531","0.05940437316894531"
"1906","0.10952377319335938","0.10952377319335938","0.10952377319335938"
"1908","0.09994125366210938","0.09994125366210938","0.09994125366210938"
"1910","0.09406280517578125","0.09406280517578125","0.09406280517578125"
"1912","0.09781074523925781","0.09781074523925781","0.09781074523925781"
"1916","0.10291290283203125","0.10291290283203125","0.10291290283203125"
"1918","0.09449005126953125","0.09449005126953125","0.09449005126953125"
"1920","0.12523651123046875","0.12523651123046875","0.12523651123046875"
"1922","0.14013671875","0.14013671875","0.14013671875"
"1924","0.11793327331542969","0.11793327331542969","0.11793327331542969"
"1928","0.12542152404785156","0.12542152404785156","0.12542152404785156"
"1934","0.07080459594726562","0.07080459594726562","0.07080459594726562"
"1936","0.11567497253417969","0.11567497253417969","0.11567497253417969"
"1940","0.07782745361328125","0.07782745361328125","0.07782745361328125"
"1942","0.1616973876953125","0.1616973876953125","0.1616973876953125"
"1944","0.10761356353759766","0.10761356353759766","0.10761356353759766"
"1946","0.1433238983154297","0.1433238983154297","0.1433238983154297"
"1948","0.11473703384399414","0.11473703384399414","0.11473703384399414"
"1950","0.09364604949951172","0.09364604949951172","0.09364604949951172"
"1954","0.11395072937011719","0.11395072937011719","0.11395072937011719"
"1958","0.05755615234375","0.05755615234375","0.05755615234375"
"1962","0.15053319931030273","0.15053319931030273","0.15053319931030273"
"1964","0.14725875854492188","0.14725875854492188","0.14725875854492188"
"1966","0.06003713607788086","0.06003713607788086","0.06003713607788086"
"1968","0.08361434936523438","0.08361434936523438","0.08361434936523438"
"1972","0.15129756927490234","0.15129756927490234","0.15129756927490234"
"1974","0.04332447052001953","0.04332447052001953","0.04332447052001953"
"1976","0.11875772476196289","0.11875772476196289","0.11875772476196289"
"1978","0.07833671569824219","0.07833671569824219","0.07833671569824219"
"1980","0.0744781494140625","0.0744781494140625","0.0744781494140625"
"1982","0.13987350463867188","0.13987350463867188","0.13987350463867188"
"1988","0.1101846694946289","0.1101846694946289","0.1101846694946289"
"1990","0.031620025634765625","0.031620025634765625","0.031620025634765625"
"1992","0.18969392776489258","0.18969392776489258","0.18969392776489258"
"1994","0.048534393310546875","0.048534393310546875","0.048534393310546875"
"1996","0.1768321990966797","0.1768321990966797","0.1768321990966797"
"1998","0.11823177337646484","0.11823177337646484","0.11823177337646484"
"2000","0.15984153747558594","0.15984153747558594","0.15984153747558594"
"2002","0.14323949813842773","0.14323949813842773","0.14323949813842773"
"2004","0.0937957763671875","0.0937957763671875","0.0937957763671875"
"2006","0.10846233367919922","0.10846233367919922","0.10846233367919922"
"2008","0.1488971710205078","0.1488971710205078","0.1488971710205078"
"2012","0.09020233154296875","0.09020233154296875","0.09020233154296875"
"2014","0.12031936645507812","0.12031936645507812","0.12031936645507812"
"2016","0.102813720703125","0.102813720703125","0.102813720703125"
"2020","0.15424346923828125","0.15424346923828125","0.15424346923828125"
"2026","0.14295578002929688","0.14295578002929688","0.14295578002929688"
"2028","0.12868499755859375","0.12868499755859375","0.12868499755859375"
"2030","0.11515235900878906","0.11515235900878906","0.11515235900878906"
"2032","0.09708023071289062","0.09708023071289062","0.09708023071289062"
"2034","0.08163642883300781","0.08163642883300781","0.08163642883300781"
"2036","0.12215423583984375","0.12215423583984375","0.12215423583984375"
"2040","0.08983612060546875","0.08983612060546875","0.08983612060546875"
"2044","0.10958480834960938","0.10958480834960938","0.10958480834960938"
"2048","0.1162567138671875","0.1162567138671875","0.1162567138671875"
"2050","0.08106803894042969","0.08106803894042969","0.08106803894042969"
"2052","0.1341705322265625","0.1341705322265625","0.1341705322265625"
"2056","0.11245346069335938","0.11245346069335938","0.11245346069335938"
"2058","0.16302108764648438","0.16302108764648438","0.16302108764648438"
"2060","0.11606979370117188","0.11606979370117188","0.11606979370117188"
"2062","0.11911773681640625","0.11911773681640625","0.11911773681640625"
"2064","0.12295150756835938","0.12295150756835938","0.12295150756835938"
"2066","0.10821533203125","0.10821533203125","0.10821533203125"
"2068","0.09513092041015625","0.09513092041015625","0.09513092041015625"
"2070","0.13319015502929688","0.13319015502929688","0.13319015502929688"
"2072","0.09842300415039062","0.09842300415039062","0.09842300415039062"
"2074","0.06515312194824219","0.06515312194824219","0.06515312194824219"
"2078","0.11818313598632812","0.11818313598632812","0.11818313598632812"
"2084","0.13225555419921875","0.13225555419921875","0.13225555419921875"
"2088","0.09207534790039062","0.09207534790039062","0.09207534790039062"
"2092","0.1212005615234375","0.1212005615234375","0.1212005615234375"
"2094","0.0884857177734375","0.0884857177734375","0.0884857177734375"
"2096","0.13854217529296875","0.13854217529296875","0.13854217529296875"
"2100","0.13730239868164062","0.13730239868164062","0.13730239868164062"
"2102","0.17475128173828125","0.17475128173828125","0.17475128173828125"
"2106","0.04976081848144531","0.04976081848144531","0.04976081848144531"
"2108","0.09915351867675781","0.09915351867675781","0.09915351867675781"
"2110","0.105010986328125","0.105010986328125","0.105010986328125"
"2112","0.10577678680419922","0.10577678680419922","0.10577678680419922"
"2114","0.13261032104492188","0.13261032104492188","0.13261032104492188"
"2118","0.10388374328613281","0.10388374328613281","0.10388374328613281"
"2120","0.10872077941894531","0.10872077941894531","0.10872077941894531"
"2122","0.11104965209960938","0.11104965209960938","0.11104965209960938"
"2124","0.13415145874023438","0.13415145874023438","0.13415145874023438"
"2126","0.11624336242675781","0.11624336242675781","0.11624336242675781"
"2128","0.11795234680175781","0.11795234680175781","0.11795234680175781"
"2132","0.11732006072998047","0.11732006072998047","0.11732006072998047"
"2134","0.1634387969970703","0.1634387969970703","0.1634387969970703"
"2136","0.0547022819519043","0.0547022819519043","0.0547022819519043"
"2140","0.12237548828125","0.12237548828125","0.12237548828125"
"2142","0.0947723388671875","0.0947723388671875","0.0947723388671875"
"2144","0.17139434814453125","0.17139434814453125","0.17139434814453125"
"2146","0.11933469772338867","0.11933469772338867","0.11933469772338867"
"2148","0.09048843383789062","0.09048843383789062","0.09048843383789062"
"2150","0.14647674560546875","0.14647674560546875","0.14647674560546875"
"2152","0.1372509002685547","0.1372509002685547","0.1372509002685547"
"2154","0.10791206359863281","0.10791206359863281","0.10791206359863281"
"2156","0.03754234313964844","0.03754234313964844","0.03754234313964844"
"2158","0.15537261962890625","0.15537261962890625","0.15537261962890625"
"2160","0.08760356903076172","0.08760356903076172","0.08760356903076172"
"2162","0.15015411376953125","0.15015411376953125","0.15015411376953125"
"2166","0.08907389640808105","0.08907389640808105","0.08907389640808105"
"2168","0.07654285430908203","0.07654285430908203","0.07654285430908203"
"2170","0.06632614135742188","0.06632614135742188","0.06632614135742188"
"2172","0.09416866302490234","0.09416866302490234","0.09416866302490234"
"2174","0.12433624267578125","0.12433624267578125","0.12433624267578125"
"2178","0.13932228088378906","0.13932228088378906","0.13932228088378906"
"2180","0.10843324661254883","0.10843324661254883","0.10843324661254883"
"2182","0.09914016723632812","0.09914016723632812","0.09914016723632812"
"2184","0.14046859741210938","0.14046859741210938","0.14046859741210938"
"2186","0.14316225051879883","0.14316225051879883","0.14316225051879883"
"2192","0.14392948150634766","0.14392948150634766","0.14392948150634766"
"2194","0.0950155258178711","0.0950155258178711","0.0950155258178711"
"2196","0.11217880249023438","0.11217880249023438","0.11217880249023438"
"2202","0.07865333557128906","0.07865333557128906","0.07865333557128906"
"2204","0.1283111572265625","0.1283111572265625","0.1283111572265625"
"2206","0.07396125793457031","0.07396125793457031","0.07396125793457031"
"2208","0.080108642578125","0.080108642578125","0.080108642578125"
"2212","0.08009529113769531","0.08009529113769531","0.08009529113769531"
"2214","0.13504409790039062","0.13504409790039062","0.13504409790039062"
"2216","0.1034841537475586","0.1034841537475586","0.1034841537475586"
"2218","0.11737728118896484","0.11737728118896484","0.11737728118896484"
"2220","0.10113906860351562","0.10113906860351562","0.10113906860351562"
"2222","0.05649566650390625","0.05649566650390625","0.05649566650390625"
"2224","0.08670806884765625","0.08670806884765625","0.08670806884765625"
"2226","0.11175346374511719","0.11175346374511719","0.11175346374511719"
"2236","0.0971221923828125","0.0971221923828125","0.0971221923828125"
"2238","0.10056829452514648","0.10056829452514648","0.10056829452514648"
"2240","0.12158775329589844","0.12158775329589844","0.12158775329589844"
"2242","0.05640745162963867","0.05640745162963867","0.05640745162963867"
"2244","0.09712600708007812","0.09712600708007812","0.09712600708007812"
"2248","0.1027975082397461","0.1027975082397461","0.1027975082397461"
"2252","0.162384033203125","0.162384033203125","0.162384033203125"
"2256","0.10004615783691406","0.10004615783691406","0.10004615783691406"
"2260","0.10874748229980469","0.10874748229980469","0.10874748229980469"
"2262","0.11644935607910156","0.11644935607910156","0.11644935607910156"
"2264","0.10703468322753906","0.10703468322753906","0.10703468322753906"
"2266","0.21460723876953125","0.21460723876953125","0.21460723876953125"
"2268","0.09472846984863281","0.09472846984863281","0.09472846984863281"
"2270","0.11670875549316406","0.11670875549316406","0.11670875549316406"
"2272","0.10457420349121094","0.10457420349121094","0.10457420349121094"
"2274","0.07463693618774414","0.07463693618774414","0.07463693618774414"
"2276","0.06118011474609375","0.06118011474609375","0.06118011474609375"
"2280","0.07120513916015625","0.07120513916015625","0.07120513916015625"
"2282","0.1044301986694336","0.1044301986694336","0.1044301986694336"
"2284","0.10595703125","0.10595703125","0.10595703125"
"2286","0.05118751525878906","0.05118751525878906","0.05118751525878906"
"2290","0.10099411010742188","0.10099411010742188","0.10099411010742188"
"2292","0.12322711944580078","0.12322711944580078","0.12322711944580078"
"2296","0.07493019104003906","0.07493019104003906","0.07493019104003906"
"2298","0.07128357887268066","0.07128357887268066","0.07128357887268066"
"2300","0.10422134399414062","0.10422134399414062","0.10422134399414062"
"2302","0.12583160400390625","0.12583160400390625","0.12583160400390625"
"2304","0.06367874145507812","0.06367874145507812","0.06367874145507812"
"2306","0.11116218566894531","0.11116218566894531","0.11116218566894531"
"2308","0.10775375366210938","0.10775375366210938","0.10775375366210938"
"2310","0.09877395629882812","0.09877395629882812","0.09877395629882812"
"2316","0.21111488342285156","0.21111488342285156","0.21111488342285156"
"2318","0.0467526912689209","0.0467526912689209","0.0467526912689209"
"2320","0.13599205017089844","0.13599205017089844","0.13599205017089844"
"2322","0.05311894416809082","0.05311894416809082","0.05311894416809082"
"2326","0.0850982666015625","0.0850982666015625","0.0850982666015625"
"2328","0.08176326751708984","0.08176326751708984","0.08176326751708984"
"2330","0.0996551513671875","0.0996551513671875","0.0996551513671875"
"2332","0.09447574615478516","0.09447574615478516","0.09447574615478516"
"2334","0.054734230041503906","0.054734230041503906","0.054734230041503906"
"2338","0.08055496215820312","0.08055496215820312","0.08055496215820312"
"2340","0.08310651779174805","0.08310651779174805","0.08310651779174805"
"2342","0.08591318130493164","0.08591318130493164","0.08591318130493164"
"2344","0.12030601501464844","0.12030601501464844","0.12030601501464844"
"2346","0.15252017974853516","0.15252017974853516","0.15252017974853516"
"2354","0.09583520889282227","0.09583520889282227","0.09583520889282227"
"2356","0.07441997528076172","0.07441997528076172","0.07441997528076172"
"2358","0.09988784790039062","0.09988784790039062","0.09988784790039062"
"2362","0.18558502197265625","0.18558502197265625","0.18558502197265625"
"2364","0.10122871398925781","0.10122871398925781","0.10122871398925781"
"2366","0.11001968383789062","0.11001968383789062","0.11001968383789062"
"2375","0.047827720642089844","0.047827720642089844","0.047827720642089844"
"2377","0.07082366943359375","0.07082366943359375","0.07082366943359375"
"2379","0.062247276306152344","0.062247276306152344","0.062247276306152344"
"2381","0.10733985900878906","0.10733985900878906","0.10733985900878906"
"2385","0.13101577758789062","0.13101577758789062","0.13101577758789062"
"2387","0.0723733901977539","0.0723733901977539","0.0723733901977539"
"2393","0.08579254150390625","0.08579254150390625","0.08579254150390625"
"2395","0.08666038513183594","0.08666038513183594","0.08666038513183594"
"2397","0.1452350616455078","0.1452350616455078","0.1452350616455078"
"2401","0.09836006164550781","0.09836006164550781","0.09836006164550781"
"2403","0.09652233123779297","0.09652233123779297","0.09652233123779297"
"2405","0.08965492248535156","0.08965492248535156","0.08965492248535156"
"2409","0.060021400451660156","0.060021400451660156","0.060021400451660156"
"2411","0.10822296142578125","0.10822296142578125","0.10822296142578125"
"2413","0.040053367614746094","0.040053367614746094","0.040053367614746094"
"2415","0.13280582427978516","0.13280582427978516","0.13280582427978516"
"2419","0.06888008117675781","0.06888008117675781","0.06888008117675781"
"2423","0.08968353271484375","0.08968353271484375","0.08968353271484375"
"2429","0.1046905517578125","0.1046905517578125","0.1046905517578125"
"2433","0.09698820114135742","0.09698820114135742","0.09698820114135742"
"2437","0.057680606842041016","0.057680606842041016","0.057680606842041016"
"2439","0.13846206665039062","0.13846206665039062","0.13846206665039062"
"2443","0.053226470947265625","0.053226470947265625","0.053226470947265625"
"2447","0.12293815612792969","0.12293815612792969","0.12293815612792969"
"2449","0.07958459854125977","0.07958459854125977","0.07958459854125977"
"2451","0.09446144104003906","0.09446144104003906","0.09446144104003906"
"2453","0.1190032958984375","0.1190032958984375","0.1190032958984375"
"2457","0.04744911193847656","0.04744911193847656","0.04744911193847656"
"2459","0.11248302459716797","0.11248302459716797","0.11248302459716797"
"2461","0.06878232955932617","0.06878232955932617","0.06878232955932617"
"2463","0.14361226558685303","0.14361226558685303","0.14361226558685303"
"2465","0.12240409851074219","0.12240409851074219","0.12240409851074219"
"2469","0.06217694282531738","0.06217694282531738","0.06217694282531738"
"2471","0.07590126991271973","0.07590126991271973","0.07590126991271973"
"2473","0.0682840347290039","0.0682840347290039","0.0682840347290039"
"2475","0.09122991561889648","0.09122991561889648","0.09122991561889648"
"2477","0.0885019302368164","0.0885019302368164","0.0885019302368164"
"2479","0.0866231918334961","0.0866231918334961","0.0866231918334961"
"2481","0.07890462875366211","0.07890462875366211","0.07890462875366211"
"2483","0.13358402252197266","0.13358402252197266","0.13358402252197266"
"2485","0.10109424591064453","0.10109424591064453","0.10109424591064453"
"2487","0.1259307861328125","0.1259307861328125","0.1259307861328125"
"2489","0.0713510513305664","0.0713510513305664","0.0713510513305664"
"2491","0.09175872802734375","0.09175872802734375","0.09175872802734375"
"2493","0.06939959526062012","0.06939959526062012","0.06939959526062012"
"2501","0.13576507568359375","0.13576507568359375","0.13576507568359375"
"2503","0.07230377197265625","0.07230377197265625","0.07230377197265625"
"2507","0.14687538146972656","0.14687538146972656","0.14687538146972656"
"2509","0.13811683654785156","0.13811683654785156","0.13811683654785156"
"2511","0.10121536254882812","0.10121536254882812","0.10121536254882812"
"2517","0.11247920989990234","0.11247920989990234","0.11247920989990234"
"2519","0.06643390655517578","0.06643390655517578","0.06643390655517578"
"2521","0.08156394958496094","0.08156394958496094","0.08156394958496094"
"2525","0.10887908935546875","0.10887908935546875","0.10887908935546875"
"2529","0.10378646850585938","0.10378646850585938","0.10378646850585938"
"2531","0.07855510711669922","0.07855510711669922","0.07855510711669922"
"2533","0.06972694396972656","0.06972694396972656","0.06972694396972656"
"2537","0.12088203430175781","0.12088203430175781","0.12088203430175781"
"2539","0.067230224609375","0.067230224609375","0.067230224609375"
"2545","0.07561683654785156","0.07561683654785156","0.07561683654785156"
"2547","0.13049030303955078","0.13049030303955078","0.13049030303955078"
"2551","0.1276836395263672","0.1276836395263672","0.1276836395263672"
"2553","0.1288595199584961","0.1288595199584961","0.1288595199584961"
"2555","0.07657051086425781","0.07657051086425781","0.07657051086425781"
"2557","0.10659408569335938","0.10659408569335938","0.10659408569335938"
"2561","0.0798654556274414","0.0798654556274414","0.0798654556274414"
"2563","0.08143901824951172","0.08143901824951172","0.08143901824951172"
"2567","0.07906961441040039","0.07906961441040039","0.07906961441040039"
"2571","0.12297916412353516","0.12297916412353516","0.12297916412353516"
"2573","0.07820320129394531","0.07820320129394531","0.07820320129394531"
"2575","0.1917095184326172","0.1917095184326172","0.1917095184326172"
"2577","0.0817418098449707","0.0817418098449707","0.0817418098449707"
"2579","0.19924163818359375","0.19924163818359375","0.19924163818359375"
"2581","0.0800931453704834","0.0800931453704834","0.0800931453704834"
"2583","0.05167531967163086","0.05167531967163086","0.05167531967163086"
"2585","0.11175775527954102","0.11175775527954102","0.11175775527954102"
"2587","0.055828094482421875","0.055828094482421875","0.055828094482421875"
"2589","0.1548558473587036","0.1548558473587036","0.1548558473587036"
"2591","0.05936551094055176","0.05936551094055176","0.05936551094055176"
"2595","0.06310367584228516","0.06310367584228516","0.06310367584228516"
"2597","0.09759998321533203","0.09759998321533203","0.09759998321533203"
"2599","0.17809677124023438","0.17809677124023438","0.17809677124023438"
"2601","0.05862569808959961","0.05862569808959961","0.05862569808959961"
"2603","0.05171394348144531","0.05171394348144531","0.05171394348144531"
"2605","0.10241889953613281","0.10241889953613281","0.10241889953613281"
"2607","0.152069091796875","0.152069091796875","0.152069091796875"
"2611","0.10423851013183594","0.10423851013183594","0.10423851013183594"
"2615","0.06784534454345703","0.06784534454345703","0.06784534454345703"
"2617","0.09290313720703125","0.09290313720703125","0.09290313720703125"
"2619","0.1521015167236328","0.1521015167236328","0.1521015167236328"
"2621","0.09328651428222656","0.09328651428222656","0.09328651428222656"
"2623","0.11986541748046875","0.11986541748046875","0.11986541748046875"
"2625","0.09517288208007812","0.09517288208007812","0.09517288208007812"
"2627","0.06573772430419922","0.06573772430419922","0.06573772430419922"
"2629","0.1306743621826172","0.1306743621826172","0.1306743621826172"
"2635","0.08246421813964844","0.08246421813964844","0.08246421813964844"
"2637","0.08920860290527344","0.08920860290527344","0.08920860290527344"
"2639","0.0838003158569336","0.0838003158569336","0.0838003158569336"
"2641","0.0975799560546875","0.0975799560546875","0.0975799560546875"
"2643","0.14380455017089844","0.14380455017089844","0.14380455017089844"
"2645","0.07219409942626953","0.07219409942626953","0.07219409942626953"
"2647","0.04712629318237305","0.04712629318237305","0.04712629318237305"
"2655","0.10018157958984375","0.10018157958984375","0.10018157958984375"
"2659","0.13225173950195312","0.13225173950195312","0.13225173950195312"
"2661","0.07980728149414062","0.07980728149414062","0.07980728149414062"
"2663","0.08120918273925781","0.08120918273925781","0.08120918273925781"
"2665","0.10919570922851562","0.10919570922851562","0.10919570922851562"
"2667","0.10472965240478516","0.10472965240478516","0.10472965240478516"
"2669","0.09935569763183594","0.09935569763183594","0.09935569763183594"
"2671","0.07658743858337402","0.07658743858337402","0.07658743858337402"
"2673","0.039086341857910156","0.039086341857910156","0.039086341857910156"
"2675","0.04379987716674805","0.04379987716674805","0.04379987716674805"
"2677","0.13519859313964844","0.13519859313964844","0.13519859313964844"
"2679","0.09482192993164062","0.09482192993164062","0.09482192993164062"
"2681","0.09510421752929688","0.09510421752929688","0.09510421752929688"
"2683","0.09638214111328125","0.09638214111328125","0.09638214111328125"
"2689","0.09681892395019531","0.09681892395019531","0.09681892395019531"
"2693","0.03960585594177246","0.03960585594177246","0.03960585594177246"
"2695","0.09624767303466797","0.09624767303466797","0.09624767303466797"
"2699","0.0884084701538086","0.0884084701538086","0.0884084701538086"
"2701","0.0812787413597107","0.0812787413597107","0.0812787413597107"
"2707","0.16274642944335938","0.16274642944335938","0.16274642944335938"
"2711","0.09206581115722656","0.09206581115722656","0.09206581115722656"
"2713","0.08632159233093262","0.08632159233093262","0.08632159233093262"
"2715","0.06813645362854004","0.06813645362854004","0.06813645362854004"
"2717","0.15651893615722656","0.15651893615722656","0.15651893615722656"
"2719","0.05130481719970703","0.05130481719970703","0.05130481719970703"
"2721","0.04993629455566406","0.04993629455566406","0.04993629455566406"
"2723","0.07258939743041992","0.07258939743041992","0.07258939743041992"
"2727","0.054036617279052734","0.054036617279052734","0.054036617279052734"
"2729","0.07828903198242188","0.07828903198242188","0.07828903198242188"
"2731","0.1259174346923828","0.1259174346923828","0.1259174346923828"
"2733","0.12144184112548828","0.12144184112548828","0.12144184112548828"
"2735","0.04899406433105469","0.04899406433105469","0.04899406433105469"
"2737","0.1197195053100586","0.1197195053100586","0.1197195053100586"
"2739","0.11652374267578125","0.11652374267578125","0.11652374267578125"
"2741","0.09138345718383789","0.09138345718383789","0.09138345718383789"
"2743","0.05381584167480469","0.05381584167480469","0.05381584167480469"
"2745","0.14516067504882812","0.14516067504882812","0.14516067504882812"
"2747","0.05611848831176758","0.05611848831176758","0.05611848831176758"
"2749","0.06104564666748047","0.06104564666748047","0.06104564666748047"
"2751","0.05926513671875","0.05926513671875","0.05926513671875"
"2753","0.171051025390625","0.171051025390625","0.171051025390625"
"2755","0.07100963592529297","0.07100963592529297","0.07100963592529297"
"2759","0.13357162475585938","0.13357162475585938","0.13357162475585938"
"2761","0.09612846374511719","0.09612846374511719","0.09612846374511719"
"2767","0.06461048126220703","0.06461048126220703","0.06461048126220703"
"2769","0.07214641571044922","0.07214641571044922","0.07214641571044922"
"2771","0.057159423828125","0.057159423828125","0.057159423828125"
"2775","0.07416439056396484","0.07416439056396484","0.07416439056396484"
"2783","0.15875244140625","0.15875244140625","0.15875244140625"
"2785","0.07992935180664062","0.07992935180664062","0.07992935180664062"
"2787","0.12210559844970703","0.12210559844970703","0.12210559844970703"
"2791","0.10671043395996094","0.10671043395996094","0.10671043395996094"
"2795","0.06746673583984375","0.06746673583984375","0.06746673583984375"
"2797","0.11080265045166016","0.11080265045166016","0.11080265045166016"
"2799","0.09928131103515625","0.09928131103515625","0.09928131103515625"
"2801","0.0650634765625","0.0650634765625","0.0650634765625"
"2803","0.05212712287902832","0.05212712287902832","0.05212712287902832"
"2805","0.13943099975585938","0.13943099975585938","0.13943099975585938"
"2807","0.08502471446990967","0.08502471446990967","0.08502471446990967"
"2809","0.08638477325439453","0.08638477325439453","0.08638477325439453"
"2811","0.06496238708496094","0.06496238708496094","0.06496238708496094"
"2813","0.09665441513061523","0.09665441513061523","0.09665441513061523"
"2817","0.06899070739746094","0.06899070739746094","0.06899070739746094"
"2819","0.07978320121765137","0.07978320121765137","0.07978320121765137"
"2821","0.06642723083496094","0.06642723083496094","0.06642723083496094"
"2823","0.06112957000732422","0.06112957000732422","0.06112957000732422"
"2825","0.14113235473632812","0.14113235473632812","0.14113235473632812"
"2827","0.12430691719055176","0.12430691719055176","0.12430691719055176"
"2829","0.10018634796142578","0.10018634796142578","0.10018634796142578"
"2831","0.07384395599365234","0.07384395599365234","0.07384395599365234"
"2835","0.05306196212768555","0.05306196212768555","0.05306196212768555"
"2839","0.07000970840454102","0.07000970840454102","0.07000970840454102"
"2841","0.056273698806762695","0.056273698806762695","0.056273698806762695"
"2847","0.09361147880554199","0.09361147880554199","0.09361147880554199"
"2849","0.16610336303710938","0.16610336303710938","0.16610336303710938"
"2851","0.0851449966430664","0.0851449966430664","0.0851449966430664"
"2853","0.0716395378112793","0.0716395378112793","0.0716395378112793"
"2855","0.1583099365234375","0.1583099365234375","0.1583099365234375"
"2857","0.04532051086425781","0.04532051086425781","0.04532051086425781"
"2863","0.12568283081054688","0.12568283081054688","0.12568283081054688"
"2865","0.10518741607666016","0.10518741607666016","0.10518741607666016"
"2867","0.1511077880859375","0.1511077880859375","0.1511077880859375"
"2871","0.07455754280090332","0.07455754280090332","0.07455754280090332"
"2873","0.10100078582763672","0.10100078582763672","0.10100078582763672"
"2875","0.12279033660888672","0.12279033660888672","0.12279033660888672"
"2881","0.1018686294555664","0.1018686294555664","0.1018686294555664"
"2885","0.049243927001953125","0.049243927001953125","0.049243927001953125"
"2887","0.13622426986694336","0.13622426986694336","0.13622426986694336"
"2889","0.02756786346435547","0.02756786346435547","0.02756786346435547"
"2891","0.053802490234375","0.053802490234375","0.053802490234375"
"2895","0.1080179214477539","0.1080179214477539","0.1080179214477539"
"2900","0.05770397186279297","0.05770397186279297","0.05770397186279297"
"2902","0.0755615234375","0.0755615234375","0.0755615234375"
"2906","0.12054824829101562","0.12054824829101562","0.12054824829101562"
"2908","0.04812502861022949","0.04812502861022949","0.04812502861022949"
"2910","0.04667925834655762","0.04667925834655762","0.04667925834655762"
"2912","0.036124348640441895","0.036124348640441895","0.036124348640441895"
"2914","0.12120819091796875","0.12120819091796875","0.12120819091796875"
"2916","0.09507608413696289","0.09507608413696289","0.09507608413696289"
"2918","0.08209943771362305","0.08209943771362305","0.08209943771362305"
"2922","0.06349706649780273","0.06349706649780273","0.06349706649780273"
"2924","0.04580807685852051","0.04580807685852051","0.04580807685852051"
"2926","0.08736228942871094","0.08736228942871094","0.08736228942871094"
"2928","0.08187246322631836","0.08187246322631836","0.08187246322631836"
"2932","0.1051165759563446","0.1051165759563446","0.1051165759563446"
"2934","0.0628819465637207","0.0628819465637207","0.0628819465637207"
"2936","0.06964929401874542","0.06964929401874542","0.06964929401874542"
"2940","0.06534671783447266","0.06534671783447266","0.06534671783447266"
"2946","0.06590282917022705","0.06590282917022705","0.06590282917022705"
"2948","0.1000528335571289","0.1000528335571289","0.1000528335571289"
"2950","0.13007628917694092","0.13007628917694092","0.13007628917694092"
"2952","0.06502246856689453","0.06502246856689453","0.06502246856689453"
"2954","0.050017356872558594","0.050017356872558594","0.050017356872558594"
"2958","0.06953620910644531","0.06953620910644531","0.06953620910644531"
"2960","0.062127113342285156","0.062127113342285156","0.062127113342285156"
"2962","0.06443500518798828","0.06443500518798828","0.06443500518798828"
"2964","0.1496124267578125","0.1496124267578125","0.1496124267578125"
"2966","0.042450904846191406","0.042450904846191406","0.042450904846191406"
"2968","0.11853408813476562","0.11853408813476562","0.11853408813476562"
"2970","0.06340217590332031","0.06340217590332031","0.06340217590332031"
"2972","0.11835622787475586","0.11835622787475586","0.11835622787475586"
"2976","0.1400907039642334","0.1400907039642334","0.1400907039642334"
"2978","0.06855297088623047","0.06855297088623047","0.06855297088623047"
"2980","0.0873870849609375","0.0873870849609375","0.0873870849609375"
"2982","0.09966754913330078","0.09966754913330078","0.09966754913330078"
"2984","0.09738636016845703","0.09738636016845703","0.09738636016845703"
"2986","0.04819774627685547","0.04819774627685547","0.04819774627685547"
"2988","0.10099029541015625","0.10099029541015625","0.10099029541015625"
"2990","0.13396835327148438","0.13396835327148438","0.13396835327148438"
"2992","0.08385753631591797","0.08385753631591797","0.08385753631591797"
"2994","0.06903743743896484","0.06903743743896484","0.06903743743896484"
"2998","0.08042335510253906","0.08042335510253906","0.08042335510253906"
"3002","0.09473991394042969","0.09473991394042969","0.09473991394042969"
"3004","0.04928302764892578","0.04928302764892578","0.04928302764892578"
"3006","0.09618377685546875","0.09618377685546875","0.09618377685546875"
"3010","0.07268571853637695","0.07268571853637695","0.07268571853637695"
"3018","0.028991341590881348","0.028991341590881348","0.028991341590881348"
"3020","0.06739616394042969","0.06739616394042969","0.06739616394042969"
"3022","0.07825279235839844","0.07825279235839844","0.07825279235839844"
"3024","0.061699867248535156","0.061699867248535156","0.061699867248535156"
"3028","0.038691163063049316","0.038691163063049316","0.038691163063049316"
"3032","0.14893651008605957","0.14893651008605957","0.14893651008605957"
"3034","0.12776613235473633","0.12776613235473633","0.12776613235473633"
"3036","0.1197195053100586","0.1197195053100586","0.1197195053100586"
"3038","0.05946803092956543","0.05946803092956543","0.05946803092956543"
"3040","0.04237222671508789","0.04237222671508789","0.04237222671508789"
"3042","0.06131276488304138","0.06131276488304138","0.06131276488304138"
"3050","0.07603740692138672","0.07603740692138672","0.07603740692138672"
"3052","0.10266876220703125","0.10266876220703125","0.10266876220703125"
"3054","0.0722343921661377","0.0722343921661377","0.0722343921661377"
"3056","0.09816932678222656","0.09816932678222656","0.09816932678222656"
"3058","0.09559822082519531","0.09559822082519531","0.09559822082519531"
"3060","0.12152385711669922","0.12152385711669922","0.12152385711669922"
"3062","0.09948921203613281","0.09948921203613281","0.09948921203613281"
"3068","0.07723379135131836","0.07723379135131836","0.07723379135131836"
"3070","0.12388801574707031","0.12388801574707031","0.12388801574707031"
"3072","0.11868906021118164","0.11868906021118164","0.11868906021118164"
"3074","0.07696723937988281","0.07696723937988281","0.07696723937988281"
"3076","0.06165122985839844","0.06165122985839844","0.06165122985839844"
"3080","0.12459391355514526","0.12459391355514526","0.12459391355514526"
"3082","0.09529733657836914","0.09529733657836914","0.09529733657836914"
"3084","0.09789371490478516","0.09789371490478516","0.09789371490478516"
"3088","0.07909202575683594","0.07909202575683594","0.07909202575683594"
"3092","0.09934139251708984","0.09934139251708984","0.09934139251708984"
"3096","0.08736038208007812","0.08736038208007812","0.08736038208007812"
"3098","0.16474151611328125","0.16474151611328125","0.16474151611328125"
"3100","0.09550952911376953","0.09550952911376953","0.09550952911376953"
"3104","0.07352066040039062","0.07352066040039062","0.07352066040039062"
"3108","0.07449626922607422","0.07449626922607422","0.07449626922607422"
"3110","0.06629180908203125","0.06629180908203125","0.06629180908203125"
"3112","0.07184219360351562","0.07184219360351562","0.07184219360351562"
"3114","0.11233901977539062","0.11233901977539062","0.11233901977539062"
"3116","0.08187198638916016","0.08187198638916016","0.08187198638916016"
"3118","0.1070089340209961","0.1070089340209961","0.1070089340209961"
"3120","0.12119174003601074","0.12119174003601074","0.12119174003601074"
"3122","0.10811519622802734","0.10811519622802734","0.10811519622802734"
"3124","0.06699848175048828","0.06699848175048828","0.06699848175048828"
"3128","0.0668940544128418","0.0668940544128418","0.0668940544128418"
"3130","0.10677242279052734","0.10677242279052734","0.10677242279052734"
"3132","0.10523605346679688","0.10523605346679688","0.10523605346679688"
"3134","0.11672592163085938","0.11672592163085938","0.11672592163085938"
"3138","0.09515953063964844","0.09515953063964844","0.09515953063964844"
"3140","0.03643345832824707","0.03643345832824707","0.03643345832824707"
"3142","0.05155789852142334","0.05155789852142334","0.05155789852142334"
"3144","0.051043033599853516","0.051043033599853516","0.051043033599853516"
"3146","0.05680990219116211","0.05680990219116211","0.05680990219116211"
"3148","0.08064791560173035","0.08064791560173035","0.08064791560173035"
"3150","0.03408241271972656","0.03408241271972656","0.03408241271972656"
"3152","0.0709066390991211","0.0709066390991211","0.0709066390991211"
"3154","0.1184697151184082","0.1184697151184082","0.1184697151184082"
"3156","0.09705257415771484","0.09705257415771484","0.09705257415771484"
"3158","0.018271207809448242","0.018271207809448242","0.018271207809448242"
"3162","0.030924156308174133","0.030924156308174133","0.030924156308174133"
"3166","0.04652225971221924","0.04652225971221924","0.04652225971221924"
"3168","0.038657814264297485","0.038657814264297485","0.038657814264297485"
"3170","0.04912149906158447","0.04912149906158447","0.04912149906158447"
"3172","0.14457416534423828","0.14457416534423828","0.14457416534423828"
"3174","0.0810387134552002","0.0810387134552002","0.0810387134552002"
"3184","0.14709699153900146","0.14709699153900146","0.14709699153900146"
"3188","0.07161581516265869","0.07161581516265869","0.07161581516265869"
"3192","0.0359073132276535","0.0359073132276535","0.0359073132276535"
"3194","0.08391857147216797","0.08391857147216797","0.08391857147216797"
"3196","0.14956986904144287","0.14956986904144287","0.14956986904144287"
"3202","0.056150197982788086","0.056150197982788086","0.056150197982788086"
"3210","0.1841297149658203","0.1841297149658203","0.1841297149658203"
"3214","0.05026817321777344","0.05026817321777344","0.05026817321777344"
"3218","0.11595726013183594","0.11595726013183594","0.11595726013183594"
"3222","0.06720733642578125","0.06720733642578125","0.06720733642578125"
"3224","0.0712890625","0.0712890625","0.0712890625"
"3226","0.047367095947265625","0.047367095947265625","0.047367095947265625"
"3230","0.11865711212158203","0.11865711212158203","0.11865711212158203"
"3232","0.08728599548339844","0.08728599548339844","0.08728599548339844"
"3234","0.0549202561378479","0.0549202561378479","0.0549202561378479"
"3236","0.050431251525878906","0.050431251525878906","0.050431251525878906"
"3238","0.05698037147521973","0.05698037147521973","0.05698037147521973"
"3242","0.09613513946533203","0.09613513946533203","0.09613513946533203"
"3244","0.05784761905670166","0.05784761905670166","0.05784761905670166"
"3248","0.04191780090332031","0.04191780090332031","0.04191780090332031"
"3250","0.048019468784332275","0.048019468784332275","0.048019468784332275"
"3252","0.04682159423828125","0.04682159423828125","0.04682159423828125"
"3254","0.09448957443237305","0.09448957443237305","0.09448957443237305"
"3256","0.10852277278900146","0.10852277278900146","0.10852277278900146"
"3258","0.09452056884765625","0.09452056884765625","0.09452056884765625"
"3260","0.05109679698944092","0.05109679698944092","0.05109679698944092"
"3262","0.058424949645996094","0.058424949645996094","0.058424949645996094"
"3264","0.050211548805236816","0.050211548805236816","0.050211548805236816"
"3272","0.11047554016113281","0.11047554016113281","0.11047554016113281"
"3274","0.08722305297851562","0.08722305297851562","0.08722305297851562"
"3276","0.0388948917388916","0.0388948917388916","0.0388948917388916"
"3278","0.15028953552246094","0.15028953552246094","0.15028953552246094"
"3280","0.09450501203536987","0.09450501203536987","0.09450501203536987"
"3282","0.05939960479736328","0.05939960479736328","0.05939960479736328"
"3284","0.05497169494628906","0.05497169494628906","0.05497169494628906"
"3286","0.07686233520507812","0.07686233520507812","0.07686233520507812"
"3288","0.08962690830230713","0.08962690830230713","0.08962690830230713"
"3290","0.07602596282958984","0.07602596282958984","0.07602596282958984"
"3292","0.14577102661132812","0.14577102661132812","0.14577102661132812"
"3294","0.16590309143066406","0.16590309143066406","0.16590309143066406"
"3296","0.07147526741027832","0.07147526741027832","0.07147526741027832"
"3300","0.10004520416259766","0.10004520416259766","0.10004520416259766"
"3302","0.05582022666931152","0.05582022666931152","0.05582022666931152"
"3304","0.1143721342086792","0.1143721342086792","0.1143721342086792"
"3306","0.050343871116638184","0.050343871116638184","0.050343871116638184"
"3308","0.06615585088729858","0.06615585088729858","0.06615585088729858"
"3310","0.04637312889099121","0.04637312889099121","0.04637312889099121"
"3312","0.0549159049987793","0.0549159049987793","0.0549159049987793"
"3314","0.03591632843017578","0.03591632843017578","0.03591632843017578"
"3316","0.11092448234558105","0.11092448234558105","0.11092448234558105"
"3318","0.06711959838867188","0.06711959838867188","0.06711959838867188"
"3320","0.11568993330001831","0.11568993330001831","0.11568993330001831"
"3322","0.07476049661636353","0.07476049661636353","0.07476049661636353"
"3328","0.09778785705566406","0.09778785705566406","0.09778785705566406"
"3330","0.1212759017944336","0.1212759017944336","0.1212759017944336"
"3332","0.055622100830078125","0.055622100830078125","0.055622100830078125"
"3334","0.056871891021728516","0.056871891021728516","0.056871891021728516"
"3336","0.03141129016876221","0.03141129016876221","0.03141129016876221"
"3340","0.11949634552001953","0.11949634552001953","0.11949634552001953"
"3342","0.05436849594116211","0.05436849594116211","0.05436849594116211"
"3344","0.1351490020751953","0.1351490020751953","0.1351490020751953"
"3346","0.09603500366210938","0.09603500366210938","0.09603500366210938"
"3348","0.13739013671875","0.13739013671875","0.13739013671875"
"3352","0.09026622772216797","0.09026622772216797","0.09026622772216797"
"3356","0.09946823120117188","0.09946823120117188","0.09946823120117188"
"3358","0.08033347129821777","0.08033347129821777","0.08033347129821777"
"3360","0.12387466430664062","0.12387466430664062","0.12387466430664062"
"3362","0.054963111877441406","0.054963111877441406","0.054963111877441406"
"3364","0.14708709716796875","0.14708709716796875","0.14708709716796875"
"3366","0.14762115478515625","0.14762115478515625","0.14762115478515625"
"3368","0.05483579635620117","0.05483579635620117","0.05483579635620117"
"3370","0.06268596649169922","0.06268596649169922","0.06268596649169922"
"3372","0.07396554946899414","0.07396554946899414","0.07396554946899414"
"3374","0.13425445556640625","0.13425445556640625","0.13425445556640625"
"3376","0.1021585464477539","0.1021585464477539","0.1021585464477539"
"3378","0.03065800666809082","0.03065800666809082","0.03065800666809082"
"3380","0.06502532958984375","0.06502532958984375","0.06502532958984375"
"3382","0.05994677543640137","0.05994677543640137","0.05994677543640137"
"3386","0.09653663635253906","0.09653663635253906","0.09653663635253906"
"3390","0.11930274963378906","0.11930274963378906","0.11930274963378906"
"3394","0.06958317756652832","0.06958317756652832","0.06958317756652832"
"3398","0.09480094909667969","0.09480094909667969","0.09480094909667969"
"3400","0.04625749588012695","0.04625749588012695","0.04625749588012695"
"3402","0.05366373062133789","0.05366373062133789","0.05366373062133789"
"3404","0.07001781463623047","0.07001781463623047","0.07001781463623047"
"3406","0.0997471809387207","0.0997471809387207","0.0997471809387207"
"3408","0.05715322494506836","0.05715322494506836","0.05715322494506836"
"3414","0.05178642272949219","0.05178642272949219","0.05178642272949219"
"3418","0.08510112762451172","0.08510112762451172","0.08510112762451172"
"3420","0.1486656665802002","0.1486656665802002","0.1486656665802002"
"3422","0.0815056562423706","0.0815056562423706","0.0815056562423706"
"3427","0.043675005435943604","0.043675005435943604","0.043675005435943604"
"3431","0.06947708129882812","0.06947708129882812","0.06947708129882812"
"3435","0.042312681674957275","0.042312681674957275","0.042312681674957275"
"3439","0.08145022392272949","0.08145022392272949","0.08145022392272949"
"3441","0.18247222900390625","0.18247222900390625","0.18247222900390625"
"3443","0.08569908142089844","0.08569908142089844","0.08569908142089844"
"3445","0.0861811637878418","0.0861811637878418","0.0861811637878418"
"3447","0.03452998399734497","0.03452998399734497","0.03452998399734497"
"3449","0.09340286254882812","0.09340286254882812","0.09340286254882812"
"3451","0.03809762001037598","0.03809762001037598","0.03809762001037598"
"3453","0.0858842134475708","0.0858842134475708","0.0858842134475708"
"3455","0.06688880920410156","0.06688880920410156","0.06688880920410156"
"3457","0.07699894905090332","0.07699894905090332","0.07699894905090332"
"3461","0.11525154113769531","0.11525154113769531","0.11525154113769531"
"3463","0.058300018310546875","0.058300018310546875","0.058300018310546875"
"3465","0.11007499694824219","0.11007499694824219","0.11007499694824219"
"3467","0.07314550876617432","0.07314550876617432","0.07314550876617432"
"3469","0.06609106063842773","0.06609106063842773","0.06609106063842773"
"3471","0.10500478744506836","0.10500478744506836","0.10500478744506836"
"3473","0.05465579032897949","0.05465579032897949","0.05465579032897949"
"3475","0.05397152900695801","0.05397152900695801","0.05397152900695801"
"3477","0.1222836971282959","0.1222836971282959","0.1222836971282959"
"3481","0.13048171997070312","0.13048171997070312","0.13048171997070312"
"3483","0.06131935119628906","0.06131935119628906","0.06131935119628906"
"3485","0.051409244537353516","0.051409244537353516","0.051409244537353516"
"3487","0.056793212890625","0.056793212890625","0.056793212890625"
"3489","0.06595706939697266","0.06595706939697266","0.06595706939697266"
"3495","0.09201240539550781","0.09201240539550781","0.09201240539550781"
"3497","0.05849885940551758","0.05849885940551758","0.05849885940551758"
"3503","0.044406890869140625","0.044406890869140625","0.044406890869140625"
"3505","0.1442546844482422","0.1442546844482422","0.1442546844482422"
"3513","0.08924674987792969","0.08924674987792969","0.08924674987792969"
"3515","0.08833909034729004","0.08833909034729004","0.08833909034729004"
"3517","0.13206720352172852","0.13206720352172852","0.13206720352172852"
"3521","0.06404495239257812","0.06404495239257812","0.06404495239257812"
"3523","0.06730842590332031","0.06730842590332031","0.06730842590332031"
"3525","0.0384979248046875","0.0384979248046875","0.0384979248046875"
"3527","0.06294441223144531","0.06294441223144531","0.06294441223144531"
"3529","0.0681600570678711","0.0681600570678711","0.0681600570678711"
"3531","0.08077621459960938","0.08077621459960938","0.08077621459960938"
"3533","0.0418848991394043","0.0418848991394043","0.0418848991394043"
"3535","0.09406185150146484","0.09406185150146484","0.09406185150146484"
"3537","0.10976409912109375","0.10976409912109375","0.10976409912109375"
"3541","0.033408164978027344","0.033408164978027344","0.033408164978027344"
"3543","0.05593395233154297","0.05593395233154297","0.05593395233154297"
"3545","0.06845569610595703","0.06845569610595703","0.06845569610595703"
"3547","0.07498311996459961","0.07498311996459961","0.07498311996459961"
"3551","0.08634138107299805","0.08634138107299805","0.08634138107299805"
"3555","0.05831575393676758","0.05831575393676758","0.05831575393676758"
"3557","0.08788013458251953","0.08788013458251953","0.08788013458251953"
"3559","0.0774221420288086","0.0774221420288086","0.0774221420288086"
"3561","0.09879171848297119","0.09879171848297119","0.09879171848297119"
"3565","0.04291260242462158","0.04291260242462158","0.04291260242462158"
"3567","0.062426090240478516","0.062426090240478516","0.062426090240478516"
"3569","0.10414791107177734","0.10414791107177734","0.10414791107177734"
"3573","0.09142804145812988","0.09142804145812988","0.09142804145812988"
"3575","0.06096601486206055","0.06096601486206055","0.06096601486206055"
"3577","0.016745328903198242","0.016745328903198242","0.016745328903198242"
"3579","0.0390172004699707","0.0390172004699707","0.0390172004699707"
"3581","0.04983806610107422","0.04983806610107422","0.04983806610107422"
"3583","0.08292162418365479","0.08292162418365479","0.08292162418365479"
"3585","0.06636488437652588","0.06636488437652588","0.06636488437652588"
"3587","0.10387802124023438","0.10387802124023438","0.10387802124023438"
"3591","0.0389251708984375","0.0389251708984375","0.0389251708984375"
"3593","0.06545639038085938","0.06545639038085938","0.06545639038085938"
"3595","0.12039446830749512","0.12039446830749512","0.12039446830749512"
"3597","0.08250081539154053","0.08250081539154053","0.08250081539154053"
"3601","0.1077650785446167","0.1077650785446167","0.1077650785446167"
"3603","0.07242012023925781","0.07242012023925781","0.07242012023925781"
"3605","0.07605171203613281","0.07605171203613281","0.07605171203613281"
"3607","0.03955751657485962","0.03955751657485962","0.03955751657485962"
"3609","0.09623587131500244","0.09623587131500244","0.09623587131500244"
"3613","0.1298201084136963","0.1298201084136963","0.1298201084136963"
"3617","0.04720550775527954","0.04720550775527954","0.04720550775527954"
"3619","0.0697476863861084","0.0697476863861084","0.0697476863861084"
"3621","0.09800863265991211","0.09800863265991211","0.09800863265991211"
"3623","0.05838918685913086","0.05838918685913086","0.05838918685913086"
"3625","0.04480370879173279","0.04480370879173279","0.04480370879173279"
"3627","0.06626176834106445","0.06626176834106445","0.06626176834106445"
"3629","0.06447434425354004","0.06447434425354004","0.06447434425354004"
"3631","0.08710670471191406","0.08710670471191406","0.08710670471191406"
"3633","0.07984238862991333","0.07984238862991333","0.07984238862991333"
"3637","0.09821796417236328","0.09821796417236328","0.09821796417236328"
"3639","0.17441177368164062","0.17441177368164062","0.17441177368164062"
"3641","0.08404731750488281","0.08404731750488281","0.08404731750488281"
"3643","0.08484077453613281","0.08484077453613281","0.08484077453613281"
"3645","0.1337127685546875","0.1337127685546875","0.1337127685546875"
"3647","0.16936635971069336","0.16936635971069336","0.16936635971069336"
"3649","0.0616302490234375","0.0616302490234375","0.0616302490234375"
"3653","0.06120634078979492","0.06120634078979492","0.06120634078979492"
"3655","0.057331085205078125","0.057331085205078125","0.057331085205078125"
"3659","0.09020662307739258","0.09020662307739258","0.09020662307739258"
"3661","0.04892683029174805","0.04892683029174805","0.04892683029174805"
"3663","0.0726461410522461","0.0726461410522461","0.0726461410522461"
"3665","0.0797109603881836","0.0797109603881836","0.0797109603881836"
"3667","0.022562265396118164","0.022562265396118164","0.022562265396118164"
"3669","0.0783395767211914","0.0783395767211914","0.0783395767211914"
"3671","0.04485511779785156","0.04485511779785156","0.04485511779785156"
"3677","0.11998414993286133","0.11998414993286133","0.11998414993286133"
"3679","0.16651391983032227","0.16651391983032227","0.16651391983032227"
"3681","0.06997871398925781","0.06997871398925781","0.06997871398925781"
"3685","0.06504249572753906","0.06504249572753906","0.06504249572753906"
"3687","0.12298011779785156","0.12298011779785156","0.12298011779785156"
"3689","0.05336332321166992","0.05336332321166992","0.05336332321166992"
"3693","0.1761016845703125","0.1761016845703125","0.1761016845703125"
"3695","0.11316585540771484","0.11316585540771484","0.11316585540771484"
"3697","0.04700946807861328","0.04700946807861328","0.04700946807861328"
"3699","0.04581880569458008","0.04581880569458008","0.04581880569458008"
"3701","0.12787818908691406","0.12787818908691406","0.12787818908691406"
"3703","0.08849716186523438","0.08849716186523438","0.08849716186523438"
"3707","0.11736464500427246","0.11736464500427246","0.11736464500427246"
"3709","0.04514741897583008","0.04514741897583008","0.04514741897583008"
"3711","0.10285747051239014","0.10285747051239014","0.10285747051239014"
"3713","0.1555957794189453","0.1555957794189453","0.1555957794189453"
"3719","0.12230157852172852","0.12230157852172852","0.12230157852172852"
"3723","0.0810854434967041","0.0810854434967041","0.0810854434967041"
"3725","0.06966257095336914","0.06966257095336914","0.06966257095336914"
"3727","0.07120943069458008","0.07120943069458008","0.07120943069458008"
"3729","0.05290579795837402","0.05290579795837402","0.05290579795837402"
"3731","0.11110544204711914","0.11110544204711914","0.11110544204711914"
"3733","0.11054980754852295","0.11054980754852295","0.11054980754852295"
"3735","0.04091089963912964","0.04091089963912964","0.04091089963912964"
"3739","0.0411219596862793","0.0411219596862793","0.0411219596862793"
"3741","0.09191781282424927","0.09191781282424927","0.09191781282424927"
"3743","0.05283761024475098","0.05283761024475098","0.05283761024475098"
"3745","0.05944901704788208","0.05944901704788208","0.05944901704788208"
"3749","0.04278433322906494","0.04278433322906494","0.04278433322906494"
"3751","0.12949055433273315","0.12949055433273315","0.12949055433273315"
"3753","0.06946420669555664","0.06946420669555664","0.06946420669555664"
"3755","0.1108999252319336","0.1108999252319336","0.1108999252319336"
"3757","0.032168030738830566","0.032168030738830566","0.032168030738830566"
"3759","0.1569499969482422","0.1569499969482422","0.1569499969482422"
"3763","0.0643543004989624","0.0643543004989624","0.0643543004989624"
"3765","0.08230113983154297","0.08230113983154297","0.08230113983154297"
"3767","0.05753326416015625","0.05753326416015625","0.05753326416015625"
"3769","0.06865358352661133","0.06865358352661133","0.06865358352661133"
"3771","0.158172607421875","0.158172607421875","0.158172607421875"
"3775","0.1650257110595703","0.1650257110595703","0.1650257110595703"
"3777","0.04047822952270508","0.04047822952270508","0.04047822952270508"
"3781","0.10605216026306152","0.10605216026306152","0.10605216026306152"
"3783","0.13523459434509277","0.13523459434509277","0.13523459434509277"
"3785","0.09404963254928589","0.09404963254928589","0.09404963254928589"
"3787","0.08445501327514648","0.08445501327514648","0.08445501327514648"
"3789","0.07237458229064941","0.07237458229064941","0.07237458229064941"
"3795","0.08522772789001465","0.08522772789001465","0.08522772789001465"
"3797","0.08946824073791504","0.08946824073791504","0.08946824073791504"
"3799","0.062267303466796875","0.062267303466796875","0.062267303466796875"
"3805","0.139617919921875","0.139617919921875","0.139617919921875"
"3807","0.12120628356933594","0.12120628356933594","0.12120628356933594"
"3811","0.08514022827148438","0.08514022827148438","0.08514022827148438"
"3813","0.081451416015625","0.081451416015625","0.081451416015625"
"3815","0.07004928588867188","0.07004928588867188","0.07004928588867188"
"3819","0.11915755271911621","0.11915755271911621","0.11915755271911621"
"3821","0.03057265281677246","0.03057265281677246","0.03057265281677246"
"3825","0.041848182678222656","0.041848182678222656","0.041848182678222656"
"3827","0.05611610412597656","0.05611610412597656","0.05611610412597656"
"3831","0.04981040954589844","0.04981040954589844","0.04981040954589844"
"3835","0.060695648193359375","0.060695648193359375","0.060695648193359375"
"3837","0.02074265480041504","0.02074265480041504","0.02074265480041504"
"3839","0.09708213806152344","0.09708213806152344","0.09708213806152344"
"3841","0.09380578994750977","0.09380578994750977","0.09380578994750977"
"3843","0.07070159912109375","0.07070159912109375","0.07070159912109375"
"3847","0.07828855514526367","0.07828855514526367","0.07828855514526367"
"3849","0.0404963493347168","0.0404963493347168","0.0404963493347168"
"3853","0.15549278259277344","0.15549278259277344","0.15549278259277344"
"3857","0.05530214309692383","0.05530214309692383","0.05530214309692383"
"3859","0.05110931396484375","0.05110931396484375","0.05110931396484375"
"3863","0.06129801273345947","0.06129801273345947","0.06129801273345947"
"3869","0.059998512268066406","0.059998512268066406","0.059998512268066406"
"3871","0.07211685180664062","0.07211685180664062","0.07211685180664062"
"3875","0.04735136032104492","0.04735136032104492","0.04735136032104492"
"3877","0.09822273254394531","0.09822273254394531","0.09822273254394531"
"3879","0.09740138053894043","0.09740138053894043","0.09740138053894043"
"3885","0.05514562129974365","0.05514562129974365","0.05514562129974365"
"3887","0.06881332397460938","0.06881332397460938","0.06881332397460938"
"3889","0.08380746841430664","0.08380746841430664","0.08380746841430664"
"3891","0.10161399841308594","0.10161399841308594","0.10161399841308594"
"3893","0.04614686965942383","0.04614686965942383","0.04614686965942383"
"3897","0.08892679214477539","0.08892679214477539","0.08892679214477539"
"3899","0.055544376373291016","0.055544376373291016","0.055544376373291016"
"3903","0.026472091674804688","0.026472091674804688","0.026472091674804688"
"3905","0.11887985467910767","0.11887985467910767","0.11887985467910767"
"3907","0.03555107116699219","0.03555107116699219","0.03555107116699219"
"3909","0.044657230377197266","0.044657230377197266","0.044657230377197266"
"3911","0.09546089172363281","0.09546089172363281","0.09546089172363281"
"3913","0.08623838424682617","0.08623838424682617","0.08623838424682617"
"3915","0.08379793167114258","0.08379793167114258","0.08379793167114258"
"3917","0.13771820068359375","0.13771820068359375","0.13771820068359375"
"3919","0.07295036315917969","0.07295036315917969","0.07295036315917969"
"3921","0.037926673889160156","0.037926673889160156","0.037926673889160156"
"3923","0.07829445600509644","0.07829445600509644","0.07829445600509644"
"3925","0.041573166847229004","0.041573166847229004","0.041573166847229004"
"3929","0.07261049747467041","0.07261049747467041","0.07261049747467041"
"3931","0.09717321395874023","0.09717321395874023","0.09717321395874023"
"3933","0.09444904327392578","0.09444904327392578","0.09444904327392578"
"3939","0.03866863250732422","0.03866863250732422","0.03866863250732422"
"3941","0.04644584655761719","0.04644584655761719","0.04644584655761719"
"3945","0.15228271484375","0.15228271484375","0.15228271484375"
"3954","0.040587425231933594","0.040587425231933594","0.040587425231933594"
"3956","0.1729583740234375","0.1729583740234375","0.1729583740234375"
"3958","0.07162070274353027","0.07162070274353027","0.07162070274353027"
"3960","0.05548858642578125","0.05548858642578125","0.05548858642578125"
"3962","0.12059974670410156","0.12059974670410156","0.12059974670410156"
"3964","0.05548667907714844","0.05548667907714844","0.05548667907714844"
"3966","0.1891326904296875","0.1891326904296875","0.1891326904296875"
"3968","0.07441520690917969","0.07441520690917969","0.07441520690917969"
"3972","0.06683921813964844","0.06683921813964844","0.06683921813964844"
"3974","0.03331494331359863","0.03331494331359863","0.03331494331359863"
"3978","0.0650792121887207","0.0650792121887207","0.0650792121887207"
"3980","0.0998678207397461","0.0998678207397461","0.0998678207397461"
"3982","0.07399940490722656","0.07399940490722656","0.07399940490722656"
"3986","0.05605602264404297","0.05605602264404297","0.05605602264404297"
"3988","0.10663318634033203","0.10663318634033203","0.10663318634033203"
"3990","0.08755826950073242","0.08755826950073242","0.08755826950073242"
"3992","0.14670753479003906","0.14670753479003906","0.14670753479003906"
"3994","0.036911964416503906","0.036911964416503906","0.036911964416503906"
"3996","0.07934737205505371","0.07934737205505371","0.07934737205505371"
"3998","0.048612117767333984","0.048612117767333984","0.048612117767333984"
"4000","0.08479928970336914","0.08479928970336914","0.08479928970336914"
"4002","0.030413150787353516","0.030413150787353516","0.030413150787353516"
"4004","0.10387992858886719","0.10387992858886719","0.10387992858886719"
"4006","0.11110496520996094","0.11110496520996094","0.11110496520996094"
"4008","0.07535648345947266","0.07535648345947266","0.07535648345947266"
"4012","0.0582890510559082","0.0582890510559082","0.0582890510559082"
"4014","0.02384495735168457","0.02384495735168457","0.02384495735168457"
"4018","0.061916232109069824","0.061916232109069824","0.061916232109069824"
"4020","0.07266545295715332","0.07266545295715332","0.07266545295715332"
"4022","0.04978752136230469","0.04978752136230469","0.04978752136230469"
"4024","0.09547090530395508","0.09547090530395508","0.09547090530395508"
"4026","0.04714047908782959","0.04714047908782959","0.04714047908782959"
"4028","0.03191286325454712","0.03191286325454712","0.03191286325454712"
"4030","0.07576608657836914","0.07576608657836914","0.07576608657836914"
"4032","0.08786904811859131","0.08786904811859131","0.08786904811859131"
"4034","0.03668379783630371","0.03668379783630371","0.03668379783630371"
"4036","0.12853598594665527","0.12853598594665527","0.12853598594665527"
"4038","0.07945728302001953","0.07945728302001953","0.07945728302001953"
"4040","0.04206132888793945","0.04206132888793945","0.04206132888793945"
"4044","0.04216194152832031","0.04216194152832031","0.04216194152832031"
"4046","0.06690502166748047","0.06690502166748047","0.06690502166748047"
"4048","0.036915987730026245","0.036915987730026245","0.036915987730026245"
"4052","0.05023205280303955","0.05023205280303955","0.05023205280303955"
"4054","0.055949270725250244","0.055949270725250244","0.055949270725250244"
"4056","0.08435535430908203","0.08435535430908203","0.08435535430908203"
"4058","0.06203269958496094","0.06203269958496094","0.06203269958496094"
"4064","0.038909316062927246","0.038909316062927246","0.038909316062927246"
"4066","0.04164573550224304","0.04164573550224304","0.04164573550224304"
"4070","0.01667076349258423","0.01667076349258423","0.01667076349258423"
"4072","0.05628609657287598","0.05628609657287598","0.05628609657287598"
"4074","0.08757972717285156","0.08757972717285156","0.08757972717285156"
"4076","0.15899229049682617","0.15899229049682617","0.15899229049682617"
"4078","0.1137237548828125","0.1137237548828125","0.1137237548828125"
"4080","0.04732513427734375","0.04732513427734375","0.04732513427734375"
"4082","0.10455107688903809","0.10455107688903809","0.10455107688903809"
"4084","0.06105637550354004","0.06105637550354004","0.06105637550354004"
"4086","0.11763009428977966","0.11763009428977966","0.11763009428977966"
"4088","0.0343165397644043","0.0343165397644043","0.0343165397644043"
"4090","0.03144693374633789","0.03144693374633789","0.03144693374633789"
"4092","0.10032320022583008","0.10032320022583008","0.10032320022583008"
"4094","0.06808638572692871","0.06808638572692871","0.06808638572692871"
"4096","0.04312896728515625","0.04312896728515625","0.04312896728515625"
"4098","0.11453580856323242","0.11453580856323242","0.11453580856323242"
"4100","0.0822296142578125","0.0822296142578125","0.0822296142578125"
"4102","0.055651187896728516","0.055651187896728516","0.055651187896728516"
"4104","0.035729408264160156","0.035729408264160156","0.035729408264160156"
"4106","0.06630373001098633","0.06630373001098633","0.06630373001098633"
"4108","0.09961962699890137","0.09961962699890137","0.09961962699890137"
"4110","0.03776830434799194","0.03776830434799194","0.03776830434799194"
"4112","0.03891468048095703","0.03891468048095703","0.03891468048095703"
"4114","0.13290774822235107","0.13290774822235107","0.13290774822235107"
"4116","0.08258390426635742","0.08258390426635742","0.08258390426635742"
"4118","0.07082796096801758","0.07082796096801758","0.07082796096801758"
"4120","0.08705520629882812","0.08705520629882812","0.08705520629882812"
"4122","0.1771531105041504","0.1771531105041504","0.1771531105041504"
"4124","0.08281111717224121","0.08281111717224121","0.08281111717224121"
"4132","0.05825996398925781","0.05825996398925781","0.05825996398925781"
"4134","0.0734405517578125","0.0734405517578125","0.0734405517578125"
"4136","0.0702214241027832","0.0702214241027832","0.0702214241027832"
"4138","0.13030624389648438","0.13030624389648438","0.13030624389648438"
"4140","0.08952832221984863","0.08952832221984863","0.08952832221984863"
"4142","0.06314897537231445","0.06314897537231445","0.06314897537231445"
"4144","0.16634058952331543","0.16634058952331543","0.16634058952331543"
"4146","0.06721305847167969","0.06721305847167969","0.06721305847167969"
"4148","0.0729360580444336","0.0729360580444336","0.0729360580444336"
"4150","0.06639957427978516","0.06639957427978516","0.06639957427978516"
"4152","0.0799938440322876","0.0799938440322876","0.0799938440322876"
"4156","0.05856657028198242","0.05856657028198242","0.05856657028198242"
"4158","0.030480384826660156","0.030480384826660156","0.030480384826660156"
"4160","0.04165613651275635","0.04165613651275635","0.04165613651275635"
"4164","0.05959320068359375","0.05959320068359375","0.05959320068359375"
"4170","0.09089958667755127","0.09089958667755127","0.09089958667755127"
"4172","0.12308597564697266","0.12308597564697266","0.12308597564697266"
"4176","0.13951730728149414","0.13951730728149414","0.13951730728149414"
"4178","0.1305069923400879","0.1305069923400879","0.1305069923400879"
"4180","0.09438896179199219","0.09438896179199219","0.09438896179199219"
"4182","0.1040959358215332","0.1040959358215332","0.1040959358215332"
"4184","0.05381917953491211","0.05381917953491211","0.05381917953491211"
"4188","0.05821967124938965","0.05821967124938965","0.05821967124938965"
"4194","0.08491230010986328","0.08491230010986328","0.08491230010986328"
"4198","0.11454200744628906","0.11454200744628906","0.11454200744628906"
"4200","0.10058334469795227","0.10058334469795227","0.10058334469795227"
"4202","0.05884850025177002","0.05884850025177002","0.05884850025177002"
"4204","0.1252349615097046","0.1252349615097046","0.1252349615097046"
"4208","0.12389743328094482","0.12389743328094482","0.12389743328094482"
"4210","0.02991253137588501","0.02991253137588501","0.02991253137588501"
"4212","0.06235659122467041","0.06235659122467041","0.06235659122467041"
"4216","0.07296618819236755","0.07296618819236755","0.07296618819236755"
"4218","0.0836021900177002","0.0836021900177002","0.0836021900177002"
"4220","0.050252437591552734","0.050252437591552734","0.050252437591552734"
"4224","0.08857250213623047","0.08857250213623047","0.08857250213623047"
"4226","0.06209683418273926","0.06209683418273926","0.06209683418273926"
"4228","0.05766868591308594","0.05766868591308594","0.05766868591308594"
"4232","0.07322371006011963","0.07322371006011963","0.07322371006011963"
"4234","0.057146310806274414","0.057146310806274414","0.057146310806274414"
"4236","0.1561492681503296","0.1561492681503296","0.1561492681503296"
"4240","0.07063651084899902","0.07063651084899902","0.07063651084899902"
"4242","0.07081663608551025","0.07081663608551025","0.07081663608551025"
"4244","0.08430075645446777","0.08430075645446777","0.08430075645446777"
"4246","0.06818175315856934","0.06818175315856934","0.06818175315856934"
"4248","0.02768123149871826","0.02768123149871826","0.02768123149871826"
"4254","0.09812545776367188","0.09812545776367188","0.09812545776367188"
"4256","0.08953380584716797","0.08953380584716797","0.08953380584716797"
"4258","0.030891776084899902","0.030891776084899902","0.030891776084899902"
"4260","0.07414913177490234","0.07414913177490234","0.07414913177490234"
"4262","0.10141420364379883","0.10141420364379883","0.10141420364379883"
"4264","0.06593799591064453","0.06593799591064453","0.06593799591064453"
"4266","0.08715248107910156","0.08715248107910156","0.08715248107910156"
"4268","0.043755531311035156","0.043755531311035156","0.043755531311035156"
"4270","0.05105304718017578","0.05105304718017578","0.05105304718017578"
"4272","0.06470108032226562","0.06470108032226562","0.06470108032226562"
"4274","0.0884251594543457","0.0884251594543457","0.0884251594543457"
"4276","0.08724212646484375","0.08724212646484375","0.08724212646484375"
"4284","0.0654754638671875","0.0654754638671875","0.0654754638671875"
"4286","0.08010578155517578","0.08010578155517578","0.08010578155517578"
"4290","0.07633304595947266","0.07633304595947266","0.07633304595947266"
"4292","0.0639200210571289","0.0639200210571289","0.0639200210571289"
"4294","0.11628437042236328","0.11628437042236328","0.11628437042236328"
"4296","0.04087972640991211","0.04087972640991211","0.04087972640991211"
"4298","0.0403752326965332","0.0403752326965332","0.0403752326965332"
"4300","0.038698673248291016","0.038698673248291016","0.038698673248291016"
"4304","0.06241893768310547","0.06241893768310547","0.06241893768310547"
"4306","0.043990135192871094","0.043990135192871094","0.043990135192871094"
"4308","0.07027387619018555","0.07027387619018555","0.07027387619018555"
"4310","0.1230630874633789","0.1230630874633789","0.1230630874633789"
"4312","0.1266307830810547","0.1266307830810547","0.1266307830810547"
"4314","0.06839001178741455","0.06839001178741455","0.06839001178741455"
"4316","0.14585161209106445","0.14585161209106445","0.14585161209106445"
"4320","0.019394055008888245","0.019394055008888245","0.019394055008888245"
"4322","0.051572322845458984","0.051572322845458984","0.051572322845458984"
"4324","0.11421775817871094","0.11421775817871094","0.11421775817871094"
"4326","0.10305845737457275","0.10305845737457275","0.10305845737457275"
"4328","0.08582949638366699","0.08582949638366699","0.08582949638366699"
"4330","0.059472084045410156","0.059472084045410156","0.059472084045410156"
"4332","0.11282509565353394","0.11282509565353394","0.11282509565353394"
"4336","0.0545993447303772","0.0545993447303772","0.0545993447303772"
"4340","0.1796245574951172","0.1796245574951172","0.1796245574951172"
"4342","0.06789588928222656","0.06789588928222656","0.06789588928222656"
"4344","0.05990135669708252","0.05990135669708252","0.05990135669708252"
"4346","0.09867000579833984","0.09867000579833984","0.09867000579833984"
"4348","0.07614445686340332","0.07614445686340332","0.07614445686340332"
"4350","0.06046938896179199","0.06046938896179199","0.06046938896179199"
"4352","0.1306810975074768","0.1306810975074768","0.1306810975074768"
"4354","0.024075746536254883","0.024075746536254883","0.024075746536254883"
"4356","0.1032562255859375","0.1032562255859375","0.1032562255859375"
"4358","0.08075284957885742","0.08075284957885742","0.08075284957885742"
"4360","0.07127988338470459","0.07127988338470459","0.07127988338470459"
"4362","0.07335662841796875","0.07335662841796875","0.07335662841796875"
"4364","0.05869448184967041","0.05869448184967041","0.05869448184967041"
"4366","0.06739211082458496","0.06739211082458496","0.06739211082458496"
"4370","0.051308631896972656","0.051308631896972656","0.051308631896972656"
"4372","0.1174309253692627","0.1174309253692627","0.1174309253692627"
"4376","0.06181144714355469","0.06181144714355469","0.06181144714355469"
"4378","0.14969241619110107","0.14969241619110107","0.14969241619110107"
"4380","0.09548830986022949","0.09548830986022949","0.09548830986022949"
"4384","0.08426904678344727","0.08426904678344727","0.08426904678344727"
"4386","0.06936836242675781","0.06936836242675781","0.06936836242675781"
"4388","0.08194160461425781","0.08194160461425781","0.08194160461425781"
"4390","0.13080406188964844","0.13080406188964844","0.13080406188964844"
"4392","0.06346964836120605","0.06346964836120605","0.06346964836120605"
"4394","0.08367681503295898","0.08367681503295898","0.08367681503295898"
"4396","0.0917818546295166","0.0917818546295166","0.0917818546295166"
"4398","0.036519408226013184","0.036519408226013184","0.036519408226013184"
"4400","0.03612947463989258","0.03612947463989258","0.03612947463989258"
"4402","0.0497586727142334","0.0497586727142334","0.0497586727142334"
"4408","0.04234647750854492","0.04234647750854492","0.04234647750854492"
"4410","0.06831252574920654","0.06831252574920654","0.06831252574920654"
"4412","0.08702510595321655","0.08702510595321655","0.08702510595321655"
"4414","0.05052757263183594","0.05052757263183594","0.05052757263183594"
"4416","0.09934091567993164","0.09934091567993164","0.09934091567993164"
"4418","0.0184786319732666","0.0184786319732666","0.0184786319732666"
"4420","0.10477209091186523","0.10477209091186523","0.10477209091186523"
"4422","0.04780292510986328","0.04780292510986328","0.04780292510986328"
"4424","0.08339214324951172","0.08339214324951172","0.08339214324951172"
"4426","0.04988908767700195","0.04988908767700195","0.04988908767700195"
"4428","0.027679920196533203","0.027679920196533203","0.027679920196533203"
"4430","0.06376457214355469","0.06376457214355469","0.06376457214355469"
"4434","0.040915489196777344","0.040915489196777344","0.040915489196777344"
"4436","0.04290032386779785","0.04290032386779785","0.04290032386779785"
"4438","0.12484169006347656","0.12484169006347656","0.12484169006347656"
"4440","0.01613384485244751","0.01613384485244751","0.01613384485244751"
"4442","0.08336639404296875","0.08336639404296875","0.08336639404296875"
"4444","0.06837081909179688","0.06837081909179688","0.06837081909179688"
"4448","0.09597015380859375","0.09597015380859375","0.09597015380859375"
"4450","0.07879310846328735","0.07879310846328735","0.07879310846328735"
"4454","0.13450336456298828","0.13450336456298828","0.13450336456298828"
"4456","0.0897054672241211","0.0897054672241211","0.0897054672241211"
"4458","0.039437055587768555","0.039437055587768555","0.039437055587768555"
"4460","0.09571003913879395","0.09571003913879395","0.09571003913879395"
"4462","0.02647554874420166","0.02647554874420166","0.02647554874420166"
"4464","0.10164737701416016","0.10164737701416016","0.10164737701416016"
"4466","0.1336040496826172","0.1336040496826172","0.1336040496826172"
"4470","0.07674598693847656","0.07674598693847656","0.07674598693847656"
"4474","0.03833580017089844","0.03833580017089844","0.03833580017089844"
"4481","0.03914320468902588","0.03914320468902588","0.03914320468902588"
"4485","0.045793771743774414","0.045793771743774414","0.045793771743774414"
"4487","0.06042218208312988","0.06042218208312988","0.06042218208312988"
"4491","0.0949716567993164","0.0949716567993164","0.0949716567993164"
"4493","0.06215691566467285","0.06215691566467285","0.06215691566467285"
"4495","0.0756521224975586","0.0756521224975586","0.0756521224975586"
"4497","0.11596488952636719","0.11596488952636719","0.11596488952636719"
"4501","0.0464324951171875","0.0464324951171875","0.0464324951171875"
"4503","0.06197547912597656","0.06197547912597656","0.06197547912597656"
"4509","0.05202674865722656","0.05202674865722656","0.05202674865722656"
"4513","0.09000396728515625","0.09000396728515625","0.09000396728515625"
"4515","0.05624580383300781","0.05624580383300781","0.05624580383300781"
"4517","0.06157350540161133","0.06157350540161133","0.06157350540161133"
"4519","0.07446658611297607","0.07446658611297607","0.07446658611297607"
"4521","0.04697608947753906","0.04697608947753906","0.04697608947753906"
"4523","0.037729501724243164","0.037729501724243164","0.037729501724243164"
"4525","0.04255795478820801","0.04255795478820801","0.04255795478820801"
"4529","0.06155705451965332","0.06155705451965332","0.06155705451965332"
"4531","0.045289039611816406","0.045289039611816406","0.045289039611816406"
"4537","0.08013391494750977","0.08013391494750977","0.08013391494750977"
"4541","0.07019996643066406","0.07019996643066406","0.07019996643066406"
"4543","0.09730911254882812","0.09730911254882812","0.09730911254882812"
"4545","0.032868385314941406","0.032868385314941406","0.032868385314941406"
"4547","0.12798428535461426","0.12798428535461426","0.12798428535461426"
"4549","0.06805419921875","0.06805419921875","0.06805419921875"
"4551","0.049861907958984375","0.049861907958984375","0.049861907958984375"
"4553","0.11960887908935547","0.11960887908935547","0.11960887908935547"
"4555","0.07048511505126953","0.07048511505126953","0.07048511505126953"
"4557","0.030035018920898438","0.030035018920898438","0.030035018920898438"
"4559","0.08622729778289795","0.08622729778289795","0.08622729778289795"
"4561","0.06709861755371094","0.06709861755371094","0.06709861755371094"
"4563","0.03430914878845215","0.03430914878845215","0.03430914878845215"
"4565","0.038831233978271484","0.038831233978271484","0.038831233978271484"
"4569","0.0999288558959961","0.0999288558959961","0.0999288558959961"
"4571","0.04605293273925781","0.04605293273925781","0.04605293273925781"
"4573","0.06409597396850586","0.06409597396850586","0.06409597396850586"
"4575","0.08051109313964844","0.08051109313964844","0.08051109313964844"
"4577","0.01845264434814453","0.01845264434814453","0.01845264434814453"
"4579","0.13125228881835938","0.13125228881835938","0.13125228881835938"
"4581","0.07831192016601562","0.07831192016601562","0.07831192016601562"
"4583","0.050043582916259766","0.050043582916259766","0.050043582916259766"
"4585","0.05384111404418945","0.05384111404418945","0.05384111404418945"
"4587","0.04109764099121094","0.04109764099121094","0.04109764099121094"
"4591","0.024155616760253906","0.024155616760253906","0.024155616760253906"
"4593","0.18866729736328125","0.18866729736328125","0.18866729736328125"
"4595","0.07621192932128906","0.07621192932128906","0.07621192932128906"
"4601","0.10545885562896729","0.10545885562896729","0.10545885562896729"
"4603","0.07742118835449219","0.07742118835449219","0.07742118835449219"
"4605","0.062365055084228516","0.062365055084228516","0.062365055084228516"
"4607","0.026933282613754272","0.026933282613754272","0.026933282613754272"
"4609","0.07718849182128906","0.07718849182128906","0.07718849182128906"
"4611","0.09023523330688477","0.09023523330688477","0.09023523330688477"
"4615","0.02887248992919922","0.02887248992919922","0.02887248992919922"
"4617","0.10661721229553223","0.10661721229553223","0.10661721229553223"
"4619","0.06115865707397461","0.06115865707397461","0.06115865707397461"
"4625","0.026084184646606445","0.026084184646606445","0.026084184646606445"
"4627","0.03542327880859375","0.03542327880859375","0.03542327880859375"
"4629","0.09273195266723633","0.09273195266723633","0.09273195266723633"
"4631","0.03206014633178711","0.03206014633178711","0.03206014633178711"
"4633","0.06302261352539062","0.06302261352539062","0.06302261352539062"
"4635","0.0596696138381958","0.0596696138381958","0.0596696138381958"
"4637","0.04959845542907715","0.04959845542907715","0.04959845542907715"
"4643","0.03858804702758789","0.03858804702758789","0.03858804702758789"
"4645","0.028743207454681396","0.028743207454681396","0.028743207454681396"
"4647","0.047617435455322266","0.047617435455322266","0.047617435455322266"
"4649","0.1254739761352539","0.1254739761352539","0.1254739761352539"
"4653","0.12144124507904053","0.12144124507904053","0.12144124507904053"
"4655","0.05444765090942383","0.05444765090942383","0.05444765090942383"
"4663","0.07698607444763184","0.07698607444763184","0.07698607444763184"
"4665","0.10379034280776978","0.10379034280776978","0.10379034280776978"
"4667","0.10421323776245117","0.10421323776245117","0.10421323776245117"
"4669","0.07407504320144653","0.07407504320144653","0.07407504320144653"
"4671","0.029206275939941406","0.029206275939941406","0.029206275939941406"
"4677","0.08788394927978516","0.08788394927978516","0.08788394927978516"
"4679","0.07756876945495605","0.07756876945495605","0.07756876945495605"
"4681","0.07904529571533203","0.07904529571533203","0.07904529571533203"
"4683","0.1170235276222229","0.1170235276222229","0.1170235276222229"
"4685","0.03529590368270874","0.03529590368270874","0.03529590368270874"
"4687","0.01819288730621338","0.01819288730621338","0.01819288730621338"
"4689","0.06904053688049316","0.06904053688049316","0.06904053688049316"
"4695","0.04721665382385254","0.04721665382385254","0.04721665382385254"
"4697","0.05396318435668945","0.05396318435668945","0.05396318435668945"
"4699","0.08611297607421875","0.08611297607421875","0.08611297607421875"
"4701","0.05722522735595703","0.05722522735595703","0.05722522735595703"
"4703","0.13977396488189697","0.13977396488189697","0.13977396488189697"
"4705","0.09739947319030762","0.09739947319030762","0.09739947319030762"
"4707","0.07950973510742188","0.07950973510742188","0.07950973510742188"
"4709","0.08015084266662598","0.08015084266662598","0.08015084266662598"
"4711","0.054088592529296875","0.054088592529296875","0.054088592529296875"
"4713","0.030757904052734375","0.030757904052734375","0.030757904052734375"
"4715","0.09229516983032227","0.09229516983032227","0.09229516983032227"
"4719","0.06931698322296143","0.06931698322296143","0.06931698322296143"
"4721","0.04106771945953369","0.04106771945953369","0.04106771945953369"
"4723","0.11216926574707031","0.11216926574707031","0.11216926574707031"
"4725","0.02572464942932129","0.02572464942932129","0.02572464942932129"
"4727","0.08359479904174805","0.08359479904174805","0.08359479904174805"
"4729","0.038687705993652344","0.038687705993652344","0.038687705993652344"
"4731","0.06106209754943848","0.06106209754943848","0.06106209754943848"
"4735","0.051903486251831055","0.051903486251831055","0.051903486251831055"
"4737","0.03468465805053711","0.03468465805053711","0.03468465805053711"
"4739","0.0729600191116333","0.0729600191116333","0.0729600191116333"
"4741","0.09376835823059082","0.09376835823059082","0.09376835823059082"
"4743","0.04205656051635742","0.04205656051635742","0.04205656051635742"
"4745","0.03751373291015625","0.03751373291015625","0.03751373291015625"
"4751","0.039934754371643066","0.039934754371643066","0.039934754371643066"
"4753","0.047751545906066895","0.047751545906066895","0.047751545906066895"
"4755","0.012582540512084961","0.012582540512084961","0.012582540512084961"
"4763","0.03512585163116455","0.03512585163116455","0.03512585163116455"
"4765","0.06458330154418945","0.06458330154418945","0.06458330154418945"
"4767","0.03384631872177124","0.03384631872177124","0.03384631872177124"
"4769","0.0638284683227539","0.0638284683227539","0.0638284683227539"
"4771","0.04869741201400757","0.04869741201400757","0.04869741201400757"
"4773","0.023269832134246826","0.023269832134246826","0.023269832134246826"
"4775","0.04727458953857422","0.04727458953857422","0.04727458953857422"
"4777","0.08346590399742126","0.08346590399742126","0.08346590399742126"
"4779","0.03433382511138916","0.03433382511138916","0.03433382511138916"
"4781","0.10294532775878906","0.10294532775878906","0.10294532775878906"
"4783","0.09577369689941406","0.09577369689941406","0.09577369689941406"
"4785","0.02635049819946289","0.02635049819946289","0.02635049819946289"
"4787","0.11088025569915771","0.11088025569915771","0.11088025569915771"
"4789","0.06437301635742188","0.06437301635742188","0.06437301635742188"
"4791","0.06960591673851013","0.06960591673851013","0.06960591673851013"
"4793","0.056886911392211914","0.056886911392211914","0.056886911392211914"
"4795","0.026453807950019836","0.026453807950019836","0.026453807950019836"
"4797","0.03305554389953613","0.03305554389953613","0.03305554389953613"
"4799","0.07399594038724899","0.07399594038724899","0.07399594038724899"
"4801","0.07410717010498047","0.07410717010498047","0.07410717010498047"
"4803","0.04132114350795746","0.04132114350795746","0.04132114350795746"
"4807","0.13900789618492126","0.13900789618492126","0.13900789618492126"
"4811","0.07897710800170898","0.07897710800170898","0.07897710800170898"
"4813","0.0521928071975708","0.0521928071975708","0.0521928071975708"
"4815","0.10269451141357422","0.10269451141357422","0.10269451141357422"
"4817","0.027294158935546875","0.027294158935546875","0.027294158935546875"
"4819","0.04487341642379761","0.04487341642379761","0.04487341642379761"
"4821","0.08513998985290527","0.08513998985290527","0.08513998985290527"
"4823","0.03786909580230713","0.03786909580230713","0.03786909580230713"
"4825","0.0999901294708252","0.0999901294708252","0.0999901294708252"
"4827","0.06802988052368164","0.06802988052368164","0.06802988052368164"
"4833","0.0712670087814331","0.0712670087814331","0.0712670087814331"
"4835","0.027405738830566406","0.027405738830566406","0.027405738830566406"
"4837","0.10477566719055176","0.10477566719055176","0.10477566719055176"
"4839","0.13091182708740234","0.13091182708740234","0.13091182708740234"
"4843","0.06945037841796875","0.06945037841796875","0.06945037841796875"
"4845","0.04846680164337158","0.04846680164337158","0.04846680164337158"
"4847","0.034186601638793945","0.034186601638793945","0.034186601638793945"
"4849","0.024735212326049805","0.024735212326049805","0.024735212326049805"
"4851","0.07666683197021484","0.07666683197021484","0.07666683197021484"
"4855","0.0660710334777832","0.0660710334777832","0.0660710334777832"
"4857","0.08820772171020508","0.08820772171020508","0.08820772171020508"
"4861","0.06088972091674805","0.06088972091674805","0.06088972091674805"
"4863","0.03458374738693237","0.03458374738693237","0.03458374738693237"
"4865","0.07307767868041992","0.07307767868041992","0.07307767868041992"
"4867","0.009741872549057007","0.009741872549057007","0.009741872549057007"
"4869","0.06832379102706909","0.06832379102706909","0.06832379102706909"
"4871","0.09447431564331055","0.09447431564331055","0.09447431564331055"
"4875","0.0935744047164917","0.0935744047164917","0.0935744047164917"
"4877","0.022035539150238037","0.022035539150238037","0.022035539150238037"
"4879","0.037477970123291016","0.037477970123291016","0.037477970123291016"
"4881","0.07014656066894531","0.07014656066894531","0.07014656066894531"
"4883","0.06578445434570312","0.06578445434570312","0.06578445434570312"
"4885","0.08990859985351562","0.08990859985351562","0.08990859985351562"
"4887","0.08052730560302734","0.08052730560302734","0.08052730560302734"
"4889","0.031045913696289062","0.031045913696289062","0.031045913696289062"
"4891","0.10227394104003906","0.10227394104003906","0.10227394104003906"
"4893","0.01993429660797119","0.01993429660797119","0.01993429660797119"
"4895","0.05797243118286133","0.05797243118286133","0.05797243118286133"
"4899","0.0462193489074707","0.0462193489074707","0.0462193489074707"
"4907","0.06347408890724182","0.06347408890724182","0.06347408890724182"
"4911","0.0748436450958252","0.0748436450958252","0.0748436450958252"
"4913","0.08108639717102051","0.08108639717102051","0.08108639717102051"
"4917","0.03875160217285156","0.03875160217285156","0.03875160217285156"
"4921","0.06960439682006836","0.06960439682006836","0.06960439682006836"
"4923","0.04360151290893555","0.04360151290893555","0.04360151290893555"
"4925","0.045794010162353516","0.045794010162353516","0.045794010162353516"
"4931","0.029778480529785156","0.029778480529785156","0.029778480529785156"
"4933","0.021518170833587646","0.021518170833587646","0.021518170833587646"
"4935","0.12868964672088623","0.12868964672088623","0.12868964672088623"
"4937","0.07415628433227539","0.07415628433227539","0.07415628433227539"
"4939","0.04637646675109863","0.04637646675109863","0.04637646675109863"
"4941","0.03076934814453125","0.03076934814453125","0.03076934814453125"
"4943","0.06381022930145264","0.06381022930145264","0.06381022930145264"
"4945","0.028797626495361328","0.028797626495361328","0.028797626495361328"
"4947","0.035773277282714844","0.035773277282714844","0.035773277282714844"
"4949","0.13133621215820312","0.13133621215820312","0.13133621215820312"
"4951","0.08478689193725586","0.08478689193725586","0.08478689193725586"
"4953","0.023035049438476562","0.023035049438476562","0.023035049438476562"
"4955","0.033429622650146484","0.033429622650146484","0.033429622650146484"
"4959","0.04718506336212158","0.04718506336212158","0.04718506336212158"
"4961","0.08449172973632812","0.08449172973632812","0.08449172973632812"
"4965","0.08603298664093018","0.08603298664093018","0.08603298664093018"
"4967","0.049104928970336914","0.049104928970336914","0.049104928970336914"
"4969","0.06833696365356445","0.06833696365356445","0.06833696365356445"
"4971","0.05146980285644531","0.05146980285644531","0.05146980285644531"
"4973","0.1004791259765625","0.1004791259765625","0.1004791259765625"
"4975","0.05922746658325195","0.05922746658325195","0.05922746658325195"
"4977","0.053133487701416016","0.053133487701416016","0.053133487701416016"
"4981","0.04605245590209961","0.04605245590209961","0.04605245590209961"
"4983","0.11600887775421143","0.11600887775421143","0.11600887775421143"
"4985","0.003001093864440918","0.003001093864440918","0.003001093864440918"
"4987","0.07820558547973633","0.07820558547973633","0.07820558547973633"
"4989","0.061608076095581055","0.061608076095581055","0.061608076095581055"
"4991","0.03998243808746338","0.03998243808746338","0.03998243808746338"
"4995","0.022385120391845703","0.022385120391845703","0.022385120391845703"
"4997","0.041126370429992676","0.041126370429992676","0.041126370429992676"
"5001","0.030522704124450684","0.030522704124450684","0.030522704124450684"
"5003","0.01927846670150757","0.01927846670150757","0.01927846670150757"
"5010","0.0447613000869751","0.0447613000869751","0.0447613000869751"
"5012","0.08300065994262695","0.08300065994262695","0.08300065994262695"
"5014","0.033451467752456665","0.033451467752456665","0.033451467752456665"
"5016","0.09741044044494629","0.09741044044494629","0.09741044044494629"
"5020","0.04113799333572388","0.04113799333572388","0.04113799333572388"
"5022","0.025432288646697998","0.025432288646697998","0.025432288646697998"
"5024","0.0791773796081543","0.0791773796081543","0.0791773796081543"
"5026","0.023056983947753906","0.023056983947753906","0.023056983947753906"
"5028","0.03752267360687256","0.03752267360687256","0.03752267360687256"
"5030","0.08197402954101562","0.08197402954101562","0.08197402954101562"
"5032","0.10089090466499329","0.10089090466499329","0.10089090466499329"
"5034","0.01439666748046875","0.01439666748046875","0.01439666748046875"
"5036","0.05637407302856445","0.05637407302856445","0.05637407302856445"
"5038","0.051642417907714844","0.051642417907714844","0.051642417907714844"
"5040","0.12511032819747925","0.12511032819747925","0.12511032819747925"
"5042","0.027589410543441772","0.027589410543441772","0.027589410543441772"
"5044","0.08367633819580078","0.08367633819580078","0.08367633819580078"
"5046","0.024641752243041992","0.024641752243041992","0.024641752243041992"
"5050","0.06420183181762695","0.06420183181762695","0.06420183181762695"
"5052","0.06786823272705078","0.06786823272705078","0.06786823272705078"
"5058","0.07654714584350586","0.07654714584350586","0.07654714584350586"
"5060","0.10184240341186523","0.10184240341186523","0.10184240341186523"
"5062","0.1404421329498291","0.1404421329498291","0.1404421329498291"
"5064","0.05462956428527832","0.05462956428527832","0.05462956428527832"
"5066","0.11607170104980469","0.11607170104980469","0.11607170104980469"
"5068","0.03175759315490723","0.03175759315490723","0.03175759315490723"
"5070","0.09097409248352051","0.09097409248352051","0.09097409248352051"
"5072","0.03707742691040039","0.03707742691040039","0.03707742691040039"
"5074","0.07218313217163086","0.07218313217163086","0.07218313217163086"
"5076","0.05762207508087158","0.05762207508087158","0.05762207508087158"
"5078","0.022416114807128906","0.022416114807128906","0.022416114807128906"
"5080","0.05265378952026367","0.05265378952026367","0.05265378952026367"
"5082","0.04269814491271973","0.04269814491271973","0.04269814491271973"
"5084","0.02932119369506836","0.02932119369506836","0.02932119369506836"
"5086","0.08827626705169678","0.08827626705169678","0.08827626705169678"
"5088","0.0950770378112793","0.0950770378112793","0.0950770378112793"
"5090","0.07371461391448975","0.07371461391448975","0.07371461391448975"
"5092","0.036536216735839844","0.036536216735839844","0.036536216735839844"
"5096","0.15435123443603516","0.15435123443603516","0.15435123443603516"
"5098","0.027462005615234375","0.027462005615234375","0.027462005615234375"
"5104","0.05944204330444336","0.05944204330444336","0.05944204330444336"
"5106","0.10779476165771484","0.10779476165771484","0.10779476165771484"
"5108","0.043709754943847656","0.043709754943847656","0.043709754943847656"
"5110","0.06990504264831543","0.06990504264831543","0.06990504264831543"
"5112","0.021636962890625","0.021636962890625","0.021636962890625"
"5114","0.06025540828704834","0.06025540828704834","0.06025540828704834"
"5118","0.024773508310317993","0.024773508310317993","0.024773508310317993"
"5122","0.050994277000427246","0.050994277000427246","0.050994277000427246"
"5124","0.05914902687072754","0.05914902687072754","0.05914902687072754"
"5126","0.08466500043869019","0.08466500043869019","0.08466500043869019"
"5128","0.0679781436920166","0.0679781436920166","0.0679781436920166"
"5130","0.1134490966796875","0.1134490966796875","0.1134490966796875"
"5132","0.008187055587768555","0.008187055587768555","0.008187055587768555"
"5136","0.07060909271240234","0.07060909271240234","0.07060909271240234"
"5138","0.06652045249938965","0.06652045249938965","0.06652045249938965"
"5140","0.053613901138305664","0.053613901138305664","0.053613901138305664"
"5142","0.02166128158569336","0.02166128158569336","0.02166128158569336"
"5144","0.03329908847808838","0.03329908847808838","0.03329908847808838"
"5146","0.041164398193359375","0.041164398193359375","0.041164398193359375"
"5148","0.0606844425201416","0.0606844425201416","0.0606844425201416"
"5150","0.11644959449768066","0.11644959449768066","0.11644959449768066"
"5152","0.024057753384113312","0.024057753384113312","0.024057753384113312"
"5154","0.022979021072387695","0.022979021072387695","0.022979021072387695"
"5156","0.06434488296508789","0.06434488296508789","0.06434488296508789"
"5158","0.06681561470031738","0.06681561470031738","0.06681561470031738"
"5160","0.0367547869682312","0.0367547869682312","0.0367547869682312"
"5164","0.045301005244255066","0.045301005244255066","0.045301005244255066"
"5166","0.03674602508544922","0.03674602508544922","0.03674602508544922"
"5172","0.12187647819519043","0.12187647819519043","0.12187647819519043"
"5174","0.08610224723815918","0.08610224723815918","0.08610224723815918"
"5176","0.05033755302429199","0.05033755302429199","0.05033755302429199"
"5178","0.03591346740722656","0.03591346740722656","0.03591346740722656"
"5180","0.09337906539440155","0.09337906539440155","0.09337906539440155"
"5182","0.03571930527687073","0.03571930527687073","0.03571930527687073"
"5184","0.08993172645568848","0.08993172645568848","0.08993172645568848"
"5186","0.04111671447753906","0.04111671447753906","0.04111671447753906"
"5190","0.03661376237869263","0.03661376237869263","0.03661376237869263"
"5192","0.032279014587402344","0.032279014587402344","0.032279014587402344"
"5194","0.05554962158203125","0.05554962158203125","0.05554962158203125"
"5196","0.13016223907470703","0.13016223907470703","0.13016223907470703"
"5198","0.047779083251953125","0.047779083251953125","0.047779083251953125"
"5200","0.029076337814331055","0.029076337814331055","0.029076337814331055"
"5202","0.1006011962890625","0.1006011962890625","0.1006011962890625"
"5204","0.0790090560913086","0.0790090560913086","0.0790090560913086"
"5206","0.04203987121582031","0.04203987121582031","0.04203987121582031"
"5208","0.06261765956878662","0.06261765956878662","0.06261765956878662"
"5210","0.10747718811035156","0.10747718811035156","0.10747718811035156"
"5212","0.044269561767578125","0.044269561767578125","0.044269561767578125"
"5214","0.02531611919403076","0.02531611919403076","0.02531611919403076"
"5216","0.01885351538658142","0.01885351538658142","0.01885351538658142"
"5218","0.0826880931854248","0.0826880931854248","0.0826880931854248"
"5228","0.023566246032714844","0.023566246032714844","0.023566246032714844"
"5230","0.0680379867553711","0.0680379867553711","0.0680379867553711"
"5234","0.03226161003112793","0.03226161003112793","0.03226161003112793"
"5236","0.10454273223876953","0.10454273223876953","0.10454273223876953"
"5242","0.054993629455566406","0.054993629455566406","0.054993629455566406"
"5244","0.05700850486755371","0.05700850486755371","0.05700850486755371"
"5246","0.02341747283935547","0.02341747283935547","0.02341747283935547"
"5248","0.05892205238342285","0.05892205238342285","0.05892205238342285"
"5250","0.07433390617370605","0.07433390617370605","0.07433390617370605"
"5252","0.05434525012969971","0.05434525012969971","0.05434525012969971"
"5254","0.07026100158691406","0.07026100158691406","0.07026100158691406"
"5260","0.08171486854553223","0.08171486854553223","0.08171486854553223"
"5262","0.013094425201416016","0.013094425201416016","0.013094425201416016"
"5264","0.16782760620117188","0.16782760620117188","0.16782760620117188"
"5268","0.0969228744506836","0.0969228744506836","0.0969228744506836"
"5272","0.029660046100616455","0.029660046100616455","0.029660046100616455"
"5274","0.023798853158950806","0.023798853158950806","0.023798853158950806"
"5276","0.15968698263168335","0.15968698263168335","0.15968698263168335"
"5278","0.07821637392044067","0.07821637392044067","0.07821637392044067"
"5280","0.022256135940551758","0.022256135940551758","0.022256135940551758"
"5282","0.11414599418640137","0.11414599418640137","0.11414599418640137"
"5284","0.04174782335758209","0.04174782335758209","0.04174782335758209"
"5288","0.04123079776763916","0.04123079776763916","0.04123079776763916"
"5292","0.15534639358520508","0.15534639358520508","0.15534639358520508"
"5294","0.03337275981903076","0.03337275981903076","0.03337275981903076"
"5298","0.10936629772186279","0.10936629772186279","0.10936629772186279"
"5304","0.06971478462219238","0.06971478462219238","0.06971478462219238"
"5306","0.041104137897491455","0.041104137897491455","0.041104137897491455"
"5308","0.10530638694763184","0.10530638694763184","0.10530638694763184"
"5310","0.05867156386375427","0.05867156386375427","0.05867156386375427"
"5312","0.023327529430389404","0.023327529430389404","0.023327529430389404"
"5318","0.03472447395324707","0.03472447395324707","0.03472447395324707"
"5322","0.11803531646728516","0.11803531646728516","0.11803531646728516"
"5324","0.05452680587768555","0.05452680587768555","0.05452680587768555"
"5328","0.06028616428375244","0.06028616428375244","0.06028616428375244"
"5330","0.036397576332092285","0.036397576332092285","0.036397576332092285"
"5336","0.06108283996582031","0.06108283996582031","0.06108283996582031"
"5338","0.05229520797729492","0.05229520797729492","0.05229520797729492"
"5340","0.032517194747924805","0.032517194747924805","0.032517194747924805"
"5342","0.04751002788543701","0.04751002788543701","0.04751002788543701"
"5344","0.04368937015533447","0.04368937015533447","0.04368937015533447"
"5346","0.03406405448913574","0.03406405448913574","0.03406405448913574"
"5348","0.04953664541244507","0.04953664541244507","0.04953664541244507"
"5350","0.05184376239776611","0.05184376239776611","0.05184376239776611"
"5352","0.0501672625541687","0.0501672625541687","0.0501672625541687"
"5354","0.022568225860595703","0.022568225860595703","0.022568225860595703"
"5356","0.046561241149902344","0.046561241149902344","0.046561241149902344"
"5358","0.046466827392578125","0.046466827392578125","0.046466827392578125"
"5360","0.048097968101501465","0.048097968101501465","0.048097968101501465"
"5364","0.025304362177848816","0.025304362177848816","0.025304362177848816"
"5370","0.030149340629577637","0.030149340629577637","0.030149340629577637"
"5372","0.08094382286071777","0.08094382286071777","0.08094382286071777"
"5374","0.07271289825439453","0.07271289825439453","0.07271289825439453"
"5376","0.029623836278915405","0.029623836278915405","0.029623836278915405"
"5380","0.0790548324584961","0.0790548324584961","0.0790548324584961"
"5382","0.05895853042602539","0.05895853042602539","0.05895853042602539"
"5386","0.055665016174316406","0.055665016174316406","0.055665016174316406"
"5390","0.09003996849060059","0.09003996849060059","0.09003996849060059"
"5392","0.022681206464767456","0.022681206464767456","0.022681206464767456"
"5396","0.06251335144042969","0.06251335144042969","0.06251335144042969"
"5398","0.04141736030578613","0.04141736030578613","0.04141736030578613"
"5404","0.03169143199920654","0.03169143199920654","0.03169143199920654"
"5406","0.0474393367767334","0.0474393367767334","0.0474393367767334"
"5408","0.07129049301147461","0.07129049301147461","0.07129049301147461"
"5414","0.04251241683959961","0.04251241683959961","0.04251241683959961"
"5418","0.03490602970123291","0.03490602970123291","0.03490602970123291"
"5420","0.04721719026565552","0.04721719026565552","0.04721719026565552"
"5422","0.08941841125488281","0.08941841125488281","0.08941841125488281"
"5426","0.07134675979614258","0.07134675979614258","0.07134675979614258"
"5428","0.04643253982067108","0.04643253982067108","0.04643253982067108"
"5430","0.1262798309326172","0.1262798309326172","0.1262798309326172"
"5432","0.005392193794250488","0.005392193794250488","0.005392193794250488"
"5434","0.058349609375","0.058349609375","0.058349609375"
"5436","0.041517674922943115","0.041517674922943115","0.041517674922943115"
"5438","0.13231278955936432","0.13231278955936432","0.13231278955936432"
"5440","0.01901376247406006","0.01901376247406006","0.01901376247406006"
"5444","0.022287845611572266","0.022287845611572266","0.022287845611572266"
"5446","0.04870790243148804","0.04870790243148804","0.04870790243148804"
"5448","0.04731249809265137","0.04731249809265137","0.04731249809265137"
"5450","0.14247989654541016","0.14247989654541016","0.14247989654541016"
"5454","0.05066967010498047","0.05066967010498047","0.05066967010498047"
"5456","0.05788469314575195","0.05788469314575195","0.05788469314575195"
"5458","0.047343552112579346","0.047343552112579346","0.047343552112579346"
"5460","0.03963160514831543","0.03963160514831543","0.03963160514831543"
"5462","0.03842616081237793","0.03842616081237793","0.03842616081237793"
"5464","0.06451535224914551","0.06451535224914551","0.06451535224914551"
"5466","0.026009023189544678","0.026009023189544678","0.026009023189544678"
"5468","0.02475076913833618","0.02475076913833618","0.02475076913833618"
"5470","0.046103835105895996","0.046103835105895996","0.046103835105895996"
"5476","0.05485326051712036","0.05485326051712036","0.05485326051712036"
"5480","0.04395937919616699","0.04395937919616699","0.04395937919616699"
"5482","0.09899985790252686","0.09899985790252686","0.09899985790252686"
"5484","0.017711222171783447","0.017711222171783447","0.017711222171783447"
"5486","0.10063230991363525","0.10063230991363525","0.10063230991363525"
"5488","0.030837267637252808","0.030837267637252808","0.030837267637252808"
"5494","0.0552515983581543","0.0552515983581543","0.0552515983581543"
"5496","0.02518606185913086","0.02518606185913086","0.02518606185913086"
"5500","0.0855720043182373","0.0855720043182373","0.0855720043182373"
"5502","0.023836135864257812","0.023836135864257812","0.023836135864257812"
"5506","0.05363321304321289","0.05363321304321289","0.05363321304321289"
"5508","0.07038819789886475","0.07038819789886475","0.07038819789886475"
"5512","0.07016205787658691","0.07016205787658691","0.07016205787658691"
"5514","0.03126561641693115","0.03126561641693115","0.03126561641693115"
"5516","0.05366724729537964","0.05366724729537964","0.05366724729537964"
"5526","0.07971251010894775","0.07971251010894775","0.07971251010894775"
"5528","0.024211645126342773","0.024211645126342773","0.024211645126342773"
"5530","0.012895748019218445","0.012895748019218445","0.012895748019218445"
"5535","0.030670762062072754","0.030670762062072754","0.030670762062072754"
"5537","0.03615039587020874","0.03615039587020874","0.03615039587020874"
"5539","0.059926629066467285","0.059926629066467285","0.059926629066467285"
"5541","0.027747392654418945","0.027747392654418945","0.027747392654418945"
"5547","0.03290295600891113","0.03290295600891113","0.03290295600891113"
"5549","0.06224465370178223","0.06224465370178223","0.06224465370178223"
"5551","0.11965346336364746","0.11965346336364746","0.11965346336364746"
"5553","0.08412802219390869","0.08412802219390869","0.08412802219390869"
"5555","0.07061213254928589","0.07061213254928589","0.07061213254928589"
"5557","0.03565554320812225","0.03565554320812225","0.03565554320812225"
"5561","0.02237224578857422","0.02237224578857422","0.02237224578857422"
"5565","0.12280797958374023","0.12280797958374023","0.12280797958374023"
"5567","0.02114492654800415","0.02114492654800415","0.02114492654800415"
"5569","0.025545597076416016","0.025545597076416016","0.025545597076416016"
"5571","0.15037858486175537","0.15037858486175537","0.15037858486175537"
"5573","0.159393310546875","0.159393310546875","0.159393310546875"
"5575","0.05819195508956909","0.05819195508956909","0.05819195508956909"
"5577","0.03615891933441162","0.03615891933441162","0.03615891933441162"
"5579","0.03634399175643921","0.03634399175643921","0.03634399175643921"
"5581","0.11405898630619049","0.11405898630619049","0.11405898630619049"
"5585","0.062246084213256836","0.062246084213256836","0.062246084213256836"
"5587","0.07391005754470825","0.07391005754470825","0.07391005754470825"
"5589","0.0787760317325592","0.0787760317325592","0.0787760317325592"
"5591","0.05427992343902588","0.05427992343902588","0.05427992343902588"
"5595","0.06454451382160187","0.06454451382160187","0.06454451382160187"
"5597","0.07629013061523438","0.07629013061523438","0.07629013061523438"
"5599","0.10052591562271118","0.10052591562271118","0.10052591562271118"
"5603","0.039962172508239746","0.039962172508239746","0.039962172508239746"
"5611","0.026774585247039795","0.026774585247039795","0.026774585247039795"
"5613","0.07399272918701172","0.07399272918701172","0.07399272918701172"
"5615","0.08901965618133545","0.08901965618133545","0.08901965618133545"
"5617","0.0353398323059082","0.0353398323059082","0.0353398323059082"
"5619","0.032367706298828125","0.032367706298828125","0.032367706298828125"
"5621","0.0626072883605957","0.0626072883605957","0.0626072883605957"
"5625","0.018326997756958008","0.018326997756958008","0.018326997756958008"
"5627","0.04180145263671875","0.04180145263671875","0.04180145263671875"
"5629","0.05289566516876221","0.05289566516876221","0.05289566516876221"
"5631","0.01937270164489746","0.01937270164489746","0.01937270164489746"
"5633","0.07638788223266602","0.07638788223266602","0.07638788223266602"
"5637","0.05800856649875641","0.05800856649875641","0.05800856649875641"
"5639","0.04484419524669647","0.04484419524669647","0.04484419524669647"
"5641","0.10568886995315552","0.10568886995315552","0.10568886995315552"
"5645","0.10612118244171143","0.10612118244171143","0.10612118244171143"
"5649","0.02800881862640381","0.02800881862640381","0.02800881862640381"
"5653","0.049817800521850586","0.049817800521850586","0.049817800521850586"
"5657","0.14696288108825684","0.14696288108825684","0.14696288108825684"
"5659","0.09363284707069397","0.09363284707069397","0.09363284707069397"
"5661","0.0768328309059143","0.0768328309059143","0.0768328309059143"
"5663","0.014091510325670242","0.014091510325670242","0.014091510325670242"
"5665","0.020554572343826294","0.020554572343826294","0.020554572343826294"
"5667","0.02142655849456787","0.02142655849456787","0.02142655849456787"
"5669","0.05707353353500366","0.05707353353500366","0.05707353353500366"
"5671","0.023942917585372925","0.023942917585372925","0.023942917585372925"
"5675","0.031868815422058105","0.031868815422058105","0.031868815422058105"
"5679","0.05204343795776367","0.05204343795776367","0.05204343795776367"
"5683","0.06145286560058594","0.06145286560058594","0.06145286560058594"
"5689","0.04105904698371887","0.04105904698371887","0.04105904698371887"
"5693","0.046811819076538086","0.046811819076538086","0.046811819076538086"
"5697","0.05612802505493164","0.05612802505493164","0.05612802505493164"
"5699","0.058034658432006836","0.058034658432006836","0.058034658432006836"
"5701","0.024282455444335938","0.024282455444335938","0.024282455444335938"
"5703","0.14398829638957977","0.14398829638957977","0.14398829638957977"
"5705","0.05553436279296875","0.05553436279296875","0.05553436279296875"
"5709","0.08955526351928711","0.08955526351928711","0.08955526351928711"
"5711","0.11207008361816406","0.11207008361816406","0.11207008361816406"
"5713","0.033219337463378906","0.033219337463378906","0.033219337463378906"
"5715","0.07427358627319336","0.07427358627319336","0.07427358627319336"
"5717","0.0411686897277832","0.0411686897277832","0.0411686897277832"
"5721","0.04745945334434509","0.04745945334434509","0.04745945334434509"
"5723","0.041644930839538574","0.041644930839538574","0.041644930839538574"
"5725","0.02532947063446045","0.02532947063446045","0.02532947063446045"
"5727","0.03243285417556763","0.03243285417556763","0.03243285417556763"
"5729","0.08417323231697083","0.08417323231697083","0.08417323231697083"
"5731","0.07822751998901367","0.07822751998901367","0.07822751998901367"
"5733","0.052468299865722656","0.052468299865722656","0.052468299865722656"
"5735","0.02282130718231201","0.02282130718231201","0.02282130718231201"
"5739","0.03597027063369751","0.03597027063369751","0.03597027063369751"
"5745","0.06075572967529297","0.06075572967529297","0.06075572967529297"
"5747","0.10323381423950195","0.10323381423950195","0.10323381423950195"
"5749","0.03172469139099121","0.03172469139099121","0.03172469139099121"
"5751","0.02181681990623474","0.02181681990623474","0.02181681990623474"
"5753","0.032129764556884766","0.032129764556884766","0.032129764556884766"
"5757","0.07737553119659424","0.07737553119659424","0.07737553119659424"
"5759","0.0509335994720459","0.0509335994720459","0.0509335994720459"
"5761","0.05155348777770996","0.05155348777770996","0.05155348777770996"
"5763","0.07351434230804443","0.07351434230804443","0.07351434230804443"
"5765","0.03199414163827896","0.03199414163827896","0.03199414163827896"
"5767","0.026819348335266113","0.026819348335266113","0.026819348335266113"
"5769","0.10574370622634888","0.10574370622634888","0.10574370622634888"
"5771","0.05704009532928467","0.05704009532928467","0.05704009532928467"
"5773","0.030703067779541016","0.030703067779541016","0.030703067779541016"
"5775","0.022201746702194214","0.022201746702194214","0.022201746702194214"
"5779","0.030740290880203247","0.030740290880203247","0.030740290880203247"
"5781","0.03183262422680855","0.03183262422680855","0.03183262422680855"
"5787","0.04307377338409424","0.04307377338409424","0.04307377338409424"
"5791","0.04859006404876709","0.04859006404876709","0.04859006404876709"
"5793","0.0506572425365448","0.0506572425365448","0.0506572425365448"
"5795","0.01367110013961792","0.01367110013961792","0.01367110013961792"
"5797","0.04569154977798462","0.04569154977798462","0.04569154977798462"
"5801","0.01940019428730011","0.01940019428730011","0.01940019428730011"
"5803","0.038902223110198975","0.038902223110198975","0.038902223110198975"
"5805","0.058194637298583984","0.058194637298583984","0.058194637298583984"
"5807","0.015557721257209778","0.015557721257209778","0.015557721257209778"
"5811","0.04265165328979492","0.04265165328979492","0.04265165328979492"
"5813","0.045197486877441406","0.045197486877441406","0.045197486877441406"
"5817","0.0622401237487793","0.0622401237487793","0.0622401237487793"
"5819","0.027885913848876953","0.027885913848876953","0.027885913848876953"
"5821","0.07873091101646423","0.07873091101646423","0.07873091101646423"
"5823","0.06873941421508789","0.06873941421508789","0.06873941421508789"
"5825","0.02641439437866211","0.02641439437866211","0.02641439437866211"
"5829","0.12957191467285156","0.12957191467285156","0.12957191467285156"
"5833","0.047520220279693604","0.047520220279693604","0.047520220279693604"
"5835","0.054143667221069336","0.054143667221069336","0.054143667221069336"
"5837","0.030620768666267395","0.030620768666267395","0.030620768666267395"
"5839","0.0353965163230896","0.0353965163230896","0.0353965163230896"
"5841","0.10244333744049072","0.10244333744049072","0.10244333744049072"
"5845","0.014577984809875488","0.014577984809875488","0.014577984809875488"
"5847","0.06039273738861084","0.06039273738861084","0.06039273738861084"
"5849","0.04078340530395508","0.04078340530395508","0.04078340530395508"
"5851","0.015290021896362305","0.015290021896362305","0.015290021896362305"
"5855","0.022204875946044922","0.022204875946044922","0.022204875946044922"
"5857","0.020010709762573242","0.020010709762573242","0.020010709762573242"
"5859","0.06479966640472412","0.06479966640472412","0.06479966640472412"
"5861","0.04323491454124451","0.04323491454124451","0.04323491454124451"
"5865","0.03552378714084625","0.03552378714084625","0.03552378714084625"
"5867","0.0229262113571167","0.0229262113571167","0.0229262113571167"
"5869","0.1188807487487793","0.1188807487487793","0.1188807487487793"
"5873","0.061514854431152344","0.061514854431152344","0.061514854431152344"
"5875","0.0628499984741211","0.0628499984741211","0.0628499984741211"
"5877","0.03584396839141846","0.03584396839141846","0.03584396839141846"
"5881","0.03685450553894043","0.03685450553894043","0.03685450553894043"
"5885","0.03876638412475586","0.03876638412475586","0.03876638412475586"
"5887","0.04658985137939453","0.04658985137939453","0.04658985137939453"
"5889","0.060198307037353516","0.060198307037353516","0.060198307037353516"
"5891","0.08495664596557617","0.08495664596557617","0.08495664596557617"
"5893","0.11155414581298828","0.11155414581298828","0.11155414581298828"
"5895","0.04227113723754883","0.04227113723754883","0.04227113723754883"
"5897","0.03574061393737793","0.03574061393737793","0.03574061393737793"
"5899","0.040583133697509766","0.040583133697509766","0.040583133697509766"
"5909","0.02972126007080078","0.02972126007080078","0.02972126007080078"
"5911","0.040700435638427734","0.040700435638427734","0.040700435638427734"
"5915","0.06969404220581055","0.06969404220581055","0.06969404220581055"
"5919","0.057253360748291016","0.057253360748291016","0.057253360748291016"
"5921","0.08662593364715576","0.08662593364715576","0.08662593364715576"
"5923","0.05125713348388672","0.05125713348388672","0.05125713348388672"
"5925","0.022530555725097656","0.022530555725097656","0.022530555725097656"
"5929","0.03638792037963867","0.03638792037963867","0.03638792037963867"
"5931","0.009061813354492188","0.009061813354492188","0.009061813354492188"
"5933","0.036582112312316895","0.036582112312316895","0.036582112312316895"
"5935","0.09041833877563477","0.09041833877563477","0.09041833877563477"
"5937","0.08046847581863403","0.08046847581863403","0.08046847581863403"
"5939","0.028864622116088867","0.028864622116088867","0.028864622116088867"
"5941","0.10731172561645508","0.10731172561645508","0.10731172561645508"
"5943","0.025675058364868164","0.025675058364868164","0.025675058364868164"
"5949","0.09787535667419434","0.09787535667419434","0.09787535667419434"
"5951","0.005351632833480835","0.005351632833480835","0.005351632833480835"
"5953","0.1257404237985611","0.1257404237985611","0.1257404237985611"
"5955","0.04877331852912903","0.04877331852912903","0.04877331852912903"
"5959","0.04188579320907593","0.04188579320907593","0.04188579320907593"
"5961","0.08568120002746582","0.08568120002746582","0.08568120002746582"
"5965","0.07283937931060791","0.07283937931060791","0.07283937931060791"
"5967","0.016859769821166992","0.016859769821166992","0.016859769821166992"
"5969","0.040892183780670166","0.040892183780670166","0.040892183780670166"
"5971","0.0428737998008728","0.0428737998008728","0.0428737998008728"
"5973","0.03140056133270264","0.03140056133270264","0.03140056133270264"
"5975","0.024717509746551514","0.024717509746551514","0.024717509746551514"
"5977","0.03083038330078125","0.03083038330078125","0.03083038330078125"
"5979","0.0572892427444458","0.0572892427444458","0.0572892427444458"
"5983","0.0776023268699646","0.0776023268699646","0.0776023268699646"
"5985","0.0427946001291275","0.0427946001291275","0.0427946001291275"
"5987","0.04097089171409607","0.04097089171409607","0.04097089171409607"
"5989","0.044705748558044434","0.044705748558044434","0.044705748558044434"
"5995","0.030326515436172485","0.030326515436172485","0.030326515436172485"
"5997","0.06124377250671387","0.06124377250671387","0.06124377250671387"
"5999","0.029371023178100586","0.029371023178100586","0.029371023178100586"
"6001","0.043109893798828125","0.043109893798828125","0.043109893798828125"
"6003","0.01928889751434326","0.01928889751434326","0.01928889751434326"
"6007","0.07705932855606079","0.07705932855606079","0.07705932855606079"
"6009","0.061049699783325195","0.061049699783325195","0.061049699783325195"
"6011","0.0418543815612793","0.0418543815612793","0.0418543815612793"
"6013","0.10573673248291016","0.10573673248291016","0.10573673248291016"
"6015","0.012689828872680664","0.012689828872680664","0.012689828872680664"
"6017","0.04791665077209473","0.04791665077209473","0.04791665077209473"
"6019","0.010051906108856201","0.010051906108856201","0.010051906108856201"
"6023","0.04095998406410217","0.04095998406410217","0.04095998406410217"
"6025","0.02290564775466919","0.02290564775466919","0.02290564775466919"
"6027","0.08446860313415527","0.08446860313415527","0.08446860313415527"
"6031","0.08713188767433167","0.08713188767433167","0.08713188767433167"
"6033","0.0649455189704895","0.0649455189704895","0.0649455189704895"
"6039","0.04380941390991211","0.04380941390991211","0.04380941390991211"
"6041","0.04813647270202637","0.04813647270202637","0.04813647270202637"
"6043","0.06429582834243774","0.06429582834243774","0.06429582834243774"
"6051","0.09669458866119385","0.09669458866119385","0.09669458866119385"
"6053","0.014161214232444763","0.014161214232444763","0.014161214232444763"
"6055","0.1414928436279297","0.1414928436279297","0.1414928436279297"
"6057","0.02728593349456787","0.02728593349456787","0.02728593349456787"
"6064","0.03291863203048706","0.03291863203048706","0.03291863203048706"
"6066","0.07464146614074707","0.07464146614074707","0.07464146614074707"
"6068","0.01872912421822548","0.01872912421822548","0.01872912421822548"
"6070","0.015490323305130005","0.015490323305130005","0.015490323305130005"
"6072","0.041350528597831726","0.041350528597831726","0.041350528597831726"
"6074","0.038791656494140625","0.038791656494140625","0.038791656494140625"
"6082","0.02809038758277893","0.02809038758277893","0.02809038758277893"
"6084","0.045531272888183594","0.045531272888183594","0.045531272888183594"
"6086","0.045582473278045654","0.045582473278045654","0.045582473278045654"
"6088","0.033009231090545654","0.033009231090545654","0.033009231090545654"
"6090","0.04276084899902344","0.04276084899902344","0.04276084899902344"
"6094","0.02908673882484436","0.02908673882484436","0.02908673882484436"
"6096","0.13973143696784973","0.13973143696784973","0.13973143696784973"
"6098","0.046456336975097656","0.046456336975097656","0.046456336975097656"
"6100","0.024756431579589844","0.024756431579589844","0.024756431579589844"
"6104","0.04779069125652313","0.04779069125652313","0.04779069125652313"
"6106","0.06707549095153809","0.06707549095153809","0.06707549095153809"
"6110","0.051711440086364746","0.051711440086364746","0.051711440086364746"
"6112","0.048054516315460205","0.048054516315460205","0.048054516315460205"
"6116","0.10862064361572266","0.10862064361572266","0.10862064361572266"
"6118","0.041442036628723145","0.041442036628723145","0.041442036628723145"
"6120","0.11144351959228516","0.11144351959228516","0.11144351959228516"
"6122","0.03080815076828003","0.03080815076828003","0.03080815076828003"
"6124","0.02338622510433197","0.02338622510433197","0.02338622510433197"
"6126","0.05004775524139404","0.05004775524139404","0.05004775524139404"
"6128","0.03995361179113388","0.03995361179113388","0.03995361179113388"
"6130","0.03340709209442139","0.03340709209442139","0.03340709209442139"
"6132","0.05554389953613281","0.05554389953613281","0.05554389953613281"
"6140","0.08259820938110352","0.08259820938110352","0.08259820938110352"
"6142","0.02320203185081482","0.02320203185081482","0.02320203185081482"
"6146","0.12231683731079102","0.12231683731079102","0.12231683731079102"
"6150","0.10158157348632812","0.10158157348632812","0.10158157348632812"
"6152","0.03406059741973877","0.03406059741973877","0.03406059741973877"
"6154","0.04287242889404297","0.04287242889404297","0.04287242889404297"
"6156","0.05818212032318115","0.05818212032318115","0.05818212032318115"
"6158","0.1370754837989807","0.1370754837989807","0.1370754837989807"
"6160","0.03689289093017578","0.03689289093017578","0.03689289093017578"
"6162","0.05520427227020264","0.05520427227020264","0.05520427227020264"
"6164","0.01977825164794922","0.01977825164794922","0.01977825164794922"
"6166","0.05033332109451294","0.05033332109451294","0.05033332109451294"
"6168","0.08507144451141357","0.08507144451141357","0.08507144451141357"
"6170","0.08643347024917603","0.08643347024917603","0.08643347024917603"
"6172","0.03817129135131836","0.03817129135131836","0.03817129135131836"
"6174","0.050743043422698975","0.050743043422698975","0.050743043422698975"
"6176","0.021111488342285156","0.021111488342285156","0.021111488342285156"
"6178","0.0361175537109375","0.0361175537109375","0.0361175537109375"
"6180","0.01644362509250641","0.01644362509250641","0.01644362509250641"
"6182","0.04841411113739014","0.04841411113739014","0.04841411113739014"
"6184","0.01237177848815918","0.01237177848815918","0.01237177848815918"
"6190","0.07520058006048203","0.07520058006048203","0.07520058006048203"
"6192","0.017119765281677246","0.017119765281677246","0.017119765281677246"
"6196","0.026885032653808594","0.026885032653808594","0.026885032653808594"
"6198","0.025084495544433594","0.025084495544433594","0.025084495544433594"
"6202","0.08680295944213867","0.08680295944213867","0.08680295944213867"
"6204","0.017386645078659058","0.017386645078659058","0.017386645078659058"
"6206","0.0996236801147461","0.0996236801147461","0.0996236801147461"
"6210","0.012739479541778564","0.012739479541778564","0.012739479541778564"
"6212","0.0792618989944458","0.0792618989944458","0.0792618989944458"
"6218","0.030701518058776855","0.030701518058776855","0.030701518058776855"
"6222","0.0350799560546875","0.0350799560546875","0.0350799560546875"
"6224","0.08315130323171616","0.08315130323171616","0.08315130323171616"
"6228","0.08660769462585449","0.08660769462585449","0.08660769462585449"
"6230","0.04909762740135193","0.04909762740135193","0.04909762740135193"
"6232","0.01849353313446045","0.01849353313446045","0.01849353313446045"
"6234","0.03452084958553314","0.03452084958553314","0.03452084958553314"
"6236","0.03255435824394226","0.03255435824394226","0.03255435824394226"
"6238","0.03128629922866821","0.03128629922866821","0.03128629922866821"
"6240","0.02454514056444168","0.02454514056444168","0.02454514056444168"
"6242","0.11323192715644836","0.11323192715644836","0.11323192715644836"
"6244","0.00949089229106903","0.00949089229106903","0.00949089229106903"
"6250","0.06699991226196289","0.06699991226196289","0.06699991226196289"
"6252","0.014382421970367432","0.014382421970367432","0.014382421970367432"
"6254","0.07561878114938736","0.07561878114938736","0.07561878114938736"
"6258","0.026543259620666504","0.026543259620666504","0.026543259620666504"
"6260","0.03643465042114258","0.03643465042114258","0.03643465042114258"
"6262","0.021806955337524414","0.021806955337524414","0.021806955337524414"
"6264","0.05359211564064026","0.05359211564064026","0.05359211564064026"
"6270","0.041731931269168854","0.041731931269168854","0.041731931269168854"
"6272","0.04907715320587158","0.04907715320587158","0.04907715320587158"
"6276","0.04331254959106445","0.04331254959106445","0.04331254959106445"
"6278","0.018017113208770752","0.018017113208770752","0.018017113208770752"
"6280","0.00973924994468689","0.00973924994468689","0.00973924994468689"
"6282","0.05941510200500488","0.05941510200500488","0.05941510200500488"
"6284","0.09694159030914307","0.09694159030914307","0.09694159030914307"
"6286","0.09853005409240723","0.09853005409240723","0.09853005409240723"
"6290","0.06161165237426758","0.06161165237426758","0.06161165237426758"
"6292","0.01629537343978882","0.01629537343978882","0.01629537343978882"
"6294","0.03225541114807129","0.03225541114807129","0.03225541114807129"
"6296","0.030591309070587158","0.030591309070587158","0.030591309070587158"
"6298","0.07754939794540405","0.07754939794540405","0.07754939794540405"
"6300","0.07249212265014648","0.07249212265014648","0.07249212265014648"
"6302","0.13702082633972168","0.13702082633972168","0.13702082633972168"
"6304","0.028830379247665405","0.028830379247665405","0.028830379247665405"
"6306","0.0792074203491211","0.0792074203491211","0.0792074203491211"
"6308","0.022367969155311584","0.022367969155311584","0.022367969155311584"
"6310","0.0615898072719574","0.0615898072719574","0.0615898072719574"
"6312","0.07256242632865906","0.07256242632865906","0.07256242632865906"
"6314","0.05603134632110596","0.05603134632110596","0.05603134632110596"
"6318","0.07175660133361816","0.07175660133361816","0.07175660133361816"
"6322","0.046328336000442505","0.046328336000442505","0.046328336000442505"
"6324","0.06613869965076447","0.06613869965076447","0.06613869965076447"
"6326","0.018992185592651367","0.018992185592651367","0.018992185592651367"
"6328","0.033298492431640625","0.033298492431640625","0.033298492431640625"
"6330","0.14191371202468872","0.14191371202468872","0.14191371202468872"
"6332","0.015323638916015625","0.015323638916015625","0.015323638916015625"
"6334","0.01771572232246399","0.01771572232246399","0.01771572232246399"
"6336","0.016278058290481567","0.016278058290481567","0.016278058290481567"
"6340","0.02621614933013916","0.02621614933013916","0.02621614933013916"
"6342","0.06415572762489319","0.06415572762489319","0.06415572762489319"
"6344","0.10518212616443634","0.10518212616443634","0.10518212616443634"
"6346","0.008579611778259277","0.008579611778259277","0.008579611778259277"
"6348","0.071265310049057","0.071265310049057","0.071265310049057"
"6350","0.023631922900676727","0.023631922900676727","0.023631922900676727"
"6352","0.01998615264892578","0.01998615264892578","0.01998615264892578"
"6354","0.054220736026763916","0.054220736026763916","0.054220736026763916"
"6358","0.02189779281616211","0.02189779281616211","0.02189779281616211"
"6360","0.008243933320045471","0.008243933320045471","0.008243933320045471"
"6362","0.05903414264321327","0.05903414264321327","0.05903414264321327"
"6368","0.01962679624557495","0.01962679624557495","0.01962679624557495"
"6370","0.051032401621341705","0.051032401621341705","0.051032401621341705"
"6372","0.03939838707447052","0.03939838707447052","0.03939838707447052"
"6374","0.07725793123245239","0.07725793123245239","0.07725793123245239"
"6378","0.04469570517539978","0.04469570517539978","0.04469570517539978"
"6380","0.07544863224029541","0.07544863224029541","0.07544863224029541"
"6382","0.03763966262340546","0.03763966262340546","0.03763966262340546"
"6384","0.004638731479644775","0.004638731479644775","0.004638731479644775"
"6386","0.036574363708496094","0.036574363708496094","0.036574363708496094"
"6388","0.07638919353485107","0.07638919353485107","0.07638919353485107"
"6390","0.01674032211303711","0.01674032211303711","0.01674032211303711"
"6392","0.05938267707824707","0.05938267707824707","0.05938267707824707"
"6394","0.01523524522781372","0.01523524522781372","0.01523524522781372"
"6396","0.0319671630859375","0.0319671630859375","0.0319671630859375"
"6398","0.012387275695800781","0.012387275695800781","0.012387275695800781"
"6400","0.02660846710205078","0.02660846710205078","0.02660846710205078"
"6406","0.03745187819004059","0.03745187819004059","0.03745187819004059"
"6410","0.024114511907100677","0.024114511907100677","0.024114511907100677"
"6412","0.04815185070037842","0.04815185070037842","0.04815185070037842"
"6414","0.05880451202392578","0.05880451202392578","0.05880451202392578"
"6416","0.02806764841079712","0.02806764841079712","0.02806764841079712"
"6418","0.10225987434387207","0.10225987434387207","0.10225987434387207"
"6420","0.024324893951416016","0.024324893951416016","0.024324893951416016"
"6424","0.008573055267333984","0.008573055267333984","0.008573055267333984"
"6426","0.04890716075897217","0.04890716075897217","0.04890716075897217"
"6430","0.05285084247589111","0.05285084247589111","0.05285084247589111"
"6432","0.07492253184318542","0.07492253184318542","0.07492253184318542"
"6434","0.10476690530776978","0.10476690530776978","0.10476690530776978"
"6436","0.06694036722183228","0.06694036722183228","0.06694036722183228"
"6438","0.07751703262329102","0.07751703262329102","0.07751703262329102"
"6440","0.031880855560302734","0.031880855560302734","0.031880855560302734"
"6442","0.04273003339767456","0.04273003339767456","0.04273003339767456"
"6446","0.05274441838264465","0.05274441838264465","0.05274441838264465"
"6448","0.06489396095275879","0.06489396095275879","0.06489396095275879"
"6450","0.05112069845199585","0.05112069845199585","0.05112069845199585"
"6452","0.010549545288085938","0.010549545288085938","0.010549545288085938"
"6454","0.1734476089477539","0.1734476089477539","0.1734476089477539"
"6456","0.016013383865356445","0.016013383865356445","0.016013383865356445"
"6458","0.061409950256347656","0.061409950256347656","0.061409950256347656"
"6460","0.0946354866027832","0.0946354866027832","0.0946354866027832"
"6462","0.02970409393310547","0.02970409393310547","0.02970409393310547"
"6464","0.017752647399902344","0.017752647399902344","0.017752647399902344"
"6466","0.07991474866867065","0.07991474866867065","0.07991474866867065"
"6470","0.04346054792404175","0.04346054792404175","0.04346054792404175"
"6472","0.04673933982849121","0.04673933982849121","0.04673933982849121"
"6476","0.062253475189208984","0.062253475189208984","0.062253475189208984"
"6478","0.054012417793273926","0.054012417793273926","0.054012417793273926"
"6482","0.002648770809173584","0.002648770809173584","0.002648770809173584"
"6484","0.005290985107421875","0.005290985107421875","0.005290985107421875"
"6486","0.02005818486213684","0.02005818486213684","0.02005818486213684"
"6488","0.02836698293685913","0.02836698293685913","0.02836698293685913"
"6492","0.12900805473327637","0.12900805473327637","0.12900805473327637"
"6494","0.04602408409118652","0.04602408409118652","0.04602408409118652"
"6496","0.04200911521911621","0.04200911521911621","0.04200911521911621"
"6498","0.05137506127357483","0.05137506127357483","0.05137506127357483"
"6500","0.055077195167541504","0.055077195167541504","0.055077195167541504"
"6502","0.04746896028518677","0.04746896028518677","0.04746896028518677"
"6504","0.04363182187080383","0.04363182187080383","0.04363182187080383"
"6506","0.07558894157409668","0.07558894157409668","0.07558894157409668"
"6510","0.056407421827316284","0.056407421827316284","0.056407421827316284"
"6512","0.10696211457252502","0.10696211457252502","0.10696211457252502"
"6514","0.053202223032712936","0.053202223032712936","0.053202223032712936"
"6518","0.12303411960601807","0.12303411960601807","0.12303411960601807"
"6520","0.012002743780612946","0.012002743780612946","0.012002743780612946"
"6524","0.05383622646331787","0.05383622646331787","0.05383622646331787"
"6528","0.03257729113101959","0.03257729113101959","0.03257729113101959"
"6530","0.03498286008834839","0.03498286008834839","0.03498286008834839"
"6532","0.03383369743824005","0.03383369743824005","0.03383369743824005"
"6534","0.08372032642364502","0.08372032642364502","0.08372032642364502"
"6536","0.05326808989048004","0.05326808989048004","0.05326808989048004"
"6538","0.03027990460395813","0.03027990460395813","0.03027990460395813"
"6546","0.08703655004501343","0.08703655004501343","0.08703655004501343"
"6548","0.02197730541229248","0.02197730541229248","0.02197730541229248"
"6550","0.044674456119537354","0.044674456119537354","0.044674456119537354"
"6552","0.016075298190116882","0.016075298190116882","0.016075298190116882"
"6556","0.015894651412963867","0.015894651412963867","0.015894651412963867"
"6558","0.06204485893249512","0.06204485893249512","0.06204485893249512"
"6560","0.05651451647281647","0.05651451647281647","0.05651451647281647"
"6562","0.0501483678817749","0.0501483678817749","0.0501483678817749"
"6566","0.10790824890136719","0.10790824890136719","0.10790824890136719"
"6568","0.05683106184005737","0.05683106184005737","0.05683106184005737"
"6572","0.07484668493270874","0.07484668493270874","0.07484668493270874"
"6574","0.05531513690948486","0.05531513690948486","0.05531513690948486"
"6578","0.041405677795410156","0.041405677795410156","0.041405677795410156"
"6580","0.08960330486297607","0.08960330486297607","0.08960330486297607"
"6582","0.020069420337677002","0.020069420337677002","0.020069420337677002"
"6584","0.029757380485534668","0.029757380485534668","0.029757380485534668"
"6591","0.03696584701538086","0.03696584701538086","0.03696584701538086"
"6593","0.038477569818496704","0.038477569818496704","0.038477569818496704"
"6597","0.027775049209594727","0.027775049209594727","0.027775049209594727"
"6599","0.02530762553215027","0.02530762553215027","0.02530762553215027"
"6601","0.07483232021331787","0.07483232021331787","0.07483232021331787"
"6603","0.015291690826416016","0.015291690826416016","0.015291690826416016"
"6609","0.022024095058441162","0.022024095058441162","0.022024095058441162"
"6613","0.035483747720718384","0.035483747720718384","0.035483747720718384"
"6615","0.07442808151245117","0.07442808151245117","0.07442808151245117"
"6617","0.02594989538192749","0.02594989538192749","0.02594989538192749"
"6619","0.031999945640563965","0.031999945640563965","0.031999945640563965"
"6623","0.05972599983215332","0.05972599983215332","0.05972599983215332"
"6625","0.06461992859840393","0.06461992859840393","0.06461992859840393"
"6627","0.1083526611328125","0.1083526611328125","0.1083526611328125"
"6631","0.05629897117614746","0.05629897117614746","0.05629897117614746"
"6633","0.05902421474456787","0.05902421474456787","0.05902421474456787"
"6635","0.1008118987083435","0.1008118987083435","0.1008118987083435"
"6637","0.05749058723449707","0.05749058723449707","0.05749058723449707"
"6641","0.04583775997161865","0.04583775997161865","0.04583775997161865"
"6645","0.0803702175617218","0.0803702175617218","0.0803702175617218"
"6647","0.06353136897087097","0.06353136897087097","0.06353136897087097"
"6649","0.073813796043396","0.073813796043396","0.073813796043396"
"6651","0.028269648551940918","0.028269648551940918","0.028269648551940918"
"6653","0.05160999298095703","0.05160999298095703","0.05160999298095703"
"6655","0.027775421738624573","0.027775421738624573","0.027775421738624573"
"6657","0.05428200960159302","0.05428200960159302","0.05428200960159302"
"6659","0.01575559377670288","0.01575559377670288","0.01575559377670288"
"6661","0.04920363426208496","0.04920363426208496","0.04920363426208496"
"6663","0.07017171382904053","0.07017171382904053","0.07017171382904053"
"6671","0.04842686653137207","0.04842686653137207","0.04842686653137207"
"6673","0.026625752449035645","0.026625752449035645","0.026625752449035645"
"6675","0.014902323484420776","0.014902323484420776","0.014902323484420776"
"6677","0.030427277088165283","0.030427277088165283","0.030427277088165283"
"6679","0.05953686684370041","0.05953686684370041","0.05953686684370041"
"6681","0.034792423248291016","0.034792423248291016","0.034792423248291016"
"6683","0.03880953788757324","0.03880953788757324","0.03880953788757324"
"6689","0.09015494585037231","0.09015494585037231","0.09015494585037231"
"6691","0.098394013941288","0.098394013941288","0.098394013941288"
"6693","0.019268453121185303","0.019268453121185303","0.019268453121185303"
"6695","0.095433309674263","0.095433309674263","0.095433309674263"
"6699","0.06140398979187012","0.06140398979187012","0.06140398979187012"
"6701","0.09267124533653259","0.09267124533653259","0.09267124533653259"
"6703","0.0275842547416687","0.0275842547416687","0.0275842547416687"
"6709","0.05275799334049225","0.05275799334049225","0.05275799334049225"
"6711","0.03524307906627655","0.03524307906627655","0.03524307906627655"
"6713","0.023712158203125","0.023712158203125","0.023712158203125"
"6715","0.03042423725128174","0.03042423725128174","0.03042423725128174"
"6719","0.022478118538856506","0.022478118538856506","0.022478118538856506"
"6721","0.0202886164188385","0.0202886164188385","0.0202886164188385"
"6723","0.05159449577331543","0.05159449577331543","0.05159449577331543"
"6725","0.043098270893096924","0.043098270893096924","0.043098270893096924"
"6727","0.028265178203582764","0.028265178203582764","0.028265178203582764"
"6729","0.017876461148262024","0.017876461148262024","0.017876461148262024"
"6731","0.026007771492004395","0.026007771492004395","0.026007771492004395"
"6737","0.06434047222137451","0.06434047222137451","0.06434047222137451"
"6743","0.027952104806900024","0.027952104806900024","0.027952104806900024"
"6745","0.0891340970993042","0.0891340970993042","0.0891340970993042"
"6747","0.022376298904418945","0.022376298904418945","0.022376298904418945"
"6751","0.025894999504089355","0.025894999504089355","0.025894999504089355"
"6753","0.09740674495697021","0.09740674495697021","0.09740674495697021"
"6755","0.012693703174591064","0.012693703174591064","0.012693703174591064"
"6757","0.012841403484344482","0.012841403484344482","0.012841403484344482"
"6759","0.07054722309112549","0.07054722309112549","0.07054722309112549"
"6763","0.020383477210998535","0.020383477210998535","0.020383477210998535"
"6765","0.044016122817993164","0.044016122817993164","0.044016122817993164"
"6767","0.015390709042549133","0.015390709042549133","0.015390709042549133"
"6769","0.03842465579509735","0.03842465579509735","0.03842465579509735"
"6771","0.040225982666015625","0.040225982666015625","0.040225982666015625"
"6773","0.0249863862991333","0.0249863862991333","0.0249863862991333"
"6777","0.0582006573677063","0.0582006573677063","0.0582006573677063"
"6779","0.01989644765853882","0.01989644765853882","0.01989644765853882"
"6781","0.03305244445800781","0.03305244445800781","0.03305244445800781"
"6783","0.0910334587097168","0.0910334587097168","0.0910334587097168"
"6785","0.045622825622558594","0.045622825622558594","0.045622825622558594"
"6787","0.06295228749513626","0.06295228749513626","0.06295228749513626"
"6789","0.022245600819587708","0.022245600819587708","0.022245600819587708"
"6791","0.0519331693649292","0.0519331693649292","0.0519331693649292"
"6793","0.05088019371032715","0.05088019371032715","0.05088019371032715"
"6799","0.01782868057489395","0.01782868057489395","0.01782868057489395"
"6801","0.08319747447967529","0.08319747447967529","0.08319747447967529"
"6803","0.12501120567321777","0.12501120567321777","0.12501120567321777"
"6805","0.051132917404174805","0.051132917404174805","0.051132917404174805"
"6809","0.05974192917346954","0.05974192917346954","0.05974192917346954"
"6813","0.06686407327651978","0.06686407327651978","0.06686407327651978"
"6821","0.04233255237340927","0.04233255237340927","0.04233255237340927"
"6823","0.046443939208984375","0.046443939208984375","0.046443939208984375"
"6825","0.03573191165924072","0.03573191165924072","0.03573191165924072"
"6831","0.008744120597839355","0.008744120597839355","0.008744120597839355"
"6833","0.014948204159736633","0.014948204159736633","0.014948204159736633"
"6835","0.05100768804550171","0.05100768804550171","0.05100768804550171"
"6837","0.01840686798095703","0.01840686798095703","0.01840686798095703"
"6839","0.024829328060150146","0.024829328060150146","0.024829328060150146"
"6841","0.0203397274017334","0.0203397274017334","0.0203397274017334"
"6843","0.0629962682723999","0.0629962682723999","0.0629962682723999"
"6845","0.007362306118011475","0.007362306118011475","0.007362306118011475"
"6847","0.007016658782958984","0.007016658782958984","0.007016658782958984"
"6855","0.006670534610748291","0.006670534610748291","0.006670534610748291"
"6859","0.07529354095458984","0.07529354095458984","0.07529354095458984"
"6865","0.022472083568572998","0.022472083568572998","0.022472083568572998"
"6867","0.003018546849489212","0.003018546849489212","0.003018546849489212"
"6871","0.08276540040969849","0.08276540040969849","0.08276540040969849"
"6873","0.06335538625717163","0.06335538625717163","0.06335538625717163"
"6877","0.041916221380233765","0.041916221380233765","0.041916221380233765"
"6881","0.03852558135986328","0.03852558135986328","0.03852558135986328"
"6883","0.08798825740814209","0.08798825740814209","0.08798825740814209"
"6885","0.04024052619934082","0.04024052619934082","0.04024052619934082"
"6887","0.029342085123062134","0.029342085123062134","0.029342085123062134"
"6889","0.01472194492816925","0.01472194492816925","0.01472194492816925"
"6891","0.05841904878616333","0.05841904878616333","0.05841904878616333"
"6893","0.042366087436676025","0.042366087436676025","0.042366087436676025"
"6895","0.005967557430267334","0.005967557430267334","0.005967557430267334"
"6897","0.03883099555969238","0.03883099555969238","0.03883099555969238"
"6899","0.02026265859603882","0.02026265859603882","0.02026265859603882"
"6903","0.07476350665092468","0.07476350665092468","0.07476350665092468"
"6905","0.09455740451812744","0.09455740451812744","0.09455740451812744"
"6907","0.043694496154785156","0.043694496154785156","0.043694496154785156"
"6909","0.09365200996398926","0.09365200996398926","0.09365200996398926"
"6915","0.03315281867980957","0.03315281867980957","0.03315281867980957"
"6917","0.01410377025604248","0.01410377025604248","0.01410377025604248"
"6919","0.0918198823928833","0.0918198823928833","0.0918198823928833"
"6921","0.03166085481643677","0.03166085481643677","0.03166085481643677"
"6923","0.03873676061630249","0.03873676061630249","0.03873676061630249"
"6925","0.05664205551147461","0.05664205551147461","0.05664205551147461"
"6927","0.05773115158081055","0.05773115158081055","0.05773115158081055"
"6931","0.06382095813751221","0.06382095813751221","0.06382095813751221"
"6933","0.05739736557006836","0.05739736557006836","0.05739736557006836"
"6935","0.00795680284500122","0.00795680284500122","0.00795680284500122"
"6937","0.09178079664707184","0.09178079664707184","0.09178079664707184"
"6939","0.028938651084899902","0.028938651084899902","0.028938651084899902"
"6941","0.012432973831892014","0.012432973831892014","0.012432973831892014"
"6943","0.0394558310508728","0.0394558310508728","0.0394558310508728"
"6949","0.018505491316318512","0.018505491316318512","0.018505491316318512"
"6951","0.025036245584487915","0.025036245584487915","0.025036245584487915"
"6953","0.02320539951324463","0.02320539951324463","0.02320539951324463"
"6955","0.056045763194561005","0.056045763194561005","0.056045763194561005"
"6959","0.0370936393737793","0.0370936393737793","0.0370936393737793"
"6961","0.018897414207458496","0.018897414207458496","0.018897414207458496"
"6963","0.09751170873641968","0.09751170873641968","0.09751170873641968"
"6967","0.0263214111328125","0.0263214111328125","0.0263214111328125"
"6969","0.05305546522140503","0.05305546522140503","0.05305546522140503"
"6971","0.013059481978416443","0.013059481978416443","0.013059481978416443"
"6973","0.0054111480712890625","0.0054111480712890625","0.0054111480712890625"
"6975","0.03578197956085205","0.03578197956085205","0.03578197956085205"
"6977","0.028691649436950684","0.028691649436950684","0.028691649436950684"
"6979","0.02633829414844513","0.02633829414844513","0.02633829414844513"
"6981","0.03430064395070076","0.03430064395070076","0.03430064395070076"
"6983","0.047648727893829346","0.047648727893829346","0.047648727893829346"
"6985","0.03215405344963074","0.03215405344963074","0.03215405344963074"
"6987","0.05067582428455353","0.05067582428455353","0.05067582428455353"
"6989","0.023769617080688477","0.023769617080688477","0.023769617080688477"
"6991","0.024768412113189697","0.024768412113189697","0.024768412113189697"
"6997","0.06839913129806519","0.06839913129806519","0.06839913129806519"
"6999","0.0770190954208374","0.0770190954208374","0.0770190954208374"
"7001","0.005735665559768677","0.005735665559768677","0.005735665559768677"
"7005","0.052793264389038086","0.052793264389038086","0.052793264389038086"
"7007","0.02182924747467041","0.02182924747467041","0.02182924747467041"
"7009","0.046837881207466125","0.046837881207466125","0.046837881207466125"
"7011","0.02322012186050415","0.02322012186050415","0.02322012186050415"
"7013","0.03751939535140991","0.03751939535140991","0.03751939535140991"
"7015","0.06250393390655518","0.06250393390655518","0.06250393390655518"
"7017","0.04397904872894287","0.04397904872894287","0.04397904872894287"
"7019","0.06560778617858887","0.06560778617858887","0.06560778617858887"
"7023","0.11950340867042542","0.11950340867042542","0.11950340867042542"
"7025","0.007262811064720154","0.007262811064720154","0.007262811064720154"
"7027","0.02840113639831543","0.02840113639831543","0.02840113639831543"
"7029","0.050391197204589844","0.050391197204589844","0.050391197204589844"
"7031","0.03154653310775757","0.03154653310775757","0.03154653310775757"
"7033","0.09008669853210449","0.09008669853210449","0.09008669853210449"
"7035","0.019462138414382935","0.019462138414382935","0.019462138414382935"
"7039","0.0638594776391983","0.0638594776391983","0.0638594776391983"
"7041","0.021674275398254395","0.021674275398254395","0.021674275398254395"
"7045","0.034983038902282715","0.034983038902282715","0.034983038902282715"
"7047","0.06781874597072601","0.06781874597072601","0.06781874597072601"
"7051","0.01836371421813965","0.01836371421813965","0.01836371421813965"
"7053","0.00901910662651062","0.00901910662651062","0.00901910662651062"
"7055","0.045354485511779785","0.045354485511779785","0.045354485511779785"
"7059","0.07619649171829224","0.07619649171829224","0.07619649171829224"
"7061","0.02721726894378662","0.02721726894378662","0.02721726894378662"
"7063","0.04306560754776001","0.04306560754776001","0.04306560754776001"
"7067","0.039191216230392456","0.039191216230392456","0.039191216230392456"
"7069","0.029457688331604004","0.029457688331604004","0.029457688331604004"
"7073","0.11645305156707764","0.11645305156707764","0.11645305156707764"
"7075","0.041002750396728516","0.041002750396728516","0.041002750396728516"
"7077","0.023249179124832153","0.023249179124832153","0.023249179124832153"
"7079","0.0958755612373352","0.0958755612373352","0.0958755612373352"
"7083","0.0591280460357666","0.0591280460357666","0.0591280460357666"
"7085","0.044593989849090576","0.044593989849090576","0.044593989849090576"
"7087","0.014999926090240479","0.014999926090240479","0.014999926090240479"
"7089","0.03233540058135986","0.03233540058135986","0.03233540058135986"
"7091","0.04101388156414032","0.04101388156414032","0.04101388156414032"
"7095","0.04885566234588623","0.04885566234588623","0.04885566234588623"
"7097","0.021087974309921265","0.021087974309921265","0.021087974309921265"
"7099","0.10372745990753174","0.10372745990753174","0.10372745990753174"
"7103","0.005695998668670654","0.005695998668670654","0.005695998668670654"
"7105","0.014209479093551636","0.014209479093551636","0.014209479093551636"
"7107","0.07839858531951904","0.07839858531951904","0.07839858531951904"
"7109","0.01591622829437256","0.01591622829437256","0.01591622829437256"
"7111","0.09324777126312256","0.09324777126312256","0.09324777126312256"
"7116","0.047448087483644485","0.047448087483644485","0.047448087483644485"
"7118","0.04212970286607742","0.04212970286607742","0.04212970286607742"
"7120","0.04244416952133179","0.04244416952133179","0.04244416952133179"
"7124","0.00703294575214386","0.00703294575214386","0.00703294575214386"
"7126","0.028830289840698242","0.028830289840698242","0.028830289840698242"
"7128","0.18361186981201172","0.18361186981201172","0.18361186981201172"
"7130","0.0024543479084968567","0.0024543479084968567","0.0024543479084968567"
"7132","0.003170490264892578","0.003170490264892578","0.003170490264892578"
"7134","0.03290295600891113","0.03290295600891113","0.03290295600891113"
"7136","0.016970328986644745","0.016970328986644745","0.016970328986644745"
"7142","0.034946292638778687","0.034946292638778687","0.034946292638778687"
"7144","0.02111998200416565","0.02111998200416565","0.02111998200416565"
"7146","0.0754806399345398","0.0754806399345398","0.0754806399345398"
"7148","0.032363176345825195","0.032363176345825195","0.032363176345825195"
"7150","0.05104939639568329","0.05104939639568329","0.05104939639568329"
"7152","0.048377007246017456","0.048377007246017456","0.048377007246017456"
"7154","0.09055468440055847","0.09055468440055847","0.09055468440055847"
"7156","0.05259895324707031","0.05259895324707031","0.05259895324707031"
"7158","0.07230028510093689","0.07230028510093689","0.07230028510093689"
"7164","0.005481541156768799","0.005481541156768799","0.005481541156768799"
"7166","0.03494188189506531","0.03494188189506531","0.03494188189506531"
"7168","0.017189711332321167","0.017189711332321167","0.017189711332321167"
"7170","0.05944964289665222","0.05944964289665222","0.05944964289665222"
"7172","0.03315235674381256","0.03315235674381256","0.03315235674381256"
"7174","0.010488651692867279","0.010488651692867279","0.010488651692867279"
"7176","0.0930325984954834","0.0930325984954834","0.0930325984954834"
"7180","0.06486430764198303","0.06486430764198303","0.06486430764198303"
"7182","0.02919863909482956","0.02919863909482956","0.02919863909482956"
"7184","0.014491450041532516","0.014491450041532516","0.014491450041532516"
"7188","0.08066070079803467","0.08066070079803467","0.08066070079803467"
"7190","0.03413543105125427","0.03413543105125427","0.03413543105125427"
"7192","0.006315380334854126","0.006315380334854126","0.006315380334854126"
"7194","0.04332172870635986","0.04332172870635986","0.04332172870635986"
"7196","0.03024071455001831","0.03024071455001831","0.03024071455001831"
"7198","0.05713933706283569","0.05713933706283569","0.05713933706283569"
"7200","0.037925899028778076","0.037925899028778076","0.037925899028778076"
"7204","0.006185486912727356","0.006185486912727356","0.006185486912727356"
"7206","0.0289154052734375","0.0289154052734375","0.0289154052734375"
"7208","0.038193970918655396","0.038193970918655396","0.038193970918655396"
"7210","0.04790091514587402","0.04790091514587402","0.04790091514587402"
"7212","0.05718123912811279","0.05718123912811279","0.05718123912811279"
"7214","0.03207013010978699","0.03207013010978699","0.03207013010978699"
"7216","0.033553510904312134","0.033553510904312134","0.033553510904312134"
"7218","0.018674492835998535","0.018674492835998535","0.018674492835998535"
"7220","0.0205698162317276","0.0205698162317276","0.0205698162317276"
"7224","0.03539404645562172","0.03539404645562172","0.03539404645562172"
"7226","0.040583908557891846","0.040583908557891846","0.040583908557891846"
"7228","0.09750080108642578","0.09750080108642578","0.09750080108642578"
"7230","0.027536064386367798","0.027536064386367798","0.027536064386367798"
"7232","0.09426461160182953","0.09426461160182953","0.09426461160182953"
"7236","0.06553693860769272","0.06553693860769272","0.06553693860769272"
"7238","0.017586469650268555","0.017586469650268555","0.017586469650268555"
"7240","0.0734400749206543","0.0734400749206543","0.0734400749206543"
"7242","0.08084720373153687","0.08084720373153687","0.08084720373153687"
"7244","0.07223474979400635","0.07223474979400635","0.07223474979400635"
"7246","0.024148743599653244","0.024148743599653244","0.024148743599653244"
"7248","0.0638548880815506","0.0638548880815506","0.0638548880815506"
"7250","0.019420862197875977","0.019420862197875977","0.019420862197875977"
"7252","0.010496079921722412","0.010496079921722412","0.010496079921722412"
"7256","0.04287534952163696","0.04287534952163696","0.04287534952163696"
"7258","0.0322442352771759","0.0322442352771759","0.0322442352771759"
"7260","0.014957964420318604","0.014957964420318604","0.014957964420318604"
"7262","0.02179069072008133","0.02179069072008133","0.02179069072008133"
"7264","0.04278377816081047","0.04278377816081047","0.04278377816081047"
"7266","0.03824984282255173","0.03824984282255173","0.03824984282255173"
"7268","0.02994835376739502","0.02994835376739502","0.02994835376739502"
"7270","0.011829167604446411","0.011829167604446411","0.011829167604446411"
"7272","0.03245735168457031","0.03245735168457031","0.03245735168457031"
"7274","0.0063103437423706055","0.0063103437423706055","0.0063103437423706055"
"7278","0.032247960567474365","0.032247960567474365","0.032247960567474365"
"7280","0.055309295654296875","0.055309295654296875","0.055309295654296875"
"7284","0.04703516513109207","0.04703516513109207","0.04703516513109207"
"7288","0.0742659866809845","0.0742659866809845","0.0742659866809845"
"7290","0.029943764209747314","0.029943764209747314","0.029943764209747314"
"7294","0.07562172412872314","0.07562172412872314","0.07562172412872314"
"7298","0.040250301361083984","0.040250301361083984","0.040250301361083984"
"7300","0.061559490859508514","0.061559490859508514","0.061559490859508514"
"7302","0.08599162101745605","0.08599162101745605","0.08599162101745605"
"7304","0.09785144031047821","0.09785144031047821","0.09785144031047821"
"7308","0.011308491230010986","0.011308491230010986","0.011308491230010986"
"7310","0.05541321635246277","0.05541321635246277","0.05541321635246277"
"7312","0.0248660147190094","0.0248660147190094","0.0248660147190094"
"7314","0.009316109120845795","0.009316109120845795","0.009316109120845795"
"7316","0.012651801109313965","0.012651801109313965","0.012651801109313965"
"7318","0.007558777928352356","0.007558777928352356","0.007558777928352356"
"7322","0.05095270648598671","0.05095270648598671","0.05095270648598671"
"7326","0.010567009449005127","0.010567009449005127","0.010567009449005127"
"7328","0.011534150689840317","0.011534150689840317","0.011534150689840317"
"7330","0.03677179664373398","0.03677179664373398","0.03677179664373398"
"7334","0.01973549649119377","0.01973549649119377","0.01973549649119377"
"7338","0.01052314043045044","0.01052314043045044","0.01052314043045044"
"7340","0.01741814613342285","0.01741814613342285","0.01741814613342285"
"7342","0.03772018104791641","0.03772018104791641","0.03772018104791641"
"7344","0.05566525459289551","0.05566525459289551","0.05566525459289551"
"7346","0.028389006853103638","0.028389006853103638","0.028389006853103638"
"7348","0.017942190170288086","0.017942190170288086","0.017942190170288086"
"7350","0.044213831424713135","0.044213831424713135","0.044213831424713135"
"7352","0.06199759989976883","0.06199759989976883","0.06199759989976883"
"7354","0.04830951988697052","0.04830951988697052","0.04830951988697052"
"7356","0.03647279739379883","0.03647279739379883","0.03647279739379883"
"7358","0.052291929721832275","0.052291929721832275","0.052291929721832275"
"7360","0.07227157056331635","0.07227157056331635","0.07227157056331635"
"7362","0.033195603638887405","0.033195603638887405","0.033195603638887405"
"7368","0.09014429152011871","0.09014429152011871","0.09014429152011871"
"7372","0.017259865999221802","0.017259865999221802","0.017259865999221802"
"7376","0.08262228965759277","0.08262228965759277","0.08262228965759277"
"7378","0.022386908531188965","0.022386908531188965","0.022386908531188965"
"7382","0.01334640383720398","0.01334640383720398","0.01334640383720398"
"7386","0.020638376474380493","0.020638376474380493","0.020638376474380493"
"7388","0.019875794649124146","0.019875794649124146","0.019875794649124146"
"7390","0.0699143335223198","0.0699143335223198","0.0699143335223198"
"7392","0.032528817653656006","0.032528817653656006","0.032528817653656006"
"7394","0.032643258571624756","0.032643258571624756","0.032643258571624756"
"7396","0.036581575870513916","0.036581575870513916","0.036581575870513916"
"7398","0.024942398071289062","0.024942398071289062","0.024942398071289062"
"7400","0.016845770180225372","0.016845770180225372","0.016845770180225372"
"7402","0.07315799593925476","0.07315799593925476","0.07315799593925476"
"7404","0.009175091981887817","0.009175091981887817","0.009175091981887817"
"7406","0.0257149338722229","0.0257149338722229","0.0257149338722229"
"7408","0.02382820099592209","0.02382820099592209","0.02382820099592209"
"7412","0.02927323244512081","0.02927323244512081","0.02927323244512081"
"7414","0.02197211980819702","0.02197211980819702","0.02197211980819702"
"7420","0.02882695198059082","0.02882695198059082","0.02882695198059082"
"7426","0.03280019760131836","0.03280019760131836","0.03280019760131836"
"7432","0.006148040294647217","0.006148040294647217","0.006148040294647217"
"7436","0.03546643257141113","0.03546643257141113","0.03546643257141113"
"7438","0.03146055340766907","0.03146055340766907","0.03146055340766907"
"7440","0.11391884088516235","0.11391884088516235","0.11391884088516235"
"7444","0.011265911161899567","0.011265911161899567","0.011265911161899567"
"7448","0.06737375259399414","0.06737375259399414","0.06737375259399414"
"7450","0.01658034324645996","0.01658034324645996","0.01658034324645996"
"7452","0.042238324880599976","0.042238324880599976","0.042238324880599976"
"7454","0.020462632179260254","0.020462632179260254","0.020462632179260254"
"7456","0.03799033164978027","0.03799033164978027","0.03799033164978027"
"7460","0.05104345083236694","0.05104345083236694","0.05104345083236694"
"7462","0.03778672218322754","0.03778672218322754","0.03778672218322754"
"7468","0.07993000745773315","0.07993000745773315","0.07993000745773315"
"7470","0.07209578156471252","0.07209578156471252","0.07209578156471252"
"7472","0.022555634379386902","0.022555634379386902","0.022555634379386902"
"7480","0.056247711181640625","0.056247711181640625","0.056247711181640625"
"7482","0.06213581562042236","0.06213581562042236","0.06213581562042236"
"7486","0.008979707956314087","0.008979707956314087","0.008979707956314087"
"7488","0.015041500329971313","0.015041500329971313","0.015041500329971313"
"7490","0.07178503274917603","0.07178503274917603","0.07178503274917603"
"7492","0.019575759768486023","0.019575759768486023","0.019575759768486023"
"7494","0.07220190763473511","0.07220190763473511","0.07220190763473511"
"7496","0.0729604959487915","0.0729604959487915","0.0729604959487915"
"7500","0.056368470191955566","0.056368470191955566","0.056368470191955566"
"7502","0.018898053094744682","0.018898053094744682","0.018898053094744682"
"7506","0.0075903236865997314","0.0075903236865997314","0.0075903236865997314"
"7508","0.0333251953125","0.0333251953125","0.0333251953125"
"7510","0.01954248547554016","0.01954248547554016","0.01954248547554016"
"7512","0.028425943106412888","0.028425943106412888","0.028425943106412888"
"7514","0.07274818420410156","0.07274818420410156","0.07274818420410156"
"7516","0.013780742883682251","0.013780742883682251","0.013780742883682251"
"7520","0.020443260669708252","0.020443260669708252","0.020443260669708252"
"7522","0.027216732501983643","0.027216732501983643","0.027216732501983643"
"7524","0.03924410045146942","0.03924410045146942","0.03924410045146942"
"7526","0.011010929942131042","0.011010929942131042","0.011010929942131042"
"7530","0.03511081263422966","0.03511081263422966","0.03511081263422966"
"7532","0.037980854511260986","0.037980854511260986","0.037980854511260986"
"7534","0.017599303275346756","0.017599303275346756","0.017599303275346756"
"7538","0.1003563404083252","0.1003563404083252","0.1003563404083252"
"7540","0.06665630638599396","0.06665630638599396","0.06665630638599396"
"7542","0.054712310433387756","0.054712310433387756","0.054712310433387756"
"7546","0.03388369083404541","0.03388369083404541","0.03388369083404541"
"7548","0.024477750062942505","0.024477750062942505","0.024477750062942505"
"7550","0.05134733021259308","0.05134733021259308","0.05134733021259308"
"7554","0.027548134326934814","0.027548134326934814","0.027548134326934814"
"7556","0.04937580227851868","0.04937580227851868","0.04937580227851868"
"7558","0.018782898783683777","0.018782898783683777","0.018782898783683777"
"7562","0.011688411235809326","0.011688411235809326","0.011688411235809326"
"7564","0.03564929962158203","0.03564929962158203","0.03564929962158203"
"7570","0.016300395131111145","0.016300395131111145","0.016300395131111145"
"7572","0.16290158033370972","0.16290158033370972","0.16290158033370972"
"7574","0.11141741275787354","0.11141741275787354","0.11141741275787354"
"7576","0.018231630325317383","0.018231630325317383","0.018231630325317383"
"7578","0.04555177688598633","0.04555177688598633","0.04555177688598633"
"7580","0.06880943477153778","0.06880943477153778","0.06880943477153778"
"7582","0.03414839506149292","0.03414839506149292","0.03414839506149292"
"7584","0.047079578042030334","0.047079578042030334","0.047079578042030334"
"7588","0.02591848373413086","0.02591848373413086","0.02591848373413086"
"7590","0.018825531005859375","0.018825531005859375","0.018825531005859375"
"7594","0.021292515099048615","0.021292515099048615","0.021292515099048615"
"7596","0.031159155070781708","0.031159155070781708","0.031159155070781708"
"7600","0.06684772670269012","0.06684772670269012","0.06684772670269012"
"7604","0.027645163238048553","0.027645163238048553","0.027645163238048553"
"7606","0.07384681701660156","0.07384681701660156","0.07384681701660156"
"7608","0.009552240371704102","0.009552240371704102","0.009552240371704102"
"7614","0.013629913330078125","0.013629913330078125","0.013629913330078125"
"7616","0.024375200271606445","0.024375200271606445","0.024375200271606445"
"7620","0.004146456718444824","0.004146456718444824","0.004146456718444824"
"7622","0.03599965572357178","0.03599965572357178","0.03599965572357178"
"7624","0.04619741439819336","0.04619741439819336","0.04619741439819336"
"7630","0.017844200134277344","0.017844200134277344","0.017844200134277344"
"7636","0.11422556638717651","0.11422556638717651","0.11422556638717651"
"7638","0.019004613161087036","0.019004613161087036","0.019004613161087036"
"7643","0.04322624206542969","0.04322624206542969","0.04322624206542969"
"7645","0.039425626397132874","0.039425626397132874","0.039425626397132874"
"7647","0.005442408844828606","0.005442408844828606","0.005442408844828606"
"7649","0.038238346576690674","0.038238346576690674","0.038238346576690674"
"7651","0.021043747663497925","0.021043747663497925","0.021043747663497925"
"7657","0.01726488210260868","0.01726488210260868","0.01726488210260868"
"7663","0.01170879602432251","0.01170879602432251","0.01170879602432251"
"7667","0.01835232973098755","0.01835232973098755","0.01835232973098755"
"7669","0.03886716067790985","0.03886716067790985","0.03886716067790985"
"7673","0.07830309867858887","0.07830309867858887","0.07830309867858887"
"7675","0.07577501982450485","0.07577501982450485","0.07577501982450485"
"7677","0.04298451542854309","0.04298451542854309","0.04298451542854309"
"7679","0.007141374051570892","0.007141374051570892","0.007141374051570892"
"7681","0.006212413311004639","0.006212413311004639","0.006212413311004639"
"7683","0.02103126049041748","0.02103126049041748","0.02103126049041748"
"7687","0.006241142749786377","0.006241142749786377","0.006241142749786377"
"7689","0.029907897114753723","0.029907897114753723","0.029907897114753723"
"7691","0.02369287610054016","0.02369287610054016","0.02369287610054016"
"7693","0.11995339393615723","0.11995339393615723","0.11995339393615723"
"7695","0.019485212862491608","0.019485212862491608","0.019485212862491608"
"7697","0.0809088796377182","0.0809088796377182","0.0809088796377182"
"7699","0.020717352628707886","0.020717352628707886","0.020717352628707886"
"7701","0.01775360107421875","0.01775360107421875","0.01775360107421875"
"7703","0.04839080572128296","0.04839080572128296","0.04839080572128296"
"7705","0.027913294732570648","0.027913294732570648","0.027913294732570648"
"7709","0.02037268877029419","0.02037268877029419","0.02037268877029419"
"7711","0.02917526662349701","0.02917526662349701","0.02917526662349701"
"7713","0.04475092887878418","0.04475092887878418","0.04475092887878418"
"7715","0.036156848073005676","0.036156848073005676","0.036156848073005676"
"7717","0.003658771514892578","0.003658771514892578","0.003658771514892578"
"7719","0.02527409791946411","0.02527409791946411","0.02527409791946411"
"7721","0.010603848844766617","0.010603848844766617","0.010603848844766617"
"7723","0.019464440643787384","0.019464440643787384","0.019464440643787384"
"7725","0.04885411262512207","0.04885411262512207","0.04885411262512207"
"7733","0.03257313370704651","0.03257313370704651","0.03257313370704651"
"7737","0.0283675380051136","0.0283675380051136","0.0283675380051136"
"7739","0.053789809346199036","0.053789809346199036","0.053789809346199036"
"7741","0.06557516753673553","0.06557516753673553","0.06557516753673553"
"7743","0.021291326731443405","0.021291326731443405","0.021291326731443405"
"7745","0.09509646892547607","0.09509646892547607","0.09509646892547607"
"7747","0.10254013538360596","0.10254013538360596","0.10254013538360596"
"7749","0.040154844522476196","0.040154844522476196","0.040154844522476196"
"7751","0.0031732842326164246","0.0031732842326164246","0.0031732842326164246"
"7753","0.06654593348503113","0.06654593348503113","0.06654593348503113"
"7755","0.0669659823179245","0.0669659823179245","0.0669659823179245"
"7759","0.015282481908798218","0.015282481908798218","0.015282481908798218"
"7761","0.10842001438140869","0.10842001438140869","0.10842001438140869"
"7765","0.12634184956550598","0.12634184956550598","0.12634184956550598"
"7767","0.019653156399726868","0.019653156399726868","0.019653156399726868"
"7769","0.013465195894241333","0.013465195894241333","0.013465195894241333"
"7771","0.007278718054294586","0.007278718054294586","0.007278718054294586"
"7773","0.012395858764648438","0.012395858764648438","0.012395858764648438"
"7777","0.028113722801208496","0.028113722801208496","0.028113722801208496"
"7779","0.026174485683441162","0.026174485683441162","0.026174485683441162"
"7781","0.04644656181335449","0.04644656181335449","0.04644656181335449"
"7785","0.021703653037548065","0.021703653037548065","0.021703653037548065"
"7787","0.011728048324584961","0.011728048324584961","0.011728048324584961"
"7789","0.025151848793029785","0.025151848793029785","0.025151848793029785"
"7791","0.013343244791030884","0.013343244791030884","0.013343244791030884"
"7793","0.030841901898384094","0.030841901898384094","0.030841901898384094"
"7797","0.04016292095184326","0.04016292095184326","0.04016292095184326"
"7799","0.018733292818069458","0.018733292818069458","0.018733292818069458"
"7801","0.07384271919727325","0.07384271919727325","0.07384271919727325"
"7803","0.04176771640777588","0.04176771640777588","0.04176771640777588"
"7807","0.04846113920211792","0.04846113920211792","0.04846113920211792"
"7809","0.09162253141403198","0.09162253141403198","0.09162253141403198"
"7811","0.04805144667625427","0.04805144667625427","0.04805144667625427"
"7815","0.03390395641326904","0.03390395641326904","0.03390395641326904"
"7819","0.08877724409103394","0.08877724409103394","0.08877724409103394"
"7823","0.04537653923034668","0.04537653923034668","0.04537653923034668"
"7827","0.03288102149963379","0.03288102149963379","0.03288102149963379"
"7829","0.01022304967045784","0.01022304967045784","0.01022304967045784"
"7831","0.03338465094566345","0.03338465094566345","0.03338465094566345"
"7833","0.10412658751010895","0.10412658751010895","0.10412658751010895"
"7835","0.005857333540916443","0.005857333540916443","0.005857333540916443"
"7837","0.03482472896575928","0.03482472896575928","0.03482472896575928"
"7839","0.004536628723144531","0.004536628723144531","0.004536628723144531"
"7843","0.06623172760009766","0.06623172760009766","0.06623172760009766"
"7847","0.03788024187088013","0.03788024187088013","0.03788024187088013"
"7849","0.027870088815689087","0.027870088815689087","0.027870088815689087"
"7851","0.016020413488149643","0.016020413488149643","0.016020413488149643"
"7853","0.03415834903717041","0.03415834903717041","0.03415834903717041"
"7855","0.02190018817782402","0.02190018817782402","0.02190018817782402"
"7857","0.04075801372528076","0.04075801372528076","0.04075801372528076"
"7859","0.04227609932422638","0.04227609932422638","0.04227609932422638"
"7861","0.0397709459066391","0.0397709459066391","0.0397709459066391"
"7863","0.06591176986694336","0.06591176986694336","0.06591176986694336"
"7865","0.025221452116966248","0.025221452116966248","0.025221452116966248"
"7867","0.009871013462543488","0.009871013462543488","0.009871013462543488"
"7869","0.07320278882980347","0.07320278882980347","0.07320278882980347"
"7871","0.07558147609233856","0.07558147609233856","0.07558147609233856"
"7873","0.03242713212966919","0.03242713212966919","0.03242713212966919"
"7879","0.0029279887676239014","0.0029279887676239014","0.0029279887676239014"
"7883","0.09785199165344238","0.09785199165344238","0.09785199165344238"
"7885","0.04031115770339966","0.04031115770339966","0.04031115770339966"
"7887","0.022148728370666504","0.022148728370666504","0.022148728370666504"
"7889","0.01995849609375","0.01995849609375","0.01995849609375"
"7891","0.045230746269226074","0.045230746269226074","0.045230746269226074"
"7893","0.04369564354419708","0.04369564354419708","0.04369564354419708"
"7895","0.03403830528259277","0.03403830528259277","0.03403830528259277"
"7899","0.02986323833465576","0.02986323833465576","0.02986323833465576"
"7901","0.006859421730041504","0.006859421730041504","0.006859421730041504"
"7903","0.05198538303375244","0.05198538303375244","0.05198538303375244"
"7905","0.033244505524635315","0.033244505524635315","0.033244505524635315"
"7907","0.00885319709777832","0.00885319709777832","0.00885319709777832"
"7909","0.024719789624214172","0.024719789624214172","0.024719789624214172"
"7911","0.026467200368642807","0.026467200368642807","0.026467200368642807"
"7913","0.00853893905878067","0.00853893905878067","0.00853893905878067"
"7917","0.04401750862598419","0.04401750862598419","0.04401750862598419"
"7919","0.028336524963378906","0.028336524963378906","0.028336524963378906"
"7921","0.011725425720214844","0.011725425720214844","0.011725425720214844"
"7923","0.011017967015504837","0.011017967015504837","0.011017967015504837"
"7925","0.021519064903259277","0.021519064903259277","0.021519064903259277"
"7927","0.031123027205467224","0.031123027205467224","0.031123027205467224"
"7929","0.03439819812774658","0.03439819812774658","0.03439819812774658"
"7931","0.018641289323568344","0.018641289323568344","0.018641289323568344"
"7933","0.038670822978019714","0.038670822978019714","0.038670822978019714"
"7935","0.05997288227081299","0.05997288227081299","0.05997288227081299"
"7937","0.006235964596271515","0.006235964596271515","0.006235964596271515"
"7943","0.020290881395339966","0.020290881395339966","0.020290881395339966"
"7945","0.059939056634902954","0.059939056634902954","0.059939056634902954"
"7947","0.07410335540771484","0.07410335540771484","0.07410335540771484"
"7949","0.041165485978126526","0.041165485978126526","0.041165485978126526"
"7951","0.005621075630187988","0.005621075630187988","0.005621075630187988"
"7955","0.053709447383880615","0.053709447383880615","0.053709447383880615"
"7957","0.06225466728210449","0.06225466728210449","0.06225466728210449"
"7961","0.019518785178661346","0.019518785178661346","0.019518785178661346"
"7963","0.035441458225250244","0.035441458225250244","0.035441458225250244"
"7965","0.036637067794799805","0.036637067794799805","0.036637067794799805"
"7967","0.012906987220048904","0.012906987220048904","0.012906987220048904"
"7969","0.017514489591121674","0.017514489591121674","0.017514489591121674"
"7977","0.09572315216064453","0.09572315216064453","0.09572315216064453"
"7979","0.11214339733123779","0.11214339733123779","0.11214339733123779"
"7981","0.03006172925233841","0.03006172925233841","0.03006172925233841"
"7985","0.008862242102622986","0.008862242102622986","0.008862242102622986"
"7987","0.034636788070201874","0.034636788070201874","0.034636788070201874"
"7989","0.02925419807434082","0.02925419807434082","0.02925419807434082"
"7993","0.06651443243026733","0.06651443243026733","0.06651443243026733"
"7995","0.012798070907592773","0.012798070907592773","0.012798070907592773"
"7997","0.00669754296541214","0.00669754296541214","0.00669754296541214"
"8001","0.01466989517211914","0.01466989517211914","0.01466989517211914"
"8003","0.06818270683288574","0.06818270683288574","0.06818270683288574"
"8005","0.044879913330078125","0.044879913330078125","0.044879913330078125"
"8007","0.01871321350336075","0.01871321350336075","0.01871321350336075"
"8009","0.012300491333007812","0.012300491333007812","0.012300491333007812"
"8013","0.02446448802947998","0.02446448802947998","0.02446448802947998"
"8015","0.022591352462768555","0.022591352462768555","0.022591352462768555"
"8021","0.012012630701065063","0.012012630701065063","0.012012630701065063"
"8023","0.04185321927070618","0.04185321927070618","0.04185321927070618"
"8025","0.02580207586288452","0.02580207586288452","0.02580207586288452"
"8027","0.005000114440917969","0.005000114440917969","0.005000114440917969"
"8031","0.04636883735656738","0.04636883735656738","0.04636883735656738"
"8039","0.025820374488830566","0.025820374488830566","0.025820374488830566"
"8041","0.04467284679412842","0.04467284679412842","0.04467284679412842"
"8043","0.02006453275680542","0.02006453275680542","0.02006453275680542"
"8045","0.06876540184020996","0.06876540184020996","0.06876540184020996"
"8047","0.010513223707675934","0.010513223707675934","0.010513223707675934"
"8049","0.028034884482622147","0.028034884482622147","0.028034884482622147"
"8051","0.020437002182006836","0.020437002182006836","0.020437002182006836"
"8055","0.004991300404071808","0.004991300404071808","0.004991300404071808"
"8057","0.07524251937866211","0.07524251937866211","0.07524251937866211"
"8059","0.0487164705991745","0.0487164705991745","0.0487164705991745"
"8061","0.01169992983341217","0.01169992983341217","0.01169992983341217"
"8063","0.024730592966079712","0.024730592966079712","0.024730592966079712"
"8069","0.018950454890727997","0.018950454890727997","0.018950454890727997"
"8073","0.0706559419631958","0.0706559419631958","0.0706559419631958"
"8077","0.020430326461791992","0.020430326461791992","0.020430326461791992"
"8079","0.0010324232280254364","0.0010324232280254364","0.0010324232280254364"
"8081","0.02753636986017227","0.02753636986017227","0.02753636986017227"
"8083","0.10083544254302979","0.10083544254302979","0.10083544254302979"
"8087","0.04516938328742981","0.04516938328742981","0.04516938328742981"
"8093","0.008471295237541199","0.008471295237541199","0.008471295237541199"
"8095","0.029603391885757446","0.029603391885757446","0.029603391885757446"
"8099","0.013085365295410156","0.013085365295410156","0.013085365295410156"
"8103","0.03475514054298401","0.03475514054298401","0.03475514054298401"
"8105","0.009098708629608154","0.009098708629608154","0.009098708629608154"
"8109","0.02802598848938942","0.02802598848938942","0.02802598848938942"
"8111","0.019622385501861572","0.019622385501861572","0.019622385501861572"
"8117","0.04066275805234909","0.04066275805234909","0.04066275805234909"
"8119","0.08111841976642609","0.08111841976642609","0.08111841976642609"
"8121","0.014729037880897522","0.014729037880897522","0.014729037880897522"
"8123","0.13646073639392853","0.13646073639392853","0.13646073639392853"
"8125","0.013103187084197998","0.013103187084197998","0.013103187084197998"
"8129","0.0016854554414749146","0.0016854554414749146","0.0016854554414749146"
"8131","0.08872771263122559","0.08872771263122559","0.08872771263122559"
"8133","0.045627545565366745","0.045627545565366745","0.045627545565366745"
"8135","0.039792537689208984","0.039792537689208984","0.039792537689208984"
"8139","0.013259679079055786","0.013259679079055786","0.013259679079055786"
"8141","0.01545417308807373","0.01545417308807373","0.01545417308807373"
"8145","0.0417715385556221","0.0417715385556221","0.0417715385556221"
"8151","0.07376587390899658","0.07376587390899658","0.07376587390899658"
"8153","0.02653670310974121","0.02653670310974121","0.02653670310974121"
"8155","0.0058517903089523315","0.0058517903089523315","0.0058517903089523315"
"8157","0.05344626307487488","0.05344626307487488","0.05344626307487488"
"8161","0.03542608022689819","0.03542608022689819","0.03542608022689819"
"8163","0.034139037132263184","0.034139037132263184","0.034139037132263184"
"8165","0.10637366026639938","0.10637366026639938","0.10637366026639938"
"8172","0.016907811164855957","0.016907811164855957","0.016907811164855957"
"8176","0.028292208909988403","0.028292208909988403","0.028292208909988403"
"8178","0.01575702428817749","0.01575702428817749","0.01575702428817749"
"8180","0.016327619552612305","0.016327619552612305","0.016327619552612305"
"8184","0.006461232900619507","0.006461232900619507","0.006461232900619507"
"8186","0.007780959829688072","0.007780959829688072","0.007780959829688072"
"8192","0.018718305975198746","0.018718305975198746","0.018718305975198746"
"8196","0.006073281168937683","0.006073281168937683","0.006073281168937683"
"8198","0.03226315975189209","0.03226315975189209","0.03226315975189209"
"8202","0.06408347934484482","0.06408347934484482","0.06408347934484482"
"8208","0.05230334401130676","0.05230334401130676","0.05230334401130676"
"8210","0.0645027682185173","0.0645027682185173","0.0645027682185173"
"8214","0.048517197370529175","0.048517197370529175","0.048517197370529175"
"8216","0.03968564048409462","0.03968564048409462","0.03968564048409462"
"8218","0.042272306978702545","0.042272306978702545","0.042272306978702545"
"8222","0.002555273473262787","0.002555273473262787","0.002555273473262787"
"8226","0.03715051710605621","0.03715051710605621","0.03715051710605621"
"8228","0.05007369816303253","0.05007369816303253","0.05007369816303253"
"8230","0.008531447499990463","0.008531447499990463","0.008531447499990463"
"8232","0.017133943736553192","0.017133943736553192","0.017133943736553192"
"8234","0.012215344235301018","0.012215344235301018","0.012215344235301018"
"8236","0.004145245999097824","0.004145245999097824","0.004145245999097824"
"8240","0.010677874088287354","0.010677874088287354","0.010677874088287354"
"8242","0.044339217245578766","0.044339217245578766","0.044339217245578766"
"8244","0.04144899547100067","0.04144899547100067","0.04144899547100067"
"8246","0.04295814037322998","0.04295814037322998","0.04295814037322998"
"8248","0.00462689995765686","0.00462689995765686","0.00462689995765686"
"8250","0.00726182758808136","0.00726182758808136","0.00726182758808136"
"8252","0.019077852368354797","0.019077852368354797","0.019077852368354797"
"8254","0.024009525775909424","0.024009525775909424","0.024009525775909424"
"8256","0.035181641578674316","0.035181641578674316","0.035181641578674316"
"8258","0.047760725021362305","0.047760725021362305","0.047760725021362305"
"8260","0.011469095945358276","0.011469095945358276","0.011469095945358276"
"8262","0.027659952640533447","0.027659952640533447","0.027659952640533447"
"8264","0.021846935153007507","0.021846935153007507","0.021846935153007507"
"8266","0.04119125008583069","0.04119125008583069","0.04119125008583069"
"8268","0.012002581730484962","0.012002581730484962","0.012002581730484962"
"8270","0.016300082206726074","0.016300082206726074","0.016300082206726074"
"8272","0.012440681457519531","0.012440681457519531","0.012440681457519531"
"8274","0.07488307356834412","0.07488307356834412","0.07488307356834412"
"8276","0.017503216862678528","0.017503216862678528","0.017503216862678528"
"8278","0.005313679575920105","0.005313679575920105","0.005313679575920105"
"8280","0.03185494244098663","0.03185494244098663","0.03185494244098663"
"8282","0.02420783042907715","0.02420783042907715","0.02420783042907715"
"8284","0.08858631551265717","0.08858631551265717","0.08858631551265717"
"8286","0.08236350119113922","0.08236350119113922","0.08236350119113922"
"8288","0.019582390785217285","0.019582390785217285","0.019582390785217285"
"8292","0.014384299516677856","0.014384299516677856","0.014384299516677856"
"8294","0.06599795818328857","0.06599795818328857","0.06599795818328857"
"8296","0.07246166467666626","0.07246166467666626","0.07246166467666626"
"8300","0.03070327639579773","0.03070327639579773","0.03070327639579773"
"8302","0.030316591262817383","0.030316591262817383","0.030316591262817383"
"8304","0.07748693227767944","0.07748693227767944","0.07748693227767944"
"8306","0.05625021457672119","0.05625021457672119","0.05625021457672119"
"8308","0.009646642953157425","0.009646642953157425","0.009646642953157425"
"8310","0.0577116534113884","0.0577116534113884","0.0577116534113884"
"8312","0.03257419168949127","0.03257419168949127","0.03257419168949127"
"8314","0.002860838547348976","0.002860838547348976","0.002860838547348976"
"8316","0.014362052083015442","0.014362052083015442","0.014362052083015442"
"8320","0.01399492472410202","0.01399492472410202","0.01399492472410202"
"8324","0.029313042759895325","0.029313042759895325","0.029313042759895325"
"8326","0.0498083233833313","0.0498083233833313","0.0498083233833313"
"8328","0.013830825686454773","0.013830825686454773","0.013830825686454773"
"8330","0.01963198184967041","0.01963198184967041","0.01963198184967041"
"8332","0.027919379994273186","0.027919379994273186","0.027919379994273186"
"8334","0.02816469967365265","0.02816469967365265","0.02816469967365265"
"8336","0.021214336156845093","0.021214336156845093","0.021214336156845093"
"8338","0.04227709397673607","0.04227709397673607","0.04227709397673607"
"8342","0.036000996828079224","0.036000996828079224","0.036000996828079224"
"8344","0.05587420240044594","0.05587420240044594","0.05587420240044594"
"8346","0.05189622938632965","0.05189622938632965","0.05189622938632965"
"8348","0.009245848283171654","0.009245848283171654","0.009245848283171654"
"8350","0.021470431238412857","0.021470431238412857","0.021470431238412857"
"8352","0.011839494109153748","0.011839494109153748","0.011839494109153748"
"8356","0.037019480019807816","0.037019480019807816","0.037019480019807816"
"8358","0.033939428627491","0.033939428627491","0.033939428627491"
"8362","0.06819353997707367","0.06819353997707367","0.06819353997707367"
"8364","0.03728020191192627","0.03728020191192627","0.03728020191192627"
"8366","0.014246255159378052","0.014246255159378052","0.014246255159378052"
"8368","0.021691448986530304","0.021691448986530304","0.021691448986530304"
"8370","0.03136075660586357","0.03136075660586357","0.03136075660586357"
"8372","0.01940111070871353","0.01940111070871353","0.01940111070871353"
"8374","0.019130712375044823","0.019130712375044823","0.019130712375044823"
"8378","0.026193618774414062","0.026193618774414062","0.026193618774414062"
"8384","0.01722186803817749","0.01722186803817749","0.01722186803817749"
"8386","0.020649529993534088","0.020649529993534088","0.020649529993534088"
"8388","0.049695029854774475","0.049695029854774475","0.049695029854774475"
"8392","0.017679132521152496","0.017679132521152496","0.017679132521152496"
"8396","0.031400326639413834","0.031400326639413834","0.031400326639413834"
"8398","0.017917335033416748","0.017917335033416748","0.017917335033416748"
"8400","0.007549196481704712","0.007549196481704712","0.007549196481704712"
"8402","0.031112685799598694","0.031112685799598694","0.031112685799598694"
"8408","0.1009628176689148","0.1009628176689148","0.1009628176689148"
"8410","0.030634405091404915","0.030634405091404915","0.030634405091404915"
"8412","0.019897855818271637","0.019897855818271637","0.019897855818271637"
"8414","0.06531968712806702","0.06531968712806702","0.06531968712806702"
"8416","0.05936455726623535","0.05936455726623535","0.05936455726623535"
"8420","0.006732165813446045","0.006732165813446045","0.006732165813446045"
"8422","0.018253639340400696","0.018253639340400696","0.018253639340400696"
"8424","0.027941882610321045","0.027941882610321045","0.027941882610321045"
"8426","0.017497897148132324","0.017497897148132324","0.017497897148132324"
"8432","0.06486117839813232","0.06486117839813232","0.06486117839813232"
"8438","0.010496154427528381","0.010496154427528381","0.010496154427528381"
"8442","0.037548065185546875","0.037548065185546875","0.037548065185546875"
"8444","0.029487907886505127","0.029487907886505127","0.029487907886505127"
"8446","0.008398622274398804","0.008398622274398804","0.008398622274398804"
"8448","0.032069653272628784","0.032069653272628784","0.032069653272628784"
"8450","0.016890550032258034","0.016890550032258034","0.016890550032258034"
"8452","0.03158339112997055","0.03158339112997055","0.03158339112997055"
"8454","0.05083484202623367","0.05083484202623367","0.05083484202623367"
"8456","0.031218409538269043","0.031218409538269043","0.031218409538269043"
"8458","0.03270220756530762","0.03270220756530762","0.03270220756530762"
"8460","0.016791123896837234","0.016791123896837234","0.016791123896837234"
"8466","0.011038437485694885","0.011038437485694885","0.011038437485694885"
"8468","0.004285290837287903","0.004285290837287903","0.004285290837287903"
"8470","0.015605539083480835","0.015605539083480835","0.015605539083480835"
"8472","0.009550526738166809","0.009550526738166809","0.009550526738166809"
"8474","0.0077507346868515015","0.0077507346868515015","0.0077507346868515015"
"8478","0.012781733646988869","0.012781733646988869","0.012781733646988869"
"8480","0.007084928452968597","0.007084928452968597","0.007084928452968597"
"8482","0.07053148746490479","0.07053148746490479","0.07053148746490479"
"8488","0.007528945803642273","0.007528945803642273","0.007528945803642273"
"8492","0.028655853122472763","0.028655853122472763","0.028655853122472763"
"8494","0.00955832377076149","0.00955832377076149","0.00955832377076149"
"8496","0.014845317229628563","0.014845317229628563","0.014845317229628563"
"8498","0.07349633425474167","0.07349633425474167","0.07349633425474167"
"8500","0.009289171546697617","0.009289171546697617","0.009289171546697617"
"8502","0.013626066967844963","0.013626066967844963","0.013626066967844963"
"8504","0.09120285511016846","0.09120285511016846","0.09120285511016846"
"8506","0.04010212421417236","0.04010212421417236","0.04010212421417236"
"8508","0.01572467014193535","0.01572467014193535","0.01572467014193535"
"8510","0.04384138062596321","0.04384138062596321","0.04384138062596321"
"8512","0.011457161977887154","0.011457161977887154","0.011457161977887154"
"8514","0.021189797669649124","0.021189797669649124","0.021189797669649124"
"8524","0.0036648251116275787","0.0036648251116275787","0.0036648251116275787"
"8528","0.06669341027736664","0.06669341027736664","0.06669341027736664"
"8532","0.013541743159294128","0.013541743159294128","0.013541743159294128"
"8534","0.010874088853597641","0.010874088853597641","0.010874088853597641"
"8536","0.0028585996478796005","0.0028585996478796005","0.0028585996478796005"
"8540","0.040183357894420624","0.040183357894420624","0.040183357894420624"
"8542","0.006221897900104523","0.006221897900104523","0.006221897900104523"
"8548","0.03502855449914932","0.03502855449914932","0.03502855449914932"
"8550","0.0094146728515625","0.0094146728515625","0.0094146728515625"
"8552","0.01128174364566803","0.01128174364566803","0.01128174364566803"
"8554","0.038241706788539886","0.038241706788539886","0.038241706788539886"
"8556","0.04139993339776993","0.04139993339776993","0.04139993339776993"
"8558","0.02131665125489235","0.02131665125489235","0.02131665125489235"
"8560","0.016085751354694366","0.016085751354694366","0.016085751354694366"
"8562","0.04554426670074463","0.04554426670074463","0.04554426670074463"
"8564","0.0597543902695179","0.0597543902695179","0.0597543902695179"
"8568","0.012135863304138184","0.012135863304138184","0.012135863304138184"
"8572","0.03876041620969772","0.03876041620969772","0.03876041620969772"
"8574","0.0357738733291626","0.0357738733291626","0.0357738733291626"
"8576","0.13327673077583313","0.13327673077583313","0.13327673077583313"
"8578","0.09662312269210815","0.09662312269210815","0.09662312269210815"
"8580","0.01505221426486969","0.01505221426486969","0.01505221426486969"
"8584","0.012521795928478241","0.012521795928478241","0.012521795928478241"
"8586","0.005335580557584763","0.005335580557584763","0.005335580557584763"
"8588","0.020913437008857727","0.020913437008857727","0.020913437008857727"
"8590","0.06354576349258423","0.06354576349258423","0.06354576349258423"
"8592","0.07037508487701416","0.07037508487701416","0.07037508487701416"
"8596","0.020616590976715088","0.020616590976715088","0.020616590976715088"
"8598","0.06097555160522461","0.06097555160522461","0.06097555160522461"
"8600","0.07728012651205063","0.07728012651205063","0.07728012651205063"
"8602","0.012166410684585571","0.012166410684585571","0.012166410684585571"
"8604","0.07176408171653748","0.07176408171653748","0.07176408171653748"
"8606","0.03390097618103027","0.03390097618103027","0.03390097618103027"
"8608","0.03542537987232208","0.03542537987232208","0.03542537987232208"
"8610","0.0074983201920986176","0.0074983201920986176","0.0074983201920986176"
"8614","0.0710662379860878","0.0710662379860878","0.0710662379860878"
"8618","0.016276298090815544","0.016276298090815544","0.016276298090815544"
"8620","0.059849902987480164","0.059849902987480164","0.059849902987480164"
"8622","0.043627262115478516","0.043627262115478516","0.043627262115478516"
"8624","0.02413591556251049","0.02413591556251049","0.02413591556251049"
"8626","0.002653077244758606","0.002653077244758606","0.002653077244758606"
"8628","0.0034524742513895035","0.0034524742513895035","0.0034524742513895035"
"8630","0.016202032566070557","0.016202032566070557","0.016202032566070557"
"8638","0.006874680519104004","0.006874680519104004","0.006874680519104004"
"8642","0.001720033586025238","0.001720033586025238","0.001720033586025238"
"8644","0.021393239498138428","0.021393239498138428","0.021393239498138428"
"8646","0.16736890375614166","0.16736890375614166","0.16736890375614166"
"8652","0.041126787662506104","0.041126787662506104","0.041126787662506104"
"8654","0.0915139690041542","0.0915139690041542","0.0915139690041542"
"8656","0.12285447120666504","0.12285447120666504","0.12285447120666504"
"8658","0.0028657205402851105","0.0028657205402851105","0.0028657205402851105"
"8662","0.049480684101581573","0.049480684101581573","0.049480684101581573"
"8664","0.12942084670066833","0.12942084670066833","0.12942084670066833"
"8666","0.009416725486516953","0.009416725486516953","0.009416725486516953"
"8670","0.04644138365983963","0.04644138365983963","0.04644138365983963"
"8672","0.05793113633990288","0.05793113633990288","0.05793113633990288"
"8674","0.023891335353255272","0.023891335353255272","0.023891335353255272"
"8676","0.06929349899291992","0.06929349899291992","0.06929349899291992"
"8680","0.006326250731945038","0.006326250731945038","0.006326250731945038"
"8682","0.023713260889053345","0.023713260889053345","0.023713260889053345"
"8684","0.05086963623762131","0.05086963623762131","0.05086963623762131"
"8686","0.015176141634583473","0.015176141634583473","0.015176141634583473"
"8690","0.0031633637845516205","0.0031633637845516205","0.0031633637845516205"
"8692","0.015693694353103638","0.015693694353103638","0.015693694353103638"
"8697","0.08060133457183838","0.08060133457183838","0.08060133457183838"
"8699","0.06475461274385452","0.06475461274385452","0.06475461274385452"
"8701","0.0026937443763017654","0.0026937443763017654","0.0026937443763017654"
"8703","0.033962950110435486","0.033962950110435486","0.033962950110435486"
"8705","0.006849765777587891","0.006849765777587891","0.006849765777587891"
"8707","0.023774322122335434","0.023774322122335434","0.023774322122335434"
"8709","0.05173458904027939","0.05173458904027939","0.05173458904027939"
"8713","0.03925810754299164","0.03925810754299164","0.03925810754299164"
"8717","0.013449341058731079","0.013449341058731079","0.013449341058731079"
"8719","0.0037730522453784943","0.0037730522453784943","0.0037730522453784943"
"8721","0.005210883915424347","0.005210883915424347","0.005210883915424347"
"8725","0.04949750751256943","0.04949750751256943","0.04949750751256943"
"8727","0.006047556176781654","0.006047556176781654","0.006047556176781654"
"8731","0.03516325354576111","0.03516325354576111","0.03516325354576111"
"8733","0.026130497455596924","0.026130497455596924","0.026130497455596924"
"8735","0.020644962787628174","0.020644962787628174","0.020644962787628174"
"8739","0.06923696398735046","0.06923696398735046","0.06923696398735046"
"8741","0.004886530339717865","0.004886530339717865","0.004886530339717865"
"8743","0.05321001261472702","0.05321001261472702","0.05321001261472702"
"8747","0.037705302238464355","0.037705302238464355","0.037705302238464355"
"8749","0.010043621063232422","0.010043621063232422","0.010043621063232422"
"8751","0.09805653989315033","0.09805653989315033","0.09805653989315033"
"8753","0.021881669759750366","0.021881669759750366","0.021881669759750366"
"8755","0.008130237460136414","0.008130237460136414","0.008130237460136414"
"8759","0.01823979616165161","0.01823979616165161","0.01823979616165161"
"8767","0.007073558866977692","0.007073558866977692","0.007073558866977692"
"8769","0.03960833698511124","0.03960833698511124","0.03960833698511124"
"8773","0.029443886131048203","0.029443886131048203","0.029443886131048203"
"8777","0.016770482063293457","0.016770482063293457","0.016770482063293457"
"8781","0.056451644748449326","0.056451644748449326","0.056451644748449326"
"8783","0.021973535418510437","0.021973535418510437","0.021973535418510437"
"8785","0.037629999220371246","0.037629999220371246","0.037629999220371246"
"8787","0.004381075501441956","0.004381075501441956","0.004381075501441956"
"8789","0.06761717796325684","0.06761717796325684","0.06761717796325684"
"8791","0.02798723429441452","0.02798723429441452","0.02798723429441452"
"8793","0.09293784201145172","0.09293784201145172","0.09293784201145172"
"8795","0.06112106889486313","0.06112106889486313","0.06112106889486313"
"8797","0.10943734645843506","0.10943734645843506","0.10943734645843506"
"8799","0.007494747638702393","0.007494747638702393","0.007494747638702393"
"8801","0.012787461280822754","0.012787461280822754","0.012787461280822754"
"8803","0.0038908571004867554","0.0038908571004867554","0.0038908571004867554"
"8805","0.04505481943488121","0.04505481943488121","0.04505481943488121"
"8809","0.010873742401599884","0.010873742401599884","0.010873742401599884"
"8811","0.009646832942962646","0.009646832942962646","0.009646832942962646"
"8813","0.01907670497894287","0.01907670497894287","0.01907670497894287"
"8815","0.06851744651794434","0.06851744651794434","0.06851744651794434"
"8819","0.04103696346282959","0.04103696346282959","0.04103696346282959"
"8821","0.07672293484210968","0.07672293484210968","0.07672293484210968"
"8823","0.03727605938911438","0.03727605938911438","0.03727605938911438"
"8825","0.02505282312631607","0.02505282312631607","0.02505282312631607"
"8827","0.01251058280467987","0.01251058280467987","0.01251058280467987"
"8831","0.033387441188097","0.033387441188097","0.033387441188097"
"8833","0.09473967552185059","0.09473967552185059","0.09473967552185059"
"8835","0.0459369421005249","0.0459369421005249","0.0459369421005249"
"8837","0.03175632655620575","0.03175632655620575","0.03175632655620575"
"8843","0.014685600996017456","0.014685600996017456","0.014685600996017456"
"8845","0.01232185959815979","0.01232185959815979","0.01232185959815979"
"8849","0.012894794344902039","0.012894794344902039","0.012894794344902039"
"8851","0.022819146513938904","0.022819146513938904","0.022819146513938904"
"8855","0.08394798636436462","0.08394798636436462","0.08394798636436462"
"8857","0.05752843618392944","0.05752843618392944","0.05752843618392944"
"8859","0.022711463272571564","0.022711463272571564","0.022711463272571564"
"8861","0.004612477496266365","0.004612477496266365","0.004612477496266365"
"8863","0.07236532121896744","0.07236532121896744","0.07236532121896744"
"8865","0.08580184727907181","0.08580184727907181","0.08580184727907181"
"8867","0.029574021697044373","0.029574021697044373","0.029574021697044373"
"8869","0.04791237413883209","0.04791237413883209","0.04791237413883209"
"8871","0.03481340408325195","0.03481340408325195","0.03481340408325195"
"8873","0.08590671420097351","0.08590671420097351","0.08590671420097351"
"8875","0.06743477284908295","0.06743477284908295","0.06743477284908295"
"8877","0.04678456857800484","0.04678456857800484","0.04678456857800484"
"8881","0.009373549371957779","0.009373549371957779","0.009373549371957779"
"8885","0.02759997546672821","0.02759997546672821","0.02759997546672821"
"8887","0.020815733820199966","0.020815733820199966","0.020815733820199966"
"8889","0.028839997947216034","0.028839997947216034","0.028839997947216034"
"8891","0.05585993826389313","0.05585993826389313","0.05585993826389313"
"8893","0.007101044058799744","0.007101044058799744","0.007101044058799744"
"8899","0.01627349853515625","0.01627349853515625","0.01627349853515625"
"8901","0.03811103105545044","0.03811103105545044","0.03811103105545044"
"8905","0.0062295496463775635","0.0062295496463775635","0.0062295496463775635"
"8907","0.012410756200551987","0.012410756200551987","0.012410756200551987"
"8909","0.040681689977645874","0.040681689977645874","0.040681689977645874"
"8911","0.012267768383026123","0.012267768383026123","0.012267768383026123"
"8915","0.003607839345932007","0.003607839345932007","0.003607839345932007"
"8923","0.005714699625968933","0.005714699625968933","0.005714699625968933"
"8925","0.005545139312744141","0.005545139312744141","0.005545139312744141"
"8929","0.010557904839515686","0.010557904839515686","0.010557904839515686"
"8931","0.007668405771255493","0.007668405771255493","0.007668405771255493"
"8933","0.026993393898010254","0.026993393898010254","0.026993393898010254"
"8935","0.00255025178194046","0.00255025178194046","0.00255025178194046"
"8937","0.0378163605928421","0.0378163605928421","0.0378163605928421"
"8941","0.04681497812271118","0.04681497812271118","0.04681497812271118"
"8943","0.008362390100955963","0.008362390100955963","0.008362390100955963"
"8945","0.0164748877286911","0.0164748877286911","0.0164748877286911"
"8947","0.023030996322631836","0.023030996322631836","0.023030996322631836"
"8951","0.021805167198181152","0.021805167198181152","0.021805167198181152"
"8953","0.010576151311397552","0.010576151311397552","0.010576151311397552"
"8957","0.037105828523635864","0.037105828523635864","0.037105828523635864"
"8961","0.03126516938209534","0.03126516938209534","0.03126516938209534"
"8965","0.0324459969997406","0.0324459969997406","0.0324459969997406"
"8967","0.013261696323752403","0.013261696323752403","0.013261696323752403"
"8973","0.10275787115097046","0.10275787115097046","0.10275787115097046"
"8975","0.031892210245132446","0.031892210245132446","0.031892210245132446"
"8977","0.030139610171318054","0.030139610171318054","0.030139610171318054"
"8981","0.008447468280792236","0.008447468280792236","0.008447468280792236"
"8983","0.005619801580905914","0.005619801580905914","0.005619801580905914"
"8987","0.003952614963054657","0.003952614963054657","0.003952614963054657"
"8991","0.05768430233001709","0.05768430233001709","0.05768430233001709"
"8993","0.00956236943602562","0.00956236943602562","0.00956236943602562"
"8995","0.0185585618019104","0.0185585618019104","0.0185585618019104"
"8997","0.029397018253803253","0.029397018253803253","0.029397018253803253"
"8999","0.01930144429206848","0.01930144429206848","0.01930144429206848"
"9003","0.041376158595085144","0.041376158595085144","0.041376158595085144"
"9007","0.0027539581060409546","0.0027539581060409546","0.0027539581060409546"
"9009","0.04228299856185913","0.04228299856185913","0.04228299856185913"
"9011","0.03095799684524536","0.03095799684524536","0.03095799684524536"
"9013","0.005105346441268921","0.005105346441268921","0.005105346441268921"
"9015","0.024128369987010956","0.024128369987010956","0.024128369987010956"
"9017","0.03135647252202034","0.03135647252202034","0.03135647252202034"
"9023","0.0036264434456825256","0.0036264434456825256","0.0036264434456825256"
"9025","0.008650030940771103","0.008650030940771103","0.008650030940771103"
"9029","0.029010266065597534","0.029010266065597534","0.029010266065597534"
"9031","0.023289799690246582","0.023289799690246582","0.023289799690246582"
"9033","0.026847153902053833","0.026847153902053833","0.026847153902053833"
"9035","0.10138261318206787","0.10138261318206787","0.10138261318206787"
"9037","0.04545873403549194","0.04545873403549194","0.04545873403549194"
"9039","0.19358870387077332","0.19358870387077332","0.19358870387077332"
"9041","0.043924689292907715","0.043924689292907715","0.043924689292907715"
"9043","0.015645842999219894","0.015645842999219894","0.015645842999219894"
"9045","0.00531160831451416","0.00531160831451416","0.00531160831451416"
"9051","0.03672056272625923","0.03672056272625923","0.03672056272625923"
"9053","0.09060110151767731","0.09060110151767731","0.09060110151767731"
"9055","0.053541697561740875","0.053541697561740875","0.053541697561740875"
"9057","0.019714415073394775","0.019714415073394775","0.019714415073394775"
"9061","0.009480655193328857","0.009480655193328857","0.009480655193328857"
"9063","0.006292939186096191","0.006292939186096191","0.006292939186096191"
"9065","0.006619244813919067","0.006619244813919067","0.006619244813919067"
"9071","0.013817254453897476","0.013817254453897476","0.013817254453897476"
"9073","0.018150418996810913","0.018150418996810913","0.018150418996810913"
"9075","0.010972261428833008","0.010972261428833008","0.010972261428833008"
"9081","0.017841115593910217","0.017841115593910217","0.017841115593910217"
"9085","0.0749894380569458","0.0749894380569458","0.0749894380569458"
"9087","0.007582854479551315","0.007582854479551315","0.007582854479551315"
"9089","0.004804365336894989","0.004804365336894989","0.004804365336894989"
"9091","0.0668979287147522","0.0668979287147522","0.0668979287147522"
"9093","0.018819861114025116","0.018819861114025116","0.018819861114025116"
"9095","0.06515705585479736","0.06515705585479736","0.06515705585479736"
"9097","0.0027204006910324097","0.0027204006910324097","0.0027204006910324097"
"9101","0.0024427175521850586","0.0024427175521850586","0.0024427175521850586"
"9103","0.004946757107973099","0.004946757107973099","0.004946757107973099"
"9105","0.021023035049438477","0.021023035049438477","0.021023035049438477"
"9107","0.005076434463262558","0.005076434463262558","0.005076434463262558"
"9109","0.08315268158912659","0.08315268158912659","0.08315268158912659"
"9111","0.04385502636432648","0.04385502636432648","0.04385502636432648"
"9113","0.00937207043170929","0.00937207043170929","0.00937207043170929"
"9115","0.007286883890628815","0.007286883890628815","0.007286883890628815"
"9117","0.014583498239517212","0.014583498239517212","0.014583498239517212"
"9119","0.006724007427692413","0.006724007427692413","0.006724007427692413"
"9121","0.0058860182762146","0.0058860182762146","0.0058860182762146"
"9127","0.00918799638748169","0.00918799638748169","0.00918799638748169"
"9129","0.09766852855682373","0.09766852855682373","0.09766852855682373"
"9133","0.06664390861988068","0.06664390861988068","0.06664390861988068"
"9135","0.0029586441814899445","0.0029586441814899445","0.0029586441814899445"
"9137","0.004723165184259415","0.004723165184259415","0.004723165184259415"
"9139","0.0012977942824363708","0.0012977942824363708","0.0012977942824363708"
"9141","0.06983603537082672","0.06983603537082672","0.06983603537082672"
"9145","0.05707098916172981","0.05707098916172981","0.05707098916172981"
"9147","0.006666503846645355","0.006666503846645355","0.006666503846645355"
"9149","0.008642204105854034","0.008642204105854034","0.008642204105854034"
"9151","0.006286285817623138","0.006286285817623138","0.006286285817623138"
"9153","0.002594776451587677","0.002594776451587677","0.002594776451587677"
"9155","0.048178158700466156","0.048178158700466156","0.048178158700466156"
"9157","0.0067328959703445435","0.0067328959703445435","0.0067328959703445435"
"9159","0.00476440042257309","0.00476440042257309","0.00476440042257309"
"9161","0.02706758864223957","0.02706758864223957","0.02706758864223957"
"9165","0.029780106619000435","0.029780106619000435","0.029780106619000435"
"9167","0.10763199627399445","0.10763199627399445","0.10763199627399445"
"9169","0.08679834008216858","0.08679834008216858","0.08679834008216858"
"9171","0.016641944646835327","0.016641944646835327","0.016641944646835327"
"9173","0.06460016965866089","0.06460016965866089","0.06460016965866089"
"9175","0.007169388234615326","0.007169388234615326","0.007169388234615326"
"9177","0.03737221285700798","0.03737221285700798","0.03737221285700798"
"9179","0.04133771359920502","0.04133771359920502","0.04133771359920502"
"9181","0.06866807490587234","0.06866807490587234","0.06866807490587234"
"9183","0.014004845172166824","0.014004845172166824","0.014004845172166824"
"9185","0.0012126732617616653","0.0012126732617616653","0.0012126732617616653"
"9187","0.02071785368025303","0.02071785368025303","0.02071785368025303"
"9189","0.013620063662528992","0.013620063662528992","0.013620063662528992"
"9191","0.01703774742782116","0.01703774742782116","0.01703774742782116"
"9195","0.022281765937805176","0.022281765937805176","0.022281765937805176"
"9197","0.02539306879043579","0.02539306879043579","0.02539306879043579"
"9199","0.011526551097631454","0.011526551097631454","0.011526551097631454"
"9201","0.010152637958526611","0.010152637958526611","0.010152637958526611"
"9203","0.02384677529335022","0.02384677529335022","0.02384677529335022"
"9205","0.05049428343772888","0.05049428343772888","0.05049428343772888"
"9207","0.013372063636779785","0.013372063636779785","0.013372063636779785"
"9209","0.00798112154006958","0.00798112154006958","0.00798112154006958"
"9213","0.00884588435292244","0.00884588435292244","0.00884588435292244"
"9215","0.07975983619689941","0.07975983619689941","0.07975983619689941"
"9217","0.01836678385734558","0.01836678385734558","0.01836678385734558"
"9226","0.03298402950167656","0.03298402950167656","0.03298402950167656"
"9228","0.008150458335876465","0.008150458335876465","0.008150458335876465"
"9230","0.005887284874916077","0.005887284874916077","0.005887284874916077"
"9236","0.03418487310409546","0.03418487310409546","0.03418487310409546"
"9238","0.03440147638320923","0.03440147638320923","0.03440147638320923"
"9242","0.008340954780578613","0.008340954780578613","0.008340954780578613"
"9244","0.007433995604515076","0.007433995604515076","0.007433995604515076"
"9246","0.02050894871354103","0.02050894871354103","0.02050894871354103"
"9252","0.023335814476013184","0.023335814476013184","0.023335814476013184"
"9254","0.07012458145618439","0.07012458145618439","0.07012458145618439"
"9256","0.10339221358299255","0.10339221358299255","0.10339221358299255"
"9258","0.03343937546014786","0.03343937546014786","0.03343937546014786"
"9260","0.04596872627735138","0.04596872627735138","0.04596872627735138"
"9262","0.005105264484882355","0.005105264484882355","0.005105264484882355"
"9264","0.007609441876411438","0.007609441876411438","0.007609441876411438"
"9266","0.005166536197066307","0.005166536197066307","0.005166536197066307"
"9268","0.04588037729263306","0.04588037729263306","0.04588037729263306"
"9270","0.02623618021607399","0.02623618021607399","0.02623618021607399"
"9272","0.012669133022427559","0.012669133022427559","0.012669133022427559"
"9274","0.005881085991859436","0.005881085991859436","0.005881085991859436"
"9276","0.02862212061882019","0.02862212061882019","0.02862212061882019"
"9278","0.06021510064601898","0.06021510064601898","0.06021510064601898"
"9280","0.006725165992975235","0.006725165992975235","0.006725165992975235"
"9286","0.018964247778058052","0.018964247778058052","0.018964247778058052"
"9288","0.0038852524012327194","0.0038852524012327194","0.0038852524012327194"
"9290","0.005734380334615707","0.005734380334615707","0.005734380334615707"
"9292","0.056134212762117386","0.056134212762117386","0.056134212762117386"
"9294","0.046330854296684265","0.046330854296684265","0.046330854296684265"
"9296","0.03922410309314728","0.03922410309314728","0.03922410309314728"
"9298","0.025367900729179382","0.025367900729179382","0.025367900729179382"
"9304","0.009388340637087822","0.009388340637087822","0.009388340637087822"
"9306","0.01131700724363327","0.01131700724363327","0.01131700724363327"
"9308","0.01892279088497162","0.01892279088497162","0.01892279088497162"
"9310","0.051801443099975586","0.051801443099975586","0.051801443099975586"
"9312","0.039241015911102295","0.039241015911102295","0.039241015911102295"
"9314","0.014653623104095459","0.014653623104095459","0.014653623104095459"
"9316","0.04334068298339844","0.04334068298339844","0.04334068298339844"
"9318","0.009437628090381622","0.009437628090381622","0.009437628090381622"
"9320","0.018437206745147705","0.018437206745147705","0.018437206745147705"
"9322","0.011001933366060257","0.011001933366060257","0.011001933366060257"
"9324","0.014829721301794052","0.014829721301794052","0.014829721301794052"
"9326","0.081997811794281","0.081997811794281","0.081997811794281"
"9328","0.016110122203826904","0.016110122203826904","0.016110122203826904"
"9330","0.04545709490776062","0.04545709490776062","0.04545709490776062"
"9332","0.018951687961816788","0.018951687961816788","0.018951687961816788"
"9334","0.01848652958869934","0.01848652958869934","0.01848652958869934"
"9336","0.0033954977989196777","0.0033954977989196777","0.0033954977989196777"
"9338","0.02831079438328743","0.02831079438328743","0.02831079438328743"
"9342","0.03834860026836395","0.03834860026836395","0.03834860026836395"
"9344","0.016148477792739868","0.016148477792739868","0.016148477792739868"
"9348","0.02653408795595169","0.02653408795595169","0.02653408795595169"
"9350","0.028477251529693604","0.028477251529693604","0.028477251529693604"
"9354","0.012320313602685928","0.012320313602685928","0.012320313602685928"
"9356","0.023847520351409912","0.023847520351409912","0.023847520351409912"
"9358","0.001401042565703392","0.001401042565703392","0.001401042565703392"
"9360","0.016973700374364853","0.016973700374364853","0.016973700374364853"
"9362","0.07803463935852051","0.07803463935852051","0.07803463935852051"
"9364","0.01581646502017975","0.01581646502017975","0.01581646502017975"
"9366","0.0037477612495422363","0.0037477612495422363","0.0037477612495422363"
"9368","0.0102805495262146","0.0102805495262146","0.0102805495262146"
"9370","0.020160645246505737","0.020160645246505737","0.020160645246505737"
"9372","0.025062117725610733","0.025062117725610733","0.025062117725610733"
"9374","0.0009652357548475266","0.0009652357548475266","0.0009652357548475266"
"9376","0.041242629289627075","0.041242629289627075","0.041242629289627075"
"9382","0.01876247674226761","0.01876247674226761","0.01876247674226761"
"9384","0.0011767949908971786","0.0011767949908971786","0.0011767949908971786"
"9386","0.08517298847436905","0.08517298847436905","0.08517298847436905"
"9390","0.0601477324962616","0.0601477324962616","0.0601477324962616"
"9392","0.05157935619354248","0.05157935619354248","0.05157935619354248"
"9394","0.02378588169813156","0.02378588169813156","0.02378588169813156"
"9396","0.08508998155593872","0.08508998155593872","0.08508998155593872"
"9398","0.033569369465112686","0.033569369465112686","0.033569369465112686"
"9400","0.07674311101436615","0.07674311101436615","0.07674311101436615"
"9402","0.004497971385717392","0.004497971385717392","0.004497971385717392"
"9404","0.012113939970731735","0.012113939970731735","0.012113939970731735"
"9406","0.08293066173791885","0.08293066173791885","0.08293066173791885"
"9408","0.023807168006896973","0.023807168006896973","0.023807168006896973"
"9412","0.002003919333219528","0.002003919333219528","0.002003919333219528"
"9414","0.03973252326250076","0.03973252326250076","0.03973252326250076"
"9416","0.006164848804473877","0.006164848804473877","0.006164848804473877"
"9420","0.052840426564216614","0.052840426564216614","0.052840426564216614"
"9422","0.09685075283050537","0.09685075283050537","0.09685075283050537"
"9424","0.033537060022354126","0.033537060022354126","0.033537060022354126"
"9426","0.045009300112724304","0.045009300112724304","0.045009300112724304"
"9428","0.012411866337060928","0.012411866337060928","0.012411866337060928"
"9430","0.01171770691871643","0.01171770691871643","0.01171770691871643"
"9432","0.03552311658859253","0.03552311658859253","0.03552311658859253"
"9434","0.012060478329658508","0.012060478329658508","0.012060478329658508"
"9436","0.0033129826188087463","0.0033129826188087463","0.0033129826188087463"
"9440","0.019803836941719055","0.019803836941719055","0.019803836941719055"
"9442","0.02504107356071472","0.02504107356071472","0.02504107356071472"
"9446","0.022278666496276855","0.022278666496276855","0.022278666496276855"
"9448","0.019137412309646606","0.019137412309646606","0.019137412309646606"
"9450","0.014178037643432617","0.014178037643432617","0.014178037643432617"
"9454","0.012851754203438759","0.012851754203438759","0.012851754203438759"
"9458","0.0038102269172668457","0.0038102269172668457","0.0038102269172668457"
"9460","0.005529612302780151","0.005529612302780151","0.005529612302780151"
"9462","0.00533747673034668","0.00533747673034668","0.00533747673034668"
"9464","0.021963074803352356","0.021963074803352356","0.021963074803352356"
"9468","0.05230019986629486","0.05230019986629486","0.05230019986629486"
"9470","0.047674283385276794","0.047674283385276794","0.047674283385276794"
"9472","0.010096997022628784","0.010096997022628784","0.010096997022628784"
"9474","0.01014968752861023","0.01014968752861023","0.01014968752861023"
"9478","0.04770106077194214","0.04770106077194214","0.04770106077194214"
"9480","0.044711194932460785","0.044711194932460785","0.044711194932460785"
"9482","0.024296971037983894","0.024296971037983894","0.024296971037983894"
"9484","0.007523819804191589","0.007523819804191589","0.007523819804191589"
"9488","0.031706005334854126","0.031706005334854126","0.031706005334854126"
"9490","0.005074650049209595","0.005074650049209595","0.005074650049209595"
"9492","0.006469056010246277","0.006469056010246277","0.006469056010246277"
"9494","0.007084578275680542","0.007084578275680542","0.007084578275680542"
"9496","0.004022590816020966","0.004022590816020966","0.004022590816020966"
"9500","0.030796155333518982","0.030796155333518982","0.030796155333518982"
"9504","0.03541036695241928","0.03541036695241928","0.03541036695241928"
"9506","0.08388601243495941","0.08388601243495941","0.08388601243495941"
"9508","0.012958109378814697","0.012958109378814697","0.012958109378814697"
"9512","0.030530601739883423","0.030530601739883423","0.030530601739883423"
"9514","0.06927911937236786","0.06927911937236786","0.06927911937236786"
"9516","0.045153528451919556","0.045153528451919556","0.045153528451919556"
"9518","0.02921205759048462","0.02921205759048462","0.02921205759048462"
"9520","0.02256007492542267","0.02256007492542267","0.02256007492542267"
"9522","0.11260867118835449","0.11260867118835449","0.11260867118835449"
"9524","0.09605150669813156","0.09605150669813156","0.09605150669813156"
"9526","0.01632218062877655","0.01632218062877655","0.01632218062877655"
"9530","0.0021546445786952972","0.0021546445786952972","0.0021546445786952972"
"9538","0.010430902242660522","0.010430902242660522","0.010430902242660522"
"9540","0.04870694875717163","0.04870694875717163","0.04870694875717163"
"9542","0.0072104427963495255","0.0072104427963495255","0.0072104427963495255"
"9544","0.03236180543899536","0.03236180543899536","0.03236180543899536"
"9554","0.014053300023078918","0.014053300023078918","0.014053300023078918"
"9556","0.020898275077342987","0.020898275077342987","0.020898275077342987"
"9558","0.005369534716010094","0.005369534716010094","0.005369534716010094"
"9560","0.02625340223312378","0.02625340223312378","0.02625340223312378"
"9566","0.0471855103969574","0.0471855103969574","0.0471855103969574"
"9570","0.006197631359100342","0.006197631359100342","0.006197631359100342"
"9572","0.003215782344341278","0.003215782344341278","0.003215782344341278"
"9576","0.00784551352262497","0.00784551352262497","0.00784551352262497"
"9578","0.045084089040756226","0.045084089040756226","0.045084089040756226"
"9580","0.0050688982009887695","0.0050688982009887695","0.0050688982009887695"
"9584","0.018588773906230927","0.018588773906230927","0.018588773906230927"
"9586","0.004636108875274658","0.004636108875274658","0.004636108875274658"
"9590","0.0068636685609817505","0.0068636685609817505","0.0068636685609817505"
"9592","0.02667614072561264","0.02667614072561264","0.02667614072561264"
"9596","0.026592880487442017","0.026592880487442017","0.026592880487442017"
"9598","0.010131098330020905","0.010131098330020905","0.010131098330020905"
"9600","0.0650891363620758","0.0650891363620758","0.0650891363620758"
"9602","0.019892223179340363","0.019892223179340363","0.019892223179340363"
"9604","0.017574310302734375","0.017574310302734375","0.017574310302734375"
"9610","0.004970123991370201","0.004970123991370201","0.004970123991370201"
"9612","0.00898391380906105","0.00898391380906105","0.00898391380906105"
"9614","0.06537801772356033","0.06537801772356033","0.06537801772356033"
"9620","0.005942210555076599","0.005942210555076599","0.005942210555076599"
"9622","0.028135277330875397","0.028135277330875397","0.028135277330875397"
"9624","0.0022239387035369873","0.0022239387035369873","0.0022239387035369873"
"9626","0.02771526575088501","0.02771526575088501","0.02771526575088501"
"9628","0.009325608611106873","0.009325608611106873","0.009325608611106873"
"9630","0.007086709141731262","0.007086709141731262","0.007086709141731262"
"9632","0.007439646869897842","0.007439646869897842","0.007439646869897842"
"9634","0.01649557054042816","0.01649557054042816","0.01649557054042816"
"9638","0.03241218626499176","0.03241218626499176","0.03241218626499176"
"9642","0.05123329162597656","0.05123329162597656","0.05123329162597656"
"9644","0.013895440846681595","0.013895440846681595","0.013895440846681595"
"9648","0.04150399565696716","0.04150399565696716","0.04150399565696716"
"9652","0.04841298609972","0.04841298609972","0.04841298609972"
"9654","0.027981378138065338","0.027981378138065338","0.027981378138065338"
"9658","0.02611592970788479","0.02611592970788479","0.02611592970788479"
"9660","0.02583046816289425","0.02583046816289425","0.02583046816289425"
"9662","0.017269441857933998","0.017269441857933998","0.017269441857933998"
"9666","0.01656639575958252","0.01656639575958252","0.01656639575958252"
"9668","0.021625392138957977","0.021625392138957977","0.021625392138957977"
"9670","0.01680300198495388","0.01680300198495388","0.01680300198495388"
"9672","0.023385558277368546","0.023385558277368546","0.023385558277368546"
"9674","0.0010803937911987305","0.0010803937911987305","0.0010803937911987305"
"9678","0.03329199552536011","0.03329199552536011","0.03329199552536011"
"9680","0.018036305904388428","0.018036305904388428","0.018036305904388428"
"9686","0.04565291106700897","0.04565291106700897","0.04565291106700897"
"9688","0.007031302899122238","0.007031302899122238","0.007031302899122238"
"9690","0.020707622170448303","0.020707622170448303","0.020707622170448303"
"9692","0.07468502968549728","0.07468502968549728","0.07468502968549728"
"9696","0.005875885486602783","0.005875885486602783","0.005875885486602783"
"9698","0.009367167949676514","0.009367167949676514","0.009367167949676514"
"9700","0.016529707238078117","0.016529707238078117","0.016529707238078117"
"9702","0.01992267370223999","0.01992267370223999","0.01992267370223999"
"9706","0.0012759063392877579","0.0012759063392877579","0.0012759063392877579"
"9708","0.0032842643558979034","0.0032842643558979034","0.0032842643558979034"
"9712","0.007933221757411957","0.007933221757411957","0.007933221757411957"
"9714","0.010019063949584961","0.010019063949584961","0.010019063949584961"
"9716","0.0015131905674934387","0.0015131905674934387","0.0015131905674934387"
"9720","0.001606326550245285","0.001606326550245285","0.001606326550245285"
"9722","0.006633058190345764","0.006633058190345764","0.006633058190345764"
"9724","0.016376912593841553","0.016376912593841553","0.016376912593841553"
"9726","0.00715428963303566","0.00715428963303566","0.00715428963303566"
"9728","0.01629195362329483","0.01629195362329483","0.01629195362329483"
"9730","0.02314925193786621","0.02314925193786621","0.02314925193786621"
"9732","0.04171183705329895","0.04171183705329895","0.04171183705329895"
"9734","0.041798047721385956","0.041798047721385956","0.041798047721385956"
"9736","0.005078315734863281","0.005078315734863281","0.005078315734863281"
"9740","0.002056688070297241","0.002056688070297241","0.002056688070297241"
"9744","0.014401290565729141","0.014401290565729141","0.014401290565729141"
"9751","0.0032285265624523163","0.0032285265624523163","0.0032285265624523163"
"9753","0.008540432900190353","0.008540432900190353","0.008540432900190353"
"9757","0.008648872375488281","0.008648872375488281","0.008648872375488281"
"9759","0.014967769384384155","0.014967769384384155","0.014967769384384155"
"9761","0.008895397186279297","0.008895397186279297","0.008895397186279297"
"9763","0.007023118436336517","0.007023118436336517","0.007023118436336517"
"9767","0.006693661212921143","0.006693661212921143","0.006693661212921143"
"9777","0.04362528771162033","0.04362528771162033","0.04362528771162033"
"9779","0.009263768792152405","0.009263768792152405","0.009263768792152405"
"9781","0.0023609083145856857","0.0023609083145856857","0.0023609083145856857"
"9797","0.004663888365030289","0.004663888365030289","0.004663888365030289"
"9799","0.004290793091058731","0.004290793091058731","0.004290793091058731"
"9805","0.0030193552374839783","0.0030193552374839783","0.0030193552374839783"
"9807","0.009454062208533287","0.009454062208533287","0.009454062208533287"
"9813","0.003002844750881195","0.003002844750881195","0.003002844750881195"
"9815","0.010677218437194824","0.010677218437194824","0.010677218437194824"
"9817","0.011933211237192154","0.011933211237192154","0.011933211237192154"
"9825","0.02979639358818531","0.02979639358818531","0.02979639358818531"
"9829","0.034312039613723755","0.034312039613723755","0.034312039613723755"
"9833","0.004174496978521347","0.004174496978521347","0.004174496978521347"
"9835","0.0025401804596185684","0.0025401804596185684","0.0025401804596185684"
"9837","0.02208133414387703","0.02208133414387703","0.02208133414387703"
"9843","0.0018261894583702087","0.0018261894583702087","0.0018261894583702087"
"9845","0.018225818872451782","0.018225818872451782","0.018225818872451782"
"9847","0.017267152667045593","0.017267152667045593","0.017267152667045593"
"9849","0.005065787583589554","0.005065787583589554","0.005065787583589554"
"9851","0.0026440583169460297","0.0026440583169460297","0.0026440583169460297"
"9855","0.005028072744607925","0.005028072744607925","0.005028072744607925"
"9857","0.007813766598701477","0.007813766598701477","0.007813766598701477"
"9859","0.031632691621780396","0.031632691621780396","0.031632691621780396"
"9861","0.001411575824022293","0.001411575824022293","0.001411575824022293"
"9863","0.026772677898406982","0.026772677898406982","0.026772677898406982"
"9867","0.07376721501350403","0.07376721501350403","0.07376721501350403"
"9869","0.02967900037765503","0.02967900037765503","0.02967900037765503"
"9871","0.004383966326713562","0.004383966326713562","0.004383966326713562"
"9875","0.005204636603593826","0.005204636603593826","0.005204636603593826"
"9879","0.008982105180621147","0.008982105180621147","0.008982105180621147"
"9883","0.03317639231681824","0.03317639231681824","0.03317639231681824"
"9885","0.0034432411193847656","0.0034432411193847656","0.0034432411193847656"
"9889","0.021366022527217865","0.021366022527217865","0.021366022527217865"
"9891","0.0038763415068387985","0.0038763415068387985","0.0038763415068387985"
"9893","0.036331504583358765","0.036331504583358765","0.036331504583358765"
"9895","0.013778898864984512","0.013778898864984512","0.013778898864984512"
"9899","0.0295663233846426","0.0295663233846426","0.0295663233846426"
"9901","0.0012268275022506714","0.0012268275022506714","0.0012268275022506714"
"9903","0.004554677754640579","0.004554677754640579","0.004554677754640579"
"9907","0.010559652000665665","0.010559652000665665","0.010559652000665665"
"9911","0.007493399083614349","0.007493399083614349","0.007493399083614349"
"9915","0.05479216203093529","0.05479216203093529","0.05479216203093529"
"9917","0.0016220882534980774","0.0016220882534980774","0.0016220882534980774"
"9925","0.006498640403151512","0.006498640403151512","0.006498640403151512"
"9927","0.0033225640654563904","0.0033225640654563904","0.0033225640654563904"
"9929","0.014677461236715317","0.014677461236715317","0.014677461236715317"
"9931","0.0037047788500785828","0.0037047788500785828","0.0037047788500785828"
"9937","0.011210724711418152","0.011210724711418152","0.011210724711418152"
"9939","0.017951510846614838","0.017951510846614838","0.017951510846614838"
"9941","0.04390264302492142","0.04390264302492142","0.04390264302492142"
"9943","0.0030337106436491013","0.0030337106436491013","0.0030337106436491013"
"9945","0.016205497086048126","0.016205497086048126","0.016205497086048126"
"9949","0.01695571094751358","0.01695571094751358","0.01695571094751358"
"9951","0.009762497618794441","0.009762497618794441","0.009762497618794441"
"9955","0.007554560899734497","0.007554560899734497","0.007554560899734497"
"9957","0.03911585733294487","0.03911585733294487","0.03911585733294487"
"9959","0.0008057430386543274","0.0008057430386543274","0.0008057430386543274"
"9965","0.012975960969924927","0.012975960969924927","0.012975960969924927"
"9969","0.002176370471715927","0.002176370471715927","0.002176370471715927"
"9971","0.004226693883538246","0.004226693883538246","0.004226693883538246"
"9975","0.00813305377960205","0.00813305377960205","0.00813305377960205"
"9977","0.005925795063376427","0.005925795063376427","0.005925795063376427"
"9979","0.021126210689544678","0.021126210689544678","0.021126210689544678"
"9981","0.04668794199824333","0.04668794199824333","0.04668794199824333"
"9983","0.006505176424980164","0.006505176424980164","0.006505176424980164"
"9985","0.017514465376734734","0.017514465376734734","0.017514465376734734"
"9987","0.006418675184249878","0.006418675184249878","0.006418675184249878"
"9991","0.04466716945171356","0.04466716945171356","0.04466716945171356"
"9993","0.02716231346130371","0.02716231346130371","0.02716231346130371"
"9995","0.0059008002281188965","0.0059008002281188965","0.0059008002281188965"
"9997","0.0018890127539634705","0.0018890127539634705","0.0018890127539634705"
"10001","0.008465982973575592","0.008465982973575592","0.008465982973575592"
"10003","0.006726328283548355","0.006726328283548355","0.006726328283548355"
"10005","0.012342140078544617","0.012342140078544617","0.012342140078544617"
"10007","0.004097651690244675","0.004097651690244675","0.004097651690244675"
"10011","0.004393275827169418","0.004393275827169418","0.004393275827169418"
"10013","0.0698627158999443","0.0698627158999443","0.0698627158999443"
"10015","0.025135992094874382","0.025135992094874382","0.025135992094874382"
"10023","0.04120543599128723","0.04120543599128723","0.04120543599128723"
"10027","0.0016132909804582596","0.0016132909804582596","0.0016132909804582596"
"10029","0.0018332935869693756","0.0018332935869693756","0.0018332935869693756"
"10033","0.007699012756347656","0.007699012756347656","0.007699012756347656"
"10035","0.026460662484169006","0.026460662484169006","0.026460662484169006"
"10037","0.004270102828741074","0.004270102828741074","0.004270102828741074"
"10039","0.05571529641747475","0.05571529641747475","0.05571529641747475"
"10041","0.01018640398979187","0.01018640398979187","0.01018640398979187"
"10043","0.005403891205787659","0.005403891205787659","0.005403891205787659"
"10045","0.004086356610059738","0.004086356610059738","0.004086356610059738"
"10047","0.013205885887145996","0.013205885887145996","0.013205885887145996"
"10051","0.007050812244415283","0.007050812244415283","0.007050812244415283"
"10053","0.03038211166858673","0.03038211166858673","0.03038211166858673"
"10055","0.001250043511390686","0.001250043511390686","0.001250043511390686"
"10057","0.027472496032714844","0.027472496032714844","0.027472496032714844"
"10065","0.0016319360584020615","0.0016319360584020615","0.0016319360584020615"
"10067","0.01343117281794548","0.01343117281794548","0.01343117281794548"
"10071","0.01901594176888466","0.01901594176888466","0.01901594176888466"
"10073","0.012747641652822495","0.012747641652822495","0.012747641652822495"
"10075","0.003605082631111145","0.003605082631111145","0.003605082631111145"
"10077","0.038879312574863434","0.038879312574863434","0.038879312574863434"
"10079","0.018427295610308647","0.018427295610308647","0.018427295610308647"
"10087","0.010155633091926575","0.010155633091926575","0.010155633091926575"
"10089","0.008326515555381775","0.008326515555381775","0.008326515555381775"
"10091","0.018435588106513023","0.018435588106513023","0.018435588106513023"
"10093","0.023557960987091064","0.023557960987091064","0.023557960987091064"
"10095","0.012365704402327538","0.012365704402327538","0.012365704402327538"
"10097","0.039423033595085144","0.039423033595085144","0.039423033595085144"
"10099","0.030592747032642365","0.030592747032642365","0.030592747032642365"
"10103","0.03488314151763916","0.03488314151763916","0.03488314151763916"
"10105","0.00631370022892952","0.00631370022892952","0.00631370022892952"
"10107","0.01300005428493023","0.01300005428493023","0.01300005428493023"
"10113","0.04629586637020111","0.04629586637020111","0.04629586637020111"
"10115","0.004509346559643745","0.004509346559643745","0.004509346559643745"
"10117","0.0053275227546691895","0.0053275227546691895","0.0053275227546691895"
"10119","0.003636131063103676","0.003636131063103676","0.003636131063103676"
"10121","0.008927104994654655","0.008927104994654655","0.008927104994654655"
"10123","0.002174079418182373","0.002174079418182373","0.002174079418182373"
"10125","0.06266400218009949","0.06266400218009949","0.06266400218009949"
"10127","0.014563262462615967","0.014563262462615967","0.014563262462615967"
"10129","0.05467696860432625","0.05467696860432625","0.05467696860432625"
"10131","0.006991272792220116","0.006991272792220116","0.006991272792220116"
"10133","0.00803547352552414","0.00803547352552414","0.00803547352552414"
"10137","0.00331868976354599","0.00331868976354599","0.00331868976354599"
"10139","0.003800269216299057","0.003800269216299057","0.003800269216299057"
"10141","0.002963811159133911","0.002963811159133911","0.002963811159133911"
"10143","0.03157095983624458","0.03157095983624458","0.03157095983624458"
"10145","0.08422178775072098","0.08422178775072098","0.08422178775072098"
"10147","0.04973546415567398","0.04973546415567398","0.04973546415567398"
"10149","0.028641151264309883","0.028641151264309883","0.028641151264309883"
"10151","0.01840529590845108","0.01840529590845108","0.01840529590845108"
"10153","0.014300435781478882","0.014300435781478882","0.014300435781478882"
"10157","0.016155719757080078","0.016155719757080078","0.016155719757080078"
"10159","0.038999006152153015","0.038999006152153015","0.038999006152153015"
"10163","0.03090541623532772","0.03090541623532772","0.03090541623532772"
"10165","0.030004262924194336","0.030004262924194336","0.030004262924194336"
"10167","0.018681172281503677","0.018681172281503677","0.018681172281503677"
"10169","0.009087717160582542","0.009087717160582542","0.009087717160582542"
"10173","0.009900931268930435","0.009900931268930435","0.009900931268930435"
"10177","0.007932372391223907","0.007932372391223907","0.007932372391223907"
"10179","0.021265022456645966","0.021265022456645966","0.021265022456645966"
"10181","0.08086994290351868","0.08086994290351868","0.08086994290351868"
"10183","0.0015397891402244568","0.0015397891402244568","0.0015397891402244568"
"10185","0.03581814467906952","0.03581814467906952","0.03581814467906952"
"10187","0.029389560222625732","0.029389560222625732","0.029389560222625732"
"10189","0.040133338421583176","0.040133338421583176","0.040133338421583176"
"10191","0.00164007768034935","0.00164007768034935","0.00164007768034935"
"10195","0.025126619264483452","0.025126619264483452","0.025126619264483452"
"10199","0.024539895355701447","0.024539895355701447","0.024539895355701447"
"10203","0.0018293242901563644","0.0018293242901563644","0.0018293242901563644"
"10205","0.013594485819339752","0.013594485819339752","0.013594485819339752"
"10207","0.006089214235544205","0.006089214235544205","0.006089214235544205"
"10209","0.0016143694519996643","0.0016143694519996643","0.0016143694519996643"
"10213","0.009413011372089386","0.009413011372089386","0.009413011372089386"
"10215","0.058802634477615356","0.058802634477615356","0.058802634477615356"
"10217","0.041035763919353485","0.041035763919353485","0.041035763919353485"
"10223","0.010931432247161865","0.010931432247161865","0.010931432247161865"
"10227","0.029909932985901833","0.029909932985901833","0.029909932985901833"
"10229","0.019447730854153633","0.019447730854153633","0.019447730854153633"
"10231","0.016751302406191826","0.016751302406191826","0.016751302406191826"
"10233","0.005737915635108948","0.005737915635108948","0.005737915635108948"
"10235","0.016156001016497612","0.016156001016497612","0.016156001016497612"
"10237","0.004001764580607414","0.004001764580607414","0.004001764580607414"
"10239","0.0482751801609993","0.0482751801609993","0.0482751801609993"
"10243","0.00707215815782547","0.00707215815782547","0.00707215815782547"
"10245","0.013164322823286057","0.013164322823286057","0.013164322823286057"
"10247","0.026577938348054886","0.026577938348054886","0.026577938348054886"
"10251","0.008798856288194656","0.008798856288194656","0.008798856288194656"
"10255","0.001118278130888939","0.001118278130888939","0.001118278130888939"
"10257","0.02151605673134327","0.02151605673134327","0.02151605673134327"
"10259","0.04412519931793213","0.04412519931793213","0.04412519931793213"
"10261","0.05167403072118759","0.05167403072118759","0.05167403072118759"
"10265","0.03317778557538986","0.03317778557538986","0.03317778557538986"
"10267","0.02403227984905243","0.02403227984905243","0.02403227984905243"
"10269","0.00649326853454113","0.00649326853454113","0.00649326853454113"
"10273","0.03959839791059494","0.03959839791059494","0.03959839791059494"
"10278","0.02376611717045307","0.02376611717045307","0.02376611717045307"
"10280","0.0203629732131958","0.0203629732131958","0.0203629732131958"
"10282","0.016947627067565918","0.016947627067565918","0.016947627067565918"
"10284","0.04303274676203728","0.04303274676203728","0.04303274676203728"
"10286","0.007892096415162086","0.007892096415162086","0.007892096415162086"
"10292","0.0011287033557891846","0.0011287033557891846","0.0011287033557891846"
"10294","0.0014870744198560715","0.0014870744198560715","0.0014870744198560715"
"10298","0.03172054886817932","0.03172054886817932","0.03172054886817932"
"10300","0.003418233245611191","0.003418233245611191","0.003418233245611191"
"10302","0.004040360450744629","0.004040360450744629","0.004040360450744629"
"10304","0.06794989109039307","0.06794989109039307","0.06794989109039307"
"10306","0.027773909270763397","0.027773909270763397","0.027773909270763397"
"10310","0.021852703765034676","0.021852703765034676","0.021852703765034676"
"10316","0.011422956362366676","0.011422956362366676","0.011422956362366676"
"10318","0.022552892565727234","0.022552892565727234","0.022552892565727234"
"10320","0.04737820476293564","0.04737820476293564","0.04737820476293564"
"10322","0.010421037673950195","0.010421037673950195","0.010421037673950195"
"10324","0.017060108482837677","0.017060108482837677","0.017060108482837677"
"10326","0.024151667952537537","0.024151667952537537","0.024151667952537537"
"10328","0.007247947156429291","0.007247947156429291","0.007247947156429291"
"10332","0.003944955766201019","0.003944955766201019","0.003944955766201019"
"10340","0.006035968661308289","0.006035968661308289","0.006035968661308289"
"10342","0.01426253467798233","0.01426253467798233","0.01426253467798233"
"10344","0.02236308716237545","0.02236308716237545","0.02236308716237545"
"10346","0.030293822288513184","0.030293822288513184","0.030293822288513184"
"10348","0.0008284877985715866","0.0008284877985715866","0.0008284877985715866"
"10350","0.006650410592556","0.006650410592556","0.006650410592556"
"10352","0.02258133888244629","0.02258133888244629","0.02258133888244629"
"10354","0.004716522991657257","0.004716522991657257","0.004716522991657257"
"10356","0.04270746186375618","0.04270746186375618","0.04270746186375618"
"10358","0.004679860547184944","0.004679860547184944","0.004679860547184944"
"10360","0.0027437806129455566","0.0027437806129455566","0.0027437806129455566"
"10362","0.039430055767297745","0.039430055767297745","0.039430055767297745"
"10364","0.05581114441156387","0.05581114441156387","0.05581114441156387"
"10366","0.0007993876934051514","0.0007993876934051514","0.0007993876934051514"
"10368","0.04187346249818802","0.04187346249818802","0.04187346249818802"
"10370","0.0014854129403829575","0.0014854129403829575","0.0014854129403829575"
"10372","0.016258250921964645","0.016258250921964645","0.016258250921964645"
"10376","0.007688004523515701","0.007688004523515701","0.007688004523515701"
"10378","0.006232926622033119","0.006232926622033119","0.006232926622033119"
"10382","0.0047261714935302734","0.0047261714935302734","0.0047261714935302734"
"10386","0.009995587170124054","0.009995587170124054","0.009995587170124054"
"10388","0.015822485089302063","0.015822485089302063","0.015822485089302063"
"10390","0.016582466661930084","0.016582466661930084","0.016582466661930084"
"10394","0.00923532247543335","0.00923532247543335","0.00923532247543335"
"10396","0.000744180753827095","0.000744180753827095","0.000744180753827095"
"10400","0.0006776750087738037","0.0006776750087738037","0.0006776750087738037"
"10404","0.0010426510125398636","0.0010426510125398636","0.0010426510125398636"
"10406","0.0352378785610199","0.0352378785610199","0.0352378785610199"
"10412","0.012086600065231323","0.012086600065231323","0.012086600065231323"
"10414","0.004679577425122261","0.004679577425122261","0.004679577425122261"
"10418","0.0023783668875694275","0.0023783668875694275","0.0023783668875694275"
"10420","0.013359669595956802","0.013359669595956802","0.013359669595956802"
"10422","0.0863785445690155","0.0863785445690155","0.0863785445690155"
"10424","0.015761923044919968","0.015761923044919968","0.015761923044919968"
"10426","0.0024988148361444473","0.0024988148361444473","0.0024988148361444473"
"10430","0.01250692643225193","0.01250692643225193","0.01250692643225193"
"10432","0.10822397470474243","0.10822397470474243","0.10822397470474243"
"10436","0.015829801559448242","0.015829801559448242","0.015829801559448242"
"10438","0.02124875783920288","0.02124875783920288","0.02124875783920288"
"10440","0.0027398355305194855","0.0027398355305194855","0.0027398355305194855"
"10442","0.002342827618122101","0.002342827618122101","0.002342827618122101"
"10444","0.009258031845092773","0.009258031845092773","0.009258031845092773"
"10446","0.011997207999229431","0.011997207999229431","0.011997207999229431"
"10448","0.005933748558163643","0.005933748558163643","0.005933748558163643"
"10450","0.012044839560985565","0.012044839560985565","0.012044839560985565"
"10452","0.019995875656604767","0.019995875656604767","0.019995875656604767"
"10454","0.0024562031030654907","0.0024562031030654907","0.0024562031030654907"
"10456","0.056252434849739075","0.056252434849739075","0.056252434849739075"
"10458","0.0004730895161628723","0.0004730895161628723","0.0004730895161628723"
"10460","0.0206877700984478","0.0206877700984478","0.0206877700984478"
"10462","0.00262441486120224","0.00262441486120224","0.00262441486120224"
"10464","0.02161198854446411","0.02161198854446411","0.02161198854446411"
"10466","0.02959480881690979","0.02959480881690979","0.02959480881690979"
"10468","0.015902558341622353","0.015902558341622353","0.015902558341622353"
"10470","0.0018553435802459717","0.0018553435802459717","0.0018553435802459717"
"10472","0.0017823800444602966","0.0017823800444602966","0.0017823800444602966"
"10474","0.02900943160057068","0.02900943160057068","0.02900943160057068"
"10476","0.004736024886369705","0.004736024886369705","0.004736024886369705"
"10480","0.0683014914393425","0.0683014914393425","0.0683014914393425"
"10482","0.010490009561181068","0.010490009561181068","0.010490009561181068"
"10484","0.03872700035572052","0.03872700035572052","0.03872700035572052"
"10486","0.019196927547454834","0.019196927547454834","0.019196927547454834"
"10490","0.024644779041409492","0.024644779041409492","0.024644779041409492"
"10492","0.08505585789680481","0.08505585789680481","0.08505585789680481"
"10494","0.0007924214005470276","0.0007924214005470276","0.0007924214005470276"
"10496","0.0013861358165740967","0.0013861358165740967","0.0013861358165740967"
"10498","0.022694269195199013","0.022694269195199013","0.022694269195199013"
"10500","0.015998896211385727","0.015998896211385727","0.015998896211385727"
"10504","0.005504930391907692","0.005504930391907692","0.005504930391907692"
"10508","0.005403552204370499","0.005403552204370499","0.005403552204370499"
"10510","0.034243859350681305","0.034243859350681305","0.034243859350681305"
"10512","0.003658786416053772","0.003658786416053772","0.003658786416053772"
"10514","0.006106548011302948","0.006106548011302948","0.006106548011302948"
"10516","0.00663597509264946","0.00663597509264946","0.00663597509264946"
"10518","0.03730551153421402","0.03730551153421402","0.03730551153421402"
"10522","0.004997409880161285","0.004997409880161285","0.004997409880161285"
"10526","0.00800991803407669","0.00800991803407669","0.00800991803407669"
"10528","0.0013388916850090027","0.0013388916850090027","0.0013388916850090027"
"10532","0.005997501313686371","0.005997501313686371","0.005997501313686371"
"10534","0.042526975274086","0.042526975274086","0.042526975274086"
"10536","0.003089532256126404","0.003089532256126404","0.003089532256126404"
"10538","0.0030087754130363464","0.0030087754130363464","0.0030087754130363464"
"10540","0.0038134586066007614","0.0038134586066007614","0.0038134586066007614"
"10542","0.007599063217639923","0.007599063217639923","0.007599063217639923"
"10544","0.08439573645591736","0.08439573645591736","0.08439573645591736"
"10548","0.041889943182468414","0.041889943182468414","0.041889943182468414"
"10550","0.030906883999705315","0.030906883999705315","0.030906883999705315"
"10552","0.033874500542879105","0.033874500542879105","0.033874500542879105"
"10556","0.01774550788104534","0.01774550788104534","0.01774550788104534"
"10558","0.016034463420510292","0.016034463420510292","0.016034463420510292"
"10560","0.004276765510439873","0.004276765510439873","0.004276765510439873"
"10564","0.012489669024944305","0.012489669024944305","0.012489669024944305"
"10566","0.016143888235092163","0.016143888235092163","0.016143888235092163"
"10568","0.036898333579301834","0.036898333579301834","0.036898333579301834"
"10570","0.04809171333909035","0.04809171333909035","0.04809171333909035"
"10572","0.005429437384009361","0.005429437384009361","0.005429437384009361"
"10574","0.005406677722930908","0.005406677722930908","0.005406677722930908"
"10576","0.005009075626730919","0.005009075626730919","0.005009075626730919"
"10578","0.004275737330317497","0.004275737330317497","0.004275737330317497"
"10580","0.014845971018075943","0.014845971018075943","0.014845971018075943"
"10582","0.016264911741018295","0.016264911741018295","0.016264911741018295"
"10584","0.0018504783511161804","0.0018504783511161804","0.0018504783511161804"
"10588","0.02087908238172531","0.02087908238172531","0.02087908238172531"
"10590","0.008536115288734436","0.008536115288734436","0.008536115288734436"
"10592","0.036528296768665314","0.036528296768665314","0.036528296768665314"
"10594","0.003995850682258606","0.003995850682258606","0.003995850682258606"
"10596","0.040602728724479675","0.040602728724479675","0.040602728724479675"
"10600","0.053296420723199844","0.053296420723199844","0.053296420723199844"
"10604","0.004705715924501419","0.004705715924501419","0.004705715924501419"
"10606","0.002169080078601837","0.002169080078601837","0.002169080078601837"
"10608","0.03084409236907959","0.03084409236907959","0.03084409236907959"
"10614","0.0011670924723148346","0.0011670924723148346","0.0011670924723148346"
"10616","0.020735621452331543","0.020735621452331543","0.020735621452331543"
"10618","0.017430100589990616","0.017430100589990616","0.017430100589990616"
"10620","0.01737964153289795","0.01737964153289795","0.01737964153289795"
"10622","0.0041001178324222565","0.0041001178324222565","0.0041001178324222565"
"10626","0.004462599754333496","0.004462599754333496","0.004462599754333496"
"10628","0.05603966861963272","0.05603966861963272","0.05603966861963272"
"10630","0.02427844889461994","0.02427844889461994","0.02427844889461994"
"10632","0.01692378893494606","0.01692378893494606","0.01692378893494606"
"10634","0.026755454018712044","0.026755454018712044","0.026755454018712044"
"10636","0.003199394792318344","0.003199394792318344","0.003199394792318344"
"10638","0.005947984755039215","0.005947984755039215","0.005947984755039215"
"10642","0.015475273132324219","0.015475273132324219","0.015475273132324219"
"10644","0.0033869221806526184","0.0033869221806526184","0.0033869221806526184"
"10646","0.007953368127346039","0.007953368127346039","0.007953368127346039"
"10648","0.00211150199174881","0.00211150199174881","0.00211150199174881"
"10652","0.007765738293528557","0.007765738293528557","0.007765738293528557"
"10654","0.022650225088000298","0.022650225088000298","0.022650225088000298"
"10656","0.0018148720264434814","0.0018148720264434814","0.0018148720264434814"
"10658","0.03267159312963486","0.03267159312963486","0.03267159312963486"
"10660","0.05244407802820206","0.05244407802820206","0.05244407802820206"
"10662","0.031072011217474937","0.031072011217474937","0.031072011217474937"
"10664","0.006094589829444885","0.006094589829444885","0.006094589829444885"
"10666","0.018170665949583054","0.018170665949583054","0.018170665949583054"
"10668","0.017355291172862053","0.017355291172862053","0.017355291172862053"
"10670","0.022264983505010605","0.022264983505010605","0.022264983505010605"
"10672","0.005998648703098297","0.005998648703098297","0.005998648703098297"
"10674","0.010513275861740112","0.010513275861740112","0.010513275861740112"
"10678","0.0006045959889888763","0.0006045959889888763","0.0006045959889888763"
"10680","0.0821382999420166","0.0821382999420166","0.0821382999420166"
"10686","0.013224741443991661","0.013224741443991661","0.013224741443991661"
"10688","0.013259587809443474","0.013259587809443474","0.013259587809443474"
"10690","0.016873057931661606","0.016873057931661606","0.016873057931661606"
"10692","0.016841959208250046","0.016841959208250046","0.016841959208250046"
"10694","0.0038106758147478104","0.0038106758147478104","0.0038106758147478104"
"10696","0.031161170452833176","0.031161170452833176","0.031161170452833176"
"10698","0.08654923737049103","0.08654923737049103","0.08654923737049103"
"10700","0.010783238336443901","0.010783238336443901","0.010783238336443901"
"10702","0.02562788687646389","0.02562788687646389","0.02562788687646389"
"10704","0.005347715690732002","0.005347715690732002","0.005347715690732002"
"10706","0.007692066952586174","0.007692066952586174","0.007692066952586174"
"10712","0.0029489565640687943","0.0029489565640687943","0.0029489565640687943"
"10714","0.06778395175933838","0.06778395175933838","0.06778395175933838"
"10716","0.0012081712484359741","0.0012081712484359741","0.0012081712484359741"
"10718","0.0267800260335207","0.0267800260335207","0.0267800260335207"
"10720","0.008917633444070816","0.008917633444070816","0.008917633444070816"
"10722","0.004976822063326836","0.004976822063326836","0.004976822063326836"
"10724","0.0021430477499961853","0.0021430477499961853","0.0021430477499961853"
"10726","0.001999165862798691","0.001999165862798691","0.001999165862798691"
"10728","0.012932617217302322","0.012932617217302322","0.012932617217302322"
"10730","0.0022499114274978638","0.0022499114274978638","0.0022499114274978638"
"10732","0.0032183360308408737","0.0032183360308408737","0.0032183360308408737"
"10734","0.00368402898311615","0.00368402898311615","0.00368402898311615"
"10736","0.010410994291305542","0.010410994291305542","0.010410994291305542"
"10738","0.027916014194488525","0.027916014194488525","0.027916014194488525"
"10740","0.004103068262338638","0.004103068262338638","0.004103068262338638"
"10742","0.002670302987098694","0.002670302987098694","0.002670302987098694"
"10744","0.027820918709039688","0.027820918709039688","0.027820918709039688"
"10746","0.04107694327831268","0.04107694327831268","0.04107694327831268"
"10752","0.00405498594045639","0.00405498594045639","0.00405498594045639"
"10756","0.0022066179662942886","0.0022066179662942886","0.0022066179662942886"
"10758","0.002948988229036331","0.002948988229036331","0.002948988229036331"
"10760","0.0048446934670209885","0.0048446934670209885","0.0048446934670209885"
"10764","0.07458187639713287","0.07458187639713287","0.07458187639713287"
"10766","0.021296802908182144","0.021296802908182144","0.021296802908182144"
"10768","0.0009458307176828384","0.0009458307176828384","0.0009458307176828384"
"10770","0.011047258973121643","0.011047258973121643","0.011047258973121643"
"10772","0.03950346261262894","0.03950346261262894","0.03950346261262894"
"10774","0.0015274249017238617","0.0015274249017238617","0.0015274249017238617"
"10776","0.01817372627556324","0.01817372627556324","0.01817372627556324"
"10778","0.008550181984901428","0.008550181984901428","0.008550181984901428"
"10780","0.025909245014190674","0.025909245014190674","0.025909245014190674"
"10782","0.005474667996168137","0.005474667996168137","0.005474667996168137"
"10786","0.01862342283129692","0.01862342283129692","0.01862342283129692"
"10788","0.00497916154563427","0.00497916154563427","0.00497916154563427"
"10792","0.017153408378362656","0.017153408378362656","0.017153408378362656"
"10794","0.012185132130980492","0.012185132130980492","0.012185132130980492"
"10798","0.002430744469165802","0.002430744469165802","0.002430744469165802"
"10800","0.030141817405819893","0.030141817405819893","0.030141817405819893"
"10805","0.0008247848600149155","0.0008247848600149155","0.0008247848600149155"
"10807","0.014056401327252388","0.014056401327252388","0.014056401327252388"
"10809","0.03323163092136383","0.03323163092136383","0.03323163092136383"
"10811","0.007876336574554443","0.007876336574554443","0.007876336574554443"
"10813","0.005243226885795593","0.005243226885795593","0.005243226885795593"
"10815","0.06761101633310318","0.06761101633310318","0.06761101633310318"
"10817","0.022321229800581932","0.022321229800581932","0.022321229800581932"
"10821","0.036460913717746735","0.036460913717746735","0.036460913717746735"
"10825","0.0009240917861461639","0.0009240917861461639","0.0009240917861461639"
"10827","0.0026514530181884766","0.0026514530181884766","0.0026514530181884766"
"10829","0.0026965029537677765","0.0026965029537677765","0.0026965029537677765"
"10831","0.007701879367232323","0.007701879367232323","0.007701879367232323"
"10833","0.02961719036102295","0.02961719036102295","0.02961719036102295"
"10837","0.014688154682517052","0.014688154682517052","0.014688154682517052"
"10839","0.018802568316459656","0.018802568316459656","0.018802568316459656"
"10841","0.003135083243250847","0.003135083243250847","0.003135083243250847"
"10843","0.0046633146703243256","0.0046633146703243256","0.0046633146703243256"
"10845","0.028820248320698738","0.028820248320698738","0.028820248320698738"
"10847","0.010012537240982056","0.010012537240982056","0.010012537240982056"
"10849","0.013055875897407532","0.013055875897407532","0.013055875897407532"
"10851","0.0009819716215133667","0.0009819716215133667","0.0009819716215133667"
"10853","0.03208761662244797","0.03208761662244797","0.03208761662244797"
"10855","0.005045173689723015","0.005045173689723015","0.005045173689723015"
"10857","0.021555399522185326","0.021555399522185326","0.021555399522185326"
"10859","0.005366325378417969","0.005366325378417969","0.005366325378417969"
"10861","0.0240267813205719","0.0240267813205719","0.0240267813205719"
"10863","0.0057265907526016235","0.0057265907526016235","0.0057265907526016235"
"10865","0.008414089679718018","0.008414089679718018","0.008414089679718018"
"10867","0.0013254191726446152","0.0013254191726446152","0.0013254191726446152"
"10869","0.0021020565181970596","0.0021020565181970596","0.0021020565181970596"
"10871","0.018998032435774803","0.018998032435774803","0.018998032435774803"
"10873","0.0005820635706186295","0.0005820635706186295","0.0005820635706186295"
"10875","0.0024859048426151276","0.0024859048426151276","0.0024859048426151276"
"10879","0.019306451082229614","0.019306451082229614","0.019306451082229614"
"10883","0.007087454199790955","0.007087454199790955","0.007087454199790955"
"10885","0.01069585606455803","0.01069585606455803","0.01069585606455803"
"10887","0.004212005063891411","0.004212005063891411","0.004212005063891411"
"10889","0.027202583849430084","0.027202583849430084","0.027202583849430084"
"10891","0.006722591817378998","0.006722591817378998","0.006722591817378998"
"10895","0.0034667830914258957","0.0034667830914258957","0.0034667830914258957"
"10899","0.026230037212371826","0.026230037212371826","0.026230037212371826"
"10901","0.004861079156398773","0.004861079156398773","0.004861079156398773"
"10905","0.008821560069918633","0.008821560069918633","0.008821560069918633"
"10907","0.0071355849504470825","0.0071355849504470825","0.0071355849504470825"
"10909","0.0020093973726034164","0.0020093973726034164","0.0020093973726034164"
"10911","0.016978193074464798","0.016978193074464798","0.016978193074464798"
"10913","0.03147607296705246","0.03147607296705246","0.03147607296705246"
"10915","0.02883291244506836","0.02883291244506836","0.02883291244506836"
"10917","0.020097635686397552","0.020097635686397552","0.020097635686397552"
"10919","0.003756910562515259","0.003756910562515259","0.003756910562515259"
"10921","0.008801763877272606","0.008801763877272606","0.008801763877272606"
"10923","0.02371695265173912","0.02371695265173912","0.02371695265173912"
"10925","0.004626259207725525","0.004626259207725525","0.004626259207725525"
"10931","0.04786019027233124","0.04786019027233124","0.04786019027233124"
"10933","0.0012122653424739838","0.0012122653424739838","0.0012122653424739838"
"10935","0.01502266339957714","0.01502266339957714","0.01502266339957714"
"10937","0.020629698410630226","0.020629698410630226","0.020629698410630226"
"10939","0.006395712494850159","0.006395712494850159","0.006395712494850159"
"10941","0.0528738871216774","0.0528738871216774","0.0528738871216774"
"10943","0.029442861676216125","0.029442861676216125","0.029442861676216125"
"10945","0.00828956812620163","0.00828956812620163","0.00828956812620163"
"10947","0.0589238777756691","0.0589238777756691","0.0589238777756691"
"10949","0.0064330995082855225","0.0064330995082855225","0.0064330995082855225"
"10951","0.001915091648697853","0.001915091648697853","0.001915091648697853"
"10953","0.05715510621666908","0.05715510621666908","0.05715510621666908"
"10955","0.003428734838962555","0.003428734838962555","0.003428734838962555"
"10957","0.02119777351617813","0.02119777351617813","0.02119777351617813"
"10959","0.0013895034790039062","0.0013895034790039062","0.0013895034790039062"
"10961","0.02206655591726303","0.02206655591726303","0.02206655591726303"
"10963","0.00400024838745594","0.00400024838745594","0.00400024838745594"
"10969","0.012775976210832596","0.012775976210832596","0.012775976210832596"
"10971","0.003404363989830017","0.003404363989830017","0.003404363989830017"
"10973","0.0033440440893173218","0.0033440440893173218","0.0033440440893173218"
"10975","0.03296840190887451","0.03296840190887451","0.03296840190887451"
"10977","0.0016147661954164505","0.0016147661954164505","0.0016147661954164505"
"10979","0.03741059824824333","0.03741059824824333","0.03741059824824333"
"10981","0.0029375627636909485","0.0029375627636909485","0.0029375627636909485"
"10983","0.01806449145078659","0.01806449145078659","0.01806449145078659"
"10985","0.01008719764649868","0.01008719764649868","0.01008719764649868"
"10987","0.0071450695395469666","0.0071450695395469666","0.0071450695395469666"
"10989","0.005025357007980347","0.005025357007980347","0.005025357007980347"
"10991","0.019673220813274384","0.019673220813274384","0.019673220813274384"
"10993","0.03929254785180092","0.03929254785180092","0.03929254785180092"
"10995","0.027978092432022095","0.027978092432022095","0.027978092432022095"
"10997","0.014380700886249542","0.014380700886249542","0.014380700886249542"
"10999","0.002087567001581192","0.002087567001581192","0.002087567001581192"
"11001","0.0017772465944290161","0.0017772465944290161","0.0017772465944290161"
"11005","0.003648899495601654","0.003648899495601654","0.003648899495601654"
"11009","0.0030757226049900055","0.0030757226049900055","0.0030757226049900055"
"11017","0.019916515797376633","0.019916515797376633","0.019916515797376633"
"11019","0.006469467654824257","0.006469467654824257","0.006469467654824257"
"11021","0.008379245176911354","0.008379245176911354","0.008379245176911354"
"11023","0.012050718069076538","0.012050718069076538","0.012050718069076538"
"11025","0.011268407106399536","0.011268407106399536","0.011268407106399536"
"11029","0.03377233445644379","0.03377233445644379","0.03377233445644379"
"11031","0.030787914991378784","0.030787914991378784","0.030787914991378784"
"11033","0.0023360364139080048","0.0023360364139080048","0.0023360364139080048"
"11035","0.036705225706100464","0.036705225706100464","0.036705225706100464"
"11043","0.0042695552110672","0.0042695552110672","0.0042695552110672"
"11045","0.0033010244369506836","0.0033010244369506836","0.0033010244369506836"
"11047","0.004155641421675682","0.004155641421675682","0.004155641421675682"
"11049","0.023734457790851593","0.023734457790851593","0.023734457790851593"
"11051","0.0009616725146770477","0.0009616725146770477","0.0009616725146770477"
"11053","0.004242897033691406","0.004242897033691406","0.004242897033691406"
"11057","0.008257357403635979","0.008257357403635979","0.008257357403635979"
"11059","0.00016061589121818542","0.00016061589121818542","0.00016061589121818542"
"11061","0.03483374044299126","0.03483374044299126","0.03483374044299126"
"11063","0.005925297737121582","0.005925297737121582","0.005925297737121582"
"11065","0.02687510848045349","0.02687510848045349","0.02687510848045349"
"11069","0.02753894031047821","0.02753894031047821","0.02753894031047821"
"11075","0.09159909188747406","0.09159909188747406","0.09159909188747406"
"11077","0.007158316671848297","0.007158316671848297","0.007158316671848297"
"11079","0.015126574784517288","0.015126574784517288","0.015126574784517288"
"11081","0.0016808509826660156","0.0016808509826660156","0.0016808509826660156"
"11083","0.040428876876831055","0.040428876876831055","0.040428876876831055"
"11085","0.012479783967137337","0.012479783967137337","0.012479783967137337"
"11091","0.004665214568376541","0.004665214568376541","0.004665214568376541"
"11095","0.061699703335762024","0.061699703335762024","0.061699703335762024"
"11097","0.013596218079328537","0.013596218079328537","0.013596218079328537"
"11099","0.001615189015865326","0.001615189015865326","0.001615189015865326"
"11103","0.023927196860313416","0.023927196860313416","0.023927196860313416"
"11109","0.0007048994302749634","0.0007048994302749634","0.0007048994302749634"
"11111","0.015283212065696716","0.015283212065696716","0.015283212065696716"
"11113","0.0042183659970760345","0.0042183659970760345","0.0042183659970760345"
"11115","0.0027554668486118317","0.0027554668486118317","0.0027554668486118317"
"11119","0.04952318221330643","0.04952318221330643","0.04952318221330643"
"11121","0.0063395872712135315","0.0063395872712135315","0.0063395872712135315"
"11123","0.08426914364099503","0.08426914364099503","0.08426914364099503"
"11125","0.007492121309041977","0.007492121309041977","0.007492121309041977"
"11129","0.013109397143125534","0.013109397143125534","0.013109397143125534"
"11133","0.014262467622756958","0.014262467622756958","0.014262467622756958"
"11135","0.00529271736741066","0.00529271736741066","0.00529271736741066"
"11139","0.030042367056012154","0.030042367056012154","0.030042367056012154"
"11143","0.003786947578191757","0.003786947578191757","0.003786947578191757"
"11145","0.04586092382669449","0.04586092382669449","0.04586092382669449"
"11147","0.007621970027685165","0.007621970027685165","0.007621970027685165"
"11151","0.021887216717004776","0.021887216717004776","0.021887216717004776"
"11153","0.009379833936691284","0.009379833936691284","0.009379833936691284"
"11155","0.0150221586227417","0.0150221586227417","0.0150221586227417"
"11157","0.002141673117876053","0.002141673117876053","0.002141673117876053"
"11159","0.008212745189666748","0.008212745189666748","0.008212745189666748"
"11163","0.004174232482910156","0.004174232482910156","0.004174232482910156"
"11165","0.0026889070868492126","0.0026889070868492126","0.0026889070868492126"
"11167","0.006723824888467789","0.006723824888467789","0.006723824888467789"
"11169","0.06619563698768616","0.06619563698768616","0.06619563698768616"
"11171","0.0071877241134643555","0.0071877241134643555","0.0071877241134643555"
"11173","0.0021186862140893936","0.0021186862140893936","0.0021186862140893936"
"11177","0.006841763854026794","0.006841763854026794","0.006841763854026794"
"11179","0.0021521374583244324","0.0021521374583244324","0.0021521374583244324"
"11181","0.008765151724219322","0.008765151724219322","0.008765151724219322"
"11185","0.018918074667453766","0.018918074667453766","0.018918074667453766"
"11187","0.0002505611628293991","0.0002505611628293991","0.0002505611628293991"
"11189","0.0005740039050579071","0.0005740039050579071","0.0005740039050579071"
"11191","0.014858007431030273","0.014858007431030273","0.014858007431030273"
"11193","0.002050338312983513","0.002050338312983513","0.002050338312983513"
"11195","0.0038447268307209015","0.0038447268307209015","0.0038447268307209015"
"11197","0.003987187519669533","0.003987187519669533","0.003987187519669533"
"11199","0.0028852522373199463","0.0028852522373199463","0.0028852522373199463"
"11203","0.005844229832291603","0.005844229832291603","0.005844229832291603"
"11205","0.03387041389942169","0.03387041389942169","0.03387041389942169"
"11209","0.0012518279254436493","0.0012518279254436493","0.0012518279254436493"
"11211","0.0207730233669281","0.0207730233669281","0.0207730233669281"
"11213","0.006657466292381287","0.006657466292381287","0.006657466292381287"
"11217","0.011230859905481339","0.011230859905481339","0.011230859905481339"
"11223","0.01218407228589058","0.01218407228589058","0.01218407228589058"
"11225","0.007590360939502716","0.007590360939502716","0.007590360939502716"
"11227","0.0019529275596141815","0.0019529275596141815","0.0019529275596141815"
"11229","0.001649554818868637","0.001649554818868637","0.001649554818868637"
"11231","0.021419957280158997","0.021419957280158997","0.021419957280158997"
"11235","0.00769832544028759","0.00769832544028759","0.00769832544028759"
"11237","0.00986132025718689","0.00986132025718689","0.00986132025718689"
"11239","0.014187764376401901","0.014187764376401901","0.014187764376401901"
"11241","0.01510472223162651","0.01510472223162651","0.01510472223162651"
"11243","0.019338591024279594","0.019338591024279594","0.019338591024279594"
"11245","0.011309288442134857","0.011309288442134857","0.011309288442134857"
"11247","0.008273623883724213","0.008273623883724213","0.008273623883724213"
"11249","0.0013589132577180862","0.0013589132577180862","0.0013589132577180862"
"11251","0.010392006486654282","0.010392006486654282","0.010392006486654282"
"11253","0.0029081404209136963","0.0029081404209136963","0.0029081404209136963"
"11255","0.010761193931102753","0.010761193931102753","0.010761193931102753"
"11257","0.008431149646639824","0.008431149646639824","0.008431149646639824"
"11259","0.006756827235221863","0.006756827235221863","0.006756827235221863"
"11261","0.0209963358938694","0.0209963358938694","0.0209963358938694"
"11263","0.002664254978299141","0.002664254978299141","0.002664254978299141"
"11265","0.0013912506401538849","0.0013912506401538849","0.0013912506401538849"
"11267","0.014395006000995636","0.014395006000995636","0.014395006000995636"
"11271","0.0014395825564861298","0.0014395825564861298","0.0014395825564861298"
"11275","0.005454810336232185","0.005454810336232185","0.005454810336232185"
"11277","0.040845923125743866","0.040845923125743866","0.040845923125743866"
"11279","0.015368636697530746","0.015368636697530746","0.015368636697530746"
"11283","0.008043244481086731","0.008043244481086731","0.008043244481086731"
"11287","0.008556155487895012","0.008556155487895012","0.008556155487895012"
"11289","0.06250117719173431","0.06250117719173431","0.06250117719173431"
"11291","0.002066299319267273","0.002066299319267273","0.002066299319267273"
"11293","0.011623997241258621","0.011623997241258621","0.011623997241258621"
"11295","0.03814475238323212","0.03814475238323212","0.03814475238323212"
"11297","0.010373895987868309","0.010373895987868309","0.010373895987868309"
"11299","0.07614590227603912","0.07614590227603912","0.07614590227603912"
"11301","0.009064961224794388","0.009064961224794388","0.009064961224794388"
"11303","0.00545402429997921","0.00545402429997921","0.00545402429997921"
"11305","0.08049031347036362","0.08049031347036362","0.08049031347036362"
"11307","0.002400774508714676","0.002400774508714676","0.002400774508714676"
"11309","0.008289903402328491","0.008289903402328491","0.008289903402328491"
"11311","0.009385183453559875","0.009385183453559875","0.009385183453559875"
"11313","0.0005412250757217407","0.0005412250757217407","0.0005412250757217407"
"11315","0.0009902473539113998","0.0009902473539113998","0.0009902473539113998"
"11319","0.0014500226825475693","0.0014500226825475693","0.0014500226825475693"
"11321","0.03625323250889778","0.03625323250889778","0.03625323250889778"
"11325","0.002539902925491333","0.002539902925491333","0.002539902925491333"
"11327","0.014648780226707458","0.014648780226707458","0.014648780226707458"
"11332","0.005836101248860359","0.005836101248860359","0.005836101248860359"
"11334","0.003850093111395836","0.003850093111395836","0.003850093111395836"
"11336","0.012981340289115906","0.012981340289115906","0.012981340289115906"
"11346","0.015256155282258987","0.015256155282258987","0.015256155282258987"
"11348","0.022592339664697647","0.022592339664697647","0.022592339664697647"
"11350","0.0020135007798671722","0.0020135007798671722","0.0020135007798671722"
"11352","0.0611870102584362","0.0611870102584362","0.0611870102584362"
"11354","0.0448460653424263","0.0448460653424263","0.0448460653424263"
"11356","0.0051007699221372604","0.0051007699221372604","0.0051007699221372604"
"11360","0.0338241383433342","0.0338241383433342","0.0338241383433342"
"11362","0.04306294023990631","0.04306294023990631","0.04306294023990631"
"11364","0.0013339035212993622","0.0013339035212993622","0.0013339035212993622"
"11366","0.010976465418934822","0.010976465418934822","0.010976465418934822"
"11368","0.00420253723859787","0.00420253723859787","0.00420253723859787"
"11370","0.009742990136146545","0.009742990136146545","0.009742990136146545"
"11372","0.011526711285114288","0.011526711285114288","0.011526711285114288"
"11374","0.003965020179748535","0.003965020179748535","0.003965020179748535"
"11376","0.004149029031395912","0.004149029031395912","0.004149029031395912"
"11380","0.007958024740219116","0.007958024740219116","0.007958024740219116"
"11382","0.028666965663433075","0.028666965663433075","0.028666965663433075"
"11384","0.013180576264858246","0.013180576264858246","0.013180576264858246"
"11388","0.012914171442389488","0.012914171442389488","0.012914171442389488"
"11390","0.01254080981016159","0.01254080981016159","0.01254080981016159"
"11392","0.01057538390159607","0.01057538390159607","0.01057538390159607"
"11394","0.0019205156713724136","0.0019205156713724136","0.0019205156713724136"
"11398","0.018245158717036247","0.018245158717036247","0.018245158717036247"
"11402","0.0030807945877313614","0.0030807945877313614","0.0030807945877313614"
"11404","0.0014936793595552444","0.0014936793595552444","0.0014936793595552444"
"11406","0.003840513527393341","0.003840513527393341","0.003840513527393341"
"11412","0.009827772155404091","0.009827772155404091","0.009827772155404091"
"11414","0.025403104722499847","0.025403104722499847","0.025403104722499847"
"11418","0.0016482174396514893","0.0016482174396514893","0.0016482174396514893"
"11420","0.004040025174617767","0.004040025174617767","0.004040025174617767"
"11424","0.05478870868682861","0.05478870868682861","0.05478870868682861"
"11426","0.0056889839470386505","0.0056889839470386505","0.0056889839470386505"
"11428","0.00870746374130249","0.00870746374130249","0.00870746374130249"
"11430","0.0015153922140598297","0.0015153922140598297","0.0015153922140598297"
"11432","0.012150835245847702","0.012150835245847702","0.012150835245847702"
"11434","0.04585316777229309","0.04585316777229309","0.04585316777229309"
"11436","0.0015502851456403732","0.0015502851456403732","0.0015502851456403732"
"11438","0.0013980716466903687","0.0013980716466903687","0.0013980716466903687"
"11440","0.0016014762222766876","0.0016014762222766876","0.0016014762222766876"
"11442","0.006973437964916229","0.006973437964916229","0.006973437964916229"
"11444","0.00338180735707283","0.00338180735707283","0.00338180735707283"
"11446","0.01443592831492424","0.01443592831492424","0.01443592831492424"
"11448","0.02893933653831482","0.02893933653831482","0.02893933653831482"
"11450","0.019438058137893677","0.019438058137893677","0.019438058137893677"
"11452","0.0035217758268117905","0.0035217758268117905","0.0035217758268117905"
"11454","0.011280898004770279","0.011280898004770279","0.011280898004770279"
"11456","0.003505280241370201","0.003505280241370201","0.003505280241370201"
"11458","0.006113626062870026","0.006113626062870026","0.006113626062870026"
"11460","0.006062239408493042","0.006062239408493042","0.006062239408493042"
"11462","0.021225007250905037","0.021225007250905037","0.021225007250905037"
"11466","0.048477090895175934","0.048477090895175934","0.048477090895175934"
"11468","0.021093077957630157","0.021093077957630157","0.021093077957630157"
"11470","0.0021783635020256042","0.0021783635020256042","0.0021783635020256042"
"11472","0.0016808714717626572","0.0016808714717626572","0.0016808714717626572"
"11474","0.004889126867055893","0.004889126867055893","0.004889126867055893"
"11476","0.03179322928190231","0.03179322928190231","0.03179322928190231"
"11478","0.0017709694802761078","0.0017709694802761078","0.0017709694802761078"
"11480","0.006788749247789383","0.006788749247789383","0.006788749247789383"
"11482","0.012405337765812874","0.012405337765812874","0.012405337765812874"
"11486","0.022282414138317108","0.022282414138317108","0.022282414138317108"
"11488","0.019481182098388672","0.019481182098388672","0.019481182098388672"
"11490","0.05970636010169983","0.05970636010169983","0.05970636010169983"
"11492","0.006151631474494934","0.006151631474494934","0.006151631474494934"
"11494","0.002388179302215576","0.002388179302215576","0.002388179302215576"
"11496","0.006094429641962051","0.006094429641962051","0.006094429641962051"
"11498","0.00079384446144104","0.00079384446144104","0.00079384446144104"
"11500","0.04183492064476013","0.04183492064476013","0.04183492064476013"
"11502","0.0038741976022720337","0.0038741976022720337","0.0038741976022720337"
"11506","0.011889619752764702","0.011889619752764702","0.011889619752764702"
"11508","0.013391479849815369","0.013391479849815369","0.013391479849815369"
"11510","0.018442494794726372","0.018442494794726372","0.018442494794726372"
"11512","0.008487148210406303","0.008487148210406303","0.008487148210406303"
"11514","0.028958436101675034","0.028958436101675034","0.028958436101675034"
"11516","0.061474867165088654","0.061474867165088654","0.061474867165088654"
"11520","0.015673711895942688","0.015673711895942688","0.015673711895942688"
"11524","0.026769354939460754","0.026769354939460754","0.026769354939460754"
"11526","0.05102347582578659","0.05102347582578659","0.05102347582578659"
"11530","0.053742267191410065","0.053742267191410065","0.053742267191410065"
"11532","0.06853870302438736","0.06853870302438736","0.06853870302438736"
"11534","0.0019671283662319183","0.0019671283662319183","0.0019671283662319183"
"11536","0.0002777613699436188","0.0002777613699436188","0.0002777613699436188"
"11538","0.0025764498859643936","0.0025764498859643936","0.0025764498859643936"
"11542","0.03265880048274994","0.03265880048274994","0.03265880048274994"
"11544","0.002798536792397499","0.002798536792397499","0.002798536792397499"
"11548","0.0037535373121500015","0.0037535373121500015","0.0037535373121500015"
"11550","0.013208679854869843","0.013208679854869843","0.013208679854869843"
"11552","0.022786853834986687","0.022786853834986687","0.022786853834986687"
"11554","0.0011577997356653214","0.0011577997356653214","0.0011577997356653214"
"11558","0.010320760309696198","0.010320760309696198","0.010320760309696198"
"11560","0.004400510340929031","0.004400510340929031","0.004400510340929031"
"11562","0.003313124179840088","0.003313124179840088","0.003313124179840088"
"11564","0.023085352033376694","0.023085352033376694","0.023085352033376694"
"11566","0.000525210052728653","0.000525210052728653","0.000525210052728653"
"11568","0.014939451590180397","0.014939451590180397","0.014939451590180397"
"11570","0.003261888399720192","0.003261888399720192","0.003261888399720192"
"11572","0.015531148761510849","0.015531148761510849","0.015531148761510849"
"11574","0.0004922673106193542","0.0004922673106193542","0.0004922673106193542"
"11576","0.00045650824904441833","0.00045650824904441833","0.00045650824904441833"
"11578","0.003927972167730331","0.003927972167730331","0.003927972167730331"
"11580","0.001496434211730957","0.001496434211730957","0.001496434211730957"
"11586","0.005510635673999786","0.005510635673999786","0.005510635673999786"
"11588","0.006264312192797661","0.006264312192797661","0.006264312192797661"
"11590","0.0330977663397789","0.0330977663397789","0.0330977663397789"
"11592","0.04637443274259567","0.04637443274259567","0.04637443274259567"
"11594","0.039371222257614136","0.039371222257614136","0.039371222257614136"
"11596","0.006188295781612396","0.006188295781612396","0.006188295781612396"
"11598","0.002327173948287964","0.002327173948287964","0.002327173948287964"
"11602","0.006911963224411011","0.006911963224411011","0.006911963224411011"
"11604","0.015591323375701904","0.015591323375701904","0.015591323375701904"
"11606","0.0008592363446950912","0.0008592363446950912","0.0008592363446950912"
"11610","0.010616503655910492","0.010616503655910492","0.010616503655910492"
"11612","0.005137018859386444","0.005137018859386444","0.005137018859386444"
"11614","0.00561138428747654","0.00561138428747654","0.00561138428747654"
"11616","0.015050321817398071","0.015050321817398071","0.015050321817398071"
"11618","0.01656278222799301","0.01656278222799301","0.01656278222799301"
"11620","0.0013971664011478424","0.0013971664011478424","0.0013971664011478424"
"11622","0.009699016809463501","0.009699016809463501","0.009699016809463501"
"11626","0.03674197942018509","0.03674197942018509","0.03674197942018509"
"11628","0.0004071928560733795","0.0004071928560733795","0.0004071928560733795"
"11630","0.017523642629384995","0.017523642629384995","0.017523642629384995"
"11632","0.0032238811254501343","0.0032238811254501343","0.0032238811254501343"
"11634","0.0022068023681640625","0.0022068023681640625","0.0022068023681640625"
"11636","0.0009410567581653595","0.0009410567581653595","0.0009410567581653595"
"11638","0.10345397889614105","0.10345397889614105","0.10345397889614105"
"11642","0.014137282967567444","0.014137282967567444","0.014137282967567444"
"11644","0.042485445737838745","0.042485445737838745","0.042485445737838745"
"11646","0.03861823305487633","0.03861823305487633","0.03861823305487633"
"11648","0.020387010648846626","0.020387010648846626","0.020387010648846626"
"11652","0.0025969576090574265","0.0025969576090574265","0.0025969576090574265"
"11656","0.0063191913068294525","0.0063191913068294525","0.0063191913068294525"
"11658","0.00124310702085495","0.00124310702085495","0.00124310702085495"
"11660","0.002177892252802849","0.002177892252802849","0.002177892252802849"
"11666","0.002245444804430008","0.002245444804430008","0.002245444804430008"
"11668","0.018377695232629776","0.018377695232629776","0.018377695232629776"
"11670","0.0006837062537670135","0.0006837062537670135","0.0006837062537670135"
"11672","0.009507542476058006","0.009507542476058006","0.009507542476058006"
"11674","0.0010157786309719086","0.0010157786309719086","0.0010157786309719086"
"11676","0.0073623936623334885","0.0073623936623334885","0.0073623936623334885"
"11678","0.0021845363080501556","0.0021845363080501556","0.0021845363080501556"
"11680","0.010376140475273132","0.010376140475273132","0.010376140475273132"
"11682","0.017475247383117676","0.017475247383117676","0.017475247383117676"
"11686","0.02349146455526352","0.02349146455526352","0.02349146455526352"
"11688","0.03459768742322922","0.03459768742322922","0.03459768742322922"
"11690","0.007773250341415405","0.007773250341415405","0.007773250341415405"
"11694","0.040630511939525604","0.040630511939525604","0.040630511939525604"
"11700","0.019293874502182007","0.019293874502182007","0.019293874502182007"
"11702","0.005812842398881912","0.005812842398881912","0.005812842398881912"
"11704","0.021381793543696404","0.021381793543696404","0.021381793543696404"
"11706","0.08902294933795929","0.08902294933795929","0.08902294933795929"
"11708","0.022032424807548523","0.022032424807548523","0.022032424807548523"
"11710","0.08472173660993576","0.08472173660993576","0.08472173660993576"
"11714","0.0056781526654958725","0.0056781526654958725","0.0056781526654958725"
"11716","0.012101002037525177","0.012101002037525177","0.012101002037525177"
"11718","0.005157552659511566","0.005157552659511566","0.005157552659511566"
"11720","0.017590012401342392","0.017590012401342392","0.017590012401342392"
"11726","0.035374682396650314","0.035374682396650314","0.035374682396650314"
"11728","0.0037026219069957733","0.0037026219069957733","0.0037026219069957733"
"11730","0.0028202664107084274","0.0028202664107084274","0.0028202664107084274"
"11732","0.05029135197401047","0.05029135197401047","0.05029135197401047"
"11734","0.00953349657356739","0.00953349657356739","0.00953349657356739"
"11736","0.043886736035346985","0.043886736035346985","0.043886736035346985"
"11738","0.01365216076374054","0.01365216076374054","0.01365216076374054"
"11746","0.0076499395072460175","0.0076499395072460175","0.0076499395072460175"
"11748","0.0025211498141288757","0.0025211498141288757","0.0025211498141288757"
"11750","0.0019691474735736847","0.0019691474735736847","0.0019691474735736847"
"11752","0.004593424499034882","0.004593424499034882","0.004593424499034882"
"11754","0.022464904934167862","0.022464904934167862","0.022464904934167862"
"11758","0.0006681680679321289","0.0006681680679321289","0.0006681680679321289"
"11760","0.015599485486745834","0.015599485486745834","0.015599485486745834"
"11762","0.005733508616685867","0.005733508616685867","0.005733508616685867"
"11766","0.0035716164857149124","0.0035716164857149124","0.0035716164857149124"
"11770","0.03548885136842728","0.03548885136842728","0.03548885136842728"
"11772","0.04674091562628746","0.04674091562628746","0.04674091562628746"
"11774","0.008477702736854553","0.008477702736854553","0.008477702736854553"
"11776","0.005123075097799301","0.005123075097799301","0.005123075097799301"
"11778","0.004498608410358429","0.004498608410358429","0.004498608410358429"
"11780","0.01672573760151863","0.01672573760151863","0.01672573760151863"
"11782","0.022627977654337883","0.022627977654337883","0.022627977654337883"
"11784","0.026957672089338303","0.026957672089338303","0.026957672089338303"
"11786","0.006312757730484009","0.006312757730484009","0.006312757730484009"
"11788","0.05653904750943184","0.05653904750943184","0.05653904750943184"
"11790","0.048222824931144714","0.048222824931144714","0.048222824931144714"
"11792","0.004912093281745911","0.004912093281745911","0.004912093281745911"
"11794","0.03821953758597374","0.03821953758597374","0.03821953758597374"
"11798","0.0395456999540329","0.0395456999540329","0.0395456999540329"
"11800","0.0030341260135173798","0.0030341260135173798","0.0030341260135173798"
"11802","0.005385728552937508","0.005385728552937508","0.005385728552937508"
"11804","0.0030377432703971863","0.0030377432703971863","0.0030377432703971863"
"11806","0.011328715831041336","0.011328715831041336","0.011328715831041336"
"11808","0.01777617633342743","0.01777617633342743","0.01777617633342743"
"11814","0.008221084251999855","0.008221084251999855","0.008221084251999855"
"11816","0.0010631754994392395","0.0010631754994392395","0.0010631754994392395"
"11818","0.030416451394557953","0.030416451394557953","0.030416451394557953"
"11822","0.003567175939679146","0.003567175939679146","0.003567175939679146"
"11824","0.003748774528503418","0.003748774528503418","0.003748774528503418"
"11826","0.009855473414063454","0.009855473414063454","0.009855473414063454"
"11828","0.0016013234853744507","0.0016013234853744507","0.0016013234853744507"
"11830","0.000431843101978302","0.000431843101978302","0.000431843101978302"
"11832","0.002665499225258827","0.002665499225258827","0.002665499225258827"
"11834","0.07200151681900024","0.07200151681900024","0.07200151681900024"
"11836","0.02623262256383896","0.02623262256383896","0.02623262256383896"
"11838","0.03474538028240204","0.03474538028240204","0.03474538028240204"
"11842","0.0021942853927612305","0.0021942853927612305","0.0021942853927612305"
"11844","0.00876099057495594","0.00876099057495594","0.00876099057495594"
"11846","0.03959588333964348","0.03959588333964348","0.03959588333964348"
"11850","0.014416247606277466","0.014416247606277466","0.014416247606277466"
"11852","0.01839286834001541","0.01839286834001541","0.01839286834001541"
"11854","0.01607895828783512","0.01607895828783512","0.01607895828783512"
"11859","0.0008398890495300293","0.0008398890495300293","0.0008398890495300293"
"11861","0.009064553305506706","0.009064553305506706","0.009064553305506706"
"11867","0.0003926493227481842","0.0003926493227481842","0.0003926493227481842"
"11871","0.0008092112839221954","0.0008092112839221954","0.0008092112839221954"
"11873","0.0005550030618906021","0.0005550030618906021","0.0005550030618906021"
"11875","0.018343493342399597","0.018343493342399597","0.018343493342399597"
"11877","0.0031473450362682343","0.0031473450362682343","0.0031473450362682343"
"11879","0.0028733760118484497","0.0028733760118484497","0.0028733760118484497"
"11883","0.05345632880926132","0.05345632880926132","0.05345632880926132"
"11885","0.003357861191034317","0.003357861191034317","0.003357861191034317"
"11887","0.024881796911358833","0.024881796911358833","0.024881796911358833"
"11889","0.00013291649520397186","0.00013291649520397186","0.00013291649520397186"
"11891","0.02618008852005005","0.02618008852005005","0.02618008852005005"
"11893","0.09616569429636002","0.09616569429636002","0.09616569429636002"
"11895","0.008425291627645493","0.008425291627645493","0.008425291627645493"
"11897","0.012555774301290512","0.012555774301290512","0.012555774301290512"
"11899","0.0028765518218278885","0.0028765518218278885","0.0028765518218278885"
"11901","0.0018607471138238907","0.0018607471138238907","0.0018607471138238907"
"11905","0.0345982201397419","0.0345982201397419","0.0345982201397419"
"11907","0.006178980693221092","0.006178980693221092","0.006178980693221092"
"11909","0.0065064746886491776","0.0065064746886491776","0.0065064746886491776"
"11911","0.022832926362752914","0.022832926362752914","0.022832926362752914"
"11913","0.024193834513425827","0.024193834513425827","0.024193834513425827"
"11917","0.0034926515072584152","0.0034926515072584152","0.0034926515072584152"
"11921","0.002672594040632248","0.002672594040632248","0.002672594040632248"
"11923","0.004875492304563522","0.004875492304563522","0.004875492304563522"
"11925","0.028048060834407806","0.028048060834407806","0.028048060834407806"
"11929","0.07311253249645233","0.07311253249645233","0.07311253249645233"
"11931","0.004677023738622665","0.004677023738622665","0.004677023738622665"
"11933","0.006781276315450668","0.006781276315450668","0.006781276315450668"
"11935","0.0641476958990097","0.0641476958990097","0.0641476958990097"
"11941","0.02280014008283615","0.02280014008283615","0.02280014008283615"
"11943","0.004252122715115547","0.004252122715115547","0.004252122715115547"
"11947","0.0012736469507217407","0.0012736469507217407","0.0012736469507217407"
"11949","0.0032325126230716705","0.0032325126230716705","0.0032325126230716705"
"11951","0.008504446595907211","0.008504446595907211","0.008504446595907211"
"11953","0.007801530882716179","0.007801530882716179","0.007801530882716179"
"11957","0.03167762979865074","0.03167762979865074","0.03167762979865074"
"11959","0.003155045211315155","0.003155045211315155","0.003155045211315155"
"11961","0.003547579050064087","0.003547579050064087","0.003547579050064087"
"11963","0.020266199484467506","0.020266199484467506","0.020266199484467506"
"11965","0.00083937868475914","0.00083937868475914","0.00083937868475914"
"11969","0.008975585922598839","0.008975585922598839","0.008975585922598839"
"11973","0.07731010019779205","0.07731010019779205","0.07731010019779205"
"11975","0.03249797597527504","0.03249797597527504","0.03249797597527504"
"11977","0.0016139205545186996","0.0016139205545186996","0.0016139205545186996"
"11979","0.02126559615135193","0.02126559615135193","0.02126559615135193"
"11981","0.0026396475732326508","0.0026396475732326508","0.0026396475732326508"
"11983","0.014256231486797333","0.014256231486797333","0.014256231486797333"
"11987","0.027250923216342926","0.027250923216342926","0.027250923216342926"
"11989","0.0012106392532587051","0.0012106392532587051","0.0012106392532587051"
"11991","0.006828583776950836","0.006828583776950836","0.006828583776950836"
"11995","0.06935678422451019","0.06935678422451019","0.06935678422451019"
"11999","0.005420878529548645","0.005420878529548645","0.005420878529548645"
"12001","0.03641708195209503","0.03641708195209503","0.03641708195209503"
"12005","0.006325896829366684","0.006325896829366684","0.006325896829366684"
"12007","0.01580902375280857","0.01580902375280857","0.01580902375280857"
"12009","0.016148552298545837","0.016148552298545837","0.016148552298545837"
"12011","0.0398593544960022","0.0398593544960022","0.0398593544960022"
"12013","0.015346486121416092","0.015346486121416092","0.015346486121416092"
"12015","0.010179847478866577","0.010179847478866577","0.010179847478866577"
"12019","0.008192397654056549","0.008192397654056549","0.008192397654056549"
"12023","0.006998036056756973","0.006998036056756973","0.006998036056756973"
"12025","0.0017633400857448578","0.0017633400857448578","0.0017633400857448578"
"12027","0.01355535164475441","0.01355535164475441","0.01355535164475441"
"12029","0.005003845319151878","0.005003845319151878","0.005003845319151878"
"12031","0.006287341937422752","0.006287341937422752","0.006287341937422752"
"12035","0.012111641466617584","0.012111641466617584","0.012111641466617584"
"12037","0.016290126368403435","0.016290126368403435","0.016290126368403435"
"12039","0.0027459021657705307","0.0027459021657705307","0.0027459021657705307"
"12041","0.0248984657227993","0.0248984657227993","0.0248984657227993"
"12043","0.010196372866630554","0.010196372866630554","0.010196372866630554"
"12045","0.015352845191955566","0.015352845191955566","0.015352845191955566"
"12047","0.027333300560712814","0.027333300560712814","0.027333300560712814"
"12049","0.0032940655946731567","0.0032940655946731567","0.0032940655946731567"
"12053","0.1001458391547203","0.1001458391547203","0.1001458391547203"
"12057","0.04939727485179901","0.04939727485179901","0.04939727485179901"
"12059","0.014569131657481194","0.014569131657481194","0.014569131657481194"
"12061","0.010872500017285347","0.010872500017285347","0.010872500017285347"
"12063","0.002454906702041626","0.002454906702041626","0.002454906702041626"
"12065","0.0024001039564609528","0.0024001039564609528","0.0024001039564609528"
"12067","0.006611678749322891","0.006611678749322891","0.006611678749322891"
"12069","0.09886788576841354","0.09886788576841354","0.09886788576841354"
"12071","0.02512156218290329","0.02512156218290329","0.02512156218290329"
"12073","0.03382117301225662","0.03382117301225662","0.03382117301225662"
"12075","0.015016492456197739","0.015016492456197739","0.015016492456197739"
"12077","0.017004908993840218","0.017004908993840218","0.017004908993840218"
"12083","0.022463466972112656","0.022463466972112656","0.022463466972112656"
"12085","0.01129702664911747","0.01129702664911747","0.01129702664911747"
"12087","0.0021366775035858154","0.0021366775035858154","0.0021366775035858154"
"12091","0.0027275606989860535","0.0027275606989860535","0.0027275606989860535"
"12097","0.00528658926486969","0.00528658926486969","0.00528658926486969"
"12099","0.04417725279927254","0.04417725279927254","0.04417725279927254"
"12105","0.004594193771481514","0.004594193771481514","0.004594193771481514"
"12107","0.007148727774620056","0.007148727774620056","0.007148727774620056"
"12109","0.049425430595874786","0.049425430595874786","0.049425430595874786"
"12111","0.011944852769374847","0.011944852769374847","0.011944852769374847"
"12113","0.0024737007915973663","0.0024737007915973663","0.0024737007915973663"
"12115","0.0038070790469646454","0.0038070790469646454","0.0038070790469646454"
"12117","0.00852503627538681","0.00852503627538681","0.00852503627538681"
"12121","0.009296972304582596","0.009296972304582596","0.009296972304582596"
"12123","0.0024363286793231964","0.0024363286793231964","0.0024363286793231964"
"12125","0.010115593671798706","0.010115593671798706","0.010115593671798706"
"12129","0.0026324745267629623","0.0026324745267629623","0.0026324745267629623"
"12131","0.029131833463907242","0.029131833463907242","0.029131833463907242"
"12133","0.0013731792569160461","0.0013731792569160461","0.0013731792569160461"
"12135","0.024652566760778427","0.024652566760778427","0.024652566760778427"
"12141","0.01623116433620453","0.01623116433620453","0.01623116433620453"
"12145","0.027366219088435173","0.027366219088435173","0.027366219088435173"
"12147","0.00234188511967659","0.00234188511967659","0.00234188511967659"
"12149","0.001509474590420723","0.001509474590420723","0.001509474590420723"
"12151","0.0018814485520124435","0.0018814485520124435","0.0018814485520124435"
"12153","0.0030767638236284256","0.0030767638236284256","0.0030767638236284256"
"12155","0.0444302037358284","0.0444302037358284","0.0444302037358284"
"12157","0.022351913154125214","0.022351913154125214","0.022351913154125214"
"12159","0.047131434082984924","0.047131434082984924","0.047131434082984924"
"12163","0.009081397205591202","0.009081397205591202","0.009081397205591202"
"12167","0.03295727074146271","0.03295727074146271","0.03295727074146271"
"12173","0.04126227647066116","0.04126227647066116","0.04126227647066116"
"12177","0.0006754621863365173","0.0006754621863365173","0.0006754621863365173"
"12179","0.002924801781773567","0.002924801781773567","0.002924801781773567"
"12181","0.004719151183962822","0.004719151183962822","0.004719151183962822"
"12183","0.014993235468864441","0.014993235468864441","0.014993235468864441"
"12185","0.0022926144301891327","0.0022926144301891327","0.0022926144301891327"
"12187","0.006458645686507225","0.006458645686507225","0.006458645686507225"
"12189","0.023116469383239746","0.023116469383239746","0.023116469383239746"
"12193","0.0019225925207138062","0.0019225925207138062","0.0019225925207138062"
"12195","0.01099395751953125","0.01099395751953125","0.01099395751953125"
"12197","0.03687463328242302","0.03687463328242302","0.03687463328242302"
"12199","0.0039093028753995895","0.0039093028753995895","0.0039093028753995895"
"12201","0.003914631903171539","0.003914631903171539","0.003914631903171539"
"12205","0.010881219059228897","0.010881219059228897","0.010881219059228897"
"12207","0.006588434800505638","0.006588434800505638","0.006588434800505638"
"12209","0.0014428496360778809","0.0014428496360778809","0.0014428496360778809"
"12211","0.001466561108827591","0.001466561108827591","0.001466561108827591"
"12213","0.00190657377243042","0.00190657377243042","0.00190657377243042"
"12215","0.003384314477443695","0.003384314477443695","0.003384314477443695"
"12217","0.011679016053676605","0.011679016053676605","0.011679016053676605"
"12219","0.00017276592552661896","0.00017276592552661896","0.00017276592552661896"
"12221","0.03372889757156372","0.03372889757156372","0.03372889757156372"
"12223","0.0027625858783721924","0.0027625858783721924","0.0027625858783721924"
"12225","0.013820309191942215","0.013820309191942215","0.013820309191942215"
"12227","0.0014715194702148438","0.0014715194702148438","0.0014715194702148438"
"12229","0.040239833295345306","0.040239833295345306","0.040239833295345306"
"12231","0.004612429067492485","0.004612429067492485","0.004612429067492485"
"12233","0.0203129630535841","0.0203129630535841","0.0203129630535841"
"12237","0.0009044166654348373","0.0009044166654348373","0.0009044166654348373"
"12239","0.0013142675161361694","0.0013142675161361694","0.0013142675161361694"
"12241","0.003944167867302895","0.003944167867302895","0.003944167867302895"
"12243","0.011907409876585007","0.011907409876585007","0.011907409876585007"
"12247","0.0020943190902471542","0.0020943190902471542","0.0020943190902471542"
"12249","0.019589757546782494","0.019589757546782494","0.019589757546782494"
"12251","0.0016653090715408325","0.0016653090715408325","0.0016653090715408325"
"12255","0.01878126710653305","0.01878126710653305","0.01878126710653305"
"12257","0.01763852685689926","0.01763852685689926","0.01763852685689926"
"12259","0.010671256110072136","0.010671256110072136","0.010671256110072136"
"12261","0.002941131591796875","0.002941131591796875","0.002941131591796875"
"12265","0.08075421303510666","0.08075421303510666","0.08075421303510666"
"12271","0.011899866163730621","0.011899866163730621","0.011899866163730621"
"12275","0.0011165346950292587","0.0011165346950292587","0.0011165346950292587"
"12277","0.021936891600489616","0.021936891600489616","0.021936891600489616"
"12279","0.007609441876411438","0.007609441876411438","0.007609441876411438"
"12281","0.0019508171826601028","0.0019508171826601028","0.0019508171826601028"
"12285","0.004517128691077232","0.004517128691077232","0.004517128691077232"
"12293","0.00412941537797451","0.00412941537797451","0.00412941537797451"
"12295","0.009663224220275879","0.009663224220275879","0.009663224220275879"
"12297","0.009980708360671997","0.009980708360671997","0.009980708360671997"
"12299","0.03905990719795227","0.03905990719795227","0.03905990719795227"
"12301","0.004317834973335266","0.004317834973335266","0.004317834973335266"
"12303","0.009220067411661148","0.009220067411661148","0.009220067411661148"
"12307","0.0018701031804084778","0.0018701031804084778","0.0018701031804084778"
"12309","0.013866044580936432","0.013866044580936432","0.013866044580936432"
"12313","0.00882815383374691","0.00882815383374691","0.00882815383374691"
"12317","0.0016462262719869614","0.0016462262719869614","0.0016462262719869614"
"12319","0.002139303833246231","0.002139303833246231","0.002139303833246231"
"12325","0.014055028557777405","0.014055028557777405","0.014055028557777405"
"12327","0.0005432330071926117","0.0005432330071926117","0.0005432330071926117"
"12329","0.04447400942444801","0.04447400942444801","0.04447400942444801"
"12331","0.02222280018031597","0.02222280018031597","0.02222280018031597"
"12335","0.004784848541021347","0.004784848541021347","0.004784848541021347"
"12337","0.01007368229329586","0.01007368229329586","0.01007368229329586"
"12341","0.009789139032363892","0.009789139032363892","0.009789139032363892"
"12343","0.03206118941307068","0.03206118941307068","0.03206118941307068"
"12347","0.010724242776632309","0.010724242776632309","0.010724242776632309"
"12353","0.0069873034954071045","0.0069873034954071045","0.0069873034954071045"
"12355","0.0028016045689582825","0.0028016045689582825","0.0028016045689582825"
"12361","0.004311814904212952","0.004311814904212952","0.004311814904212952"
"12363","0.010008469223976135","0.010008469223976135","0.010008469223976135"
"12365","0.022267866879701614","0.022267866879701614","0.022267866879701614"
"12369","0.0007555186748504639","0.0007555186748504639","0.0007555186748504639"
"12371","0.005524590611457825","0.005524590611457825","0.005524590611457825"
"12373","0.004424449056386948","0.004424449056386948","0.004424449056386948"
"12375","0.0013490896672010422","0.0013490896672010422","0.0013490896672010422"
"12377","0.023449253290891647","0.023449253290891647","0.023449253290891647"
"12379","0.00494355708360672","0.00494355708360672","0.00494355708360672"
"12381","0.0027292463928461075","0.0027292463928461075","0.0027292463928461075"
"12388","0.0011797510087490082","0.0011797510087490082","0.0011797510087490082"
"12390","0.004748433828353882","0.004748433828353882","0.004748433828353882"
"12394","0.03707012161612511","0.03707012161612511","0.03707012161612511"
"12396","0.03219684213399887","0.03219684213399887","0.03219684213399887"
"12404","0.008554244413971901","0.008554244413971901","0.008554244413971901"
"12406","0.00033542700111866","0.00033542700111866","0.00033542700111866"
"12410","0.0024524331092834473","0.0024524331092834473","0.0024524331092834473"
"12412","0.013297036290168762","0.013297036290168762","0.013297036290168762"
"12418","0.010582556948065758","0.010582556948065758","0.010582556948065758"
"12420","0.011636637151241302","0.011636637151241302","0.011636637151241302"
"12422","0.00354582816362381","0.00354582816362381","0.00354582816362381"
"12426","0.0019509922713041306","0.0019509922713041306","0.0019509922713041306"
"12428","0.006389953196048737","0.006389953196048737","0.006389953196048737"
"12430","0.023046642541885376","0.023046642541885376","0.023046642541885376"
"12432","0.009612251073122025","0.009612251073122025","0.009612251073122025"
"12434","0.005781643092632294","0.005781643092632294","0.005781643092632294"
"12436","0.0045926570892333984","0.0045926570892333984","0.0045926570892333984"
"12438","0.02077915519475937","0.02077915519475937","0.02077915519475937"
"12440","0.0017226636409759521","0.0017226636409759521","0.0017226636409759521"
"12442","0.005427215248346329","0.005427215248346329","0.005427215248346329"
"12444","0.0009775310754776","0.0009775310754776","0.0009775310754776"
"12446","0.0011957474052906036","0.0011957474052906036","0.0011957474052906036"
"12450","0.003374328836798668","0.003374328836798668","0.003374328836798668"
"12454","0.026592515408992767","0.026592515408992767","0.026592515408992767"
"12456","0.0037510357797145844","0.0037510357797145844","0.0037510357797145844"
"12458","0.012360021471977234","0.012360021471977234","0.012360021471977234"
"12462","0.003198692575097084","0.003198692575097084","0.003198692575097084"
"12464","0.03611309826374054","0.03611309826374054","0.03611309826374054"
"12466","0.005925942212343216","0.005925942212343216","0.005925942212343216"
"12468","0.009896021336317062","0.009896021336317062","0.009896021336317062"
"12470","0.03440288454294205","0.03440288454294205","0.03440288454294205"
"12472","0.0028447601944208145","0.0028447601944208145","0.0028447601944208145"
"12474","0.03701354190707207","0.03701354190707207","0.03701354190707207"
"12476","0.012083491310477257","0.012083491310477257","0.012083491310477257"
"12478","0.024686213582754135","0.024686213582754135","0.024686213582754135"
"12482","0.026276845484972","0.026276845484972","0.026276845484972"
"12484","0.034145645797252655","0.034145645797252655","0.034145645797252655"
"12486","0.006389683112502098","0.006389683112502098","0.006389683112502098"
"12488","0.03771980479359627","0.03771980479359627","0.03771980479359627"
"12490","0.01093931496143341","0.01093931496143341","0.01093931496143341"
"12492","0.000590028241276741","0.000590028241276741","0.000590028241276741"
"12494","0.023121239617466927","0.023121239617466927","0.023121239617466927"
"12496","0.007960449904203415","0.007960449904203415","0.007960449904203415"
"12498","0.034780606627464294","0.034780606627464294","0.034780606627464294"
"12500","0.011193841695785522","0.011193841695785522","0.011193841695785522"
"12504","0.005498509854078293","0.005498509854078293","0.005498509854078293"
"12506","0.009581200778484344","0.009581200778484344","0.009581200778484344"
"12508","0.006177175790071487","0.006177175790071487","0.006177175790071487"
"12510","0.01778336614370346","0.01778336614370346","0.01778336614370346"
"12512","0.0035651512444019318","0.0035651512444019318","0.0035651512444019318"
"12514","0.034379370510578156","0.034379370510578156","0.034379370510578156"
"12516","0.0011971555650234222","0.0011971555650234222","0.0011971555650234222"
"12518","0.006185542792081833","0.006185542792081833","0.006185542792081833"
"12522","0.00044910795986652374","0.00044910795986652374","0.00044910795986652374"
"12528","0.003848142921924591","0.003848142921924591","0.003848142921924591"
"12530","0.013091446831822395","0.013091446831822395","0.013091446831822395"
"12534","0.002683449536561966","0.002683449536561966","0.002683449536561966"
"12536","0.0025459788739681244","0.0025459788739681244","0.0025459788739681244"
"12540","0.0019349902868270874","0.0019349902868270874","0.0019349902868270874"
"12542","0.037235718220472336","0.037235718220472336","0.037235718220472336"
"12544","0.0007064454257488251","0.0007064454257488251","0.0007064454257488251"
"12548","0.0009377244859933853","0.0009377244859933853","0.0009377244859933853"
"12552","0.0016404762864112854","0.0016404762864112854","0.0016404762864112854"
"12554","0.009219503030180931","0.009219503030180931","0.009219503030180931"
"12556","0.010885972529649734","0.010885972529649734","0.010885972529649734"
"12558","0.0014785435050725937","0.0014785435050725937","0.0014785435050725937"
"12560","0.002704411745071411","0.002704411745071411","0.002704411745071411"
"12562","0.0038971565663814545","0.0038971565663814545","0.0038971565663814545"
"12568","0.019131474196910858","0.019131474196910858","0.019131474196910858"
"12570","0.00020381063222885132","0.00020381063222885132","0.00020381063222885132"
"12572","0.03450296074151993","0.03450296074151993","0.03450296074151993"
"12574","0.0016376711428165436","0.0016376711428165436","0.0016376711428165436"
"12578","0.04506777971982956","0.04506777971982956","0.04506777971982956"
"12580","0.006423328071832657","0.006423328071832657","0.006423328071832657"
"12582","0.009623896330595016","0.009623896330595016","0.009623896330595016"
"12584","0.03139842301607132","0.03139842301607132","0.03139842301607132"
"12586","0.011589156463742256","0.011589156463742256","0.011589156463742256"
"12588","0.01097044162452221","0.01097044162452221","0.01097044162452221"
"12590","0.03493617847561836","0.03493617847561836","0.03493617847561836"
"12594","0.023370929062366486","0.023370929062366486","0.023370929062366486"
"12600","0.015618611127138138","0.015618611127138138","0.015618611127138138"
"12602","0.05201995372772217","0.05201995372772217","0.05201995372772217"
"12608","0.001246107742190361","0.001246107742190361","0.001246107742190361"
"12610","0.054279644042253494","0.054279644042253494","0.054279644042253494"
"12612","0.00662057101726532","0.00662057101726532","0.00662057101726532"
"12616","0.0013319887220859528","0.0013319887220859528","0.0013319887220859528"
"12618","0.0015953592956066132","0.0015953592956066132","0.0015953592956066132"
"12620","0.019279401749372482","0.019279401749372482","0.019279401749372482"
"12622","0.018913675099611282","0.018913675099611282","0.018913675099611282"
"12624","0.003902612254023552","0.003902612254023552","0.003902612254023552"
"12626","0.0028526820242404938","0.0028526820242404938","0.0028526820242404938"
"12630","0.004552733153104782","0.004552733153104782","0.004552733153104782"
"12632","0.012465428560972214","0.012465428560972214","0.012465428560972214"
"12634","0.00040422938764095306","0.00040422938764095306","0.00040422938764095306"
"12636","0.0254397951066494","0.0254397951066494","0.0254397951066494"
"12638","0.001331748440861702","0.001331748440861702","0.001331748440861702"
"12640","0.0008987672626972198","0.0008987672626972198","0.0008987672626972198"
"12642","0.0030623450875282288","0.0030623450875282288","0.0030623450875282288"
"12648","0.00011966004967689514","0.00011966004967689514","0.00011966004967689514"
"12650","0.0033316612243652344","0.0033316612243652344","0.0033316612243652344"
"12654","0.04100430756807327","0.04100430756807327","0.04100430756807327"
"12656","0.021807711571455002","0.021807711571455002","0.021807711571455002"
"12658","0.0031106770038604736","0.0031106770038604736","0.0031106770038604736"
"12660","0.00412026047706604","0.00412026047706604","0.00412026047706604"
"12662","0.0007758438587188721","0.0007758438587188721","0.0007758438587188721"
"12664","0.0009057130664587021","0.0009057130664587021","0.0009057130664587021"
"12666","0.00038878433406352997","0.00038878433406352997","0.00038878433406352997"
"12670","0.006646856665611267","0.006646856665611267","0.006646856665611267"
"12672","0.005443667992949486","0.005443667992949486","0.005443667992949486"
"12674","0.0010811816900968552","0.0010811816900968552","0.0010811816900968552"
"12676","0.001502901315689087","0.001502901315689087","0.001502901315689087"
"12682","0.06173667684197426","0.06173667684197426","0.06173667684197426"
"12684","0.0007432587444782257","0.0007432587444782257","0.0007432587444782257"
"12686","0.0002755895256996155","0.0002755895256996155","0.0002755895256996155"
"12688","0.012355111539363861","0.012355111539363861","0.012355111539363861"
"12690","0.009471509605646133","0.009471509605646133","0.009471509605646133"
"12692","0.008327413350343704","0.008327413350343704","0.008327413350343704"
"12694","0.005985213443636894","0.005985213443636894","0.005985213443636894"
"12696","0.00031382404267787933","0.00031382404267787933","0.00031382404267787933"
"12700","0.020966190844774246","0.020966190844774246","0.020966190844774246"
"12702","0.0008575133979320526","0.0008575133979320526","0.0008575133979320526"
"12704","0.018642999231815338","0.018642999231815338","0.018642999231815338"
"12706","0.0013140905648469925","0.0013140905648469925","0.0013140905648469925"
"12708","0.049833010882139206","0.049833010882139206","0.049833010882139206"
"12712","0.012037742882966995","0.012037742882966995","0.012037742882966995"
"12716","0.07672731578350067","0.07672731578350067","0.07672731578350067"
"12718","0.0002541765570640564","0.0002541765570640564","0.0002541765570640564"
"12720","0.0018134303390979767","0.0018134303390979767","0.0018134303390979767"
"12726","0.006940070539712906","0.006940070539712906","0.006940070539712906"
"12728","0.01594972424209118","0.01594972424209118","0.01594972424209118"
"12730","0.011484282091259956","0.011484282091259956","0.011484282091259956"
"12736","0.012271976098418236","0.012271976098418236","0.012271976098418236"
"12738","0.010797590017318726","0.010797590017318726","0.010797590017318726"
"12740","0.00567617267370224","0.00567617267370224","0.00567617267370224"
"12742","0.0016357097774744034","0.0016357097774744034","0.0016357097774744034"
"12744","0.000667305663228035","0.000667305663228035","0.000667305663228035"
"12746","0.042519375681877136","0.042519375681877136","0.042519375681877136"
"12750","0.03375183045864105","0.03375183045864105","0.03375183045864105"
"12752","0.0049688927829265594","0.0049688927829265594","0.0049688927829265594"
"12754","0.0014481134712696075","0.0014481134712696075","0.0014481134712696075"
"12756","0.00455612875521183","0.00455612875521183","0.00455612875521183"
"12758","0.0060346126556396484","0.0060346126556396484","0.0060346126556396484"
"12760","0.0068435147404670715","0.0068435147404670715","0.0068435147404670715"
"12764","0.0076201483607292175","0.0076201483607292175","0.0076201483607292175"
"12768","0.0031884927302598953","0.0031884927302598953","0.0031884927302598953"
"12770","0.00905577465891838","0.00905577465891838","0.00905577465891838"
"12774","0.0004674680531024933","0.0004674680531024933","0.0004674680531024933"
"12778","0.0011416096240282059","0.0011416096240282059","0.0011416096240282059"
"12780","0.01595095917582512","0.01595095917582512","0.01595095917582512"
"12782","0.013973036780953407","0.013973036780953407","0.013973036780953407"
"12786","0.0008776932954788208","0.0008776932954788208","0.0008776932954788208"
"12788","0.021562013775110245","0.021562013775110245","0.021562013775110245"
"12790","0.031866081058979034","0.031866081058979034","0.031866081058979034"
"12796","0.006803516298532486","0.006803516298532486","0.006803516298532486"
"12798","0.003052501007914543","0.003052501007914543","0.003052501007914543"
"12800","0.0012631472200155258","0.0012631472200155258","0.0012631472200155258"
"12804","0.0018102023750543594","0.0018102023750543594","0.0018102023750543594"
"12806","0.0017720870673656464","0.0017720870673656464","0.0017720870673656464"
"12808","0.005227433517575264","0.005227433517575264","0.005227433517575264"
"12812","0.0029536131769418716","0.0029536131769418716","0.0029536131769418716"
"12814","0.003966040909290314","0.003966040909290314","0.003966040909290314"
"12816","0.0012547969818115234","0.0012547969818115234","0.0012547969818115234"
"12818","0.002968350425362587","0.002968350425362587","0.002968350425362587"
"12822","0.04092104360461235","0.04092104360461235","0.04092104360461235"
"12824","0.0020982064306735992","0.0020982064306735992","0.0020982064306735992"
"12826","0.012823561206459999","0.012823561206459999","0.012823561206459999"
"12828","0.00287751667201519","0.00287751667201519","0.00287751667201519"
"12832","0.002414427697658539","0.002414427697658539","0.002414427697658539"
"12834","0.02747136354446411","0.02747136354446411","0.02747136354446411"
"12836","0.004005471244454384","0.004005471244454384","0.004005471244454384"
"12838","0.010601568967103958","0.010601568967103958","0.010601568967103958"
"12840","0.004590747877955437","0.004590747877955437","0.004590747877955437"
"12842","0.008853662759065628","0.008853662759065628","0.008853662759065628"
"12844","0.002032121643424034","0.002032121643424034","0.002032121643424034"
"12846","0.0031708702445030212","0.0031708702445030212","0.0031708702445030212"
"12848","0.02551300637423992","0.02551300637423992","0.02551300637423992"
"12850","0.05444127321243286","0.05444127321243286","0.05444127321243286"
"12856","0.007451802492141724","0.007451802492141724","0.007451802492141724"
"12862","0.0006820708513259888","0.0006820708513259888","0.0006820708513259888"
"12864","0.11345881223678589","0.11345881223678589","0.11345881223678589"
"12866","0.05959964543581009","0.05959964543581009","0.05959964543581009"
"12870","0.0034078750759363174","0.0034078750759363174","0.0034078750759363174"
"12874","0.006571359932422638","0.006571359932422638","0.006571359932422638"
"12876","0.003416268154978752","0.003416268154978752","0.003416268154978752"
"12878","0.0021269284188747406","0.0021269284188747406","0.0021269284188747406"
"12880","0.0023601874709129333","0.0023601874709129333","0.0023601874709129333"
"12882","0.0022271238267421722","0.0022271238267421722","0.0022271238267421722"
"12888","0.0074948500841856","0.0074948500841856","0.0074948500841856"
"12890","0.029369959607720375","0.029369959607720375","0.029369959607720375"
"12894","0.010917764157056808","0.010917764157056808","0.010917764157056808"
"12896","0.013533398509025574","0.013533398509025574","0.013533398509025574"
"12898","0.02345486730337143","0.02345486730337143","0.02345486730337143"
"12900","0.02575014717876911","0.02575014717876911","0.02575014717876911"
"12902","0.00547822006046772","0.00547822006046772","0.00547822006046772"
"12904","0.00937342643737793","0.00937342643737793","0.00937342643737793"
"12906","0.09052355587482452","0.09052355587482452","0.09052355587482452"
"12919","0.027230601757764816","0.027230601757764816","0.027230601757764816"
"12921","0.004729976877570152","0.004729976877570152","0.004729976877570152"
"12923","0.0052194129675626755","0.0052194129675626755","0.0052194129675626755"
"12925","0.01727917417883873","0.01727917417883873","0.01727917417883873"
"12927","0.00222570076584816","0.00222570076584816","0.00222570076584816"
"12929","0.03388559818267822","0.03388559818267822","0.03388559818267822"
"12935","0.01959448866546154","0.01959448866546154","0.01959448866546154"
"12937","0.004910383373498917","0.004910383373498917","0.004910383373498917"
"12939","0.0008330028504133224","0.0008330028504133224","0.0008330028504133224"
"12943","0.020925715565681458","0.020925715565681458","0.020925715565681458"
"12945","0.06754301488399506","0.06754301488399506","0.06754301488399506"
"12947","0.002238962799310684","0.002238962799310684","0.002238962799310684"
"12949","0.004254467785358429","0.004254467785358429","0.004254467785358429"
"12951","0.11510743200778961","0.11510743200778961","0.11510743200778961"
"12953","0.0002244710922241211","0.0002244710922241211","0.0002244710922241211"
"12955","0.007864907383918762","0.007864907383918762","0.007864907383918762"
"12959","0.0020435508340597153","0.0020435508340597153","0.0020435508340597153"
"12961","0.004816845059394836","0.004816845059394836","0.004816845059394836"
"12965","0.002179456874728203","0.002179456874728203","0.002179456874728203"
"12967","0.0062620267271995544","0.0062620267271995544","0.0062620267271995544"
"12969","0.0011553708463907242","0.0011553708463907242","0.0011553708463907242"
"12971","0.14645229279994965","0.14645229279994965","0.14645229279994965"
"12973","0.04748057946562767","0.04748057946562767","0.04748057946562767"
"12975","0.0027048829942941666","0.0027048829942941666","0.0027048829942941666"
"12979","0.0006465930491685867","0.0006465930491685867","0.0006465930491685867"
"12981","0.000561857596039772","0.000561857596039772","0.000561857596039772"
"12983","0.021027950569987297","0.021027950569987297","0.021027950569987297"
"12985","0.014965815469622612","0.014965815469622612","0.014965815469622612"
"12989","0.0016060266643762589","0.0016060266643762589","0.0016060266643762589"
"12991","0.0013421662151813507","0.0013421662151813507","0.0013421662151813507"
"12993","0.012695873156189919","0.012695873156189919","0.012695873156189919"
"12999","0.04945456236600876","0.04945456236600876","0.04945456236600876"
"13001","0.03282715380191803","0.03282715380191803","0.03282715380191803"
"13005","0.0001295246183872223","0.0001295246183872223","0.0001295246183872223"
"13009","0.11303483694791794","0.11303483694791794","0.11303483694791794"
"13011","0.03188274800777435","0.03188274800777435","0.03188274800777435"
"13013","0.023060312494635582","0.023060312494635582","0.023060312494635582"
"13015","0.0061630140990018845","0.0061630140990018845","0.0061630140990018845"
"13017","0.0077551547437906265","0.0077551547437906265","0.0077551547437906265"
"13019","0.0027604103088378906","0.0027604103088378906","0.0027604103088378906"
"13021","0.022365868091583252","0.022365868091583252","0.022365868091583252"
"13023","0.002388346940279007","0.002388346940279007","0.002388346940279007"
"13027","0.019418468698859215","0.019418468698859215","0.019418468698859215"
"13029","0.026397161185741425","0.026397161185741425","0.026397161185741425"
"13031","0.0004953816533088684","0.0004953816533088684","0.0004953816533088684"
"13033","0.01078726351261139","0.01078726351261139","0.01078726351261139"
"13035","0.1439327597618103","0.1439327597618103","0.1439327597618103"
"13039","0.0011391043663024902","0.0011391043663024902","0.0011391043663024902"
"13043","0.03450058400630951","0.03450058400630951","0.03450058400630951"
"13045","0.0015918277204036713","0.0015918277204036713","0.0015918277204036713"
"13047","0.04011283069849014","0.04011283069849014","0.04011283069849014"
"13051","0.0025903023779392242","0.0025903023779392242","0.0025903023779392242"
"13053","0.004195541143417358","0.004195541143417358","0.004195541143417358"
"13055","0.07279477268457413","0.07279477268457413","0.07279477268457413"
"13057","0.027071470394730568","0.027071470394730568","0.027071470394730568"
"13059","0.00018125399947166443","0.00018125399947166443","0.00018125399947166443"
"13063","0.002128804102540016","0.002128804102540016","0.002128804102540016"
"13065","0.015711605548858643","0.015711605548858643","0.015711605548858643"
"13067","0.041654616594314575","0.041654616594314575","0.041654616594314575"
"13069","0.005723774433135986","0.005723774433135986","0.005723774433135986"
"13073","0.00453508086502552","0.00453508086502552","0.00453508086502552"
"13075","0.02878781035542488","0.02878781035542488","0.02878781035542488"
"13077","0.03067513182759285","0.03067513182759285","0.03067513182759285"
"13079","0.08386506885290146","0.08386506885290146","0.08386506885290146"
"13083","0.00040608085691928864","0.00040608085691928864","0.00040608085691928864"
"13085","0.03183630481362343","0.03183630481362343","0.03183630481362343"
"13087","0.014104297384619713","0.014104297384619713","0.014104297384619713"
"13089","0.008963176980614662","0.008963176980614662","0.008963176980614662"
"13091","0.00764581561088562","0.00764581561088562","0.00764581561088562"
"13093","0.0018422622233629227","0.0018422622233629227","0.0018422622233629227"
"13095","0.015683509409427643","0.015683509409427643","0.015683509409427643"
"13097","0.03333358094096184","0.03333358094096184","0.03333358094096184"
"13099","0.0016603469848632812","0.0016603469848632812","0.0016603469848632812"
"13101","0.023339038714766502","0.023339038714766502","0.023339038714766502"
"13103","0.0021800417453050613","0.0021800417453050613","0.0021800417453050613"
"13105","0.009494960308074951","0.009494960308074951","0.009494960308074951"
"13111","0.017999473959207535","0.017999473959207535","0.017999473959207535"
"13113","0.0034648682922124863","0.0034648682922124863","0.0034648682922124863"
"13115","0.012656673789024353","0.012656673789024353","0.012656673789024353"
"13119","0.0027720890939235687","0.0027720890939235687","0.0027720890939235687"
"13121","0.021416909992694855","0.021416909992694855","0.021416909992694855"
"13125","0.004856359213590622","0.004856359213590622","0.004856359213590622"
"13127","0.02926945686340332","0.02926945686340332","0.02926945686340332"
"13129","0.0025389790534973145","0.0025389790534973145","0.0025389790534973145"
"13131","0.05998682975769043","0.05998682975769043","0.05998682975769043"
"13135","0.001474255695939064","0.001474255695939064","0.001474255695939064"
"13139","0.00021925941109657288","0.00021925941109657288","0.00021925941109657288"
"13141","0.00387420691549778","0.00387420691549778","0.00387420691549778"
"13143","0.0026692580431699753","0.0026692580431699753","0.0026692580431699753"
"13145","0.013068808242678642","0.013068808242678642","0.013068808242678642"
"13147","0.0026475470513105392","0.0026475470513105392","0.0026475470513105392"
"13149","0.0002675838768482208","0.0002675838768482208","0.0002675838768482208"
"13151","0.07418784499168396","0.07418784499168396","0.07418784499168396"
"13153","0.003346433863043785","0.003346433863043785","0.003346433863043785"
"13155","0.009346768260002136","0.009346768260002136","0.009346768260002136"
"13157","0.001053452491760254","0.001053452491760254","0.001053452491760254"
"13159","0.0004353616386651993","0.0004353616386651993","0.0004353616386651993"
"13161","0.055256474763154984","0.055256474763154984","0.055256474763154984"
"13163","0.0062179286032915115","0.0062179286032915115","0.0062179286032915115"
"13165","0.05058412253856659","0.05058412253856659","0.05058412253856659"
"13167","0.013312259688973427","0.013312259688973427","0.013312259688973427"
"13169","0.02587907761335373","0.02587907761335373","0.02587907761335373"
"13171","0.024870701134204865","0.024870701134204865","0.024870701134204865"
"13175","0.017111413180828094","0.017111413180828094","0.017111413180828094"
"13177","0.012179810553789139","0.012179810553789139","0.012179810553789139"
"13179","0.012484496459364891","0.012484496459364891","0.012484496459364891"
"13185","0.004965757951140404","0.004965757951140404","0.004965757951140404"
"13187","0.001123730093240738","0.001123730093240738","0.001123730093240738"
"13189","0.025428175926208496","0.025428175926208496","0.025428175926208496"
"13191","0.03237374871969223","0.03237374871969223","0.03237374871969223"
"13193","0.008579295128583908","0.008579295128583908","0.008579295128583908"
"13195","0.008738711476325989","0.008738711476325989","0.008738711476325989"
"13197","0.005134977400302887","0.005134977400302887","0.005134977400302887"
"13199","0.048840880393981934","0.048840880393981934","0.048840880393981934"
"13205","0.00869411788880825","0.00869411788880825","0.00869411788880825"
"13209","0.012528777122497559","0.012528777122497559","0.012528777122497559"
"13211","0.0026440825313329697","0.0026440825313329697","0.0026440825313329697"
"13213","0.004281749948859215","0.004281749948859215","0.004281749948859215"
"13215","0.0001189354807138443","0.0001189354807138443","0.0001189354807138443"
"13221","0.005380276590585709","0.005380276590585709","0.005380276590585709"
"13223","0.004475554451346397","0.004475554451346397","0.004475554451346397"
"13225","0.0559605211019516","0.0559605211019516","0.0559605211019516"
"13227","0.04444192349910736","0.04444192349910736","0.04444192349910736"
"13229","0.001208428293466568","0.001208428293466568","0.001208428293466568"
"13231","0.008781809359788895","0.008781809359788895","0.008781809359788895"
"13233","0.0023296531289815903","0.0023296531289815903","0.0023296531289815903"
"13235","0.003545207902789116","0.003545207902789116","0.003545207902789116"
"13239","0.0015514455735683441","0.0015514455735683441","0.0015514455735683441"
"13241","0.003979422152042389","0.003979422152042389","0.003979422152042389"
"13243","0.01174851693212986","0.01174851693212986","0.01174851693212986"
"13245","0.01083974540233612","0.01083974540233612","0.01083974540233612"
"13247","0.0069145988672971725","0.0069145988672971725","0.0069145988672971725"
"13249","0.002242881804704666","0.002242881804704666","0.002242881804704666"
"13251","0.004381347447633743","0.004381347447633743","0.004381347447633743"
"13253","0.007913373410701752","0.007913373410701752","0.007913373410701752"
"13255","0.004470324143767357","0.004470324143767357","0.004470324143767357"
"13261","0.0009734518826007843","0.0009734518826007843","0.0009734518826007843"
"13263","0.014312082901597023","0.014312082901597023","0.014312082901597023"
"13265","0.017192840576171875","0.017192840576171875","0.017192840576171875"
"13267","0.021822499111294746","0.021822499111294746","0.021822499111294746"
"13269","0.02475622482597828","0.02475622482597828","0.02475622482597828"
"13275","0.006093425676226616","0.006093425676226616","0.006093425676226616"
"13279","0.007734319195151329","0.007734319195151329","0.007734319195151329"
"13281","0.005974628031253815","0.005974628031253815","0.005974628031253815"
"13283","0.011327262967824936","0.011327262967824936","0.011327262967824936"
"13285","0.01931336522102356","0.01931336522102356","0.01931336522102356"
"13287","0.008199833333492279","0.008199833333492279","0.008199833333492279"
"13293","0.0010090284049510956","0.0010090284049510956","0.0010090284049510956"
"13295","0.006285581737756729","0.006285581737756729","0.006285581737756729"
"13297","0.00382438488304615","0.00382438488304615","0.00382438488304615"
"13303","0.01569342613220215","0.01569342613220215","0.01569342613220215"
"13307","0.013116488233208656","0.013116488233208656","0.013116488233208656"
"13311","0.0015707779675722122","0.0015707779675722122","0.0015707779675722122"
"13313","0.001861821860074997","0.001861821860074997","0.001861821860074997"
"13317","0.0015570800751447678","0.0015570800751447678","0.0015570800751447678"
"13319","0.01486394926905632","0.01486394926905632","0.01486394926905632"
"13321","0.0008057989180088043","0.0008057989180088043","0.0008057989180088043"
"13325","0.004625268280506134","0.004625268280506134","0.004625268280506134"
"13327","0.0020138900727033615","0.0020138900727033615","0.0020138900727033615"
"13329","0.005240283906459808","0.005240283906459808","0.005240283906459808"
"13333","0.02237544022500515","0.02237544022500515","0.02237544022500515"
"13335","0.0157215166836977","0.0157215166836977","0.0157215166836977"
"13341","0.0013041775673627853","0.0013041775673627853","0.0013041775673627853"
"13347","0.007392050698399544","0.007392050698399544","0.007392050698399544"
"13349","0.001194225624203682","0.001194225624203682","0.001194225624203682"
"13351","0.0016356874257326126","0.0016356874257326126","0.0016356874257326126"
"13353","0.003778371959924698","0.003778371959924698","0.003778371959924698"
"13355","0.003352167084813118","0.003352167084813118","0.003352167084813118"
"13357","0.0021941009908914566","0.0021941009908914566","0.0021941009908914566"
"13359","0.0040768589824438095","0.0040768589824438095","0.0040768589824438095"
"13361","0.00021376274526119232","0.00021376274526119232","0.00021376274526119232"
"13363","0.0009021442383527756","0.0009021442383527756","0.0009021442383527756"
"13365","0.0006415415555238724","0.0006415415555238724","0.0006415415555238724"
"13367","0.008822770789265633","0.008822770789265633","0.008822770789265633"
"13369","0.0019199587404727936","0.0019199587404727936","0.0019199587404727936"
"13371","0.00931248813867569","0.00931248813867569","0.00931248813867569"
"13373","0.0033175311982631683","0.0033175311982631683","0.0033175311982631683"
"13375","0.014644460752606392","0.014644460752606392","0.014644460752606392"
"13377","0.025310780853033066","0.025310780853033066","0.025310780853033066"
"13379","0.02119702473282814","0.02119702473282814","0.02119702473282814"
"13385","0.02677183412015438","0.02677183412015438","0.02677183412015438"
"13387","0.0030867457389831543","0.0030867457389831543","0.0030867457389831543"
"13389","0.001094665378332138","0.001094665378332138","0.001094665378332138"
"13393","0.013130972161889076","0.013130972161889076","0.013130972161889076"
"13397","0.004899598658084869","0.004899598658084869","0.004899598658084869"
"13399","0.010629922151565552","0.010629922151565552","0.010629922151565552"
"13401","0.0030462220311164856","0.0030462220311164856","0.0030462220311164856"
"13403","0.016730835661292076","0.016730835661292076","0.016730835661292076"
"13405","0.004692308604717255","0.004692308604717255","0.004692308604717255"
"13407","0.0013247225433588028","0.0013247225433588028","0.0013247225433588028"
"13411","0.0009120255708694458","0.0009120255708694458","0.0009120255708694458"
"13413","0.0006506741046905518","0.0006506741046905518","0.0006506741046905518"
"13415","0.007815614342689514","0.007815614342689514","0.007815614342689514"
"13419","0.001550864428281784","0.001550864428281784","0.001550864428281784"
"13421","0.00410669669508934","0.00410669669508934","0.00410669669508934"
"13427","0.02496686577796936","0.02496686577796936","0.02496686577796936"
"13429","0.0023340582847595215","0.0023340582847595215","0.0023340582847595215"
"13431","0.006358131766319275","0.006358131766319275","0.006358131766319275"
"13433","0.0017859824001789093","0.0017859824001789093","0.0017859824001789093"
"13435","0.0498330295085907","0.0498330295085907","0.0498330295085907"
"13440","0.013152524828910828","0.013152524828910828","0.013152524828910828"
"13444","0.0018306206911802292","0.0018306206911802292","0.0018306206911802292"
"13446","0.007862284779548645","0.007862284779548645","0.007862284779548645"
"13448","0.005289927124977112","0.005289927124977112","0.005289927124977112"
"13452","0.0016860049217939377","0.0016860049217939377","0.0016860049217939377"
"13454","0.10450679808855057","0.10450679808855057","0.10450679808855057"
"13458","0.009435731917619705","0.009435731917619705","0.009435731917619705"
"13460","0.006670029833912849","0.006670029833912849","0.006670029833912849"
"13462","0.00272490456700325","0.00272490456700325","0.00272490456700325"
"13464","0.0020871758460998535","0.0020871758460998535","0.0020871758460998535"
"13466","0.0010940451174974442","0.0010940451174974442","0.0010940451174974442"
"13468","0.024447737261652946","0.024447737261652946","0.024447737261652946"
"13470","0.0022635795176029205","0.0022635795176029205","0.0022635795176029205"
"13474","0.003600098192691803","0.003600098192691803","0.003600098192691803"
"13476","0.0017761290073394775","0.0017761290073394775","0.0017761290073394775"
"13478","0.0007325857877731323","0.0007325857877731323","0.0007325857877731323"
"13480","0.012670114636421204","0.012670114636421204","0.012670114636421204"
"13482","0.012260710820555687","0.012260710820555687","0.012260710820555687"
"13486","0.00263780914247036","0.00263780914247036","0.00263780914247036"
"13490","0.0011372733861207962","0.0011372733861207962","0.0011372733861207962"
"13492","0.0008509587496519089","0.0008509587496519089","0.0008509587496519089"
"13496","0.007190624251961708","0.007190624251961708","0.007190624251961708"
"13498","0.006653636693954468","0.006653636693954468","0.006653636693954468"
"13500","0.0012996718287467957","0.0012996718287467957","0.0012996718287467957"
"13504","0.0019103027880191803","0.0019103027880191803","0.0019103027880191803"
"13506","0.003602243959903717","0.003602243959903717","0.003602243959903717"
"13508","0.0013041850179433823","0.0013041850179433823","0.0013041850179433823"
"13510","0.03322846442461014","0.03322846442461014","0.03322846442461014"
"13512","0.059429530054330826","0.059429530054330826","0.059429530054330826"
"13514","0.02510385774075985","0.02510385774075985","0.02510385774075985"
"13516","0.03117585927248001","0.03117585927248001","0.03117585927248001"
"13522","0.012520760297775269","0.012520760297775269","0.012520760297775269"
"13524","0.003182748332619667","0.003182748332619667","0.003182748332619667"
"13530","0.04462864249944687","0.04462864249944687","0.04462864249944687"
"13532","0.001855289563536644","0.001855289563536644","0.001855289563536644"
"13534","0.0015858467668294907","0.0015858467668294907","0.0015858467668294907"
"13536","0.0025841370224952698","0.0025841370224952698","0.0025841370224952698"
"13538","0.0005941614508628845","0.0005941614508628845","0.0005941614508628845"
"13542","0.0176466703414917","0.0176466703414917","0.0176466703414917"
"13544","0.01481897383928299","0.01481897383928299","0.01481897383928299"
"13546","0.008446935564279556","0.008446935564279556","0.008446935564279556"
"13548","0.018226107582449913","0.018226107582449913","0.018226107582449913"
"13550","0.0003084540367126465","0.0003084540367126465","0.0003084540367126465"
"13552","0.0029194578528404236","0.0029194578528404236","0.0029194578528404236"
"13554","0.031246891245245934","0.031246891245245934","0.031246891245245934"
"13558","0.010407155379652977","0.010407155379652977","0.010407155379652977"
"13560","0.0175667405128479","0.0175667405128479","0.0175667405128479"
"13562","0.0038230791687965393","0.0038230791687965393","0.0038230791687965393"
"13564","0.003838062286376953","0.003838062286376953","0.003838062286376953"
"13566","0.03041081503033638","0.03041081503033638","0.03041081503033638"
"13568","0.01738574728369713","0.01738574728369713","0.01738574728369713"
"13570","0.0015860889106988907","0.0015860889106988907","0.0015860889106988907"
"13572","0.002025345340371132","0.002025345340371132","0.002025345340371132"
"13574","0.006739400327205658","0.006739400327205658","0.006739400327205658"
"13576","0.0020039305090904236","0.0020039305090904236","0.0020039305090904236"
"13580","0.0046419668942689896","0.0046419668942689896","0.0046419668942689896"
"13582","0.011182283982634544","0.011182283982634544","0.011182283982634544"
"13584","0.024201082065701485","0.024201082065701485","0.024201082065701485"
"13586","0.0029863733798265457","0.0029863733798265457","0.0029863733798265457"
"13590","0.0007573962211608887","0.0007573962211608887","0.0007573962211608887"
"13592","0.0315033495426178","0.0315033495426178","0.0315033495426178"
"13594","0.00028708018362522125","0.00028708018362522125","0.00028708018362522125"
"13596","0.001391429454088211","0.001391429454088211","0.001391429454088211"
"13602","0.00010982900857925415","0.00010982900857925415","0.00010982900857925415"
"13604","0.002699306234717369","0.002699306234717369","0.002699306234717369"
"13608","0.0023019220679998398","0.0023019220679998398","0.0023019220679998398"
"13610","0.04362305626273155","0.04362305626273155","0.04362305626273155"
"13612","0.0014013200998306274","0.0014013200998306274","0.0014013200998306274"
"13618","0.048776037991046906","0.048776037991046906","0.048776037991046906"
"13620","0.0003501623868942261","0.0003501623868942261","0.0003501623868942261"
"13622","0.006549503654241562","0.006549503654241562","0.006549503654241562"
"13624","0.01176813617348671","0.01176813617348671","0.01176813617348671"
"13626","0.00021841004490852356","0.00021841004490852356","0.00021841004490852356"
"13628","0.003156116232275963","0.003156116232275963","0.003156116232275963"
"13630","0.0004903227090835571","0.0004903227090835571","0.0004903227090835571"
"13632","0.0202658511698246","0.0202658511698246","0.0202658511698246"
"13634","0.0020646024495363235","0.0020646024495363235","0.0020646024495363235"
"13636","0.0019217990338802338","0.0019217990338802338","0.0019217990338802338"
"13638","0.01897565834224224","0.01897565834224224","0.01897565834224224"
"13640","0.05355241149663925","0.05355241149663925","0.05355241149663925"
"13642","0.0012381672859191895","0.0012381672859191895","0.0012381672859191895"
"13644","0.0001467633992433548","0.0001467633992433548","0.0001467633992433548"
"13646","0.0031042899936437607","0.0031042899936437607","0.0031042899936437607"
"13650","0.0016343500465154648","0.0016343500465154648","0.0016343500465154648"
"13654","0.0031583942472934723","0.0031583942472934723","0.0031583942472934723"
"13656","0.007341958582401276","0.007341958582401276","0.007341958582401276"
"13660","0.06495364010334015","0.06495364010334015","0.06495364010334015"
"13662","0.0008031781762838364","0.0008031781762838364","0.0008031781762838364"
"13666","0.003600509837269783","0.003600509837269783","0.003600509837269783"
"13668","0.033463768661022186","0.033463768661022186","0.033463768661022186"
"13672","0.0036398153752088547","0.0036398153752088547","0.0036398153752088547"
"13678","0.01561342179775238","0.01561342179775238","0.01561342179775238"
"13680","0.00126546248793602","0.00126546248793602","0.00126546248793602"
"13682","0.0014729369431734085","0.0014729369431734085","0.0014729369431734085"
"13684","0.0003582574427127838","0.0003582574427127838","0.0003582574427127838"
"13686","0.013781096786260605","0.013781096786260605","0.013781096786260605"
"13688","0.00020061805844306946","0.00020061805844306946","0.00020061805844306946"
"13690","0.03006625920534134","0.03006625920534134","0.03006625920534134"
"13692","0.00011808425188064575","0.00011808425188064575","0.00011808425188064575"
"13696","0.001133633777499199","0.001133633777499199","0.001133633777499199"
"13698","0.00778309628367424","0.00778309628367424","0.00778309628367424"
"13700","0.0029639340937137604","0.0029639340937137604","0.0029639340937137604"
"13702","0.007489616051316261","0.007489616051316261","0.007489616051316261"
"13704","0.0006300676614046097","0.0006300676614046097","0.0006300676614046097"
"13708","0.00029707513749599457","0.00029707513749599457","0.00029707513749599457"
"13712","0.006694059818983078","0.006694059818983078","0.006694059818983078"
"13714","0.002633560448884964","0.002633560448884964","0.002633560448884964"
"13716","0.002603566274046898","0.002603566274046898","0.002603566274046898"
"13718","0.01554374024271965","0.01554374024271965","0.01554374024271965"
"13720","0.02515494078397751","0.02515494078397751","0.02515494078397751"
"13722","0.001371733844280243","0.001371733844280243","0.001371733844280243"
"13724","0.007148973643779755","0.007148973643779755","0.007148973643779755"
"13728","0.004213593900203705","0.004213593900203705","0.004213593900203705"
"13730","0.0021923333406448364","0.0021923333406448364","0.0021923333406448364"
"13732","0.0008899401873350143","0.0008899401873350143","0.0008899401873350143"
"13734","0.0010074786841869354","0.0010074786841869354","0.0010074786841869354"
"13736","0.0005218908190727234","0.0005218908190727234","0.0005218908190727234"
"13738","0.0024391263723373413","0.0024391263723373413","0.0024391263723373413"
"13740","0.0017634574323892593","0.0017634574323892593","0.0017634574323892593"
"13742","0.002849053591489792","0.002849053591489792","0.002849053591489792"
"13746","0.000625021755695343","0.000625021755695343","0.000625021755695343"
"13750","0.0012885890901088715","0.0012885890901088715","0.0012885890901088715"
"13752","0.02788376994431019","0.02788376994431019","0.02788376994431019"
"13756","0.0033361054956912994","0.0033361054956912994","0.0033361054956912994"
"13758","0.0721026286482811","0.0721026286482811","0.0721026286482811"
"13760","0.0003653503954410553","0.0003653503954410553","0.0003653503954410553"
"13764","0.003500351682305336","0.003500351682305336","0.003500351682305336"
"13766","0.02293417602777481","0.02293417602777481","0.02293417602777481"
"13768","0.0254286527633667","0.0254286527633667","0.0254286527633667"
"13776","0.0024167411029338837","0.0024167411029338837","0.0024167411029338837"
"13778","0.020570725202560425","0.020570725202560425","0.020570725202560425"
"13784","0.0009089186787605286","0.0009089186787605286","0.0009089186787605286"
"13786","0.0018502790480852127","0.0018502790480852127","0.0018502790480852127"
"13788","0.002112552523612976","0.002112552523612976","0.002112552523612976"
"13792","0.01475072093307972","0.01475072093307972","0.01475072093307972"
"13794","0.0009942762553691864","0.0009942762553691864","0.0009942762553691864"
"13798","0.0020958203822374344","0.0020958203822374344","0.0020958203822374344"
"13800","0.0012859683483839035","0.0012859683483839035","0.0012859683483839035"
"13808","0.0058965906500816345","0.0058965906500816345","0.0058965906500816345"
"13812","0.024779031053185463","0.024779031053185463","0.024779031053185463"
"13814","0.002093115821480751","0.002093115821480751","0.002093115821480751"
"13816","0.004288248717784882","0.004288248717784882","0.004288248717784882"
"13818","0.0028849244117736816","0.0028849244117736816","0.0028849244117736816"
"13822","0.012106359004974365","0.012106359004974365","0.012106359004974365"
"13824","0.006415016949176788","0.006415016949176788","0.006415016949176788"
"13826","0.005011862143874168","0.005011862143874168","0.005011862143874168"
"13828","0.022284697741270065","0.022284697741270065","0.022284697741270065"
"13830","0.0006258152425289154","0.0006258152425289154","0.0006258152425289154"
"13832","0.0016211140900850296","0.0016211140900850296","0.0016211140900850296"
"13834","0.00249379500746727","0.00249379500746727","0.00249379500746727"
"13836","0.0013069920241832733","0.0013069920241832733","0.0013069920241832733"
"13838","0.010102322325110435","0.010102322325110435","0.010102322325110435"
"13840","0.0002986248582601547","0.0002986248582601547","0.0002986248582601547"
"13842","0.05880432575941086","0.05880432575941086","0.05880432575941086"
"13844","0.0009826794266700745","0.0009826794266700745","0.0009826794266700745"
"13848","0.003913788124918938","0.003913788124918938","0.003913788124918938"
"13850","0.03133873641490936","0.03133873641490936","0.03133873641490936"
"13854","0.028274735435843468","0.028274735435843468","0.028274735435843468"
"13860","0.0011671148240566254","0.0011671148240566254","0.0011671148240566254"
"13862","0.0037832390516996384","0.0037832390516996384","0.0037832390516996384"
"13864","0.01957932859659195","0.01957932859659195","0.01957932859659195"
"13866","0.01152220368385315","0.01152220368385315","0.01152220368385315"
"13868","0.0246114544570446","0.0246114544570446","0.0246114544570446"
"13872","0.010688915848731995","0.010688915848731995","0.010688915848731995"
"13874","0.02511109784245491","0.02511109784245491","0.02511109784245491"
"13876","0.012960612773895264","0.012960612773895264","0.012960612773895264"
"13878","0.0012279897928237915","0.0012279897928237915","0.0012279897928237915"
"13880","0.004758339375257492","0.004758339375257492","0.004758339375257492"
"13882","0.08745121955871582","0.08745121955871582","0.08745121955871582"
"13886","0.00942612811923027","0.00942612811923027","0.00942612811923027"
"13888","0.001445746049284935","0.001445746049284935","0.001445746049284935"
"13890","0.004523556679487228","0.004523556679487228","0.004523556679487228"
"13892","0.017419278621673584","0.017419278621673584","0.017419278621673584"
"13898","0.00771954283118248","0.00771954283118248","0.00771954283118248"
"13900","0.004856698215007782","0.004856698215007782","0.004856698215007782"
"13902","0.040068499743938446","0.040068499743938446","0.040068499743938446"
"13906","0.035448797047138214","0.035448797047138214","0.035448797047138214"
"13908","0.012483298778533936","0.012483298778533936","0.012483298778533936"
"13910","0.0032315831631422043","0.0032315831631422043","0.0032315831631422043"
"13912","0.009245933964848518","0.009245933964848518","0.009245933964848518"
"13914","0.0009187515825033188","0.0009187515825033188","0.0009187515825033188"
"13916","0.0013625770807266235","0.0013625770807266235","0.0013625770807266235"
"13918","0.006641047075390816","0.006641047075390816","0.006641047075390816"
"13920","0.02057788148522377","0.02057788148522377","0.02057788148522377"
"13922","0.07739286869764328","0.07739286869764328","0.07739286869764328"
"13924","0.007762188091874123","0.007762188091874123","0.007762188091874123"
"13926","0.003733936697244644","0.003733936697244644","0.003733936697244644"
"13928","0.0034422781318426132","0.0034422781318426132","0.0034422781318426132"
"13932","0.03276267647743225","0.03276267647743225","0.03276267647743225"
"13934","0.014684414491057396","0.014684414491057396","0.014684414491057396"
"13938","0.0023709405213594437","0.0023709405213594437","0.0023709405213594437"
"13940","0.0006465651094913483","0.0006465651094913483","0.0006465651094913483"
"13942","0.0005494356155395508","0.0005494356155395508","0.0005494356155395508"
"13944","0.00209706649184227","0.00209706649184227","0.00209706649184227"
"13946","0.00935634970664978","0.00935634970664978","0.00935634970664978"
"13948","0.0003866329789161682","0.0003866329789161682","0.0003866329789161682"
"13950","0.012381115928292274","0.012381115928292274","0.012381115928292274"
"13952","0.004018470644950867","0.004018470644950867","0.004018470644950867"
"13956","0.0011850874871015549","0.0011850874871015549","0.0011850874871015549"
"13958","0.023292044177651405","0.023292044177651405","0.023292044177651405"
"13967","0.015872810035943985","0.015872810035943985","0.015872810035943985"
"13969","0.016874711960554123","0.016874711960554123","0.016874711960554123"
"13971","0.012837676331400871","0.012837676331400871","0.012837676331400871"
"13973","0.004152772948145866","0.004152772948145866","0.004152772948145866"
"13975","0.002314513549208641","0.002314513549208641","0.002314513549208641"
"13981","0.005795668810606003","0.005795668810606003","0.005795668810606003"
"13983","0.0014665387570858002","0.0014665387570858002","0.0014665387570858002"
"13989","0.001558670774102211","0.001558670774102211","0.001558670774102211"
"13991","0.005673879757523537","0.005673879757523537","0.005673879757523537"
"13995","0.0002212226390838623","0.0002212226390838623","0.0002212226390838623"
"13997","0.036020196974277496","0.036020196974277496","0.036020196974277496"
"14001","0.003362610936164856","0.003362610936164856","0.003362610936164856"
"14003","0.022657286375761032","0.022657286375761032","0.022657286375761032"
"14005","0.0031402185559272766","0.0031402185559272766","0.0031402185559272766"
"14007","0.00441150926053524","0.00441150926053524","0.00441150926053524"
"14009","0.008239105343818665","0.008239105343818665","0.008239105343818665"
"14011","0.004193117842078209","0.004193117842078209","0.004193117842078209"
"14013","0.011880181729793549","0.011880181729793549","0.011880181729793549"
"14017","0.003032505512237549","0.003032505512237549","0.003032505512237549"
"14021","0.00962015613913536","0.00962015613913536","0.00962015613913536"
"14023","0.0019474904984235764","0.0019474904984235764","0.0019474904984235764"
"14025","0.010751042515039444","0.010751042515039444","0.010751042515039444"
"14027","0.012913979589939117","0.012913979589939117","0.012913979589939117"
"14031","0.0003843158483505249","0.0003843158483505249","0.0003843158483505249"
"14033","0.0028795208781957626","0.0028795208781957626","0.0028795208781957626"
"14037","0.0026278048753738403","0.0026278048753738403","0.0026278048753738403"
"14039","0.0030277464538812637","0.0030277464538812637","0.0030277464538812637"
"14041","0.0007742717862129211","0.0007742717862129211","0.0007742717862129211"
"14043","0.06344075500965118","0.06344075500965118","0.06344075500965118"
"14045","0.03994239121675491","0.03994239121675491","0.03994239121675491"
"14047","0.039498571306467056","0.039498571306467056","0.039498571306467056"
"14049","0.04577400162816048","0.04577400162816048","0.04577400162816048"
"14051","0.003480825573205948","0.003480825573205948","0.003480825573205948"
"14053","0.01055486872792244","0.01055486872792244","0.01055486872792244"
"14055","0.0004971418529748917","0.0004971418529748917","0.0004971418529748917"
"14057","0.002731854096055031","0.002731854096055031","0.002731854096055031"
"14059","0.000138038769364357","0.000138038769364357","0.000138038769364357"
"14061","0.0026445817202329636","0.0026445817202329636","0.0026445817202329636"
"14065","0.0016695056110620499","0.0016695056110620499","0.0016695056110620499"
"14069","0.019691776484251022","0.019691776484251022","0.019691776484251022"
"14071","0.01357743889093399","0.01357743889093399","0.01357743889093399"
"14075","0.03249772638082504","0.03249772638082504","0.03249772638082504"
"14079","0.010792065411806107","0.010792065411806107","0.010792065411806107"
"14081","0.0031421780586242676","0.0031421780586242676","0.0031421780586242676"
"14083","0.001452900469303131","0.001452900469303131","0.001452900469303131"
"14085","0.03424444422125816","0.03424444422125816","0.03424444422125816"
"14087","0.035989273339509964","0.035989273339509964","0.035989273339509964"
"14089","0.0008970703929662704","0.0008970703929662704","0.0008970703929662704"
"14091","0.0010659117251634598","0.0010659117251634598","0.0010659117251634598"
"14093","0.05136576294898987","0.05136576294898987","0.05136576294898987"
"14095","0.0006552115082740784","0.0006552115082740784","0.0006552115082740784"
"14097","0.0025492794811725616","0.0025492794811725616","0.0025492794811725616"
"14099","0.03733064979314804","0.03733064979314804","0.03733064979314804"
"14101","0.0009366944432258606","0.0009366944432258606","0.0009366944432258606"
"14103","0.007601361721754074","0.007601361721754074","0.007601361721754074"
"14105","0.0026191379874944687","0.0026191379874944687","0.0026191379874944687"
"14107","0.0010392740368843079","0.0010392740368843079","0.0010392740368843079"
"14109","0.0010631158947944641","0.0010631158947944641","0.0010631158947944641"
"14113","0.007155235856771469","0.007155235856771469","0.007155235856771469"
"14115","0.017641549929976463","0.017641549929976463","0.017641549929976463"
"14117","0.0046869926154613495","0.0046869926154613495","0.0046869926154613495"
"14119","0.026588521897792816","0.026588521897792816","0.026588521897792816"
"14125","0.02214951626956463","0.02214951626956463","0.02214951626956463"
"14127","0.022276507690548897","0.022276507690548897","0.022276507690548897"
"14129","0.0010671764612197876","0.0010671764612197876","0.0010671764612197876"
"14131","0.010986343026161194","0.010986343026161194","0.010986343026161194"
"14133","0.0032600723206996918","0.0032600723206996918","0.0032600723206996918"
"14139","0.01883138343691826","0.01883138343691826","0.01883138343691826"
"14141","0.008312243968248367","0.008312243968248367","0.008312243968248367"
"14143","0.020254313945770264","0.020254313945770264","0.020254313945770264"
"14145","0.009395763278007507","0.009395763278007507","0.009395763278007507"
"14147","0.07148268073797226","0.07148268073797226","0.07148268073797226"
"14153","0.0005586538463830948","0.0005586538463830948","0.0005586538463830948"
"14155","0.0022932998836040497","0.0022932998836040497","0.0022932998836040497"
"14157","0.0028637591749429703","0.0028637591749429703","0.0028637591749429703"
"14159","0.005309732630848885","0.005309732630848885","0.005309732630848885"
"14161","0.014265676960349083","0.014265676960349083","0.014265676960349083"
"14163","0.00028273090720176697","0.00028273090720176697","0.00028273090720176697"
"14165","0.0010993797332048416","0.0010993797332048416","0.0010993797332048416"
"14171","0.009295150637626648","0.009295150637626648","0.009295150637626648"
"14173","0.011763930320739746","0.011763930320739746","0.011763930320739746"
"14175","0.00643940269947052","0.00643940269947052","0.00643940269947052"
"14177","0.00415881909430027","0.00415881909430027","0.00415881909430027"
"14179","0.0011140555143356323","0.0011140555143356323","0.0011140555143356323"
"14181","0.008806252852082253","0.008806252852082253","0.008806252852082253"
"14183","0.02868477813899517","0.02868477813899517","0.02868477813899517"
"14185","0.005479935556650162","0.005479935556650162","0.005479935556650162"
"14187","0.00015805289149284363","0.00015805289149284363","0.00015805289149284363"
"14189","0.01495681144297123","0.01495681144297123","0.01495681144297123"
"14191","0.00014584511518478394","0.00014584511518478394","0.00014584511518478394"
"14193","0.0007286835461854935","0.0007286835461854935","0.0007286835461854935"
"14195","0.029705479741096497","0.029705479741096497","0.029705479741096497"
"14197","0.0008093956857919693","0.0008093956857919693","0.0008093956857919693"
"14199","0.0022837482392787933","0.0022837482392787933","0.0022837482392787933"
"14201","0.0015007425099611282","0.0015007425099611282","0.0015007425099611282"
"14203","0.0057104527950286865","0.0057104527950286865","0.0057104527950286865"
"14205","0.0024927593767642975","0.0024927593767642975","0.0024927593767642975"
"14207","0.03161122649908066","0.03161122649908066","0.03161122649908066"
"14209","0.0010481979697942734","0.0010481979697942734","0.0010481979697942734"
"14211","0.039458267390728","0.039458267390728","0.039458267390728"
"14213","0.047413669526576996","0.047413669526576996","0.047413669526576996"
"14215","0.004330780357122421","0.004330780357122421","0.004330780357122421"
"14219","0.008037755265831947","0.008037755265831947","0.008037755265831947"
"14221","0.0007503032684326172","0.0007503032684326172","0.0007503032684326172"
"14223","0.04799261689186096","0.04799261689186096","0.04799261689186096"
"14225","0.004463689401745796","0.004463689401745796","0.004463689401745796"
"14227","0.010714799165725708","0.010714799165725708","0.010714799165725708"
"14231","0.003761790692806244","0.003761790692806244","0.003761790692806244"
"14233","0.001888807862997055","0.001888807862997055","0.001888807862997055"
"14235","0.0018774550408124924","0.0018774550408124924","0.0018774550408124924"
"14237","0.00019799917936325073","0.00019799917936325073","0.00019799917936325073"
"14239","0.0036581866443157196","0.0036581866443157196","0.0036581866443157196"
"14243","0.0028417278081178665","0.0028417278081178665","0.0028417278081178665"
"14245","0.0009192302823066711","0.0009192302823066711","0.0009192302823066711"
"14247","0.00038212165236473083","0.00038212165236473083","0.00038212165236473083"
"14255","0.003307431936264038","0.003307431936264038","0.003307431936264038"
"14257","0.004651691764593124","0.004651691764593124","0.004651691764593124"
"14259","0.00750323012471199","0.00750323012471199","0.00750323012471199"
"14261","0.003811335191130638","0.003811335191130638","0.003811335191130638"
"14263","0.0027154646813869476","0.0027154646813869476","0.0027154646813869476"
"14269","0.006894785910844803","0.006894785910844803","0.006894785910844803"
"14271","0.009261813014745712","0.009261813014745712","0.009261813014745712"
"14273","0.007170837372541428","0.007170837372541428","0.007170837372541428"
"14275","0.007231617346405983","0.007231617346405983","0.007231617346405983"
"14277","0.0016720909625291824","0.0016720909625291824","0.0016720909625291824"
"14281","0.0005895849317312241","0.0005895849317312241","0.0005895849317312241"
"14283","0.00023785047233104706","0.00023785047233104706","0.00023785047233104706"
"14285","0.0030351579189300537","0.0030351579189300537","0.0030351579189300537"
"14291","0.0006446745246648788","0.0006446745246648788","0.0006446745246648788"
"14293","0.00038877129554748535","0.00038877129554748535","0.00038877129554748535"
"14297","0.0009919926524162292","0.0009919926524162292","0.0009919926524162292"
"14301","0.011184459552168846","0.011184459552168846","0.011184459552168846"
"14305","0.009525300934910774","0.009525300934910774","0.009525300934910774"
"14307","0.0008363593369722366","0.0008363593369722366","0.0008363593369722366"
"14309","0.0008747335523366928","0.0008747335523366928","0.0008747335523366928"
"14311","0.0005259010940790176","0.0005259010940790176","0.0005259010940790176"
"14315","0.0001383703202009201","0.0001383703202009201","0.0001383703202009201"
"14319","0.012016365304589272","0.012016365304589272","0.012016365304589272"
"14321","0.00024831295013427734","0.00024831295013427734","0.00024831295013427734"
"14323","0.0005992166697978973","0.0005992166697978973","0.0005992166697978973"
"14325","0.01718192920088768","0.01718192920088768","0.01718192920088768"
"14327","0.00321069173514843","0.00321069173514843","0.00321069173514843"
"14331","0.00794602558016777","0.00794602558016777","0.00794602558016777"
"14333","0.0008360482752323151","0.0008360482752323151","0.0008360482752323151"
"14337","0.0029594898223876953","0.0029594898223876953","0.0029594898223876953"
"14339","0.03592568635940552","0.03592568635940552","0.03592568635940552"
"14343","0.0006153341382741928","0.0006153341382741928","0.0006153341382741928"
"14345","0.004600802436470985","0.004600802436470985","0.004600802436470985"
"14347","0.010227909311652184","0.010227909311652184","0.010227909311652184"
"14351","0.00261550210416317","0.00261550210416317","0.00261550210416317"
"14353","0.0030041225254535675","0.0030041225254535675","0.0030041225254535675"
"14355","0.011329896748065948","0.011329896748065948","0.011329896748065948"
"14359","0.0004071667790412903","0.0004071667790412903","0.0004071667790412903"
"14361","0.010987361893057823","0.010987361893057823","0.010987361893057823"
"14365","0.0010921768844127655","0.0010921768844127655","0.0010921768844127655"
"14367","0.0012119635939598083","0.0012119635939598083","0.0012119635939598083"
"14369","0.006900321692228317","0.006900321692228317","0.006900321692228317"
"14371","0.05981152504682541","0.05981152504682541","0.05981152504682541"
"14375","0.00036176666617393494","0.00036176666617393494","0.00036176666617393494"
"14377","0.0013014432042837143","0.0013014432042837143","0.0013014432042837143"
"14379","0.006026698276400566","0.006026698276400566","0.006026698276400566"
"14381","0.001308780163526535","0.001308780163526535","0.001308780163526535"
"14383","0.0025836508721113205","0.0025836508721113205","0.0025836508721113205"
"14385","0.04983499273657799","0.04983499273657799","0.04983499273657799"
"14387","0.00023028254508972168","0.00023028254508972168","0.00023028254508972168"
"14389","0.002550579607486725","0.002550579607486725","0.002550579607486725"
"14391","0.03170914947986603","0.03170914947986603","0.03170914947986603"
"14397","0.0030922163277864456","0.0030922163277864456","0.0030922163277864456"
"14399","0.004873024299740791","0.004873024299740791","0.004873024299740791"
"14401","0.0005044285207986832","0.0005044285207986832","0.0005044285207986832"
"14403","0.004796968773007393","0.004796968773007393","0.004796968773007393"
"14405","0.014019986614584923","0.014019986614584923","0.014019986614584923"
"14407","0.023362629115581512","0.023362629115581512","0.023362629115581512"
"14409","0.00974990800023079","0.00974990800023079","0.00974990800023079"
"14413","0.045054566115140915","0.045054566115140915","0.045054566115140915"
"14417","0.008270343765616417","0.008270343765616417","0.008270343765616417"
"14419","0.0023348499089479446","0.0023348499089479446","0.0023348499089479446"
"14421","0.0004997029900550842","0.0004997029900550842","0.0004997029900550842"
"14425","0.0030670706182718277","0.0030670706182718277","0.0030670706182718277"
"14427","0.0015206709504127502","0.0015206709504127502","0.0015206709504127502"
"14429","0.00012247823178768158","0.00012247823178768158","0.00012247823178768158"
"14433","0.01344297081232071","0.01344297081232071","0.01344297081232071"
"14439","0.009798230603337288","0.009798230603337288","0.009798230603337288"
"14441","0.003998413681983948","0.003998413681983948","0.003998413681983948"
"14443","0.0029002316296100616","0.0029002316296100616","0.0029002316296100616"
"14447","0.0019468795508146286","0.0019468795508146286","0.0019468795508146286"
"14449","0.005669534206390381","0.005669534206390381","0.005669534206390381"
"14451","0.00298440083861351","0.00298440083861351","0.00298440083861351"
"14453","0.0013405140489339828","0.0013405140489339828","0.0013405140489339828"
"14457","0.0005366280674934387","0.0005366280674934387","0.0005366280674934387"
"14461","0.02917008101940155","0.02917008101940155","0.02917008101940155"
"14463","0.0015847403556108475","0.0015847403556108475","0.0015847403556108475"
"14465","0.0020813364535570145","0.0020813364535570145","0.0020813364535570145"
"14467","0.0019685328006744385","0.0019685328006744385","0.0019685328006744385"
"14469","0.0026992205530405045","0.0026992205530405045","0.0026992205530405045"
"14473","0.0027178507298231125","0.0027178507298231125","0.0027178507298231125"
"14477","0.004026701673865318","0.004026701673865318","0.004026701673865318"
"14479","0.002593379467725754","0.002593379467725754","0.002593379467725754"
"14481","0.0007507167756557465","0.0007507167756557465","0.0007507167756557465"
"14483","0.00311102531850338","0.00311102531850338","0.00311102531850338"
"14485","0.012357017025351524","0.012357017025351524","0.012357017025351524"
"14487","0.0028882548213005066","0.0028882548213005066","0.0028882548213005066"
"14489","0.0001916680485010147","0.0001916680485010147","0.0001916680485010147"
"14494","0.021319247782230377","0.021319247782230377","0.021319247782230377"
"14496","0.004232119768857956","0.004232119768857956","0.004232119768857956"
"14498","0.0006956756114959717","0.0006956756114959717","0.0006956756114959717"
"14500","0.0025315098464488983","0.0025315098464488983","0.0025315098464488983"
"14502","0.001096745952963829","0.001096745952963829","0.001096745952963829"
"14504","0.02506405860185623","0.02506405860185623","0.02506405860185623"
"14508","0.007947681471705437","0.007947681471705437","0.007947681471705437"
"14510","0.0005826391279697418","0.0005826391279697418","0.0005826391279697418"
"14512","0.0010785534977912903","0.0010785534977912903","0.0010785534977912903"
"14514","0.0006485078483819962","0.0006485078483819962","0.0006485078483819962"
"14516","0.0011388137936592102","0.0011388137936592102","0.0011388137936592102"
"14522","0.006920656189322472","0.006920656189322472","0.006920656189322472"
"14524","0.007714278995990753","0.007714278995990753","0.007714278995990753"
"14526","0.001782270148396492","0.001782270148396492","0.001782270148396492"
"14528","0.0005621686577796936","0.0005621686577796936","0.0005621686577796936"
"14530","0.000151192769408226","0.000151192769408226","0.000151192769408226"
"14532","0.00040029361844062805","0.00040029361844062805","0.00040029361844062805"
"14534","0.0002991724759340286","0.0002991724759340286","0.0002991724759340286"
"14536","0.05063971132040024","0.05063971132040024","0.05063971132040024"
"14538","0.0010619014501571655","0.0010619014501571655","0.0010619014501571655"
"14542","0.004522619768977165","0.004522619768977165","0.004522619768977165"
"14552","0.03180151432752609","0.03180151432752609","0.03180151432752609"
"14554","0.01258225366473198","0.01258225366473198","0.01258225366473198"
"14556","0.01038266345858574","0.01038266345858574","0.01038266345858574"
"14560","0.0033029578626155853","0.0033029578626155853","0.0033029578626155853"
"14562","0.0061959680169820786","0.0061959680169820786","0.0061959680169820786"
"14564","0.0012387614697217941","0.0012387614697217941","0.0012387614697217941"
"14566","0.008121076971292496","0.008121076971292496","0.008121076971292496"
"14568","0.0009095128625631332","0.0009095128625631332","0.0009095128625631332"
"14570","0.006059834733605385","0.006059834733605385","0.006059834733605385"
"14572","0.0016449503600597382","0.0016449503600597382","0.0016449503600597382"
"14574","0.0024282149970531464","0.0024282149970531464","0.0024282149970531464"
"14576","0.0030345115810632706","0.0030345115810632706","0.0030345115810632706"
"14578","0.016086753457784653","0.016086753457784653","0.016086753457784653"
"14580","0.000704985111951828","0.000704985111951828","0.000704985111951828"
"14582","0.0031422581523656845","0.0031422581523656845","0.0031422581523656845"
"14584","0.005320454016327858","0.005320454016327858","0.005320454016327858"
"14586","0.0069677457213401794","0.0069677457213401794","0.0069677457213401794"
"14590","0.0006729457527399063","0.0006729457527399063","0.0006729457527399063"
"14592","0.003742506727576256","0.003742506727576256","0.003742506727576256"
"14594","0.00889638066291809","0.00889638066291809","0.00889638066291809"
"14596","0.004568891599774361","0.004568891599774361","0.004568891599774361"
"14598","0.03253578394651413","0.03253578394651413","0.03253578394651413"
"14604","0.0082594845443964","0.0082594845443964","0.0082594845443964"
"14606","0.030453726649284363","0.030453726649284363","0.030453726649284363"
"14608","0.00869593396782875","0.00869593396782875","0.00869593396782875"
"14610","0.0013756342232227325","0.0013756342232227325","0.0013756342232227325"
"14612","0.016027793288230896","0.016027793288230896","0.016027793288230896"
"14614","0.007220601662993431","0.007220601662993431","0.007220601662993431"
"14618","0.004916040226817131","0.004916040226817131","0.004916040226817131"
"14620","0.016804909333586693","0.016804909333586693","0.016804909333586693"
"14622","0.0002728216350078583","0.0002728216350078583","0.0002728216350078583"
"14624","0.004122287034988403","0.004122287034988403","0.004122287034988403"
"14628","0.0011386610567569733","0.0011386610567569733","0.0011386610567569733"
"14632","0.0009129717946052551","0.0009129717946052551","0.0009129717946052551"
"14634","0.013580169528722763","0.013580169528722763","0.013580169528722763"
"14638","0.004119334742426872","0.004119334742426872","0.004119334742426872"
"14640","0.0015276726335287094","0.0015276726335287094","0.0015276726335287094"
"14642","0.009287267923355103","0.009287267923355103","0.009287267923355103"
"14644","0.004425724968314171","0.004425724968314171","0.004425724968314171"
"14648","0.010527051985263824","0.010527051985263824","0.010527051985263824"
"14654","0.025516599416732788","0.025516599416732788","0.025516599416732788"
"14656","0.004401041194796562","0.004401041194796562","0.004401041194796562"
"14658","0.01689857989549637","0.01689857989549637","0.01689857989549637"
"14662","0.0065446533262729645","0.0065446533262729645","0.0065446533262729645"
"14664","0.013236895203590393","0.013236895203590393","0.013236895203590393"
"14666","0.0021963603794574738","0.0021963603794574738","0.0021963603794574738"
"14668","0.003290405496954918","0.003290405496954918","0.003290405496954918"
"14670","0.0034162774682044983","0.0034162774682044983","0.0034162774682044983"
"14672","0.01038973405957222","0.01038973405957222","0.01038973405957222"
"14674","0.006725478917360306","0.006725478917360306","0.006725478917360306"
"14676","0.005969684571027756","0.005969684571027756","0.005969684571027756"
"14678","0.010082576423883438","0.010082576423883438","0.010082576423883438"
"14680","0.0036004725843667984","0.0036004725843667984","0.0036004725843667984"
"14682","0.0114776361733675","0.0114776361733675","0.0114776361733675"
"14686","0.009392108768224716","0.009392108768224716","0.009392108768224716"
"14688","0.005287298932671547","0.005287298932671547","0.005287298932671547"
"14690","0.02985718660056591","0.02985718660056591","0.02985718660056591"
"14692","0.021588247269392014","0.021588247269392014","0.021588247269392014"
"14698","0.001438954845070839","0.001438954845070839","0.001438954845070839"
"14700","0.004469349980354309","0.004469349980354309","0.004469349980354309"
"14702","0.008569199591875076","0.008569199591875076","0.008569199591875076"
"14704","0.015456780791282654","0.015456780791282654","0.015456780791282654"
"14706","0.0028201378881931305","0.0028201378881931305","0.0028201378881931305"
"14710","0.0046170782297849655","0.0046170782297849655","0.0046170782297849655"
"14714","0.0012844186276197433","0.0012844186276197433","0.0012844186276197433"
"14716","0.0097610242664814","0.0097610242664814","0.0097610242664814"
"14724","0.027122054249048233","0.027122054249048233","0.027122054249048233"
"14726","0.009212762117385864","0.009212762117385864","0.009212762117385864"
"14728","0.007874054834246635","0.007874054834246635","0.007874054834246635"
"14730","0.0023784711956977844","0.0023784711956977844","0.0023784711956977844"
"14732","0.008003585040569305","0.008003585040569305","0.008003585040569305"
"14734","0.00033551640808582306","0.00033551640808582306","0.00033551640808582306"
"14736","0.004803529009222984","0.004803529009222984","0.004803529009222984"
"14740","0.0003315955400466919","0.0003315955400466919","0.0003315955400466919"
"14742","0.010334968566894531","0.010334968566894531","0.010334968566894531"
"14744","0.009479062631726265","0.009479062631726265","0.009479062631726265"
"14746","0.0049731917679309845","0.0049731917679309845","0.0049731917679309845"
"14748","0.04312673211097717","0.04312673211097717","0.04312673211097717"
"14750","0.0006820037961006165","0.0006820037961006165","0.0006820037961006165"
"14752","0.011091666296124458","0.011091666296124458","0.011091666296124458"
"14756","0.0035055577754974365","0.0035055577754974365","0.0035055577754974365"
"14760","0.00212135910987854","0.00212135910987854","0.00212135910987854"
"14762","0.004810350015759468","0.004810350015759468","0.004810350015759468"
"14764","0.0013349168002605438","0.0013349168002605438","0.0013349168002605438"
"14768","0.009646546095609665","0.009646546095609665","0.009646546095609665"
"14772","0.0010048933327198029","0.0010048933327198029","0.0010048933327198029"
"14774","0.0070285554975271225","0.0070285554975271225","0.0070285554975271225"
"14776","0.003323771059513092","0.003323771059513092","0.003323771059513092"
"14778","0.002973228693008423","0.002973228693008423","0.002973228693008423"
"14780","0.005507392808794975","0.005507392808794975","0.005507392808794975"
"14782","0.0003743451088666916","0.0003743451088666916","0.0003743451088666916"
"14784","0.0004464387893676758","0.0004464387893676758","0.0004464387893676758"
"14788","0.0004634913057088852","0.0004634913057088852","0.0004634913057088852"
"14794","0.016876423731446266","0.016876423731446266","0.016876423731446266"
"14798","0.0022430364042520523","0.0022430364042520523","0.0022430364042520523"
"14800","0.0018581338226795197","0.0018581338226795197","0.0018581338226795197"
"14802","0.0025715436786413193","0.0025715436786413193","0.0025715436786413193"
"14804","0.009877067059278488","0.009877067059278488","0.009877067059278488"
"14806","0.012472894042730331","0.012472894042730331","0.012472894042730331"
"14808","0.001239486038684845","0.001239486038684845","0.001239486038684845"
"14810","0.003540700301527977","0.003540700301527977","0.003540700301527977"
"14812","0.0010563898831605911","0.0010563898831605911","0.0010563898831605911"
"14814","0.0006446521729230881","0.0006446521729230881","0.0006446521729230881"
"14816","0.00006049126386642456","0.00006049126386642456","0.00006049126386642456"
"14818","0.01711229979991913","0.01711229979991913","0.01711229979991913"
"14820","0.002477327361702919","0.002477327361702919","0.002477327361702919"
"14822","0.006616795435547829","0.006616795435547829","0.006616795435547829"
"14824","0.004581814631819725","0.004581814631819725","0.004581814631819725"
"14830","0.060225196182727814","0.060225196182727814","0.060225196182727814"
"14832","0.0005888491868972778","0.0005888491868972778","0.0005888491868972778"
"14836","0.0034551210701465607","0.0034551210701465607","0.0034551210701465607"
"14838","0.09036137908697128","0.09036137908697128","0.09036137908697128"
"14840","0.0011952295899391174","0.0011952295899391174","0.0011952295899391174"
"14842","0.0004054289311170578","0.0004054289311170578","0.0004054289311170578"
"14844","0.001461980864405632","0.001461980864405632","0.001461980864405632"
"14846","0.01469234935939312","0.01469234935939312","0.01469234935939312"
"14850","0.0033356230705976486","0.0033356230705976486","0.0033356230705976486"
"14852","0.013842791318893433","0.013842791318893433","0.013842791318893433"
"14856","0.0031503289937973022","0.0031503289937973022","0.0031503289937973022"
"14858","0.021162599325180054","0.021162599325180054","0.021162599325180054"
"14862","0.0027756355702877045","0.0027756355702877045","0.0027756355702877045"
"14864","0.0010382961481809616","0.0010382961481809616","0.0010382961481809616"
"14866","0.0020686984062194824","0.0020686984062194824","0.0020686984062194824"
"14868","0.0006183739751577377","0.0006183739751577377","0.0006183739751577377"
"14874","0.0024573765695095062","0.0024573765695095062","0.0024573765695095062"
"14876","0.0007886122912168503","0.0007886122912168503","0.0007886122912168503"
"14878","0.0011070184409618378","0.0011070184409618378","0.0011070184409618378"
"14880","0.0004353616386651993","0.0004353616386651993","0.0004353616386651993"
"14882","0.046315453946590424","0.046315453946590424","0.046315453946590424"
"14884","0.027421850711107254","0.027421850711107254","0.027421850711107254"
"14886","0.0045433659106493","0.0045433659106493","0.0045433659106493"
"14890","0.0006048325449228287","0.0006048325449228287","0.0006048325449228287"
"14892","0.02158944308757782","0.02158944308757782","0.02158944308757782"
"14894","0.006539173424243927","0.006539173424243927","0.006539173424243927"
"14896","0.0014177095144987106","0.0014177095144987106","0.0014177095144987106"
"14898","0.0009896531701087952","0.0009896531701087952","0.0009896531701087952"
"14900","0.040145277976989746","0.040145277976989746","0.040145277976989746"
"14902","0.018819136545062065","0.018819136545062065","0.018819136545062065"
"14904","0.001104157418012619","0.001104157418012619","0.001104157418012619"
"14906","0.003967836499214172","0.003967836499214172","0.003967836499214172"
"14908","0.0000700727105140686","0.0000700727105140686","0.0000700727105140686"
"14910","0.00390932522714138","0.00390932522714138","0.00390932522714138"
"14914","0.0012407712638378143","0.0012407712638378143","0.0012407712638378143"
"14916","0.009779352694749832","0.009779352694749832","0.009779352694749832"
"14918","0.0015853308141231537","0.0015853308141231537","0.0015853308141231537"
"14920","0.003097936511039734","0.003097936511039734","0.003097936511039734"
"14922","0.0006502121686935425","0.0006502121686935425","0.0006502121686935425"
"14926","0.029913684353232384","0.029913684353232384","0.029913684353232384"
"14928","0.013622639700770378","0.013622639700770378","0.013622639700770378"
"14930","0.0007966551929712296","0.0007966551929712296","0.0007966551929712296"
"14932","0.0003073848783969879","0.0003073848783969879","0.0003073848783969879"
"14934","0.012306218966841698","0.012306218966841698","0.012306218966841698"
"14936","0.0027111563831567764","0.0027111563831567764","0.0027111563831567764"
"14940","0.004704274237155914","0.004704274237155914","0.004704274237155914"
"14942","0.0026466939598321915","0.0026466939598321915","0.0026466939598321915"
"14944","0.0032866597175598145","0.0032866597175598145","0.0032866597175598145"
"14946","0.049374379217624664","0.049374379217624664","0.049374379217624664"
"14950","0.02310498245060444","0.02310498245060444","0.02310498245060444"
"14952","0.003384120762348175","0.003384120762348175","0.003384120762348175"
"14954","0.0007216855883598328","0.0007216855883598328","0.0007216855883598328"
"14956","0.0055684056133031845","0.0055684056133031845","0.0055684056133031845"
"14958","0.0027651693671941757","0.0027651693671941757","0.0027651693671941757"
"14962","0.019606109708547592","0.019606109708547592","0.019606109708547592"
"14964","0.02443620376288891","0.02443620376288891","0.02443620376288891"
"14966","0.00015111267566680908","0.00015111267566680908","0.00015111267566680908"
"14972","0.03383850306272507","0.03383850306272507","0.03383850306272507"
"14974","0.0017286427319049835","0.0017286427319049835","0.0017286427319049835"
"14978","0.008386477828025818","0.008386477828025818","0.008386477828025818"
"14980","0.0023209229111671448","0.0023209229111671448","0.0023209229111671448"
"14982","0.006990775465965271","0.006990775465965271","0.006990775465965271"
"14984","0.00022528134286403656","0.00022528134286403656","0.00022528134286403656"
"14986","0.08831681311130524","0.08831681311130524","0.08831681311130524"
"14990","0.0016990713775157928","0.0016990713775157928","0.0016990713775157928"
"14992","0.03985867649316788","0.03985867649316788","0.03985867649316788"
"14998","0.04584788903594017","0.04584788903594017","0.04584788903594017"
"15000","0.0005945973098278046","0.0005945973098278046","0.0005945973098278046"
"15002","0.0009776167571544647","0.0009776167571544647","0.0009776167571544647"
"15008","0.002986006438732147","0.002986006438732147","0.002986006438732147"
"15010","0.019322490319609642","0.019322490319609642","0.019322490319609642"
"15012","0.038322366774082184","0.038322366774082184","0.038322366774082184"
"15014","0.002566669136285782","0.002566669136285782","0.002566669136285782"
"15016","0.019300367683172226","0.019300367683172226","0.019300367683172226"
"15023","0.011386599391698837","0.011386599391698837","0.011386599391698837"
"15025","0.002135705202817917","0.002135705202817917","0.002135705202817917"
"15027","0.023459263145923615","0.023459263145923615","0.023459263145923615"
"15029","0.0002707969397306442","0.0002707969397306442","0.0002707969397306442"
"15031","0.001714516431093216","0.001714516431093216","0.001714516431093216"
"15035","0.03867723047733307","0.03867723047733307","0.03867723047733307"
"15041","0.007947612553834915","0.007947612553834915","0.007947612553834915"
"15043","0.0016531087458133698","0.0016531087458133698","0.0016531087458133698"
"15045","0.00033544376492500305","0.00033544376492500305","0.00033544376492500305"
"15047","0.04018615931272507","0.04018615931272507","0.04018615931272507"
"15049","0.0020012054592370987","0.0020012054592370987","0.0020012054592370987"
"15051","0.005444791167974472","0.005444791167974472","0.005444791167974472"
"15053","0.008868351578712463","0.008868351578712463","0.008868351578712463"
"15055","0.006117045879364014","0.006117045879364014","0.006117045879364014"
"15057","0.00010686740279197693","0.00010686740279197693","0.00010686740279197693"
"15061","0.0015347301959991455","0.0015347301959991455","0.0015347301959991455"
"15063","0.008070319890975952","0.008070319890975952","0.008070319890975952"
"15067","0.02197980135679245","0.02197980135679245","0.02197980135679245"
"15069","0.002612357959151268","0.002612357959151268","0.002612357959151268"
"15071","0.015251750126481056","0.015251750126481056","0.015251750126481056"
"15073","0.0045370906591415405","0.0045370906591415405","0.0045370906591415405"
"15079","0.015773698687553406","0.015773698687553406","0.015773698687553406"
"15083","0.009057315066456795","0.009057315066456795","0.009057315066456795"
"15085","0.0014185551553964615","0.0014185551553964615","0.0014185551553964615"
"15087","0.00975029170513153","0.00975029170513153","0.00975029170513153"
"15089","0.0014249905943870544","0.0014249905943870544","0.0014249905943870544"
"15091","0.0011400934308767319","0.0011400934308767319","0.0011400934308767319"
"15097","0.027820225805044174","0.027820225805044174","0.027820225805044174"
"15099","0.0008976384997367859","0.0008976384997367859","0.0008976384997367859"
"15101","0.001741010695695877","0.001741010695695877","0.001741010695695877"
"15103","0.012710750102996826","0.012710750102996826","0.012710750102996826"
"15105","0.00141051784157753","0.00141051784157753","0.00141051784157753"
"15107","0.025836151093244553","0.025836151093244553","0.025836151093244553"
"15111","0.0009509027004241943","0.0009509027004241943","0.0009509027004241943"
"15115","0.0028615761548280716","0.0028615761548280716","0.0028615761548280716"
"15117","0.001850515604019165","0.001850515604019165","0.001850515604019165"
"15119","0.00025709718465805054","0.00025709718465805054","0.00025709718465805054"
"15121","0.0005095396190881729","0.0005095396190881729","0.0005095396190881729"
"15123","0.0050427112728357315","0.0050427112728357315","0.0050427112728357315"
"15125","0.006131688132882118","0.006131688132882118","0.006131688132882118"
"15127","0.004410956054925919","0.004410956054925919","0.004410956054925919"
"15131","0.010303521528840065","0.010303521528840065","0.010303521528840065"
"15133","0.0004702471196651459","0.0004702471196651459","0.0004702471196651459"
"15135","0.0010577104985713959","0.0010577104985713959","0.0010577104985713959"
"15139","0.017649687826633453","0.017649687826633453","0.017649687826633453"
"15141","0.003560420125722885","0.003560420125722885","0.003560420125722885"
"15143","0.0019305087625980377","0.0019305087625980377","0.0019305087625980377"
"15145","0.000832781195640564","0.000832781195640564","0.000832781195640564"
"15147","0.011242236942052841","0.011242236942052841","0.011242236942052841"
"15153","0.0012648776173591614","0.0012648776173591614","0.0012648776173591614"
"15155","0.0023006852716207504","0.0023006852716207504","0.0023006852716207504"
"15157","0.0027939211577177048","0.0027939211577177048","0.0027939211577177048"
"15159","0.0018746759742498398","0.0018746759742498398","0.0018746759742498398"
"15161","0.0007098875939846039","0.0007098875939846039","0.0007098875939846039"
"15163","0.0004299711436033249","0.0004299711436033249","0.0004299711436033249"
"15165","0.0032863859087228775","0.0032863859087228775","0.0032863859087228775"
"15169","0.02387409098446369","0.02387409098446369","0.02387409098446369"
"15173","0.01996082067489624","0.01996082067489624","0.01996082067489624"
"15177","0.0027974694967269897","0.0027974694967269897","0.0027974694967269897"
"15179","0.0010381042957305908","0.0010381042957305908","0.0010381042957305908"
"15181","0.0011007580906152725","0.0011007580906152725","0.0011007580906152725"
"15187","0.0015108734369277954","0.0015108734369277954","0.0015108734369277954"
"15191","0.0005349293351173401","0.0005349293351173401","0.0005349293351173401"
"15193","0.0037417691200971603","0.0037417691200971603","0.0037417691200971603"
"15195","0.0024467073380947113","0.0024467073380947113","0.0024467073380947113"
"15197","0.015023352578282356","0.015023352578282356","0.015023352578282356"
"15199","0.0006212908774614334","0.0006212908774614334","0.0006212908774614334"
"15201","0.0006684083491563797","0.0006684083491563797","0.0006684083491563797"
"15203","0.04002033919095993","0.04002033919095993","0.04002033919095993"
"15205","0.006958175450563431","0.006958175450563431","0.006958175450563431"
"15207","0.003463543951511383","0.003463543951511383","0.003463543951511383"
"15209","0.001340959221124649","0.001340959221124649","0.001340959221124649"
"15211","0.003148665651679039","0.003148665651679039","0.003148665651679039"
"15213","0.0030219461768865585","0.0030219461768865585","0.0030219461768865585"
"15215","0.0013095848262310028","0.0013095848262310028","0.0013095848262310028"
"15217","0.0026396512985229492","0.0026396512985229492","0.0026396512985229492"
"15219","0.002323754131793976","0.002323754131793976","0.002323754131793976"
"15221","0.018492143601179123","0.018492143601179123","0.018492143601179123"
"15227","0.032407067716121674","0.032407067716121674","0.032407067716121674"
"15229","0.004278052598237991","0.004278052598237991","0.004278052598237991"
"15231","0.0004107523709535599","0.0004107523709535599","0.0004107523709535599"
"15233","0.034430429339408875","0.034430429339408875","0.034430429339408875"
"15235","0.0002905074506998062","0.0002905074506998062","0.0002905074506998062"
"15237","0.006900470703840256","0.006900470703840256","0.006900470703840256"
"15241","0.0013996772468090057","0.0013996772468090057","0.0013996772468090057"
"15243","0.005049677565693855","0.005049677565693855","0.005049677565693855"
"15245","0.04287339746952057","0.04287339746952057","0.04287339746952057"
"15247","0.02563074231147766","0.02563074231147766","0.02563074231147766"
"15253","0.008260339498519897","0.008260339498519897","0.008260339498519897"
"15255","0.000694025307893753","0.000694025307893753","0.000694025307893753"
"15257","0.0010195150971412659","0.0010195150971412659","0.0010195150971412659"
"15259","0.0041242484003305435","0.0041242484003305435","0.0041242484003305435"
"15261","0.0001699347048997879","0.0001699347048997879","0.0001699347048997879"
"15265","0.00031099095940589905","0.00031099095940589905","0.00031099095940589905"
"15267","0.007201146334409714","0.007201146334409714","0.007201146334409714"
"15269","0.0005655623972415924","0.0005655623972415924","0.0005655623972415924"
"15271","0.0011951439082622528","0.0011951439082622528","0.0011951439082622528"
"15273","0.00192963145673275","0.00192963145673275","0.00192963145673275"
"15277","0.002146417275071144","0.002146417275071144","0.002146417275071144"
"15283","0.020123600959777832","0.020123600959777832","0.020123600959777832"
"15285","0.0025048479437828064","0.0025048479437828064","0.0025048479437828064"
"15287","0.005370300263166428","0.005370300263166428","0.005370300263166428"
"15291","0.01152169331908226","0.01152169331908226","0.01152169331908226"
"15293","0.043965816497802734","0.043965816497802734","0.043965816497802734"
"15295","0.0002639126032590866","0.0002639126032590866","0.0002639126032590866"
"15297","0.0012105144560337067","0.0012105144560337067","0.0012105144560337067"
"15299","0.0005530305206775665","0.0005530305206775665","0.0005530305206775665"
"15301","0.003124035894870758","0.003124035894870758","0.003124035894870758"
"15303","0.008295677602291107","0.008295677602291107","0.008295677602291107"
"15305","0.0025991369038820267","0.0025991369038820267","0.0025991369038820267"
"15307","0.023238403722643852","0.023238403722643852","0.023238403722643852"
"15309","0.0011776722967624664","0.0011776722967624664","0.0011776722967624664"
"15311","0.0005737766623497009","0.0005737766623497009","0.0005737766623497009"
"15313","0.003606148064136505","0.003606148064136505","0.003606148064136505"
"15315","0.0010301899164915085","0.0010301899164915085","0.0010301899164915085"
"15317","0.000908777117729187","0.000908777117729187","0.000908777117729187"
"15321","0.0012898873537778854","0.0012898873537778854","0.0012898873537778854"
"15323","0.00026332587003707886","0.00026332587003707886","0.00026332587003707886"
"15325","0.010709317401051521","0.010709317401051521","0.010709317401051521"
"15327","0.003985164687037468","0.003985164687037468","0.003985164687037468"
"15329","0.00023940764367580414","0.00023940764367580414","0.00023940764367580414"
"15333","0.0029454007744789124","0.0029454007744789124","0.0029454007744789124"
"15339","0.005909856408834457","0.005909856408834457","0.005909856408834457"
"15341","0.006249437108635902","0.006249437108635902","0.006249437108635902"
"15343","0.01535700261592865","0.01535700261592865","0.01535700261592865"
"15345","0.0019978340715169907","0.0019978340715169907","0.0019978340715169907"
"15347","0.005039885640144348","0.005039885640144348","0.005039885640144348"
"15349","0.0001422986388206482","0.0001422986388206482","0.0001422986388206482"
"15353","0.005900681018829346","0.005900681018829346","0.005900681018829346"
"15355","0.00041819363832473755","0.00041819363832473755","0.00041819363832473755"
"15359","0.00014431588351726532","0.00014431588351726532","0.00014431588351726532"
"15361","0.005230613052845001","0.005230613052845001","0.005230613052845001"
"15363","0.0015395339578390121","0.0015395339578390121","0.0015395339578390121"
"15365","0.00043268315494060516","0.00043268315494060516","0.00043268315494060516"
"15369","0.007908234372735023","0.007908234372735023","0.007908234372735023"
"15373","0.007921399548649788","0.007921399548649788","0.007921399548649788"
"15375","0.012194981798529625","0.012194981798529625","0.012194981798529625"
"15379","0.00281369686126709","0.00281369686126709","0.00281369686126709"
"15381","0.015461228787899017","0.015461228787899017","0.015461228787899017"
"15383","0.0004877690225839615","0.0004877690225839615","0.0004877690225839615"
"15385","0.014331582933664322","0.014331582933664322","0.014331582933664322"
"15387","0.0038449373096227646","0.0038449373096227646","0.0038449373096227646"
"15391","0.0003088284283876419","0.0003088284283876419","0.0003088284283876419"
"15395","0.048355817794799805","0.048355817794799805","0.048355817794799805"
"15397","0.014667388051748276","0.014667388051748276","0.014667388051748276"
"15399","0.0013318844139575958","0.0013318844139575958","0.0013318844139575958"
"15401","0.00028301775455474854","0.00028301775455474854","0.00028301775455474854"
"15403","0.008067069575190544","0.008067069575190544","0.008067069575190544"
"15405","0.00030841492116451263","0.00030841492116451263","0.00030841492116451263"
"15407","0.0006005428731441498","0.0006005428731441498","0.0006005428731441498"
"15409","0.016110766679048538","0.016110766679048538","0.016110766679048538"
"15411","0.0008928757160902023","0.0008928757160902023","0.0008928757160902023"
"15415","0.0324106328189373","0.0324106328189373","0.0324106328189373"
"15417","0.0036192163825035095","0.0036192163825035095","0.0036192163825035095"
"15421","0.00549679808318615","0.00549679808318615","0.00549679808318615"
"15423","0.0009569656103849411","0.0009569656103849411","0.0009569656103849411"
"15425","0.050225526094436646","0.050225526094436646","0.050225526094436646"
"15427","0.002842472866177559","0.002842472866177559","0.002842472866177559"
"15429","0.0009439848363399506","0.0009439848363399506","0.0009439848363399506"
"15431","0.004856495186686516","0.004856495186686516","0.004856495186686516"
"15435","0.0038522668182849884","0.0038522668182849884","0.0038522668182849884"
"15437","0.0058403220027685165","0.0058403220027685165","0.0058403220027685165"
"15439","0.0004056580364704132","0.0004056580364704132","0.0004056580364704132"
"15445","0.0004898738116025925","0.0004898738116025925","0.0004898738116025925"
"15449","0.003499116748571396","0.003499116748571396","0.003499116748571396"
"15455","0.0054213423281908035","0.0054213423281908035","0.0054213423281908035"
"15459","0.003200814127922058","0.003200814127922058","0.003200814127922058"
"15463","0.0029461048543453217","0.0029461048543453217","0.0029461048543453217"
"15465","0.007714148610830307","0.007714148610830307","0.007714148610830307"
"15467","0.009763723239302635","0.009763723239302635","0.009763723239302635"
"15469","0.0005240645259618759","0.0005240645259618759","0.0005240645259618759"
"15471","0.0213124118745327","0.0213124118745327","0.0213124118745327"
"15473","0.010819196701049805","0.010819196701049805","0.010819196701049805"
"15477","0.0026117805391550064","0.0026117805391550064","0.0026117805391550064"
"15479","0.008995993062853813","0.008995993062853813","0.008995993062853813"
"15483","0.0003879684954881668","0.0003879684954881668","0.0003879684954881668"
"15487","0.0007623471319675446","0.0007623471319675446","0.0007623471319675446"
"15489","0.0010266639292240143","0.0010266639292240143","0.0010266639292240143"
"15491","0.0007280521094799042","0.0007280521094799042","0.0007280521094799042"
"15493","0.002772422507405281","0.002772422507405281","0.002772422507405281"
"15495","0.0037652868777513504","0.0037652868777513504","0.0037652868777513504"
"15497","0.04372356832027435","0.04372356832027435","0.04372356832027435"
"15499","0.01095249131321907","0.01095249131321907","0.01095249131321907"
"15501","0.0006301738321781158","0.0006301738321781158","0.0006301738321781158"
"15503","0.002867015078663826","0.002867015078663826","0.002867015078663826"
"15505","0.009342668578028679","0.009342668578028679","0.009342668578028679"
"15507","0.00562240369617939","0.00562240369617939","0.00562240369617939"
"15509","0.007117561995983124","0.007117561995983124","0.007117561995983124"
"15513","0.007948784157633781","0.007948784157633781","0.007948784157633781"
"15515","0.010206745937466621","0.010206745937466621","0.010206745937466621"
"15519","0.007603971287608147","0.007603971287608147","0.007603971287608147"
"15521","0.00044061802327632904","0.00044061802327632904","0.00044061802327632904"
"15525","0.0039985086768865585","0.0039985086768865585","0.0039985086768865585"
"15527","0.0025140345096588135","0.0025140345096588135","0.0025140345096588135"
"15529","0.001378573477268219","0.001378573477268219","0.001378573477268219"
"15531","0.018956826999783516","0.018956826999783516","0.018956826999783516"
"15533","0.0042718201875686646","0.0042718201875686646","0.0042718201875686646"
"15535","0.00031719356775283813","0.00031719356775283813","0.00031719356775283813"
"15539","0.0158493984490633","0.0158493984490633","0.0158493984490633"
"15541","0.005650918930768967","0.005650918930768967","0.005650918930768967"
"15543","0.014695396646857262","0.014695396646857262","0.014695396646857262"
"15548","0.007598206400871277","0.007598206400871277","0.007598206400871277"
"15550","0.004558030515909195","0.004558030515909195","0.004558030515909195"
"15552","0.060020554810762405","0.060020554810762405","0.060020554810762405"
"15558","0.0013944655656814575","0.0013944655656814575","0.0013944655656814575"
"15560","0.008069843053817749","0.008069843053817749","0.008069843053817749"
"15564","0.014386912807822227","0.014386912807822227","0.014386912807822227"
"15566","0.016000818461179733","0.016000818461179733","0.016000818461179733"
"15568","0.01407305896282196","0.01407305896282196","0.01407305896282196"
"15570","0.0010319333523511887","0.0010319333523511887","0.0010319333523511887"
"15572","0.002784980461001396","0.002784980461001396","0.002784980461001396"
"15574","0.05583770573139191","0.05583770573139191","0.05583770573139191"
"15580","0.030015086755156517","0.030015086755156517","0.030015086755156517"
"15582","0.0005765128880739212","0.0005765128880739212","0.0005765128880739212"
"15588","0.0004093870520591736","0.0004093870520591736","0.0004093870520591736"
"15592","0.0180424302816391","0.0180424302816391","0.0180424302816391"
"15594","0.002429366111755371","0.002429366111755371","0.002429366111755371"
"15600","0.0016074534505605698","0.0016074534505605698","0.0016074534505605698"
"15604","0.003978019580245018","0.003978019580245018","0.003978019580245018"
"15606","0.004987282678484917","0.004987282678484917","0.004987282678484917"
"15608","0.00106753408908844","0.00106753408908844","0.00106753408908844"
"15610","0.009015368297696114","0.009015368297696114","0.009015368297696114"
"15612","0.011281203478574753","0.011281203478574753","0.011281203478574753"
"15614","0.000390421599149704","0.000390421599149704","0.000390421599149704"
"15616","0.002312634140253067","0.002312634140253067","0.002312634140253067"
"15618","0.03443864732980728","0.03443864732980728","0.03443864732980728"
"15620","0.008039385080337524","0.008039385080337524","0.008039385080337524"
"15624","0.0028943661600351334","0.0028943661600351334","0.0028943661600351334"
"15628","0.013715920969843864","0.013715920969843864","0.013715920969843864"
"15632","0.00042897090315818787","0.00042897090315818787","0.00042897090315818787"
"15634","0.015096720308065414","0.015096720308065414","0.015096720308065414"
"15636","0.000476079061627388","0.000476079061627388","0.000476079061627388"
"15638","0.00234382227063179","0.00234382227063179","0.00234382227063179"
"15640","0.008784189820289612","0.008784189820289612","0.008784189820289612"
"15642","0.008117064833641052","0.008117064833641052","0.008117064833641052"
"15644","0.005950666964054108","0.005950666964054108","0.005950666964054108"
"15646","0.0032676570117473602","0.0032676570117473602","0.0032676570117473602"
"15648","0.00010619312524795532","0.00010619312524795532","0.00010619312524795532"
"15652","0.01104397140443325","0.01104397140443325","0.01104397140443325"
"15656","0.00042441487312316895","0.00042441487312316895","0.00042441487312316895"
"15658","0.001403816044330597","0.001403816044330597","0.001403816044330597"
"15660","0.0012018904089927673","0.0012018904089927673","0.0012018904089927673"
"15662","0.0028714798390865326","0.0028714798390865326","0.0028714798390865326"
"15664","0.028056195005774498","0.028056195005774498","0.028056195005774498"
"15666","0.003677641972899437","0.003677641972899437","0.003677641972899437"
"15668","0.005059102550148964","0.005059102550148964","0.005059102550148964"
"15672","0.009141052141785622","0.009141052141785622","0.009141052141785622"
"15674","0.012232905253767967","0.012232905253767967","0.012232905253767967"
"15676","0.0016295425593852997","0.0016295425593852997","0.0016295425593852997"
"15678","0.002621099352836609","0.002621099352836609","0.002621099352836609"
"15680","0.004835352301597595","0.004835352301597595","0.004835352301597595"
"15684","0.04963305592536926","0.04963305592536926","0.04963305592536926"
"15688","0.06794324517250061","0.06794324517250061","0.06794324517250061"
"15690","0.0016161911189556122","0.0016161911189556122","0.0016161911189556122"
"15692","0.003245927393436432","0.003245927393436432","0.003245927393436432"
"15694","0.01666477881371975","0.01666477881371975","0.01666477881371975"
"15696","0.002802560105919838","0.002802560105919838","0.002802560105919838"
"15702","0.0008657611906528473","0.0008657611906528473","0.0008657611906528473"
"15704","0.009463982656598091","0.009463982656598091","0.009463982656598091"
"15706","0.011010991409420967","0.011010991409420967","0.011010991409420967"
"15708","0.0012326240539550781","0.0012326240539550781","0.0012326240539550781"
"15710","0.0017560869455337524","0.0017560869455337524","0.0017560869455337524"
"15712","0.002092944458127022","0.002092944458127022","0.002092944458127022"
"15714","0.015743296593427658","0.015743296593427658","0.015743296593427658"
"15716","0.01070677861571312","0.01070677861571312","0.01070677861571312"
"15718","0.001469433307647705","0.001469433307647705","0.001469433307647705"
"15722","0.003998544067144394","0.003998544067144394","0.003998544067144394"
"15724","0.010770060122013092","0.010770060122013092","0.010770060122013092"
"15726","0.0018482841551303864","0.0018482841551303864","0.0018482841551303864"
"15730","0.03649340569972992","0.03649340569972992","0.03649340569972992"
"15732","0.005008695647120476","0.005008695647120476","0.005008695647120476"
"15736","0.006573062390089035","0.006573062390089035","0.006573062390089035"
"15738","0.00041349977254867554","0.00041349977254867554","0.00041349977254867554"
"15746","0.006462421268224716","0.006462421268224716","0.006462421268224716"
"15750","0.00238761305809021","0.00238761305809021","0.00238761305809021"
"15752","0.0001541338860988617","0.0001541338860988617","0.0001541338860988617"
"15754","0.0012371409684419632","0.0012371409684419632","0.0012371409684419632"
"15756","0.008277783170342445","0.008277783170342445","0.008277783170342445"
"15758","0.000677863135933876","0.000677863135933876","0.000677863135933876"
"15760","0.01075769029557705","0.01075769029557705","0.01075769029557705"
"15764","0.01476721279323101","0.01476721279323101","0.01476721279323101"
"15766","0.008547777310013771","0.008547777310013771","0.008547777310013771"
"15768","0.002484584227204323","0.002484584227204323","0.002484584227204323"
"15770","0.0012354645878076553","0.0012354645878076553","0.0012354645878076553"
"15772","0.0020935237407684326","0.0020935237407684326","0.0020935237407684326"
"15774","0.0026796814054250717","0.0026796814054250717","0.0026796814054250717"
"15776","0.01282263919711113","0.01282263919711113","0.01282263919711113"
"15778","0.005871912464499474","0.005871912464499474","0.005871912464499474"
"15780","0.02242320030927658","0.02242320030927658","0.02242320030927658"
"15784","0.00018244609236717224","0.00018244609236717224","0.00018244609236717224"
"15786","0.0039919279515743256","0.0039919279515743256","0.0039919279515743256"
"15790","0.0020933225750923157","0.0020933225750923157","0.0020933225750923157"
"15792","0.018605172634124756","0.018605172634124756","0.018605172634124756"
"15794","0.04029625654220581","0.04029625654220581","0.04029625654220581"
"15796","0.0020090527832508087","0.0020090527832508087","0.0020090527832508087"
"15798","0.0008843615651130676","0.0008843615651130676","0.0008843615651130676"
"15800","0.0037096142768859863","0.0037096142768859863","0.0037096142768859863"
"15804","0.001882096752524376","0.001882096752524376","0.001882096752524376"
"15806","0.01772134378552437","0.01772134378552437","0.01772134378552437"
"15808","0.03223363310098648","0.03223363310098648","0.03223363310098648"
"15810","0.006097270175814629","0.006097270175814629","0.006097270175814629"
"15812","0.008086420595645905","0.008086420595645905","0.008086420595645905"
"15814","0.011488722637295723","0.011488722637295723","0.011488722637295723"
"15816","0.0008308030664920807","0.0008308030664920807","0.0008308030664920807"
"15818","0.00032293424010276794","0.00032293424010276794","0.00032293424010276794"
"15820","0.00012642890214920044","0.00012642890214920044","0.00012642890214920044"
"15824","0.003285106271505356","0.003285106271505356","0.003285106271505356"
"15826","0.0022459961473941803","0.0022459961473941803","0.0022459961473941803"
"15828","0.007989052683115005","0.007989052683115005","0.007989052683115005"
"15830","0.000448642298579216","0.000448642298579216","0.000448642298579216"
"15832","0.0010934248566627502","0.0010934248566627502","0.0010934248566627502"
"15836","0.05396415293216705","0.05396415293216705","0.05396415293216705"
"15838","0.008473239839076996","0.008473239839076996","0.008473239839076996"
"15840","0.009420152753591537","0.009420152753591537","0.009420152753591537"
"15844","0.00018407031893730164","0.00018407031893730164","0.00018407031893730164"
"15846","0.0019591618329286575","0.0019591618329286575","0.0019591618329286575"
"15848","0.014002718031406403","0.014002718031406403","0.014002718031406403"
"15854","0.0012526139616966248","0.0012526139616966248","0.0012526139616966248"
"15856","0.006412051618099213","0.006412051618099213","0.006412051618099213"
"15858","0.007117176428437233","0.007117176428437233","0.007117176428437233"
"15860","0.0005652531981468201","0.0005652531981468201","0.0005652531981468201"
"15862","0.0025988928973674774","0.0025988928973674774","0.0025988928973674774"
"15864","0.002759205177426338","0.002759205177426338","0.002759205177426338"
"15868","0.0012948960065841675","0.0012948960065841675","0.0012948960065841675"
"15870","0.0009272471070289612","0.0009272471070289612","0.0009272471070289612"
"15872","0.000837942585349083","0.000837942585349083","0.000837942585349083"
"15874","0.002922631800174713","0.002922631800174713","0.002922631800174713"
"15878","0.010332994163036346","0.010332994163036346","0.010332994163036346"
"15882","0.035008057951927185","0.035008057951927185","0.035008057951927185"
"15884","0.010158952325582504","0.010158952325582504","0.010158952325582504"
"15886","0.0009522493928670883","0.0009522493928670883","0.0009522493928670883"
"15888","0.01387772336602211","0.01387772336602211","0.01387772336602211"
"15890","0.051195837557315826","0.051195837557315826","0.051195837557315826"
"15892","0.0006607715040445328","0.0006607715040445328","0.0006607715040445328"
"15894","0.001723969355225563","0.001723969355225563","0.001723969355225563"
"15898","0.001377396285533905","0.001377396285533905","0.001377396285533905"
"15900","0.0012178681790828705","0.0012178681790828705","0.0012178681790828705"
"15904","0.007067112252116203","0.007067112252116203","0.007067112252116203"
"15906","0.000434238463640213","0.000434238463640213","0.000434238463640213"
"15908","0.0017494522035121918","0.0017494522035121918","0.0017494522035121918"
"15910","0.00043197348713874817","0.00043197348713874817","0.00043197348713874817"
"15912","0.009546084329485893","0.009546084329485893","0.009546084329485893"
"15914","0.0021055303514003754","0.0021055303514003754","0.0021055303514003754"
"15916","0.011636219918727875","0.011636219918727875","0.011636219918727875"
"15918","0.001714443787932396","0.001714443787932396","0.001714443787932396"
"15920","0.0013625454157590866","0.0013625454157590866","0.0013625454157590866"
"15924","0.0008634626865386963","0.0008634626865386963","0.0008634626865386963"
"15928","0.004758475348353386","0.004758475348353386","0.004758475348353386"
"15932","0.00013083778321743011","0.00013083778321743011","0.00013083778321743011"
"15934","0.0044018179178237915","0.0044018179178237915","0.0044018179178237915"
"15936","0.00137433223426342","0.00137433223426342","0.00137433223426342"
"15938","0.003700539469718933","0.003700539469718933","0.003700539469718933"
"15940","0.0013595707714557648","0.0013595707714557648","0.0013595707714557648"
"15942","0.01085709035396576","0.01085709035396576","0.01085709035396576"
"15944","0.000694911926984787","0.000694911926984787","0.000694911926984787"
"15946","0.034170329570770264","0.034170329570770264","0.034170329570770264"
"15950","0.00012256763875484467","0.00012256763875484467","0.00012256763875484467"
"15952","0.014090286567807198","0.014090286567807198","0.014090286567807198"
"15954","0.0029233209788799286","0.0029233209788799286","0.0029233209788799286"
"15956","0.00039390474557876587","0.00039390474557876587","0.00039390474557876587"
"15958","0.00019354186952114105","0.00019354186952114105","0.00019354186952114105"
"15964","0.0007390920072793961","0.0007390920072793961","0.0007390920072793961"
"15968","0.006630970165133476","0.006630970165133476","0.006630970165133476"
"15972","0.029141154140233994","0.029141154140233994","0.029141154140233994"
"15974","0.01087392307817936","0.01087392307817936","0.01087392307817936"
"15976","0.001904550939798355","0.001904550939798355","0.001904550939798355"
"15978","0.06805036216974258","0.06805036216974258","0.06805036216974258"
"15980","0.004766840487718582","0.004766840487718582","0.004766840487718582"
"15982","0.00968426838517189","0.00968426838517189","0.00968426838517189"
"15984","0.003538385033607483","0.003538385033607483","0.003538385033607483"
"15986","0.0025981832295656204","0.0025981832295656204","0.0025981832295656204"
"15990","0.0010525677353143692","0.0010525677353143692","0.0010525677353143692"
"15992","0.003022514283657074","0.003022514283657074","0.003022514283657074"
"15994","0.00656987726688385","0.00656987726688385","0.00656987726688385"
"15996","0.005108505487442017","0.005108505487442017","0.005108505487442017"
"15998","0.009073903784155846","0.009073903784155846","0.009073903784155846"
"16000","0.009217849001288414","0.009217849001288414","0.009217849001288414"
"16002","0.029071055352687836","0.029071055352687836","0.029071055352687836"
"16004","0.0002170521765947342","0.0002170521765947342","0.0002170521765947342"
"16006","0.005014156922698021","0.005014156922698021","0.005014156922698021"
"16008","0.00037357211112976074","0.00037357211112976074","0.00037357211112976074"
"16010","0.0019304845482110977","0.0019304845482110977","0.0019304845482110977"
"16012","0.0038536693900823593","0.0038536693900823593","0.0038536693900823593"
"16014","0.0023936480283737183","0.0023936480283737183","0.0023936480283737183"
"16016","0.006367616355419159","0.006367616355419159","0.006367616355419159"
"16018","0.0023112446069717407","0.0023112446069717407","0.0023112446069717407"
"16020","0.027185065671801567","0.027185065671801567","0.027185065671801567"
"16022","0.006522465497255325","0.006522465497255325","0.006522465497255325"
"16024","0.0014130845665931702","0.0014130845665931702","0.0014130845665931702"
"16026","0.00620776042342186","0.00620776042342186","0.00620776042342186"
"16028","0.005738109350204468","0.005738109350204468","0.005738109350204468"
"16030","0.008099205791950226","0.008099205791950226","0.008099205791950226"
"16032","0.00006907805800437927","0.00006907805800437927","0.00006907805800437927"
"16034","0.0016995351761579514","0.0016995351761579514","0.0016995351761579514"
"16036","0.0002889372408390045","0.0002889372408390045","0.0002889372408390045"
"16040","0.030095696449279785","0.030095696449279785","0.030095696449279785"
"16042","0.01426699012517929","0.01426699012517929","0.01426699012517929"
"16048","0.0027726199477910995","0.0027726199477910995","0.0027726199477910995"
"16050","0.010737951844930649","0.010737951844930649","0.010737951844930649"
"16052","0.00045837461948394775","0.00045837461948394775","0.00045837461948394775"
"16056","0.00029017776250839233","0.00029017776250839233","0.00029017776250839233"
"16058","0.0011907164007425308","0.0011907164007425308","0.0011907164007425308"
"16060","0.0033079814165830612","0.0033079814165830612","0.0033079814165830612"
"16062","0.0996515303850174","0.0996515303850174","0.0996515303850174"
"16066","0.011690907180309296","0.011690907180309296","0.011690907180309296"
"16068","0.002184448763728142","0.002184448763728142","0.002184448763728142"
"16070","0.0003071501851081848","0.0003071501851081848","0.0003071501851081848"
"16075","0.0017937961965799332","0.0017937961965799332","0.0017937961965799332"
"16077","0.0000962521880865097","0.0000962521880865097","0.0000962521880865097"
"16081","0.0007550697773694992","0.0007550697773694992","0.0007550697773694992"
"16085","0.014474565163254738","0.014474565163254738","0.014474565163254738"
"16087","0.025256983935832977","0.025256983935832977","0.025256983935832977"
"16089","0.041364457458257675","0.041364457458257675","0.041364457458257675"
"16091","0.007835181429982185","0.007835181429982185","0.007835181429982185"
"16095","0.002716764807701111","0.002716764807701111","0.002716764807701111"
"16097","0.006519924849271774","0.006519924849271774","0.006519924849271774"
"16099","0.006032813340425491","0.006032813340425491","0.006032813340425491"
"16101","0.004007220268249512","0.004007220268249512","0.004007220268249512"
"16107","0.005980506539344788","0.005980506539344788","0.005980506539344788"
"16109","0.004612533375620842","0.004612533375620842","0.004612533375620842"
"16111","0.020298970863223076","0.020298970863223076","0.020298970863223076"
"16113","0.005697472020983696","0.005697472020983696","0.005697472020983696"
"16115","0.004477191716432571","0.004477191716432571","0.004477191716432571"
"16117","0.0030139610171318054","0.0030139610171318054","0.0030139610171318054"
"16119","0.0005434993654489517","0.0005434993654489517","0.0005434993654489517"
"16121","0.030383113771677017","0.030383113771677017","0.030383113771677017"
"16123","0.004731779918074608","0.004731779918074608","0.004731779918074608"
"16125","0.031000768765807152","0.031000768765807152","0.031000768765807152"
"16127","0.0002220887690782547","0.0002220887690782547","0.0002220887690782547"
"16129","0.007592584937810898","0.007592584937810898","0.007592584937810898"
"16133","0.0006443504244089127","0.0006443504244089127","0.0006443504244089127"
"16137","0.007362298667430878","0.007362298667430878","0.007362298667430878"
"16139","0.0037069786339998245","0.0037069786339998245","0.0037069786339998245"
"16143","0.006029188632965088","0.006029188632965088","0.006029188632965088"
"16147","0.0006323903799057007","0.0006323903799057007","0.0006323903799057007"
"16151","0.0009201802313327789","0.0009201802313327789","0.0009201802313327789"
"16153","0.00006935559213161469","0.00006935559213161469","0.00006935559213161469"
"16155","0.023820003494620323","0.023820003494620323","0.023820003494620323"
"16157","0.0004885923117399216","0.0004885923117399216","0.0004885923117399216"
"16159","0.03696241229772568","0.03696241229772568","0.03696241229772568"
"16163","0.007819315418601036","0.007819315418601036","0.007819315418601036"
"16165","0.018482167273759842","0.018482167273759842","0.018482167273759842"
"16169","0.01836334727704525","0.01836334727704525","0.01836334727704525"
"16171","0.00005136802792549133","0.00005136802792549133","0.00005136802792549133"
"16173","0.03825400397181511","0.03825400397181511","0.03825400397181511"
"16175","0.005954170599579811","0.005954170599579811","0.005954170599579811"
"16177","0.005530567839741707","0.005530567839741707","0.005530567839741707"
"16179","0.030872376635670662","0.030872376635670662","0.030872376635670662"
"16181","0.00027148425579071045","0.00027148425579071045","0.00027148425579071045"
"16183","0.0012976713478565216","0.0012976713478565216","0.0012976713478565216"
"16185","0.020142266526818275","0.020142266526818275","0.020142266526818275"
"16187","0.01917317323386669","0.01917317323386669","0.01917317323386669"
"16189","0.011284690350294113","0.011284690350294113","0.011284690350294113"
"16191","0.0019214991480112076","0.0019214991480112076","0.0019214991480112076"
"16193","0.001405671238899231","0.001405671238899231","0.001405671238899231"
"16197","0.0006987936794757843","0.0006987936794757843","0.0006987936794757843"
"16203","0.007380170747637749","0.007380170747637749","0.007380170747637749"
"16207","0.013897975906729698","0.013897975906729698","0.013897975906729698"
"16209","0.0015358515083789825","0.0015358515083789825","0.0015358515083789825"
"16211","0.021078459918498993","0.021078459918498993","0.021078459918498993"
"16213","0.00015398114919662476","0.00015398114919662476","0.00015398114919662476"
"16221","0.0027519874274730682","0.0027519874274730682","0.0027519874274730682"
"16223","0.0007300321012735367","0.0007300321012735367","0.0007300321012735367"
"16225","0.0025205183774232864","0.0025205183774232864","0.0025205183774232864"
"16227","0.027214840054512024","0.027214840054512024","0.027214840054512024"
"16229","0.0017151180654764175","0.0017151180654764175","0.0017151180654764175"
"16231","0.013600010424852371","0.013600010424852371","0.013600010424852371"
"16233","0.00772375613451004","0.00772375613451004","0.00772375613451004"
"16235","0.0002254098653793335","0.0002254098653793335","0.0002254098653793335"
"16237","0.006082240492105484","0.006082240492105484","0.006082240492105484"
"16239","0.000771302729845047","0.000771302729845047","0.000771302729845047"
"16241","0.040713120251894","0.040713120251894","0.040713120251894"
"16243","0.0016041025519371033","0.0016041025519371033","0.0016041025519371033"
"16247","0.00014160387217998505","0.00014160387217998505","0.00014160387217998505"
"16249","0.00015097670257091522","0.00015097670257091522","0.00015097670257091522"
"16251","0.0008908882737159729","0.0008908882737159729","0.0008908882737159729"
"16253","0.0011293329298496246","0.0011293329298496246","0.0011293329298496246"
"16255","0.011311130598187447","0.011311130598187447","0.011311130598187447"
"16257","0.0004319287836551666","0.0004319287836551666","0.0004319287836551666"
"16259","0.00029502809047698975","0.00029502809047698975","0.00029502809047698975"
"16261","0.0005027856677770615","0.0005027856677770615","0.0005027856677770615"
"16263","0.015393560752272606","0.015393560752272606","0.015393560752272606"
"16265","0.0254519023001194","0.0254519023001194","0.0254519023001194"
"16267","0.00950809009373188","0.00950809009373188","0.00950809009373188"
"16269","0.005756691098213196","0.005756691098213196","0.005756691098213196"
"16273","0.007087709382176399","0.007087709382176399","0.007087709382176399"
"16275","0.0039559658616781235","0.0039559658616781235","0.0039559658616781235"
"16277","0.00014689937233924866","0.00014689937233924866","0.00014689937233924866"
"16279","0.0030454061925411224","0.0030454061925411224","0.0030454061925411224"
"16283","0.0001424141228199005","0.0001424141228199005","0.0001424141228199005"
"16285","0.001920616254210472","0.001920616254210472","0.001920616254210472"
"16287","0.0005508903414011002","0.0005508903414011002","0.0005508903414011002"
"16291","0.00641871802508831","0.00641871802508831","0.00641871802508831"
"16295","0.023773692548274994","0.023773692548274994","0.023773692548274994"
"16303","0.0008714068681001663","0.0008714068681001663","0.0008714068681001663"
"16305","0.0004123914986848831","0.0004123914986848831","0.0004123914986848831"
"16307","0.005399351939558983","0.005399351939558983","0.005399351939558983"
"16309","0.0005357582122087479","0.0005357582122087479","0.0005357582122087479"
"16311","0.03209822624921799","0.03209822624921799","0.03209822624921799"
"16313","0.007208572700619698","0.007208572700619698","0.007208572700619698"
"16315","0.0027641821652650833","0.0027641821652650833","0.0027641821652650833"
"16317","0.02717467024922371","0.02717467024922371","0.02717467024922371"
"16321","0.02962290681898594","0.02962290681898594","0.02962290681898594"
"16323","0.0027591418474912643","0.0027591418474912643","0.0027591418474912643"
"16327","0.0004765111953020096","0.0004765111953020096","0.0004765111953020096"
"16329","0.004095755517482758","0.004095755517482758","0.004095755517482758"
"16331","0.0002817586064338684","0.0002817586064338684","0.0002817586064338684"
"16335","0.004519158974289894","0.004519158974289894","0.004519158974289894"
"16337","0.0009081978350877762","0.0009081978350877762","0.0009081978350877762"
"16339","0.0028084255754947662","0.0028084255754947662","0.0028084255754947662"
"16345","0.00018060579895973206","0.00018060579895973206","0.00018060579895973206"
"16347","0.0004155319184064865","0.0004155319184064865","0.0004155319184064865"
"16349","0.014490872621536255","0.014490872621536255","0.014490872621536255"
"16351","0.001322183758020401","0.001322183758020401","0.001322183758020401"
"16353","0.0004389677196741104","0.0004389677196741104","0.0004389677196741104"
"16355","0.0010102763772010803","0.0010102763772010803","0.0010102763772010803"
"16359","0.004930561408400536","0.004930561408400536","0.004930561408400536"
"16361","0.0020313840359449387","0.0020313840359449387","0.0020313840359449387"
"16363","0.00262577086687088","0.00262577086687088","0.00262577086687088"
"16365","0.00059504434466362","0.00059504434466362","0.00059504434466362"
"16367","0.0008865296840667725","0.0008865296840667725","0.0008865296840667725"
"16369","0.0014867670834064484","0.0014867670834064484","0.0014867670834064484"
"16371","0.004544315859675407","0.004544315859675407","0.004544315859675407"
"16373","0.0025104954838752747","0.0025104954838752747","0.0025104954838752747"
"16375","0.0006170868873596191","0.0006170868873596191","0.0006170868873596191"
"16377","0.00043380260467529297","0.00043380260467529297","0.00043380260467529297"
"16379","0.0019149761646986008","0.0019149761646986008","0.0019149761646986008"
"16381","0.0021605920046567917","0.0021605920046567917","0.0021605920046567917"
"16383","0.0025214236229658127","0.0025214236229658127","0.0025214236229658127"
"16387","0.0002765972167253494","0.0002765972167253494","0.0002765972167253494"
"16389","0.009854326024651527","0.009854326024651527","0.009854326024651527"
"16391","0.0010393261909484863","0.0010393261909484863","0.0010393261909484863"
"16393","0.0017376001924276352","0.0017376001924276352","0.0017376001924276352"
"16395","0.00037425383925437927","0.00037425383925437927","0.00037425383925437927"
"16397","0.007231013849377632","0.007231013849377632","0.007231013849377632"
"16399","0.023866480216383934","0.023866480216383934","0.023866480216383934"
"16401","0.003762032836675644","0.003762032836675644","0.003762032836675644"
"16405","0.0005867984145879745","0.0005867984145879745","0.0005867984145879745"
"16407","0.008941249921917915","0.008941249921917915","0.008941249921917915"
"16409","0.0008153617382049561","0.0008153617382049561","0.0008153617382049561"
"16413","0.018416129052639008","0.018416129052639008","0.018416129052639008"
"16415","0.0043422020971775055","0.0043422020971775055","0.0043422020971775055"
"16417","0.01568673364818096","0.01568673364818096","0.01568673364818096"
"16419","0.0032860226929187775","0.0032860226929187775","0.0032860226929187775"
"16421","0.000751979649066925","0.000751979649066925","0.000751979649066925"
"16425","0.0017025768756866455","0.0017025768756866455","0.0017025768756866455"
"16427","0.007856311276555061","0.007856311276555061","0.007856311276555061"
"16429","0.00885193794965744","0.00885193794965744","0.00885193794965744"
"16433","0.001321360468864441","0.001321360468864441","0.001321360468864441"
"16435","0.001007571816444397","0.001007571816444397","0.001007571816444397"
"16439","0.0022024773061275482","0.0022024773061275482","0.0022024773061275482"
"16441","0.003641746938228607","0.003641746938228607","0.003641746938228607"
"16443","0.014073971658945084","0.014073971658945084","0.014073971658945084"
"16447","0.00014620274305343628","0.00014620274305343628","0.00014620274305343628"
"16449","0.0001533757895231247","0.0001533757895231247","0.0001533757895231247"
"16451","0.001746656373143196","0.001746656373143196","0.001746656373143196"
"16453","0.0003526918590068817","0.0003526918590068817","0.0003526918590068817"
"16455","0.0026543159037828445","0.0026543159037828445","0.0026543159037828445"
"16457","0.00720590353012085","0.00720590353012085","0.00720590353012085"
"16459","0.0008308589458465576","0.0008308589458465576","0.0008308589458465576"
"16465","0.0018031448125839233","0.0018031448125839233","0.0018031448125839233"
"16469","0.01989573985338211","0.01989573985338211","0.01989573985338211"
"16471","0.0014103669673204422","0.0014103669673204422","0.0014103669673204422"
"16475","0.0007237046957015991","0.0007237046957015991","0.0007237046957015991"
"16477","0.0002559442073106766","0.0002559442073106766","0.0002559442073106766"
"16481","0.0016310233622789383","0.0016310233622789383","0.0016310233622789383"
"16483","0.0028664562851190567","0.0028664562851190567","0.0028664562851190567"
"16485","0.0009270776063203812","0.0009270776063203812","0.0009270776063203812"
"16487","0.018918713554739952","0.018918713554739952","0.018918713554739952"
"16489","0.0011428091675043106","0.0011428091675043106","0.0011428091675043106"
"16491","0.014461018145084381","0.014461018145084381","0.014461018145084381"
"16493","0.0006048139184713364","0.0006048139184713364","0.0006048139184713364"
"16495","0.018463509157299995","0.018463509157299995","0.018463509157299995"
"16497","0.016856182366609573","0.016856182366609573","0.016856182366609573"
"16499","0.001332143321633339","0.001332143321633339","0.001332143321633339"
"16501","0.0016475170850753784","0.0016475170850753784","0.0016475170850753784"
"16503","0.0029367543756961823","0.0029367543756961823","0.0029367543756961823"
"16505","0.005265459418296814","0.005265459418296814","0.005265459418296814"
"16507","0.0035326555371284485","0.0035326555371284485","0.0035326555371284485"
"16509","0.002703338861465454","0.002703338861465454","0.002703338861465454"
"16511","0.0006812959909439087","0.0006812959909439087","0.0006812959909439087"
"16515","0.0008572004735469818","0.0008572004735469818","0.0008572004735469818"
"16517","0.0007467065006494522","0.0007467065006494522","0.0007467065006494522"
"16519","0.006390180438756943","0.006390180438756943","0.006390180438756943"
"16521","0.00015259534120559692","0.00015259534120559692","0.00015259534120559692"
"16523","0.004592997953295708","0.004592997953295708","0.004592997953295708"
"16527","0.005300531163811684","0.005300531163811684","0.005300531163811684"
"16531","0.0038754455745220184","0.0038754455745220184","0.0038754455745220184"
"16533","0.02793726697564125","0.02793726697564125","0.02793726697564125"
"16535","0.00519893504679203","0.00519893504679203","0.00519893504679203"
"16539","0.001686709001660347","0.001686709001660347","0.001686709001660347"
"16541","0.0027511026710271835","0.0027511026710271835","0.0027511026710271835"
"16543","0.0011077281087636948","0.0011077281087636948","0.0011077281087636948"
"16545","0.016616566106677055","0.016616566106677055","0.016616566106677055"
"16547","0.001949995756149292","0.001949995756149292","0.001949995756149292"
"16549","0.03450128436088562","0.03450128436088562","0.03450128436088562"
"16551","0.0038975272327661514","0.0038975272327661514","0.0038975272327661514"
"16553","0.0024128109216690063","0.0024128109216690063","0.0024128109216690063"
"16555","0.00041750818490982056","0.00041750818490982056","0.00041750818490982056"
"16557","0.00023406371474266052","0.00023406371474266052","0.00023406371474266052"
"16559","0.0004772339016199112","0.0004772339016199112","0.0004772339016199112"
"16561","0.001291191205382347","0.001291191205382347","0.001291191205382347"
"16563","0.007606033235788345","0.007606033235788345","0.007606033235788345"
"16569","0.0007847826927900314","0.0007847826927900314","0.0007847826927900314"
"16571","0.007691502571105957","0.007691502571105957","0.007691502571105957"
"16573","0.00018362700939178467","0.00018362700939178467","0.00018362700939178467"
"16575","0.0010571982711553574","0.0010571982711553574","0.0010571982711553574"
"16577","0.0019153803586959839","0.0019153803586959839","0.0019153803586959839"
"16585","0.013509934768080711","0.013509934768080711","0.013509934768080711"
"16587","0.0021137837320566177","0.0021137837320566177","0.0021137837320566177"
"16591","0.0003415066748857498","0.0003415066748857498","0.0003415066748857498"
"16593","0.00064057856798172","0.00064057856798172","0.00064057856798172"
"16595","0.00016014836728572845","0.00016014836728572845","0.00016014836728572845"
"16602","0.00029124878346920013","0.00029124878346920013","0.00029124878346920013"
"16606","0.00206708163022995","0.00206708163022995","0.00206708163022995"
"16608","0.0021695271134376526","0.0021695271134376526","0.0021695271134376526"
"16614","0.004980158060789108","0.004980158060789108","0.004980158060789108"
"16616","0.0033844932913780212","0.0033844932913780212","0.0033844932913780212"
"16618","0.00021579861640930176","0.00021579861640930176","0.00021579861640930176"
"16620","0.0007605720311403275","0.0007605720311403275","0.0007605720311403275"
"16622","0.002090912312269211","0.002090912312269211","0.002090912312269211"
"16624","0.010968148708343506","0.010968148708343506","0.010968148708343506"
"16628","0.031624212861061096","0.031624212861061096","0.031624212861061096"
"16630","0.018099278211593628","0.018099278211593628","0.018099278211593628"
"16632","0.006642831489443779","0.006642831489443779","0.006642831489443779"
"16634","0.0036699939519166946","0.0036699939519166946","0.0036699939519166946"
"16636","0.004959287121891975","0.004959287121891975","0.004959287121891975"
"16638","0.0012661051005125046","0.0012661051005125046","0.0012661051005125046"
"16642","0.0004982501268386841","0.0004982501268386841","0.0004982501268386841"
"16644","0.03703133761882782","0.03703133761882782","0.03703133761882782"
"16646","0.007647782564163208","0.007647782564163208","0.007647782564163208"
"16648","0.0054010022431612015","0.0054010022431612015","0.0054010022431612015"
"16652","0.0038206540048122406","0.0038206540048122406","0.0038206540048122406"
"16654","0.0018861982971429825","0.0018861982971429825","0.0018861982971429825"
"16660","0.0018223915249109268","0.0018223915249109268","0.0018223915249109268"
"16664","0.004478838294744492","0.004478838294744492","0.004478838294744492"
"16666","0.0050180833786726","0.0050180833786726","0.0050180833786726"
"16668","0.022928843274712563","0.022928843274712563","0.022928843274712563"
"16670","0.010312030091881752","0.010312030091881752","0.010312030091881752"
"16674","0.011417051777243614","0.011417051777243614","0.011417051777243614"
"16676","0.004768751561641693","0.004768751561641693","0.004768751561641693"
"16684","0.03331071138381958","0.03331071138381958","0.03331071138381958"
"16686","0.00972883403301239","0.00972883403301239","0.00972883403301239"
"16696","0.0007991530001163483","0.0007991530001163483","0.0007991530001163483"
"16698","0.0003433339297771454","0.0003433339297771454","0.0003433339297771454"
"16700","0.027652759104967117","0.027652759104967117","0.027652759104967117"
"16704","0.00027644261717796326","0.00027644261717796326","0.00027644261717796326"
"16706","0.004170207306742668","0.004170207306742668","0.004170207306742668"
"16708","0.024760257452726364","0.024760257452726364","0.024760257452726364"
"16710","0.0005441736429929733","0.0005441736429929733","0.0005441736429929733"
"16716","0.0007245801389217377","0.0007245801389217377","0.0007245801389217377"
"16718","0.0021004751324653625","0.0021004751324653625","0.0021004751324653625"
"16722","0.0001218356192111969","0.0001218356192111969","0.0001218356192111969"
"16724","0.00048238039016723633","0.00048238039016723633","0.00048238039016723633"
"16726","0.0017128530889749527","0.0017128530889749527","0.0017128530889749527"
"16728","0.02234269678592682","0.02234269678592682","0.02234269678592682"
"16730","0.001619456335902214","0.001619456335902214","0.001619456335902214"
"16732","0.0010143108665943146","0.0010143108665943146","0.0010143108665943146"
"16736","0.0015950091183185577","0.0015950091183185577","0.0015950091183185577"
"16738","0.004526324570178986","0.004526324570178986","0.004526324570178986"
"16740","0.0009146779775619507","0.0009146779775619507","0.0009146779775619507"
"16742","0.0016479864716529846","0.0016479864716529846","0.0016479864716529846"
"16744","0.002413548529148102","0.002413548529148102","0.002413548529148102"
"16746","0.002999182790517807","0.002999182790517807","0.002999182790517807"
"16750","0.0021331608295440674","0.0021331608295440674","0.0021331608295440674"
"16752","0.00017239339649677277","0.00017239339649677277","0.00017239339649677277"
"16754","0.0000649821013212204","0.0000649821013212204","0.0000649821013212204"
"16756","0.007701000198721886","0.007701000198721886","0.007701000198721886"
"16758","0.00027558766305446625","0.00027558766305446625","0.00027558766305446625"
"16760","0.02093592844903469","0.02093592844903469","0.02093592844903469"
"16764","0.006510516628623009","0.006510516628623009","0.006510516628623009"
"16766","0.011058123782277107","0.011058123782277107","0.011058123782277107"
"16768","0.00037745386362075806","0.00037745386362075806","0.00037745386362075806"
"16774","0.032450608909130096","0.032450608909130096","0.032450608909130096"
"16776","0.01053241454064846","0.01053241454064846","0.01053241454064846"
"16782","0.0012571010738611221","0.0012571010738611221","0.0012571010738611221"
"16784","0.00039602816104888916","0.00039602816104888916","0.00039602816104888916"
"16786","0.011734068393707275","0.011734068393707275","0.011734068393707275"
"16788","0.00027920491993427277","0.00027920491993427277","0.00027920491993427277"
"16790","0.0033929310739040375","0.0033929310739040375","0.0033929310739040375"
"16792","0.0040762759745121","0.0040762759745121","0.0040762759745121"
"16794","0.0012824647128582","0.0012824647128582","0.0012824647128582"
"16796","0.006137385964393616","0.006137385964393616","0.006137385964393616"
"16798","0.00011098198592662811","0.00011098198592662811","0.00011098198592662811"
"16800","0.014997722581028938","0.014997722581028938","0.014997722581028938"
"16802","0.0006050895899534225","0.0006050895899534225","0.0006050895899534225"
"16804","0.012134617194533348","0.012134617194533348","0.012134617194533348"
"16808","0.007277308031916618","0.007277308031916618","0.007277308031916618"
"16810","0.00033542700111866","0.00033542700111866","0.00033542700111866"
"16812","0.0024710502475500107","0.0024710502475500107","0.0024710502475500107"
"16814","0.0009706169366836548","0.0009706169366836548","0.0009706169366836548"
"16816","0.0019816625863313675","0.0019816625863313675","0.0019816625863313675"
"16818","0.009670605883002281","0.009670605883002281","0.009670605883002281"
"16820","0.022361857816576958","0.022361857816576958","0.022361857816576958"
"16824","0.0009662844240665436","0.0009662844240665436","0.0009662844240665436"
"16826","0.0045692697167396545","0.0045692697167396545","0.0045692697167396545"
"16828","0.00045145489275455475","0.00045145489275455475","0.00045145489275455475"
"16830","0.002016765996813774","0.002016765996813774","0.002016765996813774"
"16834","0.0007867924869060516","0.0007867924869060516","0.0007867924869060516"
"16836","0.0018251165747642517","0.0018251165747642517","0.0018251165747642517"
"16838","0.001571526750922203","0.001571526750922203","0.001571526750922203"
"16840","0.00020458921790122986","0.00020458921790122986","0.00020458921790122986"
"16842","0.0014682821929454803","0.0014682821929454803","0.0014682821929454803"
"16844","0.0014941375702619553","0.0014941375702619553","0.0014941375702619553"
"16850","0.0007069595158100128","0.0007069595158100128","0.0007069595158100128"
"16852","0.0014559775590896606","0.0014559775590896606","0.0014559775590896606"
"16858","0.0023889895528554916","0.0023889895528554916","0.0023889895528554916"
"16864","0.023922478780150414","0.023922478780150414","0.023922478780150414"
"16870","0.009402615949511528","0.009402615949511528","0.009402615949511528"
"16872","0.00013575702905654907","0.00013575702905654907","0.00013575702905654907"
"16874","0.0009814649820327759","0.0009814649820327759","0.0009814649820327759"
"16876","0.005602745339274406","0.005602745339274406","0.005602745339274406"
"16878","0.00019717402756214142","0.00019717402756214142","0.00019717402756214142"
"16882","0.010439407080411911","0.010439407080411911","0.010439407080411911"
"16888","0.0002346280962228775","0.0002346280962228775","0.0002346280962228775"
"16890","0.0002283938229084015","0.0002283938229084015","0.0002283938229084015"
"16892","0.005812419578433037","0.005812419578433037","0.005812419578433037"
"16898","0.006808210164308548","0.006808210164308548","0.006808210164308548"
"16902","0.007018636912107468","0.007018636912107468","0.007018636912107468"
"16904","0.00028652511537075043","0.00028652511537075043","0.00028652511537075043"
"16906","0.000949399545788765","0.000949399545788765","0.000949399545788765"
"16908","0.0090147964656353","0.0090147964656353","0.0090147964656353"
"16910","0.002055428922176361","0.002055428922176361","0.002055428922176361"
"16914","0.016436170786619186","0.016436170786619186","0.016436170786619186"
"16916","0.014013327658176422","0.014013327658176422","0.014013327658176422"
"16920","0.0049952492117881775","0.0049952492117881775","0.0049952492117881775"
"16922","0.000191541388630867","0.000191541388630867","0.000191541388630867"
"16926","0.0018703732639551163","0.0018703732639551163","0.0018703732639551163"
"16928","0.0012833178043365479","0.0012833178043365479","0.0012833178043365479"
"16930","0.002870183438062668","0.002870183438062668","0.002870183438062668"
"16932","0.0031390804797410965","0.0031390804797410965","0.0031390804797410965"
"16934","0.00021656788885593414","0.00021656788885593414","0.00021656788885593414"
"16936","0.0015773121267557144","0.0015773121267557144","0.0015773121267557144"
"16938","0.003843795508146286","0.003843795508146286","0.003843795508146286"
"16940","0.0022400841116905212","0.0022400841116905212","0.0022400841116905212"
"16942","0.000550420954823494","0.000550420954823494","0.000550420954823494"
"16944","0.04525045305490494","0.04525045305490494","0.04525045305490494"
"16946","0.00031073205173015594","0.00031073205173015594","0.00031073205173015594"
"16950","0.002169111743569374","0.002169111743569374","0.002169111743569374"
"16954","0.0021157152950763702","0.0021157152950763702","0.0021157152950763702"
"16956","0.0032936520874500275","0.0032936520874500275","0.0032936520874500275"
"16958","0.011305049061775208","0.011305049061775208","0.011305049061775208"
"16960","0.00011463277041912079","0.00011463277041912079","0.00011463277041912079"
"16962","0.002844862639904022","0.002844862639904022","0.002844862639904022"
"16964","0.00022565200924873352","0.00022565200924873352","0.00022565200924873352"
"16966","0.0006100665777921677","0.0006100665777921677","0.0006100665777921677"
"16970","0.001299496740102768","0.001299496740102768","0.001299496740102768"
"16972","0.009828360751271248","0.009828360751271248","0.009828360751271248"
"16974","0.005141096189618111","0.005141096189618111","0.005141096189618111"
"16976","0.0029085390269756317","0.0029085390269756317","0.0029085390269756317"
"16980","0.008847618475556374","0.008847618475556374","0.008847618475556374"
"16982","0.0007540807127952576","0.0007540807127952576","0.0007540807127952576"
"16984","0.005046948790550232","0.005046948790550232","0.005046948790550232"
"16986","0.0010136347264051437","0.0010136347264051437","0.0010136347264051437"
"16988","0.00016748718917369843","0.00016748718917369843","0.00016748718917369843"
"16990","0.009485743939876556","0.009485743939876556","0.009485743939876556"
"16992","0.006124261766672134","0.006124261766672134","0.006124261766672134"
"16994","0.00429215282201767","0.00429215282201767","0.00429215282201767"
"16998","0.0012351945042610168","0.0012351945042610168","0.0012351945042610168"
"17000","0.018336357548832893","0.018336357548832893","0.018336357548832893"
"17004","0.0013731550425291061","0.0013731550425291061","0.0013731550425291061"
"17006","0.0006380025297403336","0.0006380025297403336","0.0006380025297403336"
"17008","0.006096703931689262","0.006096703931689262","0.006096703931689262"
"17010","0.0011012759059667587","0.0011012759059667587","0.0011012759059667587"
"17014","0.0003586839884519577","0.0003586839884519577","0.0003586839884519577"
"17016","0.00018054619431495667","0.00018054619431495667","0.00018054619431495667"
"17018","0.00030232593417167664","0.00030232593417167664","0.00030232593417167664"
"17022","0.00011157803237438202","0.00011157803237438202","0.00011157803237438202"
"17028","0.00024671852588653564","0.00024671852588653564","0.00024671852588653564"
"17030","0.019240807741880417","0.019240807741880417","0.019240807741880417"
"17034","0.0009462367743253708","0.0009462367743253708","0.0009462367743253708"
"17036","0.007812552154064178","0.007812552154064178","0.007812552154064178"
"17038","0.0021752286702394485","0.0021752286702394485","0.0021752286702394485"
"17042","0.006146235391497612","0.006146235391497612","0.006146235391497612"
"17044","0.012375449761748314","0.012375449761748314","0.012375449761748314"
"17046","0.0001219082623720169","0.0001219082623720169","0.0001219082623720169"
"17050","0.0008972212672233582","0.0008972212672233582","0.0008972212672233582"
"17054","0.00003433041274547577","0.00003433041274547577","0.00003433041274547577"
"17058","0.002447759732604027","0.002447759732604027","0.002447759732604027"
"17060","0.002933904528617859","0.002933904528617859","0.002933904528617859"
"17062","0.00021678954362869263","0.00021678954362869263","0.00021678954362869263"
"17064","0.000979086384177208","0.000979086384177208","0.000979086384177208"
"17066","0.007073879241943359","0.007073879241943359","0.007073879241943359"
"17068","0.01045244000852108","0.01045244000852108","0.01045244000852108"
"17078","0.021211592480540276","0.021211592480540276","0.021211592480540276"
"17080","0.000527750700712204","0.000527750700712204","0.000527750700712204"
"17082","0.09764986485242844","0.09764986485242844","0.09764986485242844"
"17084","0.007932910695672035","0.007932910695672035","0.007932910695672035"
"17086","0.013174017891287804","0.013174017891287804","0.013174017891287804"
"17090","0.0011108648031949997","0.0011108648031949997","0.0011108648031949997"
"17092","0.02519482560455799","0.02519482560455799","0.02519482560455799"
"17094","0.0026624109596014023","0.0026624109596014023","0.0026624109596014023"
"17096","0.004427216947078705","0.004427216947078705","0.004427216947078705"
"17098","0.002371998503804207","0.002371998503804207","0.002371998503804207"
"17100","0.002265600487589836","0.002265600487589836","0.002265600487589836"
"17102","0.0029523875564336777","0.0029523875564336777","0.0029523875564336777"
"17106","0.0006146673113107681","0.0006146673113107681","0.0006146673113107681"
"17108","0.007170455530285835","0.007170455530285835","0.007170455530285835"
"17114","0.022440919652581215","0.022440919652581215","0.022440919652581215"
"17116","0.0013424940407276154","0.0013424940407276154","0.0013424940407276154"
"17118","0.0021893028169870377","0.0021893028169870377","0.0021893028169870377"
"17120","0.00023001059889793396","0.00023001059889793396","0.00023001059889793396"
"17122","0.0012496449053287506","0.0012496449053287506","0.0012496449053287506"
"17124","0.002222606912255287","0.002222606912255287","0.002222606912255287"
"17129","0.0010119229555130005","0.0010119229555130005","0.0010119229555130005"
"17133","0.0006080847233533859","0.0006080847233533859","0.0006080847233533859"
"17135","0.00015598535537719727","0.00015598535537719727","0.00015598535537719727"
"17137","0.0008136127144098282","0.0008136127144098282","0.0008136127144098282"
"17143","0.0019155871123075485","0.0019155871123075485","0.0019155871123075485"
"17147","0.005041277036070824","0.005041277036070824","0.005041277036070824"
"17151","0.00040310434997081757","0.00040310434997081757","0.00040310434997081757"
"17153","0.0008638650178909302","0.0008638650178909302","0.0008638650178909302"
"17155","0.000012775883078575134","0.000012775883078575134","0.000012775883078575134"
"17159","0.002119544893503189","0.002119544893503189","0.002119544893503189"
"17161","0.002194436267018318","0.002194436267018318","0.002194436267018318"
"17163","0.00039472803473472595","0.00039472803473472595","0.00039472803473472595"
"17165","0.005443982779979706","0.005443982779979706","0.005443982779979706"
"17167","0.0003107711672782898","0.0003107711672782898","0.0003107711672782898"
"17169","0.00006421655416488647","0.00006421655416488647","0.00006421655416488647"
"17171","0.051813870668411255","0.051813870668411255","0.051813870668411255"
"17173","0.00098344124853611","0.00098344124853611","0.00098344124853611"
"17179","0.000048605725169181824","0.000048605725169181824","0.000048605725169181824"
"17181","0.0014836471527814865","0.0014836471527814865","0.0014836471527814865"
"17183","0.009470468387007713","0.009470468387007713","0.009470468387007713"
"17185","0.0025463979691267014","0.0025463979691267014","0.0025463979691267014"
"17187","0.0032629314810037613","0.0032629314810037613","0.0032629314810037613"
"17189","0.0015471577644348145","0.0015471577644348145","0.0015471577644348145"
"17191","0.0017224829643964767","0.0017224829643964767","0.0017224829643964767"
"17193","0.003522537648677826","0.003522537648677826","0.003522537648677826"
"17195","0.008066747337579727","0.008066747337579727","0.008066747337579727"
"17199","0.012493332847952843","0.012493332847952843","0.012493332847952843"
"17201","0.008167315274477005","0.008167315274477005","0.008167315274477005"
"17203","0.002094654366374016","0.002094654366374016","0.002094654366374016"
"17205","0.04416405409574509","0.04416405409574509","0.04416405409574509"
"17209","0.00024181418120861053","0.00024181418120861053","0.00024181418120861053"
"17215","0.0006191004067659378","0.0006191004067659378","0.0006191004067659378"
"17217","0.004843221977353096","0.004843221977353096","0.004843221977353096"
"17219","0.00037457048892974854","0.00037457048892974854","0.00037457048892974854"
"17221","0.001287529245018959","0.001287529245018959","0.001287529245018959"
"17227","0.00031534768640995026","0.00031534768640995026","0.00031534768640995026"
"17231","0.037362705916166306","0.037362705916166306","0.037362705916166306"
"17235","0.015920279547572136","0.015920279547572136","0.015920279547572136"
"17237","0.0014555659145116806","0.0014555659145116806","0.0014555659145116806"
"17239","0.02581874653697014","0.02581874653697014","0.02581874653697014"
"17241","0.0013990551233291626","0.0013990551233291626","0.0013990551233291626"
"17245","0.0006824769079685211","0.0006824769079685211","0.0006824769079685211"
"17251","0.004397395998239517","0.004397395998239517","0.004397395998239517"
"17257","0.00042487122118473053","0.00042487122118473053","0.00042487122118473053"
"17261","0.0005252975970506668","0.0005252975970506668","0.0005252975970506668"
"17263","0.0005154702812433243","0.0005154702812433243","0.0005154702812433243"
"17265","0.004457782953977585","0.004457782953977585","0.004457782953977585"
"17267","0.0008213184773921967","0.0008213184773921967","0.0008213184773921967"
"17271","0.00016923248767852783","0.00016923248767852783","0.00016923248767852783"
"17275","0.011374024674296379","0.011374024674296379","0.011374024674296379"
"17277","0.0077788252383470535","0.0077788252383470535","0.0077788252383470535"
"17279","0.0010277573019266129","0.0010277573019266129","0.0010277573019266129"
"17281","0.00014843232929706573","0.00014843232929706573","0.00014843232929706573"
"17283","0.0005987826734781265","0.0005987826734781265","0.0005987826734781265"
"17285","0.0011284872889518738","0.0011284872889518738","0.0011284872889518738"
"17289","0.001159805804491043","0.001159805804491043","0.001159805804491043"
"17291","0.001025298610329628","0.001025298610329628","0.001025298610329628"
"17293","0.01416795514523983","0.01416795514523983","0.01416795514523983"
"17295","0.005661146715283394","0.005661146715283394","0.005661146715283394"
"17297","0.002401888370513916","0.002401888370513916","0.002401888370513916"
"17299","0.00771576352417469","0.00771576352417469","0.00771576352417469"
"17301","0.00104418583214283","0.00104418583214283","0.00104418583214283"
"17303","0.0021393615752458572","0.0021393615752458572","0.0021393615752458572"
"17305","0.01039421372115612","0.01039421372115612","0.01039421372115612"
"17307","0.06770652532577515","0.06770652532577515","0.06770652532577515"
"17309","0.0004822090268135071","0.0004822090268135071","0.0004822090268135071"
"17313","0.005083056166768074","0.005083056166768074","0.005083056166768074"
"17317","0.03194998577237129","0.03194998577237129","0.03194998577237129"
"17319","0.00022325292229652405","0.00022325292229652405","0.00022325292229652405"
"17321","0.0014762543141841888","0.0014762543141841888","0.0014762543141841888"
"17323","0.00016425922513008118","0.00016425922513008118","0.00016425922513008118"
"17325","0.015864159911870956","0.015864159911870956","0.015864159911870956"
"17327","0.0023646485060453415","0.0023646485060453415","0.0023646485060453415"
"17329","0.002207605168223381","0.002207605168223381","0.002207605168223381"
"17331","0.0013951249420642853","0.0013951249420642853","0.0013951249420642853"
"17333","0.0003413204103708267","0.0003413204103708267","0.0003413204103708267"
"17335","0.020663253962993622","0.020663253962993622","0.020663253962993622"
"17337","0.007077321410179138","0.007077321410179138","0.007077321410179138"
"17339","0.00010344572365283966","0.00010344572365283966","0.00010344572365283966"
"17341","0.0006044637411832809","0.0006044637411832809","0.0006044637411832809"
"17343","0.0033641383051872253","0.0033641383051872253","0.0033641383051872253"
"17347","0.0047333091497421265","0.0047333091497421265","0.0047333091497421265"
"17349","0.0002803560346364975","0.0002803560346364975","0.0002803560346364975"
"17353","0.0019519366323947906","0.0019519366323947906","0.0019519366323947906"
"17357","0.00012790411710739136","0.00012790411710739136","0.00012790411710739136"
"17361","0.00009037181735038757","0.00009037181735038757","0.00009037181735038757"
"17363","0.020142672583460808","0.020142672583460808","0.020142672583460808"
"17365","0.0005907341837882996","0.0005907341837882996","0.0005907341837882996"
"17367","0.0008047875016927719","0.0008047875016927719","0.0008047875016927719"
"17371","0.004800727590918541","0.004800727590918541","0.004800727590918541"
"17373","0.00044908374547958374","0.00044908374547958374","0.00044908374547958374"
"17375","0.0008534751832485199","0.0008534751832485199","0.0008534751832485199"
"17379","0.03192843496799469","0.03192843496799469","0.03192843496799469"
"17381","0.017024673521518707","0.017024673521518707","0.017024673521518707"
"17383","0.0006126444786787033","0.0006126444786787033","0.0006126444786787033"
"17385","0.0006866604089736938","0.0006866604089736938","0.0006866604089736938"
"17389","0.0021211113780736923","0.0021211113780736923","0.0021211113780736923"
"17391","0.0033611394464969635","0.0033611394464969635","0.0033611394464969635"
"17393","0.0005991142243146896","0.0005991142243146896","0.0005991142243146896"
"17395","0.0004057902842760086","0.0004057902842760086","0.0004057902842760086"
"17397","0.004802655428647995","0.004802655428647995","0.004802655428647995"
"17399","0.028997547924518585","0.028997547924518585","0.028997547924518585"
"17401","0.0020588114857673645","0.0020588114857673645","0.0020588114857673645"
"17403","0.0018905159085988998","0.0018905159085988998","0.0018905159085988998"
"17405","0.0030892081558704376","0.0030892081558704376","0.0030892081558704376"
"17407","0.0002002771943807602","0.0002002771943807602","0.0002002771943807602"
"17409","0.005809148773550987","0.005809148773550987","0.005809148773550987"
"17413","0.004007128998637199","0.004007128998637199","0.004007128998637199"
"17415","0.0041993409395217896","0.0041993409395217896","0.0041993409395217896"
"17417","0.0002700388431549072","0.0002700388431549072","0.0002700388431549072"
"17419","0.00048729777336120605","0.00048729777336120605","0.00048729777336120605"
"17421","0.02210865169763565","0.02210865169763565","0.02210865169763565"
"17423","0.006880300119519234","0.006880300119519234","0.006880300119519234"
"17425","0.012639099732041359","0.012639099732041359","0.012639099732041359"
"17429","0.0018293727189302444","0.0018293727189302444","0.0018293727189302444"
"17431","0.0020451024174690247","0.0020451024174690247","0.0020451024174690247"
"17433","0.0032948777079582214","0.0032948777079582214","0.0032948777079582214"
"17435","0.00041023828089237213","0.00041023828089237213","0.00041023828089237213"
"17437","0.03484633192420006","0.03484633192420006","0.03484633192420006"
"17439","0.006948487833142281","0.006948487833142281","0.006948487833142281"
"17441","0.06268661469221115","0.06268661469221115","0.06268661469221115"
"17443","0.0008809715509414673","0.0008809715509414673","0.0008809715509414673"
"17449","0.001475207507610321","0.001475207507610321","0.001475207507610321"
"17451","0.005369169637560844","0.005369169637560844","0.005369169637560844"
"17453","0.007798951119184494","0.007798951119184494","0.007798951119184494"
"17455","0.0025110244750976562","0.0025110244750976562","0.0025110244750976562"
"17459","0.00025570765137672424","0.00025570765137672424","0.00025570765137672424"
"17463","0.06130602955818176","0.06130602955818176","0.06130602955818176"
"17465","0.004131589084863663","0.004131589084863663","0.004131589084863663"
"17467","0.0002357717603445053","0.0002357717603445053","0.0002357717603445053"
"17471","0.04098605737090111","0.04098605737090111","0.04098605737090111"
"17473","0.021431276574730873","0.021431276574730873","0.021431276574730873"
"17475","0.00019090622663497925","0.00019090622663497925","0.00019090622663497925"
"17477","0.0003309808671474457","0.0003309808671474457","0.0003309808671474457"
"17479","0.00028381869196891785","0.00028381869196891785","0.00028381869196891785"
"17481","0.002713041380047798","0.002713041380047798","0.002713041380047798"
"17483","0.0006395317614078522","0.0006395317614078522","0.0006395317614078522"
"17485","0.0009617004543542862","0.0009617004543542862","0.0009617004543542862"
"17487","0.000821772962808609","0.000821772962808609","0.000821772962808609"
"17489","0.000817611813545227","0.000817611813545227","0.000817611813545227"
"17491","0.0002628695219755173","0.0002628695219755173","0.0002628695219755173"
"17495","0.01228543184697628","0.01228543184697628","0.01228543184697628"
"17497","0.018459441140294075","0.018459441140294075","0.018459441140294075"
"17499","0.006576757878065109","0.006576757878065109","0.006576757878065109"
"17501","0.00006483308970928192","0.00006483308970928192","0.00006483308970928192"
"17505","0.0002118721604347229","0.0002118721604347229","0.0002118721604347229"
"17511","0.0027195923030376434","0.0027195923030376434","0.0027195923030376434"
"17515","0.0011203773319721222","0.0011203773319721222","0.0011203773319721222"
"17517","0.0006641428917646408","0.0006641428917646408","0.0006641428917646408"
"17519","0.0006000027060508728","0.0006000027060508728","0.0006000027060508728"
"17525","0.00020091794431209564","0.00020091794431209564","0.00020091794431209564"
"17527","0.00032035261392593384","0.00032035261392593384","0.00032035261392593384"
"17531","0.0022292248904705048","0.0022292248904705048","0.0022292248904705048"
"17533","0.0019284654408693314","0.0019284654408693314","0.0019284654408693314"
"17535","0.000722220167517662","0.000722220167517662","0.000722220167517662"
"17537","0.00008109770715236664","0.00008109770715236664","0.00008109770715236664"
"17539","0.010684492066502571","0.010684492066502571","0.010684492066502571"
"17541","0.0034850798547267914","0.0034850798547267914","0.0034850798547267914"
"17543","0.00012546218931674957","0.00012546218931674957","0.00012546218931674957"
"17545","0.004710175096988678","0.004710175096988678","0.004710175096988678"
"17547","0.001747453585267067","0.001747453585267067","0.001747453585267067"
"17549","0.0004085041582584381","0.0004085041582584381","0.0004085041582584381"
"17551","0.0005596652626991272","0.0005596652626991272","0.0005596652626991272"
"17553","0.00009949877858161926","0.00009949877858161926","0.00009949877858161926"
"17555","0.013079902157187462","0.013079902157187462","0.013079902157187462"
"17557","0.0005609225481748581","0.0005609225481748581","0.0005609225481748581"
"17565","0.016707222908735275","0.016707222908735275","0.016707222908735275"
"17567","0.0013448428362607956","0.0013448428362607956","0.0013448428362607956"
"17569","0.0001869797706604004","0.0001869797706604004","0.0001869797706604004"
"17571","0.007278062403202057","0.007278062403202057","0.007278062403202057"
"17573","0.001484457403421402","0.001484457403421402","0.001484457403421402"
"17577","0.0006231516599655151","0.0006231516599655151","0.0006231516599655151"
"17581","0.0158625990152359","0.0158625990152359","0.0158625990152359"
"17583","0.0007330365478992462","0.0007330365478992462","0.0007330365478992462"
"17585","0.008271586149930954","0.008271586149930954","0.008271586149930954"
"17593","0.00849306769669056","0.00849306769669056","0.00849306769669056"
"17595","0.02950323559343815","0.02950323559343815","0.02950323559343815"
"17597","0.004159199073910713","0.004159199073910713","0.004159199073910713"
"17599","0.012303519994020462","0.012303519994020462","0.012303519994020462"
"17601","0.003754977136850357","0.003754977136850357","0.003754977136850357"
"17603","0.00043881870806217194","0.00043881870806217194","0.00043881870806217194"
"17607","0.002577146515250206","0.002577146515250206","0.002577146515250206"
"17609","0.00044320710003376007","0.00044320710003376007","0.00044320710003376007"
"17615","0.001896163448691368","0.001896163448691368","0.001896163448691368"
"17617","0.0013003535568714142","0.0013003535568714142","0.0013003535568714142"
"17623","0.00008952245116233826","0.00008952245116233826","0.00008952245116233826"
"17625","0.0005081072449684143","0.0005081072449684143","0.0005081072449684143"
"17627","0.04201943799853325","0.04201943799853325","0.04201943799853325"
"17629","0.0003909952938556671","0.0003909952938556671","0.0003909952938556671"
"17635","0.0003182385116815567","0.0003182385116815567","0.0003182385116815567"
"17641","0.007187165319919586","0.007187165319919586","0.007187165319919586"
"17643","0.006251433864235878","0.006251433864235878","0.006251433864235878"
"17645","0.000664781779050827","0.000664781779050827","0.000664781779050827"
"17647","0.00025255605578422546","0.00025255605578422546","0.00025255605578422546"
"17649","0.007226789370179176","0.007226789370179176","0.007226789370179176"
"17656","0.0002451520413160324","0.0002451520413160324","0.0002451520413160324"
"17658","0.0003813505172729492","0.0003813505172729492","0.0003813505172729492"
"17662","0.0005275197327136993","0.0005275197327136993","0.0005275197327136993"
"17664","0.0008216965943574905","0.0008216965943574905","0.0008216965943574905"
"17666","0.010469194501638412","0.010469194501638412","0.010469194501638412"
"17668","0.013893825933337212","0.013893825933337212","0.013893825933337212"
"17670","0.0014724824577569962","0.0014724824577569962","0.0014724824577569962"
"17674","0.0014662761241197586","0.0014662761241197586","0.0014662761241197586"
"17676","0.00010155327618122101","0.00010155327618122101","0.00010155327618122101"
"17678","0.0013704989105463028","0.0013704989105463028","0.0013704989105463028"
"17682","0.0033567603677511215","0.0033567603677511215","0.0033567603677511215"
"17684","0.0028568152338266373","0.0028568152338266373","0.0028568152338266373"
"17686","0.0030992012470960617","0.0030992012470960617","0.0030992012470960617"
"17688","0.00426841713488102","0.00426841713488102","0.00426841713488102"
"17692","0.0013344064354896545","0.0013344064354896545","0.0013344064354896545"
"17694","0.004704279825091362","0.004704279825091362","0.004704279825091362"
"17698","0.008689645677804947","0.008689645677804947","0.008689645677804947"
"17702","0.0017829928547143936","0.0017829928547143936","0.0017829928547143936"
"17706","0.0030491799116134644","0.0030491799116134644","0.0030491799116134644"
"17708","0.0010852552950382233","0.0010852552950382233","0.0010852552950382233"
"17712","0.0004921387881040573","0.0004921387881040573","0.0004921387881040573"
"17714","0.011625811457633972","0.011625811457633972","0.011625811457633972"
"17716","0.012498974800109863","0.012498974800109863","0.012498974800109863"
"17718","0.0016447808593511581","0.0016447808593511581","0.0016447808593511581"
"17722","0.0012011900544166565","0.0012011900544166565","0.0012011900544166565"
"17726","0.004889128729701042","0.004889128729701042","0.004889128729701042"
"17728","0.002583494409918785","0.002583494409918785","0.002583494409918785"
"17730","0.00009271875023841858","0.00009271875023841858","0.00009271875023841858"
"17732","0.002880491316318512","0.002880491316318512","0.002880491316318512"
"17734","0.006282495334744453","0.006282495334744453","0.006282495334744453"
"17736","0.009778657928109169","0.009778657928109169","0.009778657928109169"
"17738","0.01052064262330532","0.01052064262330532","0.01052064262330532"
"17740","0.0002843756228685379","0.0002843756228685379","0.0002843756228685379"
"17742","0.0009316597133874893","0.0009316597133874893","0.0009316597133874893"
"17744","0.0004584565758705139","0.0004584565758705139","0.0004584565758705139"
"17746","0.00021432526409626007","0.00021432526409626007","0.00021432526409626007"
"17748","0.0003371499478816986","0.0003371499478816986","0.0003371499478816986"
"17750","0.00037547387182712555","0.00037547387182712555","0.00037547387182712555"
"17752","0.0005080271512269974","0.0005080271512269974","0.0005080271512269974"
"17756","0.0003589075058698654","0.0003589075058698654","0.0003589075058698654"
"17758","0.004578599706292152","0.004578599706292152","0.004578599706292152"
"17760","0.0005486775189638138","0.0005486775189638138","0.0005486775189638138"
"17762","0.018967280164361","0.018967280164361","0.018967280164361"
"17764","0.0005217660218477249","0.0005217660218477249","0.0005217660218477249"
"17770","0.00036788545548915863","0.00036788545548915863","0.00036788545548915863"
"17774","0.0006909798830747604","0.0006909798830747604","0.0006909798830747604"
"17776","0.02792179584503174","0.02792179584503174","0.02792179584503174"
"17780","0.014003362506628036","0.014003362506628036","0.014003362506628036"
"17782","0.0020795948803424835","0.0020795948803424835","0.0020795948803424835"
"17784","0.0035338997840881348","0.0035338997840881348","0.0035338997840881348"
"17786","0.0010118428617715836","0.0010118428617715836","0.0010118428617715836"
"17788","0.038092657923698425","0.038092657923698425","0.038092657923698425"
"17790","0.009768849238753319","0.009768849238753319","0.009768849238753319"
"17792","0.0002203024923801422","0.0002203024923801422","0.0002203024923801422"
"17794","0.0008030906319618225","0.0008030906319618225","0.0008030906319618225"
"17796","0.00011141784489154816","0.00011141784489154816","0.00011141784489154816"
"17800","0.0005665626376867294","0.0005665626376867294","0.0005665626376867294"
"17802","0.00010313279926776886","0.00010313279926776886","0.00010313279926776886"
"17804","0.0008374713361263275","0.0008374713361263275","0.0008374713361263275"
"17806","0.0020229946821928024","0.0020229946821928024","0.0020229946821928024"
"17808","0.0005019940435886383","0.0005019940435886383","0.0005019940435886383"
"17810","0.0043486133217811584","0.0043486133217811584","0.0043486133217811584"
"17812","0.006571553647518158","0.006571553647518158","0.006571553647518158"
"17814","0.003076411783695221","0.003076411783695221","0.003076411783695221"
"17818","0.00020918622612953186","0.00020918622612953186","0.00020918622612953186"
"17822","0.00032040663063526154","0.00032040663063526154","0.00032040663063526154"
"17824","0.000813014805316925","0.000813014805316925","0.000813014805316925"
"17826","0.047258831560611725","0.047258831560611725","0.047258831560611725"
"17828","0.00837939977645874","0.00837939977645874","0.00837939977645874"
"17830","0.0044679194688797","0.0044679194688797","0.0044679194688797"
"17832","0.0006376039236783981","0.0006376039236783981","0.0006376039236783981"
"17834","0.00042002275586128235","0.00042002275586128235","0.00042002275586128235"
"17836","0.0002739671617746353","0.0002739671617746353","0.0002739671617746353"
"17840","0.0005909167230129242","0.0005909167230129242","0.0005909167230129242"
"17842","0.013727528974413872","0.013727528974413872","0.013727528974413872"
"17844","0.0009777769446372986","0.0009777769446372986","0.0009777769446372986"
"17846","0.0019152648746967316","0.0019152648746967316","0.0019152648746967316"
"17848","0.0028681885451078415","0.0028681885451078415","0.0028681885451078415"
"17850","0.001407453790307045","0.001407453790307045","0.001407453790307045"
"17852","0.0023837685585021973","0.0023837685585021973","0.0023837685585021973"
"17854","0.00021203234791755676","0.00021203234791755676","0.00021203234791755676"
"17858","0.0009749364107847214","0.0009749364107847214","0.0009749364107847214"
"17864","0.0001856684684753418","0.0001856684684753418","0.0001856684684753418"
"17868","0.00017594918608665466","0.00017594918608665466","0.00017594918608665466"
"17870","0.008251834660768509","0.008251834660768509","0.008251834660768509"
"17874","0.0009654909372329712","0.0009654909372329712","0.0009654909372329712"
"17878","0.03854679316282272","0.03854679316282272","0.03854679316282272"
"17880","0.033924467861652374","0.033924467861652374","0.033924467861652374"
"17882","0.0051028914749622345","0.0051028914749622345","0.0051028914749622345"
"17884","0.00010314583778381348","0.00010314583778381348","0.00010314583778381348"
"17890","0.004008697345852852","0.004008697345852852","0.004008697345852852"
"17892","0.0032135173678398132","0.0032135173678398132","0.0032135173678398132"
"17894","0.0008698832243680954","0.0008698832243680954","0.0008698832243680954"
"17896","0.00016661174595355988","0.00016661174595355988","0.00016661174595355988"
"17902","0.003966307267546654","0.003966307267546654","0.003966307267546654"
"17906","0.0031322184950113297","0.0031322184950113297","0.0031322184950113297"
"17910","0.00005065836012363434","0.00005065836012363434","0.00005065836012363434"
"17912","0.0001727920025587082","0.0001727920025587082","0.0001727920025587082"
"17914","0.0021460093557834625","0.0021460093557834625","0.0021460093557834625"
"17916","0.0013318117707967758","0.0013318117707967758","0.0013318117707967758"
"17920","0.0002082381397485733","0.0002082381397485733","0.0002082381397485733"
"17924","0.006861364468932152","0.006861364468932152","0.006861364468932152"
"17926","0.023134300485253334","0.023134300485253334","0.023134300485253334"
"17928","0.002232324331998825","0.002232324331998825","0.002232324331998825"
"17930","0.007536927238106728","0.007536927238106728","0.007536927238106728"
"17932","0.0014880076050758362","0.0014880076050758362","0.0014880076050758362"
"17934","0.03805822134017944","0.03805822134017944","0.03805822134017944"
"17936","0.0022623762488365173","0.0022623762488365173","0.0022623762488365173"
"17938","0.0013834554702043533","0.0013834554702043533","0.0013834554702043533"
"17940","0.0016114208847284317","0.0016114208847284317","0.0016114208847284317"
"17942","0.0010083205997943878","0.0010083205997943878","0.0010083205997943878"
"17948","0.0027985796332359314","0.0027985796332359314","0.0027985796332359314"
"17950","0.00018496811389923096","0.00018496811389923096","0.00018496811389923096"
"17952","0.007753303274512291","0.007753303274512291","0.007753303274512291"
"17954","0.00013020262122154236","0.00013020262122154236","0.00013020262122154236"
"17956","0.006321797147393227","0.006321797147393227","0.006321797147393227"
"17958","0.0004777759313583374","0.0004777759313583374","0.0004777759313583374"
"17960","0.0016327202320098877","0.0016327202320098877","0.0016327202320098877"
"17962","0.0011440403759479523","0.0011440403759479523","0.0011440403759479523"
"17966","0.001220468431711197","0.001220468431711197","0.001220468431711197"
"17968","0.007517140358686447","0.007517140358686447","0.007517140358686447"
"17970","0.0003345757722854614","0.0003345757722854614","0.0003345757722854614"
"17972","0.0001600906252861023","0.0001600906252861023","0.0001600906252861023"
"17974","0.0005685035139322281","0.0005685035139322281","0.0005685035139322281"
"17976","0.00017225369811058044","0.00017225369811058044","0.00017225369811058044"
"17978","0.0007006600499153137","0.0007006600499153137","0.0007006600499153137"
"17980","0.00038648955523967743","0.00038648955523967743","0.00038648955523967743"
"17982","0.001071704551577568","0.001071704551577568","0.001071704551577568"
"17988","0.0028980039060115814","0.0028980039060115814","0.0028980039060115814"
"17990","0.009318284690380096","0.009318284690380096","0.009318284690380096"
"17992","0.0009493008255958557","0.0009493008255958557","0.0009493008255958557"
"17994","0.015429168939590454","0.015429168939590454","0.015429168939590454"
"17996","0.004883024841547012","0.004883024841547012","0.004883024841547012"
"18002","0.0015916898846626282","0.0015916898846626282","0.0015916898846626282"
"18004","0.001978820189833641","0.001978820189833641","0.001978820189833641"
"18006","0.004883855581283569","0.004883855581283569","0.004883855581283569"
"18008","0.029304683208465576","0.029304683208465576","0.029304683208465576"
"18012","0.0005370974540710449","0.0005370974540710449","0.0005370974540710449"
"18014","0.0004365649074316025","0.0004365649074316025","0.0004365649074316025"
"18020","0.00028097257018089294","0.00028097257018089294","0.00028097257018089294"
"18022","0.0017783734947443008","0.0017783734947443008","0.0017783734947443008"
"18024","0.00007687322795391083","0.00007687322795391083","0.00007687322795391083"
"18026","0.006270002573728561","0.006270002573728561","0.006270002573728561"
"18028","0.002825068309903145","0.002825068309903145","0.002825068309903145"
"18030","0.001088736578822136","0.001088736578822136","0.001088736578822136"
"18032","0.0024661775678396225","0.0024661775678396225","0.0024661775678396225"
"18034","0.0018473286181688309","0.0018473286181688309","0.0018473286181688309"
"18036","0.00883193127810955","0.00883193127810955","0.00883193127810955"
"18038","0.00030656158924102783","0.00030656158924102783","0.00030656158924102783"
"18040","0.010664310306310654","0.010664310306310654","0.010664310306310654"
"18044","0.0005854759365320206","0.0005854759365320206","0.0005854759365320206"
"18048","0.00032486021518707275","0.00032486021518707275","0.00032486021518707275"
"18050","0.00038967840373516083","0.00038967840373516083","0.00038967840373516083"
"18052","0.0003800615668296814","0.0003800615668296814","0.0003800615668296814"
"18054","0.006394661962985992","0.006394661962985992","0.006394661962985992"
"18056","0.00033438391983509064","0.00033438391983509064","0.00033438391983509064"
"18058","0.00039534084498882294","0.00039534084498882294","0.00039534084498882294"
"18060","0.00002269446849822998","0.00002269446849822998","0.00002269446849822998"
"18064","0.006962142884731293","0.006962142884731293","0.006962142884731293"
"18066","0.005887413397431374","0.005887413397431374","0.005887413397431374"
"18068","0.00024437718093395233","0.00024437718093395233","0.00024437718093395233"
"18070","0.006632240489125252","0.006632240489125252","0.006632240489125252"
"18072","0.009049760177731514","0.009049760177731514","0.009049760177731514"
"18076","0.00015655159950256348","0.00015655159950256348","0.00015655159950256348"
"18078","0.00188470259308815","0.00188470259308815","0.00188470259308815"
"18082","0.0009712129831314087","0.0009712129831314087","0.0009712129831314087"
"18084","0.0002198256552219391","0.0002198256552219391","0.0002198256552219391"
"18086","0.0010741464793682098","0.0010741464793682098","0.0010741464793682098"
"18088","0.00010657869279384613","0.00010657869279384613","0.00010657869279384613"
"18094","0.05687770992517471","0.05687770992517471","0.05687770992517471"
"18096","0.0013321638107299805","0.0013321638107299805","0.0013321638107299805"
"18098","0.029417674988508224","0.029417674988508224","0.029417674988508224"
"18100","0.0007551219314336777","0.0007551219314336777","0.0007551219314336777"
"18104","0.0003251321613788605","0.0003251321613788605","0.0003251321613788605"
"18106","0.009019885212182999","0.009019885212182999","0.009019885212182999"
"18114","0.002282019704580307","0.002282019704580307","0.002282019704580307"
"18116","0.0006751473993062973","0.0006751473993062973","0.0006751473993062973"
"18118","0.00021237321197986603","0.00021237321197986603","0.00021237321197986603"
"18120","0.001970110461115837","0.001970110461115837","0.001970110461115837"
"18124","0.000349218025803566","0.000349218025803566","0.000349218025803566"
"18126","0.0004757493734359741","0.0004757493734359741","0.0004757493734359741"
"18128","0.0007994100451469421","0.0007994100451469421","0.0007994100451469421"
"18130","0.009860880672931671","0.009860880672931671","0.009860880672931671"
"18132","0.0030427034944295883","0.0030427034944295883","0.0030427034944295883"
"18134","0.0003022812306880951","0.0003022812306880951","0.0003022812306880951"
"18136","0.00005636923015117645","0.00005636923015117645","0.00005636923015117645"
"18138","0.002640923485159874","0.002640923485159874","0.002640923485159874"
"18140","0.00016408413648605347","0.00016408413648605347","0.00016408413648605347"
"18142","0.0004033409059047699","0.0004033409059047699","0.0004033409059047699"
"18144","0.0003144238144159317","0.0003144238144159317","0.0003144238144159317"
"18146","0.003791695460677147","0.003791695460677147","0.003791695460677147"
"18148","0.012489356100559235","0.012489356100559235","0.012489356100559235"
"18150","0.007540438324213028","0.007540438324213028","0.007540438324213028"
"18152","0.004175521433353424","0.004175521433353424","0.004175521433353424"
"18154","0.0011229868978261948","0.0011229868978261948","0.0011229868978261948"
"18156","0.0061327144503593445","0.0061327144503593445","0.0061327144503593445"
"18160","0.0014082007110118866","0.0014082007110118866","0.0014082007110118866"
"18162","0.0011918731033802032","0.0011918731033802032","0.0011918731033802032"
"18164","0.0009510163217782974","0.0009510163217782974","0.0009510163217782974"
"18166","0.0003998707979917526","0.0003998707979917526","0.0003998707979917526"
"18168","0.0015627481043338776","0.0015627481043338776","0.0015627481043338776"
"18170","0.008298516273498535","0.008298516273498535","0.008298516273498535"
"18172","0.0030253753066062927","0.0030253753066062927","0.0030253753066062927"
"18174","0.09693797677755356","0.09693797677755356","0.09693797677755356"
"18176","0.007321355864405632","0.007321355864405632","0.007321355864405632"
"18178","0.0019440390169620514","0.0019440390169620514","0.0019440390169620514"
"18185","0.0016669891774654388","0.0016669891774654388","0.0016669891774654388"
"18187","0.0022224728018045425","0.0022224728018045425","0.0022224728018045425"
"18189","0.001172998920083046","0.001172998920083046","0.001172998920083046"
"18191","0.00011122412979602814","0.00011122412979602814","0.00011122412979602814"
"18195","0.014929676428437233","0.014929676428437233","0.014929676428437233"
"18197","0.0016330871731042862","0.0016330871731042862","0.0016330871731042862"
"18199","0.00039996951818466187","0.00039996951818466187","0.00039996951818466187"
"18207","0.01375117152929306","0.01375117152929306","0.01375117152929306"
"18209","0.02782464772462845","0.02782464772462845","0.02782464772462845"
"18211","0.014921842142939568","0.014921842142939568","0.014921842142939568"
"18213","0.008771399036049843","0.008771399036049843","0.008771399036049843"
"18215","0.0011596307158470154","0.0011596307158470154","0.0011596307158470154"
"18217","0.0011842139065265656","0.0011842139065265656","0.0011842139065265656"
"18219","0.003657035529613495","0.003657035529613495","0.003657035529613495"
"18223","0.009233616292476654","0.009233616292476654","0.009233616292476654"
"18227","0.0016184058040380478","0.0016184058040380478","0.0016184058040380478"
"18233","0.00030578114092350006","0.00030578114092350006","0.00030578114092350006"
"18235","0.0051224082708358765","0.0051224082708358765","0.0051224082708358765"
"18239","0.012031801044940948","0.012031801044940948","0.012031801044940948"
"18241","0.008017068728804588","0.008017068728804588","0.008017068728804588"
"18245","0.006457459181547165","0.006457459181547165","0.006457459181547165"
"18247","0.0002694781869649887","0.0002694781869649887","0.0002694781869649887"
"18249","0.0020406264811754227","0.0020406264811754227","0.0020406264811754227"
"18251","0.0005061961710453033","0.0005061961710453033","0.0005061961710453033"
"18253","0.00010643340647220612","0.00010643340647220612","0.00010643340647220612"
"18255","0.0018947422504425049","0.0018947422504425049","0.0018947422504425049"
"18257","0.0028446055948734283","0.0028446055948734283","0.0028446055948734283"
"18259","0.006816159933805466","0.006816159933805466","0.006816159933805466"
"18261","0.005207736045122147","0.005207736045122147","0.005207736045122147"
"18263","0.007769184187054634","0.007769184187054634","0.007769184187054634"
"18271","0.0003385096788406372","0.0003385096788406372","0.0003385096788406372"
"18273","0.002743033692240715","0.002743033692240715","0.002743033692240715"
"18275","0.001396428793668747","0.001396428793668747","0.001396428793668747"
"18277","0.00023431703448295593","0.00023431703448295593","0.00023431703448295593"
"18279","0.0009789615869522095","0.0009789615869522095","0.0009789615869522095"
"18281","0.000434335321187973","0.000434335321187973","0.000434335321187973"
"18285","0.02093856781721115","0.02093856781721115","0.02093856781721115"
"18287","0.0021206028759479523","0.0021206028759479523","0.0021206028759479523"
"18291","0.001254318282008171","0.001254318282008171","0.001254318282008171"
"18293","0.0011035352945327759","0.0011035352945327759","0.0011035352945327759"
"18295","0.010654754936695099","0.010654754936695099","0.010654754936695099"
"18297","0.005724681541323662","0.005724681541323662","0.005724681541323662"
"18299","0.07737918943166733","0.07737918943166733","0.07737918943166733"
"18303","0.00018020905554294586","0.00018020905554294586","0.00018020905554294586"
"18305","0.0010195467621088028","0.0010195467621088028","0.0010195467621088028"
"18309","0.0034657232463359833","0.0034657232463359833","0.0034657232463359833"
"18311","0.0025117509067058563","0.0025117509067058563","0.0025117509067058563"
"18313","0.000125788152217865","0.000125788152217865","0.000125788152217865"
"18315","0.002407507970929146","0.002407507970929146","0.002407507970929146"
"18317","0.0009701307862997055","0.0009701307862997055","0.0009701307862997055"
"18319","0.0001536291092634201","0.0001536291092634201","0.0001536291092634201"
"18321","0.00012036971747875214","0.00012036971747875214","0.00012036971747875214"
"18323","0.0005350373685359955","0.0005350373685359955","0.0005350373685359955"
"18325","0.003650069236755371","0.003650069236755371","0.003650069236755371"
"18327","0.00003776326775550842","0.00003776326775550842","0.00003776326775550842"
"18331","0.0013034697622060776","0.0013034697622060776","0.0013034697622060776"
"18333","0.0023457128554582596","0.0023457128554582596","0.0023457128554582596"
"18337","0.002840101718902588","0.002840101718902588","0.002840101718902588"
"18343","0.004287853837013245","0.004287853837013245","0.004287853837013245"
"18345","0.008018702268600464","0.008018702268600464","0.008018702268600464"
"18349","0.0013572871685028076","0.0013572871685028076","0.0013572871685028076"
"18353","0.00017862021923065186","0.00017862021923065186","0.00017862021923065186"
"18355","0.00008523277938365936","0.00008523277938365936","0.00008523277938365936"
"18361","0.0020869746804237366","0.0020869746804237366","0.0020869746804237366"
"18363","0.0025614704936742783","0.0025614704936742783","0.0025614704936742783"
"18365","0.00030689872801303864","0.00030689872801303864","0.00030689872801303864"
"18367","0.013700960204005241","0.013700960204005241","0.013700960204005241"
"18371","0.0006371363997459412","0.0006371363997459412","0.0006371363997459412"
"18373","0.00029771216213703156","0.00029771216213703156","0.00029771216213703156"
"18375","0.013147924095392227","0.013147924095392227","0.013147924095392227"
"18379","0.00691094808280468","0.00691094808280468","0.00691094808280468"
"18381","0.023304635658860207","0.023304635658860207","0.023304635658860207"
"18385","0.00027171336114406586","0.00027171336114406586","0.00027171336114406586"
"18387","0.004298346117138863","0.004298346117138863","0.004298346117138863"
"18389","0.0000538751482963562","0.0000538751482963562","0.0000538751482963562"
"18391","0.00011431612074375153","0.00011431612074375153","0.00011431612074375153"
"18395","0.00676308199763298","0.00676308199763298","0.00676308199763298"
"18397","0.0005186609923839569","0.0005186609923839569","0.0005186609923839569"
"18399","0.022594181820750237","0.022594181820750237","0.022594181820750237"
"18403","0.00035446323454380035","0.00035446323454380035","0.00035446323454380035"
"18405","0.0003888234496116638","0.0003888234496116638","0.0003888234496116638"
"18407","0.004371149465441704","0.004371149465441704","0.004371149465441704"
"18409","0.0002556387335062027","0.0002556387335062027","0.0002556387335062027"
"18411","0.0006360970437526703","0.0006360970437526703","0.0006360970437526703"
"18415","0.00009129941463470459","0.00009129941463470459","0.00009129941463470459"
"18417","0.0030784383416175842","0.0030784383416175842","0.0030784383416175842"
"18419","0.0030622780323028564","0.0030622780323028564","0.0030622780323028564"
"18421","0.001545775681734085","0.001545775681734085","0.001545775681734085"
"18425","0.0001532137393951416","0.0001532137393951416","0.0001532137393951416"
"18429","0.0002017691731452942","0.0002017691731452942","0.0002017691731452942"
"18431","0.0018573477864265442","0.0018573477864265442","0.0018573477864265442"
"18435","0.02207457274198532","0.02207457274198532","0.02207457274198532"
"18437","0.0002262350171804428","0.0002262350171804428","0.0002262350171804428"
"18439","0.0037866439670324326","0.0037866439670324326","0.0037866439670324326"
"18441","0.00018931739032268524","0.00018931739032268524","0.00018931739032268524"
"18443","0.002477562054991722","0.002477562054991722","0.002477562054991722"
"18445","0.009378712624311447","0.009378712624311447","0.009378712624311447"
"18447","0.0014771800488233566","0.0014771800488233566","0.0014771800488233566"
"18449","0.0009150709956884384","0.0009150709956884384","0.0009150709956884384"
"18451","0.0010765157639980316","0.0010765157639980316","0.0010765157639980316"
"18453","0.001481110230088234","0.001481110230088234","0.001481110230088234"
"18457","0.0001252945512533188","0.0001252945512533188","0.0001252945512533188"
"18459","0.00021078437566757202","0.00021078437566757202","0.00021078437566757202"
"18461","0.0010128989815711975","0.0010128989815711975","0.0010128989815711975"
"18463","0.001040453091263771","0.001040453091263771","0.001040453091263771"
"18469","0.005279043689370155","0.005279043689370155","0.005279043689370155"
"18471","0.0007143896073102951","0.0007143896073102951","0.0007143896073102951"
"18475","0.000060480087995529175","0.000060480087995529175","0.000060480087995529175"
"18481","0.0013978760689496994","0.0013978760689496994","0.0013978760689496994"
"18483","0.0010951701551675797","0.0010951701551675797","0.0010951701551675797"
"18485","0.0010460317134857178","0.0010460317134857178","0.0010460317134857178"
"18487","0.008632976561784744","0.008632976561784744","0.008632976561784744"
"18489","0.000231059268116951","0.000231059268116951","0.000231059268116951"
"18491","0.002556014806032181","0.002556014806032181","0.002556014806032181"
"18495","0.017929956316947937","0.017929956316947937","0.017929956316947937"
"18497","0.002437964081764221","0.002437964081764221","0.002437964081764221"
"18499","0.0013856999576091766","0.0013856999576091766","0.0013856999576091766"
"18501","0.002098003402352333","0.002098003402352333","0.002098003402352333"
"18503","0.009034823626279831","0.009034823626279831","0.009034823626279831"
"18507","0.008893191814422607","0.008893191814422607","0.008893191814422607"
"18509","0.0022928286343812943","0.0022928286343812943","0.0022928286343812943"
"18511","0.0004193410277366638","0.0004193410277366638","0.0004193410277366638"
"18513","0.0006937235593795776","0.0006937235593795776","0.0006937235593795776"
"18517","0.0017380919307470322","0.0017380919307470322","0.0017380919307470322"
"18521","0.0015756543725728989","0.0015756543725728989","0.0015756543725728989"
"18525","0.0013200771063566208","0.0013200771063566208","0.0013200771063566208"
"18527","0.003327406942844391","0.003327406942844391","0.003327406942844391"
"18529","0.0002688150852918625","0.0002688150852918625","0.0002688150852918625"
"18531","0.001026427373290062","0.001026427373290062","0.001026427373290062"
"18533","0.0001330021768808365","0.0001330021768808365","0.0001330021768808365"
"18535","0.00031278096139431","0.00031278096139431","0.00031278096139431"
"18537","0.0018799994140863419","0.0018799994140863419","0.0018799994140863419"
"18545","0.000051587820053100586","0.000051587820053100586","0.000051587820053100586"
"18547","0.0025871004909276962","0.0025871004909276962","0.0025871004909276962"
"18549","0.00019428133964538574","0.00019428133964538574","0.00019428133964538574"
"18551","0.00047386810183525085","0.00047386810183525085","0.00047386810183525085"
"18557","0.006456973031163216","0.006456973031163216","0.006456973031163216"
"18561","0.0037094540894031525","0.0037094540894031525","0.0037094540894031525"
"18563","0.0017218980938196182","0.0017218980938196182","0.0017218980938196182"
"18571","0.0034105107188224792","0.0034105107188224792","0.0034105107188224792"
"18573","0.024748235940933228","0.024748235940933228","0.024748235940933228"
"18575","0.0026216749101877213","0.0026216749101877213","0.0026216749101877213"
"18577","0.00029553472995758057","0.00029553472995758057","0.00029553472995758057"
"18579","0.002893846482038498","0.002893846482038498","0.002893846482038498"
"18581","0.004007676616311073","0.004007676616311073","0.004007676616311073"
"18585","0.00027193501591682434","0.00027193501591682434","0.00027193501591682434"
"18589","0.0007745325565338135","0.0007745325565338135","0.0007745325565338135"
"18591","0.0006723403930664062","0.0006723403930664062","0.0006723403930664062"
"18595","0.007029296830296516","0.007029296830296516","0.007029296830296516"
"18599","0.00019137561321258545","0.00019137561321258545","0.00019137561321258545"
"18601","0.0048850420862436295","0.0048850420862436295","0.0048850420862436295"
"18603","0.00015981122851371765","0.00015981122851371765","0.00015981122851371765"
"18607","0.0008592940866947174","0.0008592940866947174","0.0008592940866947174"
"18611","0.0010362621396780014","0.0010362621396780014","0.0010362621396780014"
"18613","0.006413143128156662","0.006413143128156662","0.006413143128156662"
"18615","0.001114053651690483","0.001114053651690483","0.001114053651690483"
"18617","0.000780327245593071","0.000780327245593071","0.000780327245593071"
"18619","0.020266320556402206","0.020266320556402206","0.020266320556402206"
"18621","0.02886340022087097","0.02886340022087097","0.02886340022087097"
"18623","0.0008591022342443466","0.0008591022342443466","0.0008591022342443466"
"18627","0.03386560082435608","0.03386560082435608","0.03386560082435608"
"18629","0.00019116327166557312","0.00019116327166557312","0.00019116327166557312"
"18631","0.0008701886981725693","0.0008701886981725693","0.0008701886981725693"
"18637","0.003028683364391327","0.003028683364391327","0.003028683364391327"
"18639","0.001371210440993309","0.001371210440993309","0.001371210440993309"
"18641","0.00010332837700843811","0.00010332837700843811","0.00010332837700843811"
"18645","0.004366150125861168","0.004366150125861168","0.004366150125861168"
"18653","0.00022768788039684296","0.00022768788039684296","0.00022768788039684296"
"18657","0.008527174592018127","0.008527174592018127","0.008527174592018127"
"18663","0.003216339275240898","0.003216339275240898","0.003216339275240898"
"18669","0.001922156661748886","0.001922156661748886","0.001922156661748886"
"18671","0.0004037134349346161","0.0004037134349346161","0.0004037134349346161"
"18673","0.002535264939069748","0.002535264939069748","0.002535264939069748"
"18675","0.00002090074121952057","0.00002090074121952057","0.00002090074121952057"
"18679","0.00015991367399692535","0.00015991367399692535","0.00015991367399692535"
"18681","0.0055429358035326","0.0055429358035326","0.0055429358035326"
"18683","0.01921188086271286","0.01921188086271286","0.01921188086271286"
"18685","0.000015445053577423096","0.000015445053577423096","0.000015445053577423096"
"18687","0.00012300163507461548","0.00012300163507461548","0.00012300163507461548"
"18691","0.0010409727692604065","0.0010409727692604065","0.0010409727692604065"
"18693","0.00011047720909118652","0.00011047720909118652","0.00011047720909118652"
"18695","0.0004862472414970398","0.0004862472414970398","0.0004862472414970398"
"18697","0.002387959510087967","0.002387959510087967","0.002387959510087967"
"18699","0.0008781068027019501","0.0008781068027019501","0.0008781068027019501"
"18701","0.00038040801882743835","0.00038040801882743835","0.00038040801882743835"
"18703","0.0005678292363882065","0.0005678292363882065","0.0005678292363882065"
"18714","0.0004252530634403229","0.0004252530634403229","0.0004252530634403229"
"18716","0.0003715604543685913","0.0003715604543685913","0.0003715604543685913"
"18720","0.00044072605669498444","0.00044072605669498444","0.00044072605669498444"
"18722","0.00015442632138729095","0.00015442632138729095","0.00015442632138729095"
"18724","0.0008315760642290115","0.0008315760642290115","0.0008315760642290115"
"18726","0.00036917999386787415","0.00036917999386787415","0.00036917999386787415"
"18728","0.0005861055105924606","0.0005861055105924606","0.0005861055105924606"
"18730","0.0017015114426612854","0.0017015114426612854","0.0017015114426612854"
"18736","0.00007842853665351868","0.00007842853665351868","0.00007842853665351868"
"18738","0.00028608739376068115","0.00028608739376068115","0.00028608739376068115"
"18740","0.014111097902059555","0.014111097902059555","0.014111097902059555"
"18742","0.01091354712843895","0.01091354712843895","0.01091354712843895"
"18746","0.031660206615924835","0.031660206615924835","0.031660206615924835"
"18750","0.00037501007318496704","0.00037501007318496704","0.00037501007318496704"
"18754","0.014731483533978462","0.014731483533978462","0.014731483533978462"
"18756","0.0002689436078071594","0.0002689436078071594","0.0002689436078071594"
"18758","0.0011071637272834778","0.0011071637272834778","0.0011071637272834778"
"18762","0.02282358892261982","0.02282358892261982","0.02282358892261982"
"18764","0.0003262590616941452","0.0003262590616941452","0.0003262590616941452"
"18766","0.003506764769554138","0.003506764769554138","0.003506764769554138"
"18768","0.0006838571280241013","0.0006838571280241013","0.0006838571280241013"
"18770","0.0006929561495780945","0.0006929561495780945","0.0006929561495780945"
"18772","0.00016221217811107635","0.00016221217811107635","0.00016221217811107635"
"18774","0.0002518650144338608","0.0002518650144338608","0.0002518650144338608"
"18780","0.003670075908303261","0.003670075908303261","0.003670075908303261"
"18782","0.02190045826137066","0.02190045826137066","0.02190045826137066"
"18784","0.0011898614466190338","0.0011898614466190338","0.0011898614466190338"
"18786","0.00471089780330658","0.00471089780330658","0.00471089780330658"
"18788","0.0007534287869930267","0.0007534287869930267","0.0007534287869930267"
"18790","0.000523669645190239","0.000523669645190239","0.000523669645190239"
"18792","0.00017227604985237122","0.00017227604985237122","0.00017227604985237122"
"18794","0.0008765365928411484","0.0008765365928411484","0.0008765365928411484"
"18796","0.000194452702999115","0.000194452702999115","0.000194452702999115"
"18798","0.00036463700234889984","0.00036463700234889984","0.00036463700234889984"
"18800","0.008380547165870667","0.008380547165870667","0.008380547165870667"
"18802","0.0013651810586452484","0.0013651810586452484","0.0013651810586452484"
"18804","0.003903353586792946","0.003903353586792946","0.003903353586792946"
"18806","0.005309559404850006","0.005309559404850006","0.005309559404850006"
"18808","0.0031745731830596924","0.0031745731830596924","0.0031745731830596924"
"18812","0.005867477506399155","0.005867477506399155","0.005867477506399155"
"18814","0.0001696515828371048","0.0001696515828371048","0.0001696515828371048"
"18816","0.006433848291635513","0.006433848291635513","0.006433848291635513"
"18818","0.00028517283499240875","0.00028517283499240875","0.00028517283499240875"
"18820","0.001913752406835556","0.001913752406835556","0.001913752406835556"
"18822","0.015361318364739418","0.015361318364739418","0.015361318364739418"
"18826","0.0037164222449064255","0.0037164222449064255","0.0037164222449064255"
"18828","0.00045910291373729706","0.00045910291373729706","0.00045910291373729706"
"18830","0.0006792806088924408","0.0006792806088924408","0.0006792806088924408"
"18832","0.005018115043640137","0.005018115043640137","0.005018115043640137"
"18834","0.0034779906272888184","0.0034779906272888184","0.0034779906272888184"
"18838","0.00036192871630191803","0.00036192871630191803","0.00036192871630191803"
"18840","0.00026155635714530945","0.00026155635714530945","0.00026155635714530945"
"18842","0.0013835486024618149","0.0013835486024618149","0.0013835486024618149"
"18846","0.018052812665700912","0.018052812665700912","0.018052812665700912"
"18848","0.0005486514419317245","0.0005486514419317245","0.0005486514419317245"
"18850","0.0005580689758062363","0.0005580689758062363","0.0005580689758062363"
"18856","0.0007359068840742111","0.0007359068840742111","0.0007359068840742111"
"18858","0.0025328341871500015","0.0025328341871500015","0.0025328341871500015"
"18860","0.0006992444396018982","0.0006992444396018982","0.0006992444396018982"
"18866","0.0010098312050104141","0.0010098312050104141","0.0010098312050104141"
"18870","0.0009384602308273315","0.0009384602308273315","0.0009384602308273315"
"18872","0.00038309022784233093","0.00038309022784233093","0.00038309022784233093"
"18874","0.0021874643862247467","0.0021874643862247467","0.0021874643862247467"
"18876","0.009069764986634254","0.009069764986634254","0.009069764986634254"
"18878","0.005408134311437607","0.005408134311437607","0.005408134311437607"
"18880","0.0005109924823045731","0.0005109924823045731","0.0005109924823045731"
"18888","0.0013850219547748566","0.0013850219547748566","0.0013850219547748566"
"18890","0.0005484465509653091","0.0005484465509653091","0.0005484465509653091"
"18894","0.00014220364391803741","0.00014220364391803741","0.00014220364391803741"
"18896","0.00008530169725418091","0.00008530169725418091","0.00008530169725418091"
"18898","0.0006558857858181","0.0006558857858181","0.0006558857858181"
"18902","0.002989724278450012","0.002989724278450012","0.002989724278450012"
"18904","0.0008487030863761902","0.0008487030863761902","0.0008487030863761902"
"18906","0.0013605635613203049","0.0013605635613203049","0.0013605635613203049"
"18908","0.0010453127324581146","0.0010453127324581146","0.0010453127324581146"
"18912","0.00012561306357383728","0.00012561306357383728","0.00012561306357383728"
"18914","0.0022720731794834137","0.0022720731794834137","0.0022720731794834137"
"18916","0.006095776334404945","0.006095776334404945","0.006095776334404945"
"18920","0.00008363649249076843","0.00008363649249076843","0.00008363649249076843"
"18922","0.0004856027662754059","0.0004856027662754059","0.0004856027662754059"
"18924","0.00022245943546295166","0.00022245943546295166","0.00022245943546295166"
"18928","0.000056292861700057983","0.000056292861700057983","0.000056292861700057983"
"18932","0.003223877400159836","0.003223877400159836","0.003223877400159836"
"18934","0.002376668155193329","0.002376668155193329","0.002376668155193329"
"18936","0.00005705095827579498","0.00005705095827579498","0.00005705095827579498"
"18938","0.005167456343770027","0.005167456343770027","0.005167456343770027"
"18940","0.0017756782472133636","0.0017756782472133636","0.0017756782472133636"
"18942","0.00017639249563217163","0.00017639249563217163","0.00017639249563217163"
"18946","0.0016018599271774292","0.0016018599271774292","0.0016018599271774292"
"18950","0.003348918631672859","0.003348918631672859","0.003348918631672859"
"18952","0.011688891798257828","0.011688891798257828","0.011688891798257828"
"18954","0.04126192256808281","0.04126192256808281","0.04126192256808281"
"18956","0.012554647400975227","0.012554647400975227","0.012554647400975227"
"18958","0.0005817897617816925","0.0005817897617816925","0.0005817897617816925"
"18960","0.0070792306214571","0.0070792306214571","0.0070792306214571"
"18962","0.0004232097417116165","0.0004232097417116165","0.0004232097417116165"
"18964","0.004841336980462074","0.004841336980462074","0.004841336980462074"
"18966","0.016215406358242035","0.016215406358242035","0.016215406358242035"
"18968","0.005822623148560524","0.005822623148560524","0.005822623148560524"
"18970","0.0008819233626127243","0.0008819233626127243","0.0008819233626127243"
"18972","0.000411204993724823","0.000411204993724823","0.000411204993724823"
"18974","0.0007180031388998032","0.0007180031388998032","0.0007180031388998032"
"18976","0.0003769379109144211","0.0003769379109144211","0.0003769379109144211"
"18978","0.002742234617471695","0.002742234617471695","0.002742234617471695"
"18980","0.0005603674799203873","0.0005603674799203873","0.0005603674799203873"
"18982","0.0007063969969749451","0.0007063969969749451","0.0007063969969749451"
"18984","0.0017912015318870544","0.0017912015318870544","0.0017912015318870544"
"18986","0.0003772694617509842","0.0003772694617509842","0.0003772694617509842"
"18988","0.00016160309314727783","0.00016160309314727783","0.00016160309314727783"
"18990","0.0008771102875471115","0.0008771102875471115","0.0008771102875471115"
"18992","0.004534076899290085","0.004534076899290085","0.004534076899290085"
"18996","0.0020716767758131027","0.0020716767758131027","0.0020716767758131027"
"18998","0.0020776130259037018","0.0020776130259037018","0.0020776130259037018"
"19000","0.008470598608255386","0.008470598608255386","0.008470598608255386"
"19002","0.0008755363523960114","0.0008755363523960114","0.0008755363523960114"
"19004","0.00011429749429225922","0.00011429749429225922","0.00011429749429225922"
"19006","0.0063099488615989685","0.0063099488615989685","0.0063099488615989685"
"19008","0.0007079876959323883","0.0007079876959323883","0.0007079876959323883"
"19010","0.00024191848933696747","0.00024191848933696747","0.00024191848933696747"
"19018","0.004103457555174828","0.004103457555174828","0.004103457555174828"
"19020","0.00017996691167354584","0.00017996691167354584","0.00017996691167354584"
"19022","0.0013684649020433426","0.0013684649020433426","0.0013684649020433426"
"19024","0.00016357935965061188","0.00016357935965061188","0.00016357935965061188"
"19026","0.01444583386182785","0.01444583386182785","0.01444583386182785"
"19028","0.001962656155228615","0.001962656155228615","0.001962656155228615"
"19030","0.00026112422347068787","0.00026112422347068787","0.00026112422347068787"
"19032","0.004477538168430328","0.004477538168430328","0.004477538168430328"
"19036","0.00010976940393447876","0.00010976940393447876","0.00010976940393447876"
"19038","0.00022722221910953522","0.00022722221910953522","0.00022722221910953522"
"19040","0.011153556406497955","0.011153556406497955","0.011153556406497955"
"19042","0.0006917081773281097","0.0006917081773281097","0.0006917081773281097"
"19044","0.0008473377674818039","0.0008473377674818039","0.0008473377674818039"
"19048","0.00008365325629711151","0.00008365325629711151","0.00008365325629711151"
"19050","0.0022085998207330704","0.0022085998207330704","0.0022085998207330704"
"19052","0.008332978934049606","0.008332978934049606","0.008332978934049606"
"19054","0.00010739453136920929","0.00010739453136920929","0.00010739453136920929"
"19056","0.0004909280687570572","0.0004909280687570572","0.0004909280687570572"
"19058","0.0006521977484226227","0.0006521977484226227","0.0006521977484226227"
"19060","0.007995359599590302","0.007995359599590302","0.007995359599590302"
"19062","0.0018097497522830963","0.0018097497522830963","0.0018097497522830963"
"19066","0.005157403647899628","0.005157403647899628","0.005157403647899628"
"19072","0.006508907303214073","0.006508907303214073","0.006508907303214073"
"19076","0.0011685248464345932","0.0011685248464345932","0.0011685248464345932"
"19078","0.013261303305625916","0.013261303305625916","0.013261303305625916"
"19080","0.001804247498512268","0.001804247498512268","0.001804247498512268"
"19082","0.001040508970618248","0.001040508970618248","0.001040508970618248"
"19086","0.00017855502665042877","0.00017855502665042877","0.00017855502665042877"
"19088","0.002463456243276596","0.002463456243276596","0.002463456243276596"
"19092","0.005784401670098305","0.005784401670098305","0.005784401670098305"
"19094","0.00016504153609275818","0.00016504153609275818","0.00016504153609275818"
"19098","0.005839671939611435","0.005839671939611435","0.005839671939611435"
"19102","0.000695645809173584","0.000695645809173584","0.000695645809173584"
"19106","0.0011477824300527573","0.0011477824300527573","0.0011477824300527573"
"19110","0.002164062112569809","0.002164062112569809","0.002164062112569809"
"19112","0.00015633553266525269","0.00015633553266525269","0.00015633553266525269"
"19114","0.0004932843148708344","0.0004932843148708344","0.0004932843148708344"
"19116","0.00034658797085285187","0.00034658797085285187","0.00034658797085285187"
"19118","0.004482487216591835","0.004482487216591835","0.004482487216591835"
"19120","0.0041824765503406525","0.0041824765503406525","0.0041824765503406525"
"19122","0.002511901780962944","0.002511901780962944","0.002511901780962944"
"19124","0.0013016797602176666","0.0013016797602176666","0.0013016797602176666"
"19126","0.0010905992239713669","0.0010905992239713669","0.0010905992239713669"
"19128","0.004039263352751732","0.004039263352751732","0.004039263352751732"
"19130","0.0013957303017377853","0.0013957303017377853","0.0013957303017377853"
"19132","0.00004487484693527222","0.00004487484693527222","0.00004487484693527222"
"19134","0.000932374969124794","0.000932374969124794","0.000932374969124794"
"19138","0.00004091113805770874","0.00004091113805770874","0.00004091113805770874"
"19140","0.0015804246068000793","0.0015804246068000793","0.0015804246068000793"
"19142","0.006654588505625725","0.006654588505625725","0.006654588505625725"
"19144","0.0020152442157268524","0.0020152442157268524","0.0020152442157268524"
"19146","0.0004915148019790649","0.0004915148019790649","0.0004915148019790649"
"19148","0.004329551011323929","0.004329551011323929","0.004329551011323929"
"19152","0.0009714756160974503","0.0009714756160974503","0.0009714756160974503"
"19154","0.000646982342004776","0.000646982342004776","0.000646982342004776"
"19156","0.00016220100224018097","0.00016220100224018097","0.00016220100224018097"
"19158","0.0001727920025587082","0.0001727920025587082","0.0001727920025587082"
"19162","0.008729515597224236","0.008729515597224236","0.008729515597224236"
"19164","0.00112856924533844","0.00112856924533844","0.00112856924533844"
"19168","0.000780794769525528","0.000780794769525528","0.000780794769525528"
"19170","0.009638629853725433","0.009638629853725433","0.009638629853725433"
"19172","0.0006862450391054153","0.0006862450391054153","0.0006862450391054153"
"19174","0.003519739955663681","0.003519739955663681","0.003519739955663681"
"19176","0.000030992552638053894","0.000030992552638053894","0.000030992552638053894"
"19178","0.003878498449921608","0.003878498449921608","0.003878498449921608"
"19190","0.0003533046692609787","0.0003533046692609787","0.0003533046692609787"
"19192","0.0004500262439250946","0.0004500262439250946","0.0004500262439250946"
"19196","0.00008929520845413208","0.00008929520845413208","0.00008929520845413208"
"19198","0.0016647614538669586","0.0016647614538669586","0.0016647614538669586"
"19202","0.00011911056935787201","0.00011911056935787201","0.00011911056935787201"
"19204","0.004621321335434914","0.004621321335434914","0.004621321335434914"
"19206","0.0002962872385978699","0.0002962872385978699","0.0002962872385978699"
"19208","0.00024889782071113586","0.00024889782071113586","0.00024889782071113586"
"19210","0.03695065155625343","0.03695065155625343","0.03695065155625343"
"19214","0.033737070858478546","0.033737070858478546","0.033737070858478546"
"19216","0.00026146508753299713","0.00026146508753299713","0.00026146508753299713"
"19220","0.005194999277591705","0.005194999277591705","0.005194999277591705"
"19222","0.000051837414503097534","0.000051837414503097534","0.000051837414503097534"
"19224","0.0012378599494695663","0.0012378599494695663","0.0012378599494695663"
"19226","0.00007362477481365204","0.00007362477481365204","0.00007362477481365204"
"19230","0.0004018321633338928","0.0004018321633338928","0.0004018321633338928"
"19232","0.0011632535606622696","0.0011632535606622696","0.0011632535606622696"
"19239","0.0025105178356170654","0.0025105178356170654","0.0025105178356170654"
"19247","0.0018446091562509537","0.0018446091562509537","0.0018446091562509537"
"19249","0.0019878000020980835","0.0019878000020980835","0.0019878000020980835"
"19253","0.013214226812124252","0.013214226812124252","0.013214226812124252"
"19255","0.0060981400310993195","0.0060981400310993195","0.0060981400310993195"
"19257","0.0008556004613637924","0.0008556004613637924","0.0008556004613637924"
"19259","0.0005774721503257751","0.0005774721503257751","0.0005774721503257751"
"19261","0.001987893134355545","0.001987893134355545","0.001987893134355545"
"19263","0.0004971865564584732","0.0004971865564584732","0.0004971865564584732"
"19265","0.001333620399236679","0.001333620399236679","0.001333620399236679"
"19271","0.0002463795244693756","0.0002463795244693756","0.0002463795244693756"
"19273","0.0037369634956121445","0.0037369634956121445","0.0037369634956121445"
"19275","0.004824044182896614","0.004824044182896614","0.004824044182896614"
"19277","0.005879383534193039","0.005879383534193039","0.005879383534193039"
"19279","0.07358551025390625","0.07358551025390625","0.07358551025390625"
"19281","0.00024134665727615356","0.00024134665727615356","0.00024134665727615356"
"19283","0.05238056182861328","0.05238056182861328","0.05238056182861328"
"19287","0.025060085579752922","0.025060085579752922","0.025060085579752922"
"19289","0.00018264725804328918","0.00018264725804328918","0.00018264725804328918"
"19291","0.011335549876093864","0.011335549876093864","0.011335549876093864"
"19293","0.0026263073086738586","0.0026263073086738586","0.0026263073086738586"
"19295","0.0015052147209644318","0.0015052147209644318","0.0015052147209644318"
"19297","0.004353603348135948","0.004353603348135948","0.004353603348135948"
"19299","0.0007211454212665558","0.0007211454212665558","0.0007211454212665558"
"19301","0.0008884631097316742","0.0008884631097316742","0.0008884631097316742"
"19303","0.0002478044480085373","0.0002478044480085373","0.0002478044480085373"
"19307","0.00010208040475845337","0.00010208040475845337","0.00010208040475845337"
"19309","0.010334504768252373","0.010334504768252373","0.010334504768252373"
"19311","0.005172533914446831","0.005172533914446831","0.005172533914446831"
"19313","0.010201901197433472","0.010201901197433472","0.010201901197433472"
"19317","0.00004560500383377075","0.00004560500383377075","0.00004560500383377075"
"19321","0.014645084738731384","0.014645084738731384","0.014645084738731384"
"19323","0.0030851084738969803","0.0030851084738969803","0.0030851084738969803"
"19325","0.00024925731122493744","0.00024925731122493744","0.00024925731122493744"
"19327","0.016587242484092712","0.016587242484092712","0.016587242484092712"
"19329","0.00003281049430370331","0.00003281049430370331","0.00003281049430370331"
"19333","0.0007787048816680908","0.0007787048816680908","0.0007787048816680908"
"19335","0.0004899222403764725","0.0004899222403764725","0.0004899222403764725"
"19337","0.00008509494364261627","0.00008509494364261627","0.00008509494364261627"
"19339","0.002328384667634964","0.002328384667634964","0.002328384667634964"
"19343","0.0016422197222709656","0.0016422197222709656","0.0016422197222709656"
"19347","0.00031084567308425903","0.00031084567308425903","0.00031084567308425903"
"19349","0.000057853758335113525","0.000057853758335113525","0.000057853758335113525"
"19351","0.003186682239174843","0.003186682239174843","0.003186682239174843"
"19353","0.0008638035506010056","0.0008638035506010056","0.0008638035506010056"
"19355","0.0006360355764627457","0.0006360355764627457","0.0006360355764627457"
"19357","0.004232967272400856","0.004232967272400856","0.004232967272400856"
"19361","0.0033413171768188477","0.0033413171768188477","0.0033413171768188477"
"19363","0.00035229139029979706","0.00035229139029979706","0.00035229139029979706"
"19367","0.00003931298851966858","0.00003931298851966858","0.00003931298851966858"
"19369","0.0051634907722473145","0.0051634907722473145","0.0051634907722473145"
"19371","0.0001010410487651825","0.0001010410487651825","0.0001010410487651825"
"19377","0.0019307099282741547","0.0019307099282741547","0.0019307099282741547"
"19379","0.000580519437789917","0.000580519437789917","0.000580519437789917"
"19381","0.0007108859717845917","0.0007108859717845917","0.0007108859717845917"
"19383","0.0072130318731069565","0.0072130318731069565","0.0072130318731069565"
"19385","0.0001558847725391388","0.0001558847725391388","0.0001558847725391388"
"19387","0.0039474982768297195","0.0039474982768297195","0.0039474982768297195"
"19389","0.0009747408330440521","0.0009747408330440521","0.0009747408330440521"
"19391","0.002058694139122963","0.002058694139122963","0.002058694139122963"
"19393","0.0015623141080141068","0.0015623141080141068","0.0015623141080141068"
"19395","0.0007820706814527512","0.0007820706814527512","0.0007820706814527512"
"19397","0.0007873624563217163","0.0007873624563217163","0.0007873624563217163"
"19401","0.0012690145522356033","0.0012690145522356033","0.0012690145522356033"
"19405","0.0016268379986286163","0.0016268379986286163","0.0016268379986286163"
"19407","0.001253044232726097","0.001253044232726097","0.001253044232726097"
"19409","0.0009389258921146393","0.0009389258921146393","0.0009389258921146393"
"19411","0.00026799552142620087","0.00026799552142620087","0.00026799552142620087"
"19413","0.0031372644007205963","0.0031372644007205963","0.0031372644007205963"
"19415","0.00013315677642822266","0.00013315677642822266","0.00013315677642822266"
"19417","0.000604778528213501","0.000604778528213501","0.000604778528213501"
"19419","0.0036027226597070694","0.0036027226597070694","0.0036027226597070694"
"19421","0.0025014057755470276","0.0025014057755470276","0.0025014057755470276"
"19423","0.0034653935581445694","0.0034653935581445694","0.0034653935581445694"
"19425","0.0025330036878585815","0.0025330036878585815","0.0025330036878585815"
"19427","0.0004990268498659134","0.0004990268498659134","0.0004990268498659134"
"19429","0.00040677376091480255","0.00040677376091480255","0.00040677376091480255"
"19431","0.0006357710808515549","0.0006357710808515549","0.0006357710808515549"
"19433","0.005060609430074692","0.005060609430074692","0.005060609430074692"
"19435","0.0004966109991073608","0.0004966109991073608","0.0004966109991073608"
"19437","0.0003502778708934784","0.0003502778708934784","0.0003502778708934784"
"19441","0.003954155370593071","0.003954155370593071","0.003954155370593071"
"19445","0.0003609172999858856","0.0003609172999858856","0.0003609172999858856"
"19447","0.000980941578745842","0.000980941578745842","0.000980941578745842"
"19449","0.039180584251880646","0.039180584251880646","0.039180584251880646"
"19451","0.0077264513820409775","0.0077264513820409775","0.0077264513820409775"
"19453","0.0347956120967865","0.0347956120967865","0.0347956120967865"
"19455","0.027761980891227722","0.027761980891227722","0.027761980891227722"
"19457","0.0006362572312355042","0.0006362572312355042","0.0006362572312355042"
"19459","0.0015061348676681519","0.0015061348676681519","0.0015061348676681519"
"19461","0.0004618130624294281","0.0004618130624294281","0.0004618130624294281"
"19463","0.0036421362310647964","0.0036421362310647964","0.0036421362310647964"
"19465","0.00866369903087616","0.00866369903087616","0.00866369903087616"
"19469","0.0005796812474727631","0.0005796812474727631","0.0005796812474727631"
"19471","0.00024739280343055725","0.00024739280343055725","0.00024739280343055725"
"19473","0.0034248046576976776","0.0034248046576976776","0.0034248046576976776"
"19477","0.01756390742957592","0.01756390742957592","0.01756390742957592"
"19479","0.0095781609416008","0.0095781609416008","0.0095781609416008"
"19481","0.02259286493062973","0.02259286493062973","0.02259286493062973"
"19483","0.00003297068178653717","0.00003297068178653717","0.00003297068178653717"
"19485","0.00008830055594444275","0.00008830055594444275","0.00008830055594444275"
"19487","0.00019989348948001862","0.00019989348948001862","0.00019989348948001862"
"19491","0.00993659719824791","0.00993659719824791","0.00993659719824791"
"19493","0.00006476417183876038","0.00006476417183876038","0.00006476417183876038"
"19495","0.0003426559269428253","0.0003426559269428253","0.0003426559269428253"
"19497","0.0008295048028230667","0.0008295048028230667","0.0008295048028230667"
"19499","0.0013904031366109848","0.0013904031366109848","0.0013904031366109848"
"19503","0.0002589225769042969","0.0002589225769042969","0.0002589225769042969"
"19505","0.01458660326898098","0.01458660326898098","0.01458660326898098"
"19507","0.034208208322525024","0.034208208322525024","0.034208208322525024"
"19509","0.001992262899875641","0.001992262899875641","0.001992262899875641"
"19511","0.004912137985229492","0.004912137985229492","0.004912137985229492"
"19513","0.0033415760844945908","0.0033415760844945908","0.0033415760844945908"
"19517","0.004944140091538429","0.004944140091538429","0.004944140091538429"
"19521","0.00014761090278625488","0.00014761090278625488","0.00014761090278625488"
"19523","0.009384877979755402","0.009384877979755402","0.009384877979755402"
"19529","0.001000748947262764","0.001000748947262764","0.001000748947262764"
"19533","0.0005387086421251297","0.0005387086421251297","0.0005387086421251297"
"19535","0.017665952444076538","0.017665952444076538","0.017665952444076538"
"19537","0.00021692924201488495","0.00021692924201488495","0.00021692924201488495"
"19541","0.0012042522430419922","0.0012042522430419922","0.0012042522430419922"
"19543","0.021155642345547676","0.021155642345547676","0.021155642345547676"
"19545","0.0013027004897594452","0.0013027004897594452","0.0013027004897594452"
"19547","0.000174814835190773","0.000174814835190773","0.000174814835190773"
"19549","0.00041713006794452667","0.00041713006794452667","0.00041713006794452667"
"19551","0.0003906078636646271","0.0003906078636646271","0.0003906078636646271"
"19555","0.003584347665309906","0.003584347665309906","0.003584347665309906"
"19559","0.00005581602454185486","0.00005581602454185486","0.00005581602454185486"
"19561","0.019116636365652084","0.019116636365652084","0.019116636365652084"
"19563","0.004371721297502518","0.004371721297502518","0.004371721297502518"
"19565","0.0002592802047729492","0.0002592802047729492","0.0002592802047729492"
"19567","0.00020566768944263458","0.00020566768944263458","0.00020566768944263458"
"19571","0.00014675036072731018","0.00014675036072731018","0.00014675036072731018"
"19573","0.0018393062055110931","0.0018393062055110931","0.0018393062055110931"
"19575","0.004139930009841919","0.004139930009841919","0.004139930009841919"
"19577","0.0003519989550113678","0.0003519989550113678","0.0003519989550113678"
"19579","0.00015011616051197052","0.00015011616051197052","0.00015011616051197052"
"19581","0.00009877793490886688","0.00009877793490886688","0.00009877793490886688"
"19583","0.01242397166788578","0.01242397166788578","0.01242397166788578"
"19585","0.02359488606452942","0.02359488606452942","0.02359488606452942"
"19587","0.0005395673215389252","0.0005395673215389252","0.0005395673215389252"
"19591","0.0002773944288492203","0.0002773944288492203","0.0002773944288492203"
"19593","0.005034107714891434","0.005034107714891434","0.005034107714891434"
"19595","0.0007635410875082016","0.0007635410875082016","0.0007635410875082016"
"19597","0.007704682648181915","0.007704682648181915","0.007704682648181915"
"19601","0.00028350017964839935","0.00028350017964839935","0.00028350017964839935"
"19603","0.00004996359348297119","0.00004996359348297119","0.00004996359348297119"
"19605","0.018523506820201874","0.018523506820201874","0.018523506820201874"
"19607","0.0031542014330625534","0.0031542014330625534","0.0031542014330625534"
"19609","0.013870082795619965","0.013870082795619965","0.013870082795619965"
"19613","0.009772244840860367","0.009772244840860367","0.009772244840860367"
"19615","0.00020300038158893585","0.00020300038158893585","0.00020300038158893585"
"19619","0.0019785165786743164","0.0019785165786743164","0.0019785165786743164"
"19623","0.0005089119076728821","0.0005089119076728821","0.0005089119076728821"
"19625","0.002932921051979065","0.002932921051979065","0.002932921051979065"
"19627","0.0009638182818889618","0.0009638182818889618","0.0009638182818889618"
"19629","0.002665117383003235","0.002665117383003235","0.002665117383003235"
"19631","0.0023755691945552826","0.0023755691945552826","0.0023755691945552826"
"19635","0.00045908428728580475","0.00045908428728580475","0.00045908428728580475"
"19639","0.0001602228730916977","0.0001602228730916977","0.0001602228730916977"
"19641","0.0008059702813625336","0.0008059702813625336","0.0008059702813625336"
"19643","0.0004183836281299591","0.0004183836281299591","0.0004183836281299591"
"19645","0.01621929742395878","0.01621929742395878","0.01621929742395878"
"19647","0.00006767734885215759","0.00006767734885215759","0.00006767734885215759"
"19649","0.019238589331507683","0.019238589331507683","0.019238589331507683"
"19651","0.0003435257822275162","0.0003435257822275162","0.0003435257822275162"
"19653","0.001128915697336197","0.001128915697336197","0.001128915697336197"
"19655","0.0007236134260892868","0.0007236134260892868","0.0007236134260892868"
"19659","0.001124812290072441","0.001124812290072441","0.001124812290072441"
"19663","0.10731294751167297","0.10731294751167297","0.10731294751167297"
"19667","0.0004504956305027008","0.0004504956305027008","0.0004504956305027008"
"19669","0.011030163615942001","0.011030163615942001","0.011030163615942001"
"19671","0.0021949801594018936","0.0021949801594018936","0.0021949801594018936"
"19673","0.0004400908946990967","0.0004400908946990967","0.0004400908946990967"
"19677","0.00010504759848117828","0.00010504759848117828","0.00010504759848117828"
"19679","0.00003306753933429718","0.00003306753933429718","0.00003306753933429718"
"19683","0.001158224418759346","0.001158224418759346","0.001158224418759346"
"19685","0.02242036908864975","0.02242036908864975","0.02242036908864975"
"19687","0.003092315047979355","0.003092315047979355","0.003092315047979355"
"19689","0.0013259779661893845","0.0013259779661893845","0.0013259779661893845"
"19691","0.006042033433914185","0.006042033433914185","0.006042033433914185"
"19693","0.028013916686177254","0.028013916686177254","0.028013916686177254"
"19695","0.00044095516204833984","0.00044095516204833984","0.00044095516204833984"
"19697","0.00015194900333881378","0.00015194900333881378","0.00015194900333881378"
"19699","0.00552663579583168","0.00552663579583168","0.00552663579583168"
"19701","0.0004000384360551834","0.0004000384360551834","0.0004000384360551834"
"19703","0.00020399317145347595","0.00020399317145347595","0.00020399317145347595"
"19705","0.00808941200375557","0.00808941200375557","0.00808941200375557"
"19707","0.001818956807255745","0.001818956807255745","0.001818956807255745"
"19709","0.001703767105937004","0.001703767105937004","0.001703767105937004"
"19711","0.0016913190484046936","0.0016913190484046936","0.0016913190484046936"
"19713","0.016336893662810326","0.016336893662810326","0.016336893662810326"
"19717","0.0016149841248989105","0.0016149841248989105","0.0016149841248989105"
"19719","0.004026971757411957","0.004026971757411957","0.004026971757411957"
"19723","0.0008727516978979111","0.0008727516978979111","0.0008727516978979111"
"19725","0.000695008784532547","0.000695008784532547","0.000695008784532547"
"19733","0.0034008175134658813","0.0034008175134658813","0.0034008175134658813"
"19735","0.0014513581991195679","0.0014513581991195679","0.0014513581991195679"
"19737","0.009380118921399117","0.009380118921399117","0.009380118921399117"
"19739","0.00031638145446777344","0.00031638145446777344","0.00031638145446777344"
"19743","0.0003551039844751358","0.0003551039844751358","0.0003551039844751358"
"19745","0.002472369000315666","0.002472369000315666","0.002472369000315666"
"19747","0.0023947488516569138","0.0023947488516569138","0.0023947488516569138"
"19751","0.003330036997795105","0.003330036997795105","0.003330036997795105"
"19753","0.00033808499574661255","0.00033808499574661255","0.00033808499574661255"
"19755","0.005431311205029488","0.005431311205029488","0.005431311205029488"
"19757","0.010295629501342773","0.010295629501342773","0.010295629501342773"
"19764","0.00033325888216495514","0.00033325888216495514","0.00033325888216495514"
"19766","0.00038368627429008484","0.00038368627429008484","0.00038368627429008484"
"19768","0.005416221916675568","0.005416221916675568","0.005416221916675568"
"19770","0.00029177218675613403","0.00029177218675613403","0.00029177218675613403"
"19774","0.00033940747380256653","0.00033940747380256653","0.00033940747380256653"
"19776","0.00031566061079502106","0.00031566061079502106","0.00031566061079502106"
"19778","0.00009978935122489929","0.00009978935122489929","0.00009978935122489929"
"19784","0.0006100162863731384","0.0006100162863731384","0.0006100162863731384"
"19786","0.0012073200196027756","0.0012073200196027756","0.0012073200196027756"
"19792","0.006453743204474449","0.006453743204474449","0.006453743204474449"
"19794","0.0025593899190425873","0.0025593899190425873","0.0025593899190425873"
"19796","0.005057474598288536","0.005057474598288536","0.005057474598288536"
"19798","0.0005207248032093048","0.0005207248032093048","0.0005207248032093048"
"19802","0.009759034961462021","0.009759034961462021","0.009759034961462021"
"19806","0.0029511749744415283","0.0029511749744415283","0.0029511749744415283"
"19808","0.0049891844391822815","0.0049891844391822815","0.0049891844391822815"
"19810","0.000565744936466217","0.000565744936466217","0.000565744936466217"
"19812","0.0005901232361793518","0.0005901232361793518","0.0005901232361793518"
"19818","0.027545977383852005","0.027545977383852005","0.027545977383852005"
"19820","0.005312813445925713","0.005312813445925713","0.005312813445925713"
"19822","0.00024175643920898438","0.00024175643920898438","0.00024175643920898438"
"19824","0.006556224077939987","0.006556224077939987","0.006556224077939987"
"19830","0.000605633482336998","0.000605633482336998","0.000605633482336998"
"19838","0.011245448142290115","0.011245448142290115","0.011245448142290115"
"19840","0.0001389123499393463","0.0001389123499393463","0.0001389123499393463"
"19842","0.0009453650563955307","0.0009453650563955307","0.0009453650563955307"
"19846","0.0006878357380628586","0.0006878357380628586","0.0006878357380628586"
"19848","0.0015881545841693878","0.0015881545841693878","0.0015881545841693878"
"19850","0.0003235694020986557","0.0003235694020986557","0.0003235694020986557"
"19852","0.0009428970515727997","0.0009428970515727997","0.0009428970515727997"
"19854","0.00019461102783679962","0.00019461102783679962","0.00019461102783679962"
"19856","0.0009405575692653656","0.0009405575692653656","0.0009405575692653656"
"19858","0.0009386315941810608","0.0009386315941810608","0.0009386315941810608"
"19860","0.0024268925189971924","0.0024268925189971924","0.0024268925189971924"
"19864","0.0004952829331159592","0.0004952829331159592","0.0004952829331159592"
"19866","0.00044248066842556","0.00044248066842556","0.00044248066842556"
"19868","0.025396469980478287","0.025396469980478287","0.025396469980478287"
"19870","0.00023349374532699585","0.00023349374532699585","0.00023349374532699585"
"19872","0.0038393624126911163","0.0038393624126911163","0.0038393624126911163"
"19874","0.000631529837846756","0.000631529837846756","0.000631529837846756"
"19876","0.0003551412373781204","0.0003551412373781204","0.0003551412373781204"
"19880","0.0072275567799806595","0.0072275567799806595","0.0072275567799806595"
"19882","0.00022244080901145935","0.00022244080901145935","0.00022244080901145935"
"19884","0.0003500264137983322","0.0003500264137983322","0.0003500264137983322"
"19886","0.00020515359938144684","0.00020515359938144684","0.00020515359938144684"
"19888","0.000042535364627838135","0.000042535364627838135","0.000042535364627838135"
"19890","0.0003154706209897995","0.0003154706209897995","0.0003154706209897995"
"19892","0.004256876185536385","0.004256876185536385","0.004256876185536385"
"19894","0.003436429426074028","0.003436429426074028","0.003436429426074028"
"19900","0.0013760961592197418","0.0013760961592197418","0.0013760961592197418"
"19902","0.0007070545107126236","0.0007070545107126236","0.0007070545107126236"
"19904","0.0001541879028081894","0.0001541879028081894","0.0001541879028081894"
"19906","0.0006744451820850372","0.0006744451820850372","0.0006744451820850372"
"19910","0.005259852856397629","0.005259852856397629","0.005259852856397629"
"19914","0.00025931745767593384","0.00025931745767593384","0.00025931745767593384"
"19916","0.0009935107082128525","0.0009935107082128525","0.0009935107082128525"
"19918","0.0024599265307188034","0.0024599265307188034","0.0024599265307188034"
"19920","0.0008310806006193161","0.0008310806006193161","0.0008310806006193161"
"19922","0.0009495466947555542","0.0009495466947555542","0.0009495466947555542"
"19924","0.000017039477825164795","0.000017039477825164795","0.000017039477825164795"
"19926","0.005834916606545448","0.005834916606545448","0.005834916606545448"
"19928","0.006107952445745468","0.006107952445745468","0.006107952445745468"
"19930","0.000044481828808784485","0.000044481828808784485","0.000044481828808784485"
"19932","0.028278425335884094","0.028278425335884094","0.028278425335884094"
"19934","0.0001280326396226883","0.0001280326396226883","0.0001280326396226883"
"19938","0.00035165809094905853","0.00035165809094905853","0.00035165809094905853"
"19940","0.00543065182864666","0.00543065182864666","0.00543065182864666"
"19944","0.0087765883654356","0.0087765883654356","0.0087765883654356"
"19946","0.00241846963763237","0.00241846963763237","0.00241846963763237"
"19948","0.001497369259595871","0.001497369259595871","0.001497369259595871"
"19950","0.0005484931170940399","0.0005484931170940399","0.0005484931170940399"
"19952","0.0035027507692575455","0.0035027507692575455","0.0035027507692575455"
"19954","0.0006417613476514816","0.0006417613476514816","0.0006417613476514816"
"19956","0.0008304137736558914","0.0008304137736558914","0.0008304137736558914"
"19958","0.009627075865864754","0.009627075865864754","0.009627075865864754"
"19960","0.0003783106803894043","0.0003783106803894043","0.0003783106803894043"
"19962","0.0003583040088415146","0.0003583040088415146","0.0003583040088415146"
"19964","0.0006369668990373611","0.0006369668990373611","0.0006369668990373611"
"19968","0.0012897178530693054","0.0012897178530693054","0.0012897178530693054"
"19970","0.000395921990275383","0.000395921990275383","0.000395921990275383"
"19972","0.00034489110112190247","0.00034489110112190247","0.00034489110112190247"
"19974","0.0003624074161052704","0.0003624074161052704","0.0003624074161052704"
"19976","0.008298058062791824","0.008298058062791824","0.008298058062791824"
"19978","0.0007006078958511353","0.0007006078958511353","0.0007006078958511353"
"19980","0.0032006017863750458","0.0032006017863750458","0.0032006017863750458"
"19982","0.0001467335969209671","0.0001467335969209671","0.0001467335969209671"
"19984","0.00017241016030311584","0.00017241016030311584","0.00017241016030311584"
"19986","0.002543829381465912","0.002543829381465912","0.002543829381465912"
"19992","0.021563323214650154","0.021563323214650154","0.021563323214650154"
"19994","0.003225896507501602","0.003225896507501602","0.003225896507501602"
"19996","0.0055284928530454636","0.0055284928530454636","0.0055284928530454636"
"20000","0.00023095309734344482","0.00023095309734344482","0.00023095309734344482"
"20002","0.00015095993876457214","0.00015095993876457214","0.00015095993876457214"
"20004","0.003778502345085144","0.003778502345085144","0.003778502345085144"
"20008","0.002428025007247925","0.002428025007247925","0.002428025007247925"
"20010","0.0028084702789783478","0.0028084702789783478","0.0028084702789783478"
"20012","0.004943393170833588","0.004943393170833588","0.004943393170833588"
"20014","0.00432983785867691","0.00432983785867691","0.00432983785867691"
"20018","0.0010816119611263275","0.0010816119611263275","0.0010816119611263275"
"20022","0.002542015165090561","0.002542015165090561","0.002542015165090561"
"20024","0.00016378797590732574","0.00016378797590732574","0.00016378797590732574"
"20026","0.020102277398109436","0.020102277398109436","0.020102277398109436"
"20028","0.0038514863699674606","0.0038514863699674606","0.0038514863699674606"
"20030","0.006891699507832527","0.006891699507832527","0.006891699507832527"
"20032","0.0015940740704536438","0.0015940740704536438","0.0015940740704536438"
"20036","0.0009617507457733154","0.0009617507457733154","0.0009617507457733154"
"20042","0.00010811164975166321","0.00010811164975166321","0.00010811164975166321"
"20044","0.0012234952300786972","0.0012234952300786972","0.0012234952300786972"
"20046","0.0008493959903717041","0.0008493959903717041","0.0008493959903717041"
"20048","0.00664464570581913","0.00664464570581913","0.00664464570581913"
"20050","0.0004544351249933243","0.0004544351249933243","0.0004544351249933243"
"20052","0.0006351079791784286","0.0006351079791784286","0.0006351079791784286"
"20054","0.0009149834513664246","0.0009149834513664246","0.0009149834513664246"
"20056","0.0008374582976102829","0.0008374582976102829","0.0008374582976102829"
"20058","0.0049041640013456345","0.0049041640013456345","0.0049041640013456345"
"20060","0.00023476406931877136","0.00023476406931877136","0.00023476406931877136"
"20064","0.0003188569098711014","0.0003188569098711014","0.0003188569098711014"
"20066","0.002107875421643257","0.002107875421643257","0.002107875421643257"
"20068","0.00036543048918247223","0.00036543048918247223","0.00036543048918247223"
"20070","0.08939268440008163","0.08939268440008163","0.08939268440008163"
"20072","0.0000750664621591568","0.0000750664621591568","0.0000750664621591568"
"20076","0.0004269946366548538","0.0004269946366548538","0.0004269946366548538"
"20078","0.0007751453667879105","0.0007751453667879105","0.0007751453667879105"
"20080","0.002187667414546013","0.002187667414546013","0.002187667414546013"
"20082","0.014507818967103958","0.014507818967103958","0.014507818967103958"
"20092","0.00006700307130813599","0.00006700307130813599","0.00006700307130813599"
"20094","0.0004500318318605423","0.0004500318318605423","0.0004500318318605423"
"20096","0.0003232080489397049","0.0003232080489397049","0.0003232080489397049"
"20098","0.00020544417202472687","0.00020544417202472687","0.00020544417202472687"
"20100","0.0013956055045127869","0.0013956055045127869","0.0013956055045127869"
"20104","0.00023856572806835175","0.00023856572806835175","0.00023856572806835175"
"20106","0.00040471553802490234","0.00040471553802490234","0.00040471553802490234"
"20108","0.0006949584931135178","0.0006949584931135178","0.0006949584931135178"
"20112","0.0005677677690982819","0.0005677677690982819","0.0005677677690982819"
"20118","0.0002237856388092041","0.0002237856388092041","0.0002237856388092041"
"20120","0.00014927424490451813","0.00014927424490451813","0.00014927424490451813"
"20122","0.004751536995172501","0.004751536995172501","0.004751536995172501"
"20128","0.001865452155470848","0.001865452155470848","0.001865452155470848"
"20130","0.004443680867552757","0.004443680867552757","0.004443680867552757"
"20132","0.0011415835469961166","0.0011415835469961166","0.0011415835469961166"
"20134","0.0002038870006799698","0.0002038870006799698","0.0002038870006799698"
"20138","0.004226749762892723","0.004226749762892723","0.004226749762892723"
"20140","0.0017013493925333023","0.0017013493925333023","0.0017013493925333023"
"20142","0.0000921487808227539","0.0000921487808227539","0.0000921487808227539"
"20144","0.0013247914612293243","0.0013247914612293243","0.0013247914612293243"
"20146","0.00025215931236743927","0.00025215931236743927","0.00025215931236743927"
"20148","0.0013110805302858353","0.0013110805302858353","0.0013110805302858353"
"20150","0.000026809051632881165","0.000026809051632881165","0.000026809051632881165"
"20152","0.006661834195256233","0.006661834195256233","0.006661834195256233"
"20154","0.00123506598174572","0.00123506598174572","0.00123506598174572"
"20156","0.000013785436749458313","0.000013785436749458313","0.000013785436749458313"
"20158","0.000816691666841507","0.000816691666841507","0.000816691666841507"
"20160","0.0003143083304166794","0.0003143083304166794","0.0003143083304166794"
"20162","0.0010172240436077118","0.0010172240436077118","0.0010172240436077118"
"20164","0.0005909334868192673","0.0005909334868192673","0.0005909334868192673"
"20166","0.0007318053394556046","0.0007318053394556046","0.0007318053394556046"
"20168","0.0003336593508720398","0.0003336593508720398","0.0003336593508720398"
"20172","0.00017219781875610352","0.00017219781875610352","0.00017219781875610352"
"20174","0.004336409270763397","0.004336409270763397","0.004336409270763397"
"20176","0.013138549402356148","0.013138549402356148","0.013138549402356148"
"20178","0.0012444015592336655","0.0012444015592336655","0.0012444015592336655"
"20180","0.003248250111937523","0.003248250111937523","0.003248250111937523"
"20182","0.0056900400668382645","0.0056900400668382645","0.0056900400668382645"
"20184","0.0006455481052398682","0.0006455481052398682","0.0006455481052398682"
"20186","0.0023494139313697815","0.0023494139313697815","0.0023494139313697815"
"20188","0.003258282318711281","0.003258282318711281","0.003258282318711281"
"20190","0.003735937178134918","0.003735937178134918","0.003735937178134918"
"20192","0.041429176926612854","0.041429176926612854","0.041429176926612854"
"20194","0.00023718923330307007","0.00023718923330307007","0.00023718923330307007"
"20196","0.0000953134149312973","0.0000953134149312973","0.0000953134149312973"
"20198","0.00515417754650116","0.00515417754650116","0.00515417754650116"
"20200","0.0029281657189130783","0.0029281657189130783","0.0029281657189130783"
"20202","0.0007916223257780075","0.0007916223257780075","0.0007916223257780075"
"20204","0.00027493759989738464","0.00027493759989738464","0.00027493759989738464"
"20208","0.0006895121186971664","0.0006895121186971664","0.0006895121186971664"
"20210","0.00383940152823925","0.00383940152823925","0.00383940152823925"
"20212","0.00028331391513347626","0.00028331391513347626","0.00028331391513347626"
"20214","0.00026496872305870056","0.00026496872305870056","0.00026496872305870056"
"20216","0.0010601319372653961","0.0010601319372653961","0.0010601319372653961"
"20218","0.001516774296760559","0.001516774296760559","0.001516774296760559"
"20220","0.003976887091994286","0.003976887091994286","0.003976887091994286"
"20222","0.010418860241770744","0.010418860241770744","0.010418860241770744"
"20224","0.0039358921349048615","0.0039358921349048615","0.0039358921349048615"
"20226","0.0026346128433942795","0.0026346128433942795","0.0026346128433942795"
"20228","0.0036005880683660507","0.0036005880683660507","0.0036005880683660507"
"20230","0.00007234886288642883","0.00007234886288642883","0.00007234886288642883"
"20232","0.00048228539526462555","0.00048228539526462555","0.00048228539526462555"
"20234","0.04511352628469467","0.04511352628469467","0.04511352628469467"
"20236","0.004924582317471504","0.004924582317471504","0.004924582317471504"
"20238","0.0028613992035388947","0.0028613992035388947","0.0028613992035388947"
"20240","0.00012250058352947235","0.00012250058352947235","0.00012250058352947235"
"20242","0.0004223678261041641","0.0004223678261041641","0.0004223678261041641"
"20244","0.0061271823942661285","0.0061271823942661285","0.0061271823942661285"
"20246","0.03437122702598572","0.03437122702598572","0.03437122702598572"
"20248","0.0007272623479366302","0.0007272623479366302","0.0007272623479366302"
"20252","0.00870894081890583","0.00870894081890583","0.00870894081890583"
"20254","0.0008273851126432419","0.0008273851126432419","0.0008273851126432419"
"20256","0.0034899692982435226","0.0034899692982435226","0.0034899692982435226"
"20258","0.00007677823305130005","0.00007677823305130005","0.00007677823305130005"
"20262","0.0018289275467395782","0.0018289275467395782","0.0018289275467395782"
"20264","0.0051591657102108","0.0051591657102108","0.0051591657102108"
"20266","0.0005956497043371201","0.0005956497043371201","0.0005956497043371201"
"20268","0.0002521611750125885","0.0002521611750125885","0.0002521611750125885"
"20274","0.0015590246766805649","0.0015590246766805649","0.0015590246766805649"
"20276","0.003824537619948387","0.003824537619948387","0.003824537619948387"
"20278","0.0009377356618642807","0.0009377356618642807","0.0009377356618642807"
"20282","0.00007965415716171265","0.00007965415716171265","0.00007965415716171265"
"20284","0.0011151619255542755","0.0011151619255542755","0.0011151619255542755"
"20286","0.00026869215071201324","0.00026869215071201324","0.00026869215071201324"
"20291","0.0007278900593519211","0.0007278900593519211","0.0007278900593519211"
"20293","0.00019718706607818604","0.00019718706607818604","0.00019718706607818604"
"20295","0.01465739868581295","0.01465739868581295","0.01465739868581295"
"20297","0.0003675706684589386","0.0003675706684589386","0.0003675706684589386"
"20299","0.00022875331342220306","0.00022875331342220306","0.00022875331342220306"
"20303","0.00006536394357681274","0.00006536394357681274","0.00006536394357681274"
"20305","0.0057892873883247375","0.0057892873883247375","0.0057892873883247375"
"20311","0.0006727445870637894","0.0006727445870637894","0.0006727445870637894"
"20313","0.0006666313856840134","0.0006666313856840134","0.0006666313856840134"
"20315","0.0028483830392360687","0.0028483830392360687","0.0028483830392360687"
"20317","0.0003388337790966034","0.0003388337790966034","0.0003388337790966034"
"20323","0.014425355941057205","0.014425355941057205","0.014425355941057205"
"20325","0.001225259155035019","0.001225259155035019","0.001225259155035019"
"20327","0.00019439682364463806","0.00019439682364463806","0.00019439682364463806"
"20329","0.0000783093273639679","0.0000783093273639679","0.0000783093273639679"
"20331","0.0069784969091415405","0.0069784969091415405","0.0069784969091415405"
"20333","0.000039663165807724","0.000039663165807724","0.000039663165807724"
"20335","0.008896680548787117","0.008896680548787117","0.008896680548787117"
"20337","0.00007813610136508942","0.00007813610136508942","0.00007813610136508942"
"20339","0.00028001144528388977","0.00028001144528388977","0.00028001144528388977"
"20341","0.0003048442304134369","0.0003048442304134369","0.0003048442304134369"
"20345","0.0006522219628095627","0.0006522219628095627","0.0006522219628095627"
"20347","0.00158005952835083","0.00158005952835083","0.00158005952835083"
"20349","0.0022263042628765106","0.0022263042628765106","0.0022263042628765106"
"20351","0.004052929580211639","0.004052929580211639","0.004052929580211639"
"20353","0.0015232674777507782","0.0015232674777507782","0.0015232674777507782"
"20357","0.0006804876029491425","0.0006804876029491425","0.0006804876029491425"
"20359","0.0015559904277324677","0.0015559904277324677","0.0015559904277324677"
"20363","0.0007775072008371353","0.0007775072008371353","0.0007775072008371353"
"20369","0.00046489015221595764","0.00046489015221595764","0.00046489015221595764"
"20373","0.0003039315342903137","0.0003039315342903137","0.0003039315342903137"
"20375","0.0005254987627267838","0.0005254987627267838","0.0005254987627267838"
"20377","0.002792995423078537","0.002792995423078537","0.002792995423078537"
"20379","0.0030289869755506516","0.0030289869755506516","0.0030289869755506516"
"20381","0.0018593724817037582","0.0018593724817037582","0.0018593724817037582"
"20385","0.0003770235925912857","0.0003770235925912857","0.0003770235925912857"
"20387","0.0008031018078327179","0.0008031018078327179","0.0008031018078327179"
"20389","0.0015710648149251938","0.0015710648149251938","0.0015710648149251938"
"20395","0.000051680952310562134","0.000051680952310562134","0.000051680952310562134"
"20397","0.0002718605101108551","0.0002718605101108551","0.0002718605101108551"
"20401","0.0006744693964719772","0.0006744693964719772","0.0006744693964719772"
"20403","0.0023187976330518723","0.0023187976330518723","0.0023187976330518723"
"20405","0.0013561714440584183","0.0013561714440584183","0.0013561714440584183"
"20407","0.006147010251879692","0.006147010251879692","0.006147010251879692"
"20411","0.01728059910237789","0.01728059910237789","0.01728059910237789"
"20413","0.0011758208274841309","0.0011758208274841309","0.0011758208274841309"
"20415","0.0002604033797979355","0.0002604033797979355","0.0002604033797979355"
"20417","0.000293659046292305","0.000293659046292305","0.000293659046292305"
"20419","0.00033418089151382446","0.00033418089151382446","0.00033418089151382446"
"20421","0.002826867625117302","0.002826867625117302","0.002826867625117302"
"20423","0.001096593216061592","0.001096593216061592","0.001096593216061592"
"20425","0.001621851697564125","0.001621851697564125","0.001621851697564125"
"20427","0.0000455174595117569","0.0000455174595117569","0.0000455174595117569"
"20429","0.00003354065120220184","0.00003354065120220184","0.00003354065120220184"
"20431","0.0001439303159713745","0.0001439303159713745","0.0001439303159713745"
"20433","0.001897025853395462","0.001897025853395462","0.001897025853395462"
"20435","0.0006996393203735352","0.0006996393203735352","0.0006996393203735352"
"20437","0.001166362315416336","0.001166362315416336","0.001166362315416336"
"20439","0.0010748319327831268","0.0010748319327831268","0.0010748319327831268"
"20441","0.000317377969622612","0.000317377969622612","0.000317377969622612"
"20443","0.011210354045033455","0.011210354045033455","0.011210354045033455"
"20445","0.00037499330937862396","0.00037499330937862396","0.00037499330937862396"
"20447","0.0001194048672914505","0.0001194048672914505","0.0001194048672914505"
"20449","0.0845237523317337","0.0845237523317337","0.0845237523317337"
"20451","0.0003814157098531723","0.0003814157098531723","0.0003814157098531723"
"20453","0.0027630385011434555","0.0027630385011434555","0.0027630385011434555"
"20457","0.000447617843747139","0.000447617843747139","0.000447617843747139"
"20465","0.00011136755347251892","0.00011136755347251892","0.00011136755347251892"
"20467","0.0006459653377532959","0.0006459653377532959","0.0006459653377532959"
"20471","0.005028730258345604","0.005028730258345604","0.005028730258345604"
"20473","0.00023109093308448792","0.00023109093308448792","0.00023109093308448792"
"20475","0.002212332561612129","0.002212332561612129","0.002212332561612129"
"20477","0.0008191578090190887","0.0008191578090190887","0.0008191578090190887"
"20481","0.00012600980699062347","0.00012600980699062347","0.00012600980699062347"
"20483","0.0041633490473032","0.0041633490473032","0.0041633490473032"
"20485","0.0068558137863874435","0.0068558137863874435","0.0068558137863874435"
"20487","0.0014829207211732864","0.0014829207211732864","0.0014829207211732864"
"20491","0.0002651512622833252","0.0002651512622833252","0.0002651512622833252"
"20493","0.0008162409067153931","0.0008162409067153931","0.0008162409067153931"
"20497","0.003782477229833603","0.003782477229833603","0.003782477229833603"
"20499","0.008819812908768654","0.008819812908768654","0.008819812908768654"
"20501","0.06253525614738464","0.06253525614738464","0.06253525614738464"
"20503","0.0032621286809444427","0.0032621286809444427","0.0032621286809444427"
"20505","0.003723297268152237","0.003723297268152237","0.003723297268152237"
"20507","0.0004387516528367996","0.0004387516528367996","0.0004387516528367996"
"20509","0.0006182603538036346","0.0006182603538036346","0.0006182603538036346"
"20511","0.0035313311964273453","0.0035313311964273453","0.0035313311964273453"
"20513","0.0008415505290031433","0.0008415505290031433","0.0008415505290031433"
"20515","0.0008816327899694443","0.0008816327899694443","0.0008816327899694443"
"20517","0.013434519991278648","0.013434519991278648","0.013434519991278648"
"20525","0.0002825036644935608","0.0002825036644935608","0.0002825036644935608"
"20527","0.00229719839990139","0.00229719839990139","0.00229719839990139"
"20529","0.00018579326570034027","0.00018579326570034027","0.00018579326570034027"
"20531","0.0008956454694271088","0.0008956454694271088","0.0008956454694271088"
"20533","0.0003369450569152832","0.0003369450569152832","0.0003369450569152832"
"20535","0.007916852831840515","0.007916852831840515","0.007916852831840515"
"20537","0.000050902366638183594","0.000050902366638183594","0.000050902366638183594"
"20539","0.00030691735446453094","0.00030691735446453094","0.00030691735446453094"
"20541","0.003385145217180252","0.003385145217180252","0.003385145217180252"
"20543","0.0016498826444149017","0.0016498826444149017","0.0016498826444149017"
"20545","0.0013443194329738617","0.0013443194329738617","0.0013443194329738617"
"20549","0.0042916759848594666","0.0042916759848594666","0.0042916759848594666"
"20551","0.00024513714015483856","0.00024513714015483856","0.00024513714015483856"
"20553","0.003091011196374893","0.003091011196374893","0.003091011196374893"
"20555","0.0007409341633319855","0.0007409341633319855","0.0007409341633319855"
"20561","0.00031982362270355225","0.00031982362270355225","0.00031982362270355225"
"20565","0.00029227137565612793","0.00029227137565612793","0.00029227137565612793"
"20567","0.00018964335322380066","0.00018964335322380066","0.00018964335322380066"
"20569","0.000036090612411499023","0.000036090612411499023","0.000036090612411499023"
"20573","0.003427790477871895","0.003427790477871895","0.003427790477871895"
"20577","0.002036990597844124","0.002036990597844124","0.002036990597844124"
"20581","0.004480484873056412","0.004480484873056412","0.004480484873056412"
"20585","0.00032986700534820557","0.00032986700534820557","0.00032986700534820557"
"20587","0.00035677477717399597","0.00035677477717399597","0.00035677477717399597"
"20589","0.0003657732158899307","0.0003657732158899307","0.0003657732158899307"
"20591","0.00011635944247245789","0.00011635944247245789","0.00011635944247245789"
"20595","0.006614625453948975","0.006614625453948975","0.006614625453948975"
"20597","0.00023585744202136993","0.00023585744202136993","0.00023585744202136993"
"20599","0.0045029167085886","0.0045029167085886","0.0045029167085886"
"20601","0.0035414043813943863","0.0035414043813943863","0.0035414043813943863"
"20603","0.016126640141010284","0.016126640141010284","0.016126640141010284"
"20605","0.0008011609315872192","0.0008011609315872192","0.0008011609315872192"
"20607","0.0028107650578022003","0.0028107650578022003","0.0028107650578022003"
"20609","0.00010066293179988861","0.00010066293179988861","0.00010066293179988861"
"20611","0.004825180396437645","0.004825180396437645","0.004825180396437645"
"20613","0.008341632783412933","0.008341632783412933","0.008341632783412933"
"20617","0.00026580318808555603","0.00026580318808555603","0.00026580318808555603"
"20619","0.0021151304244995117","0.0021151304244995117","0.0021151304244995117"
"20621","0.0019545163959264755","0.0019545163959264755","0.0019545163959264755"
"20623","0.0007249116897583008","0.0007249116897583008","0.0007249116897583008"
"20627","0.000580810010433197","0.000580810010433197","0.000580810010433197"
"20629","0.00046955421566963196","0.00046955421566963196","0.00046955421566963196"
"20633","0.0008858069777488708","0.0008858069777488708","0.0008858069777488708"
"20635","0.003271874040365219","0.003271874040365219","0.003271874040365219"
"20637","0.00022678077220916748","0.00022678077220916748","0.00022678077220916748"
"20639","0.0002477262169122696","0.0002477262169122696","0.0002477262169122696"
"20643","0.0006972793489694595","0.0006972793489694595","0.0006972793489694595"
"20645","0.03255879133939743","0.03255879133939743","0.03255879133939743"
"20647","0.00047670304775238037","0.00047670304775238037","0.00047670304775238037"
"20649","0.0029217880219221115","0.0029217880219221115","0.0029217880219221115"
"20653","0.003695875406265259","0.003695875406265259","0.003695875406265259"
"20655","0.0000571664422750473","0.0000571664422750473","0.0000571664422750473"
"20657","0.005450533702969551","0.005450533702969551","0.005450533702969551"
"20661","0.0014620497822761536","0.0014620497822761536","0.0014620497822761536"
"20665","0.0007842425256967545","0.0007842425256967545","0.0007842425256967545"
"20669","0.0024040285497903824","0.0024040285497903824","0.0024040285497903824"
"20671","0.0004103071987628937","0.0004103071987628937","0.0004103071987628937"
"20675","0.007219672203063965","0.007219672203063965","0.007219672203063965"
"20677","0.00034539029002189636","0.00034539029002189636","0.00034539029002189636"
"20679","0.026674870401620865","0.026674870401620865","0.026674870401620865"
"20681","0.0008493345230817795","0.0008493345230817795","0.0008493345230817795"
"20685","0.0002719815820455551","0.0002719815820455551","0.0002719815820455551"
"20687","0.0006961431354284286","0.0006961431354284286","0.0006961431354284286"
"20691","0.0010259468108415604","0.0010259468108415604","0.0010259468108415604"
"20693","0.00028827786445617676","0.00028827786445617676","0.00028827786445617676"
"20695","0.00008486025035381317","0.00008486025035381317","0.00008486025035381317"
"20697","0.008279766887426376","0.008279766887426376","0.008279766887426376"
"20699","0.003608968108892441","0.003608968108892441","0.003608968108892441"
"20701","0.019043762236833572","0.019043762236833572","0.019043762236833572"
"20707","0.0005015749484300613","0.0005015749484300613","0.0005015749484300613"
"20709","0.014359571039676666","0.014359571039676666","0.014359571039676666"
"20713","0.0012776143848896027","0.0012776143848896027","0.0012776143848896027"
"20715","0.004571523517370224","0.004571523517370224","0.004571523517370224"
"20717","0.02637030929327011","0.02637030929327011","0.02637030929327011"
"20719","0.00011693127453327179","0.00011693127453327179","0.00011693127453327179"
"20721","0.000786464661359787","0.000786464661359787","0.000786464661359787"
"20723","0.044093020260334015","0.044093020260334015","0.044093020260334015"
"20727","0.01071663573384285","0.01071663573384285","0.01071663573384285"
"20729","0.00010752864181995392","0.00010752864181995392","0.00010752864181995392"
"20733","0.003203419968485832","0.003203419968485832","0.003203419968485832"
"20735","0.00018995627760887146","0.00018995627760887146","0.00018995627760887146"
"20743","0.004149695858359337","0.004149695858359337","0.004149695858359337"
"20745","0.00007149390876293182","0.00007149390876293182","0.00007149390876293182"
"20747","0.0011688023805618286","0.0011688023805618286","0.0011688023805618286"
"20751","0.001065840944647789","0.001065840944647789","0.001065840944647789"
"20753","0.007379062473773956","0.007379062473773956","0.007379062473773956"
"20755","0.002218017354607582","0.002218017354607582","0.002218017354607582"
"20761","0.0002275165170431137","0.0002275165170431137","0.0002275165170431137"
"20765","0.0002452358603477478","0.0002452358603477478","0.0002452358603477478"
"20767","0.00026598386466503143","0.00026598386466503143","0.00026598386466503143"
"20769","0.023117179051041603","0.023117179051041603","0.023117179051041603"
"20771","0.010805131867527962","0.010805131867527962","0.010805131867527962"
"20773","0.001058243215084076","0.001058243215084076","0.001058243215084076"
"20775","0.017473306506872177","0.017473306506872177","0.017473306506872177"
"20777","0.00036175549030303955","0.00036175549030303955","0.00036175549030303955"
"20781","0.000011470168828964233","0.000011470168828964233","0.000011470168828964233"
"20783","0.0006231516599655151","0.0006231516599655151","0.0006231516599655151"
"20785","0.06003517657518387","0.06003517657518387","0.06003517657518387"
"20787","0.00012059509754180908","0.00012059509754180908","0.00012059509754180908"
"20789","0.00005171075463294983","0.00005171075463294983","0.00005171075463294983"
"20791","0.0005690008401870728","0.0005690008401870728","0.0005690008401870728"
"20793","0.0026857536286115646","0.0026857536286115646","0.0026857536286115646"
"20799","0.003932394087314606","0.003932394087314606","0.003932394087314606"
"20801","0.00016495399177074432","0.00016495399177074432","0.00016495399177074432"
"20803","0.0005342997610569","0.0005342997610569","0.0005342997610569"
"20805","0.0003612544387578964","0.0003612544387578964","0.0003612544387578964"
"20811","0.0004734061658382416","0.0004734061658382416","0.0004734061658382416"
"20818","0.002523127943277359","0.002523127943277359","0.002523127943277359"
"20820","0.0004412587732076645","0.0004412587732076645","0.0004412587732076645"
"20822","0.002277931198477745","0.002277931198477745","0.002277931198477745"
"20824","0.009941056370735168","0.009941056370735168","0.009941056370735168"
"20826","0.0009757205843925476","0.0009757205843925476","0.0009757205843925476"
"20828","0.019005144014954567","0.019005144014954567","0.019005144014954567"
"20830","0.0017429329454898834","0.0017429329454898834","0.0017429329454898834"
"20834","0.0025538671761751175","0.0025538671761751175","0.0025538671761751175"
"20836","0.00008996576070785522","0.00008996576070785522","0.00008996576070785522"
"20838","0.025245426222682","0.025245426222682","0.025245426222682"
"20840","0.007037349045276642","0.007037349045276642","0.007037349045276642"
"20842","0.00021557509899139404","0.00021557509899139404","0.00021557509899139404"
"20848","0.00004342570900917053","0.00004342570900917053","0.00004342570900917053"
"20850","0.0005426462739706039","0.0005426462739706039","0.0005426462739706039"
"20852","0.000029770657420158386","0.000029770657420158386","0.000029770657420158386"
"20854","0.0010205991566181183","0.0010205991566181183","0.0010205991566181183"
"20856","0.0019399244338274002","0.0019399244338274002","0.0019399244338274002"
"20858","0.002348225563764572","0.002348225563764572","0.002348225563764572"
"20862","0.0003392733633518219","0.0003392733633518219","0.0003392733633518219"
"20864","0.0008176248520612717","0.0008176248520612717","0.0008176248520612717"
"20866","0.002081887796521187","0.002081887796521187","0.002081887796521187"
"20868","0.0023563504219055176","0.0023563504219055176","0.0023563504219055176"
"20870","0.00006167963147163391","0.00006167963147163391","0.00006167963147163391"
"20872","0.0003220941871404648","0.0003220941871404648","0.0003220941871404648"
"20874","0.002240389585494995","0.002240389585494995","0.002240389585494995"
"20876","0.00034635327756404877","0.00034635327756404877","0.00034635327756404877"
"20878","0.013372952118515968","0.013372952118515968","0.013372952118515968"
"20880","0.0006901361048221588","0.0006901361048221588","0.0006901361048221588"
"20884","0.0005022063851356506","0.0005022063851356506","0.0005022063851356506"
"20888","0.0007539335638284683","0.0007539335638284683","0.0007539335638284683"
"20892","0.006646716967225075","0.006646716967225075","0.006646716967225075"
"20896","0.003600727766752243","0.003600727766752243","0.003600727766752243"
"20898","0.00025326572358608246","0.00025326572358608246","0.00025326572358608246"
"20902","0.0005398672074079514","0.0005398672074079514","0.0005398672074079514"
"20904","0.001340910792350769","0.001340910792350769","0.001340910792350769"
"20906","0.002360314130783081","0.002360314130783081","0.002360314130783081"
"20908","0.0013818759471178055","0.0013818759471178055","0.0013818759471178055"
"20910","0.0006104577332735062","0.0006104577332735062","0.0006104577332735062"
"20912","0.003880586475133896","0.003880586475133896","0.003880586475133896"
"20914","0.01059085875749588","0.01059085875749588","0.01059085875749588"
"20916","0.0026993677020072937","0.0026993677020072937","0.0026993677020072937"
"20920","0.003853127360343933","0.003853127360343933","0.003853127360343933"
"20922","0.002371702343225479","0.002371702343225479","0.002371702343225479"
"20924","0.00015185028314590454","0.00015185028314590454","0.00015185028314590454"
"20926","0.009072080254554749","0.009072080254554749","0.009072080254554749"
"20928","0.006901377812027931","0.006901377812027931","0.006901377812027931"
"20932","0.0001308303326368332","0.0001308303326368332","0.0001308303326368332"
"20934","0.00022332556545734406","0.00022332556545734406","0.00022332556545734406"
"20936","0.0001523103564977646","0.0001523103564977646","0.0001523103564977646"
"20938","0.0034419987350702286","0.0034419987350702286","0.0034419987350702286"
"20940","0.0001435745507478714","0.0001435745507478714","0.0001435745507478714"
"20942","0.001175854355096817","0.001175854355096817","0.001175854355096817"
"20944","0.003105930984020233","0.003105930984020233","0.003105930984020233"
"20946","0.002322722226381302","0.002322722226381302","0.002322722226381302"
"20950","0.0006756000220775604","0.0006756000220775604","0.0006756000220775604"
"20952","0.00017316266894340515","0.00017316266894340515","0.00017316266894340515"
"20954","0.000130530446767807","0.000130530446767807","0.000130530446767807"
"20958","0.0008346885442733765","0.0008346885442733765","0.0008346885442733765"
"20960","0.00007160194218158722","0.00007160194218158722","0.00007160194218158722"
"20964","0.0020874831825494766","0.0020874831825494766","0.0020874831825494766"
"20966","0.0034498535096645355","0.0034498535096645355","0.0034498535096645355"
"20974","0.00023780390620231628","0.00023780390620231628","0.00023780390620231628"
"20976","0.00014776550233364105","0.00014776550233364105","0.00014776550233364105"
"20978","0.034983228892087936","0.034983228892087936","0.034983228892087936"
"20980","0.0030771587044000626","0.0030771587044000626","0.0030771587044000626"
"20982","0.0008226353675127029","0.0008226353675127029","0.0008226353675127029"
"20984","0.0008666049689054489","0.0008666049689054489","0.0008666049689054489"
"20986","0.003091709688305855","0.003091709688305855","0.003091709688305855"
"20988","0.00047357380390167236","0.00047357380390167236","0.00047357380390167236"
"20990","0.025003695860505104","0.025003695860505104","0.025003695860505104"
"20992","0.0026200097054243088","0.0026200097054243088","0.0026200097054243088"
"20994","0.0003763865679502487","0.0003763865679502487","0.0003763865679502487"
"20998","0.0003438461571931839","0.0003438461571931839","0.0003438461571931839"
"21000","0.008598117157816887","0.008598117157816887","0.008598117157816887"
"21002","0.00023079663515090942","0.00023079663515090942","0.00023079663515090942"
"21004","0.028985343873500824","0.028985343873500824","0.028985343873500824"
"21006","0.011658376082777977","0.011658376082777977","0.011658376082777977"
"21008","0.011260010302066803","0.011260010302066803","0.011260010302066803"
"21010","0.00006186217069625854","0.00006186217069625854","0.00006186217069625854"
"21014","0.017046639695763588","0.017046639695763588","0.017046639695763588"
"21018","0.0007277783006429672","0.0007277783006429672","0.0007277783006429672"
"21020","0.00107642263174057","0.00107642263174057","0.00107642263174057"
"21026","0.0008305348455905914","0.0008305348455905914","0.0008305348455905914"
"21030","0.0016308017075061798","0.0016308017075061798","0.0016308017075061798"
"21032","0.0024082008749246597","0.0024082008749246597","0.0024082008749246597"
"21034","0.000525282695889473","0.000525282695889473","0.000525282695889473"
"21036","0.0027594882994890213","0.0027594882994890213","0.0027594882994890213"
"21038","0.0068888235837221146","0.0068888235837221146","0.0068888235837221146"
"21040","0.000955658033490181","0.000955658033490181","0.000955658033490181"
"21044","0.0033836141228675842","0.0033836141228675842","0.0033836141228675842"
"21046","0.009660448879003525","0.009660448879003525","0.009660448879003525"
"21048","0.002657802775502205","0.002657802775502205","0.002657802775502205"
"21050","0.005369845777750015","0.005369845777750015","0.005369845777750015"
"21052","0.001904347911477089","0.001904347911477089","0.001904347911477089"
"21054","0.0010486282408237457","0.0010486282408237457","0.0010486282408237457"
"21056","0.019633812829852104","0.019633812829852104","0.019633812829852104"
"21058","0.0009101554751396179","0.0009101554751396179","0.0009101554751396179"
"21060","0.0008224714547395706","0.0008224714547395706","0.0008224714547395706"
"21064","0.0012155696749687195","0.0012155696749687195","0.0012155696749687195"
"21066","0.002066992223262787","0.002066992223262787","0.002066992223262787"
"21068","0.0003476794809103012","0.0003476794809103012","0.0003476794809103012"
"21070","0.0004279501736164093","0.0004279501736164093","0.0004279501736164093"
"21072","0.005510276183485985","0.005510276183485985","0.005510276183485985"
"21076","0.0009670108556747437","0.0009670108556747437","0.0009670108556747437"
"21078","0.00009199045598506927","0.00009199045598506927","0.00009199045598506927"
"21080","0.00023334287106990814","0.00023334287106990814","0.00023334287106990814"
"21082","0.0021629612892866135","0.0021629612892866135","0.0021629612892866135"
"21086","0.00025069713592529297","0.00025069713592529297","0.00025069713592529297"
"21088","0.00035328976809978485","0.00035328976809978485","0.00035328976809978485"
"21090","0.0001259036362171173","0.0001259036362171173","0.0001259036362171173"
"21094","0.00077044777572155","0.00077044777572155","0.00077044777572155"
"21096","0.0017271582037210464","0.0017271582037210464","0.0017271582037210464"
"21102","0.00020851008594036102","0.00020851008594036102","0.00020851008594036102"
"21104","0.0004742015153169632","0.0004742015153169632","0.0004742015153169632"
"21106","0.000683153048157692","0.000683153048157692","0.000683153048157692"
"21116","0.0006417687982320786","0.0006417687982320786","0.0006417687982320786"
"21118","0.03952503949403763","0.03952503949403763","0.03952503949403763"
"21120","0.0018221419304609299","0.0018221419304609299","0.0018221419304609299"
"21122","0.01006702147424221","0.01006702147424221","0.01006702147424221"
"21124","0.001828538253903389","0.001828538253903389","0.001828538253903389"
"21126","0.0013335496187210083","0.0013335496187210083","0.0013335496187210083"
"21128","0.0564364492893219","0.0564364492893219","0.0564364492893219"
"21132","0.009890690445899963","0.009890690445899963","0.009890690445899963"
"21134","0.0066681839525699615","0.0066681839525699615","0.0066681839525699615"
"21136","0.0008615422993898392","0.0008615422993898392","0.0008615422993898392"
"21138","0.0002769622951745987","0.0002769622951745987","0.0002769622951745987"
"21140","0.021534642204642296","0.021534642204642296","0.021534642204642296"
"21142","0.000052168965339660645","0.000052168965339660645","0.000052168965339660645"
"21144","0.005900949239730835","0.005900949239730835","0.005900949239730835"
"21146","0.00011871941387653351","0.00011871941387653351","0.00011871941387653351"
"21148","0.00006592273712158203","0.00006592273712158203","0.00006592273712158203"
"21150","0.000590713694691658","0.000590713694691658","0.000590713694691658"
"21152","0.002741048112511635","0.002741048112511635","0.002741048112511635"
"21154","0.00044914335012435913","0.00044914335012435913","0.00044914335012435913"
"21156","0.0007181353867053986","0.0007181353867053986","0.0007181353867053986"
"21158","0.002467148005962372","0.002467148005962372","0.002467148005962372"
"21160","0.0004768073558807373","0.0004768073558807373","0.0004768073558807373"
"21162","0.00009659305214881897","0.00009659305214881897","0.00009659305214881897"
"21164","0.000112876296043396","0.000112876296043396","0.000112876296043396"
"21168","0.0005146637558937073","0.0005146637558937073","0.0005146637558937073"
"21170","0.00048365630209445953","0.00048365630209445953","0.00048365630209445953"
"21172","0.0029883012175559998","0.0029883012175559998","0.0029883012175559998"
"21174","0.0015551000833511353","0.0015551000833511353","0.0015551000833511353"
"21176","0.00024774670600891113","0.00024774670600891113","0.00024774670600891113"
"21178","0.00010484829545021057","0.00010484829545021057","0.00010484829545021057"
"21180","0.0032771993428468704","0.0032771993428468704","0.0032771993428468704"
"21182","0.0056711360812187195","0.0056711360812187195","0.0056711360812187195"
"21184","0.0008307415992021561","0.0008307415992021561","0.0008307415992021561"
"21186","0.019198957830667496","0.019198957830667496","0.019198957830667496"
"21188","0.003629324957728386","0.003629324957728386","0.003629324957728386"
"21190","0.001222485676407814","0.001222485676407814","0.001222485676407814"
"21194","0.00006319954991340637","0.00006319954991340637","0.00006319954991340637"
"21198","0.0015498548746109009","0.0015498548746109009","0.0015498548746109009"
"21200","0.00023852288722991943","0.00023852288722991943","0.00023852288722991943"
"21202","0.031184103339910507","0.031184103339910507","0.031184103339910507"
"21204","0.000609399750828743","0.000609399750828743","0.000609399750828743"
"21210","0.000028157606720924377","0.000028157606720924377","0.000028157606720924377"
"21214","0.0012139566242694855","0.0012139566242694855","0.0012139566242694855"
"21218","0.00003913789987564087","0.00003913789987564087","0.00003913789987564087"
"21220","0.0022971685975790024","0.0022971685975790024","0.0022971685975790024"
"21224","0.0000467151403427124","0.0000467151403427124","0.0000467151403427124"
"21226","0.00009741261601448059","0.00009741261601448059","0.00009741261601448059"
"21228","0.0029632672667503357","0.0029632672667503357","0.0029632672667503357"
"21230","0.003746550530195236","0.003746550530195236","0.003746550530195236"
"21238","0.000310579314827919","0.000310579314827919","0.000310579314827919"
"21240","0.0019020307809114456","0.0019020307809114456","0.0019020307809114456"
"21244","0.0012096036225557327","0.0012096036225557327","0.0012096036225557327"
"21246","0.0008842907845973969","0.0008842907845973969","0.0008842907845973969"
"21248","0.005831258371472359","0.005831258371472359","0.005831258371472359"
"21250","0.00023821741342544556","0.00023821741342544556","0.00023821741342544556"
"21254","0.00016538426280021667","0.00016538426280021667","0.00016538426280021667"
"21256","0.006737107411026955","0.006737107411026955","0.006737107411026955"
"21258","0.04920644313097","0.04920644313097","0.04920644313097"
"21260","0.0005463864654302597","0.0005463864654302597","0.0005463864654302597"
"21262","0.0003974437713623047","0.0003974437713623047","0.0003974437713623047"
"21264","0.0002952106297016144","0.0002952106297016144","0.0002952106297016144"
"21266","0.0017311125993728638","0.0017311125993728638","0.0017311125993728638"
"21268","0.0001723114401102066","0.0001723114401102066","0.0001723114401102066"
"21270","0.00342487171292305","0.00342487171292305","0.00342487171292305"
"21272","0.00165560282766819","0.00165560282766819","0.00165560282766819"
"21274","0.00034857913851737976","0.00034857913851737976","0.00034857913851737976"
"21276","0.0002977084368467331","0.0002977084368467331","0.0002977084368467331"
"21278","0.0005271732807159424","0.0005271732807159424","0.0005271732807159424"
"21280","0.005099644884467125","0.005099644884467125","0.005099644884467125"
"21282","0.0006882436573505402","0.0006882436573505402","0.0006882436573505402"
"21284","0.0000399760901927948","0.0000399760901927948","0.0000399760901927948"
"21286","0.0009062774479389191","0.0009062774479389191","0.0009062774479389191"
"21292","0.0002526789903640747","0.0002526789903640747","0.0002526789903640747"
"21296","0.002703661099076271","0.002703661099076271","0.002703661099076271"
"21298","0.001110890880227089","0.001110890880227089","0.001110890880227089"
"21300","0.0009506456553936005","0.0009506456553936005","0.0009506456553936005"
"21304","0.0030441563576459885","0.0030441563576459885","0.0030441563576459885"
"21306","0.0020858626812696457","0.0020858626812696457","0.0020858626812696457"
"21308","0.0020073913037776947","0.0020073913037776947","0.0020073913037776947"
"21312","0.00008838996291160583","0.00008838996291160583","0.00008838996291160583"
"21314","0.0020189061760902405","0.0020189061760902405","0.0020189061760902405"
"21316","0.00007216818630695343","0.00007216818630695343","0.00007216818630695343"
"21328","0.00002744235098361969","0.00002744235098361969","0.00002744235098361969"
"21330","0.0005912873893976212","0.0005912873893976212","0.0005912873893976212"
"21332","0.0004589315503835678","0.0004589315503835678","0.0004589315503835678"
"21336","0.001081334426999092","0.001081334426999092","0.001081334426999092"
"21338","0.00010475888848304749","0.00010475888848304749","0.00010475888848304749"
"21340","0.00018021278083324432","0.00018021278083324432","0.00018021278083324432"
"21347","0.00861799530684948","0.00861799530684948","0.00861799530684948"
"21349","0.0001416243612766266","0.0001416243612766266","0.0001416243612766266"
"21351","0.00034395232796669006","0.00034395232796669006","0.00034395232796669006"
"21355","0.004962608218193054","0.004962608218193054","0.004962608218193054"
"21357","0.02491746097803116","0.02491746097803116","0.02491746097803116"
"21359","0.00004714354872703552","0.00004714354872703552","0.00004714354872703552"
"21361","0.10039088875055313","0.10039088875055313","0.10039088875055313"
"21365","0.0009504519402980804","0.0009504519402980804","0.0009504519402980804"
"21373","0.0007482860237360001","0.0007482860237360001","0.0007482860237360001"
"21375","0.009501582011580467","0.009501582011580467","0.009501582011580467"
"21377","0.0009448342025279999","0.0009448342025279999","0.0009448342025279999"
"21379","0.031100893393158913","0.031100893393158913","0.031100893393158913"
"21381","0.002332933247089386","0.002332933247089386","0.002332933247089386"
"21385","0.0006671752780675888","0.0006671752780675888","0.0006671752780675888"
"21387","0.00124393031001091","0.00124393031001091","0.00124393031001091"
"21389","0.00024070404469966888","0.00024070404469966888","0.00024070404469966888"
"21391","0.028002412989735603","0.028002412989735603","0.028002412989735603"
"21393","0.00012185797095298767","0.00012185797095298767","0.00012185797095298767"
"21395","0.00011795572936534882","0.00011795572936534882","0.00011795572936534882"
"21397","0.0003152657300233841","0.0003152657300233841","0.0003152657300233841"
"21399","0.0000590495765209198","0.0000590495765209198","0.0000590495765209198"
"21401","0.0022512897849082947","0.0022512897849082947","0.0022512897849082947"
"21403","0.04173674434423447","0.04173674434423447","0.04173674434423447"
"21405","0.00018805265426635742","0.00018805265426635742","0.00018805265426635742"
"21407","0.0002961624413728714","0.0002961624413728714","0.0002961624413728714"
"21409","0.00008365325629711151","0.00008365325629711151","0.00008365325629711151"
"21417","0.000714695081114769","0.000714695081114769","0.000714695081114769"
"21421","0.00019209086894989014","0.00019209086894989014","0.00019209086894989014"
"21425","0.00794660858809948","0.00794660858809948","0.00794660858809948"
"21429","0.004724781960248947","0.004724781960248947","0.004724781960248947"
"21433","0.004506984725594521","0.004506984725594521","0.004506984725594521"
"21439","0.0003524851053953171","0.0003524851053953171","0.0003524851053953171"
"21441","0.0024051349610090256","0.0024051349610090256","0.0024051349610090256"
"21443","0.0001867283135652542","0.0001867283135652542","0.0001867283135652542"
"21445","0.00040077604353427887","0.00040077604353427887","0.00040077604353427887"
"21447","0.0012442097067832947","0.0012442097067832947","0.0012442097067832947"
"21449","0.0010909345000982285","0.0010909345000982285","0.0010909345000982285"
"21451","0.02678700163960457","0.02678700163960457","0.02678700163960457"
"21453","0.0002662874758243561","0.0002662874758243561","0.0002662874758243561"
"21455","0.00013664551079273224","0.00013664551079273224","0.00013664551079273224"
"21459","0.01067984290421009","0.01067984290421009","0.01067984290421009"
"21461","0.0007347874343395233","0.0007347874343395233","0.0007347874343395233"
"21463","0.009663140401244164","0.009663140401244164","0.009663140401244164"
"21465","0.006042927503585815","0.006042927503585815","0.006042927503585815"
"21467","0.0012789871543645859","0.0012789871543645859","0.0012789871543645859"
"21469","0.003986993804574013","0.003986993804574013","0.003986993804574013"
"21473","0.0012973789125680923","0.0012973789125680923","0.0012973789125680923"
"21477","0.0001488029956817627","0.0001488029956817627","0.0001488029956817627"
"21479","0.0005107223987579346","0.0005107223987579346","0.0005107223987579346"
"21481","0.002413729205727577","0.002413729205727577","0.002413729205727577"
"21483","0.006616828963160515","0.006616828963160515","0.006616828963160515"
"21485","0.00011766143143177032","0.00011766143143177032","0.00011766143143177032"
"21487","0.005075138062238693","0.005075138062238693","0.005075138062238693"
"21489","0.0006900746375322342","0.0006900746375322342","0.0006900746375322342"
"21491","0.0005290936678647995","0.0005290936678647995","0.0005290936678647995"
"21493","0.002184338867664337","0.002184338867664337","0.002184338867664337"
"21499","0.0005413014441728592","0.0005413014441728592","0.0005413014441728592"
"21501","0.000055497512221336365","0.000055497512221336365","0.000055497512221336365"
"21505","0.0023961104452610016","0.0023961104452610016","0.0023961104452610016"
"21507","0.0034695658832788467","0.0034695658832788467","0.0034695658832788467"
"21509","0.0011747702956199646","0.0011747702956199646","0.0011747702956199646"
"21513","0.00007734820246696472","0.00007734820246696472","0.00007734820246696472"
"21517","0.0004024375230073929","0.0004024375230073929","0.0004024375230073929"
"21519","0.00012578628957271576","0.00012578628957271576","0.00012578628957271576"
"21523","0.022440196946263313","0.022440196946263313","0.022440196946263313"
"21527","0.0007244963198900223","0.0007244963198900223","0.0007244963198900223"
"21529","0.005117017775774002","0.005117017775774002","0.005117017775774002"
"21533","0.0012479498982429504","0.0012479498982429504","0.0012479498982429504"
"21535","0.0005435515195131302","0.0005435515195131302","0.0005435515195131302"
"21537","0.0005596298724412918","0.0005596298724412918","0.0005596298724412918"
"21539","0.002201184630393982","0.002201184630393982","0.002201184630393982"
"21541","0.0009375959634780884","0.0009375959634780884","0.0009375959634780884"
"21543","0.000298473984003067","0.000298473984003067","0.000298473984003067"
"21547","0.00013154372572898865","0.00013154372572898865","0.00013154372572898865"
"21549","0.00006974488496780396","0.00006974488496780396","0.00006974488496780396"
"21553","0.0009859539568424225","0.0009859539568424225","0.0009859539568424225"
"21555","0.00034824758768081665","0.00034824758768081665","0.00034824758768081665"
"21557","0.0031416956335306168","0.0031416956335306168","0.0031416956335306168"
"21561","0.0006278567016124725","0.0006278567016124725","0.0006278567016124725"
"21565","0.00068717822432518","0.00068717822432518","0.00068717822432518"
"21567","0.00031075067818164825","0.00031075067818164825","0.00031075067818164825"
"21569","0.0005953535437583923","0.0005953535437583923","0.0005953535437583923"
"21571","0.0046419017016887665","0.0046419017016887665","0.0046419017016887665"
"21573","0.001739349216222763","0.001739349216222763","0.001739349216222763"
"21575","0.00017316825687885284","0.00017316825687885284","0.00017316825687885284"
"21577","0.00002138875424861908","0.00002138875424861908","0.00002138875424861908"
"21581","0.0009284801781177521","0.0009284801781177521","0.0009284801781177521"
"21583","0.0056833550333976746","0.0056833550333976746","0.0056833550333976746"
"21585","0.00010039471089839935","0.00010039471089839935","0.00010039471089839935"
"21587","0.0007647965103387833","0.0007647965103387833","0.0007647965103387833"
"21589","0.0004477221518754959","0.0004477221518754959","0.0004477221518754959"
"21591","0.010619238018989563","0.010619238018989563","0.010619238018989563"
"21597","0.00030454061925411224","0.00030454061925411224","0.00030454061925411224"
"21599","0.0005328729748725891","0.0005328729748725891","0.0005328729748725891"
"21601","0.005405068397521973","0.005405068397521973","0.005405068397521973"
"21603","0.0006289426237344742","0.0006289426237344742","0.0006289426237344742"
"21607","0.002990851178765297","0.002990851178765297","0.002990851178765297"
"21609","0.0024879146367311478","0.0024879146367311478","0.0024879146367311478"
"21611","0.00014657527208328247","0.00014657527208328247","0.00014657527208328247"
"21617","0.0009321738034486771","0.0009321738034486771","0.0009321738034486771"
"21619","0.003231797367334366","0.003231797367334366","0.003231797367334366"
"21621","0.002685610204935074","0.002685610204935074","0.002685610204935074"
"21625","0.00004614889621734619","0.00004614889621734619","0.00004614889621734619"
"21627","0.0001510120928287506","0.0001510120928287506","0.0001510120928287506"
"21629","0.003055127337574959","0.003055127337574959","0.003055127337574959"
"21631","0.0006125345826148987","0.0006125345826148987","0.0006125345826148987"
"21633","0.018183670938014984","0.018183670938014984","0.018183670938014984"
"21637","0.0008290447294712067","0.0008290447294712067","0.0008290447294712067"
"21639","0.0009377766400575638","0.0009377766400575638","0.0009377766400575638"
"21641","0.0013098232448101044","0.0013098232448101044","0.0013098232448101044"
"21645","0.00015104375779628754","0.00015104375779628754","0.00015104375779628754"
"21647","0.000010518357157707214","0.000010518357157707214","0.000010518357157707214"
"21649","0.0008033625781536102","0.0008033625781536102","0.0008033625781536102"
"21651","0.00021008029580116272","0.00021008029580116272","0.00021008029580116272"
"21653","0.0002659931778907776","0.0002659931778907776","0.0002659931778907776"
"21657","0.0002265647053718567","0.0002265647053718567","0.0002265647053718567"
"21663","0.00026461854577064514","0.00026461854577064514","0.00026461854577064514"
"21665","0.0013652406632900238","0.0013652406632900238","0.0013652406632900238"
"21667","0.00031137093901634216","0.00031137093901634216","0.00031137093901634216"
"21669","0.00004244782030582428","0.00004244782030582428","0.00004244782030582428"
"21671","0.0013824142515659332","0.0013824142515659332","0.0013824142515659332"
"21675","0.00025957077741622925","0.00025957077741622925","0.00025957077741622925"
"21677","0.0012264903634786606","0.0012264903634786606","0.0012264903634786606"
"21679","0.03589057922363281","0.03589057922363281","0.03589057922363281"
"21681","0.000043312087655067444","0.000043312087655067444","0.000043312087655067444"
"21685","0.00024089962244033813","0.00024089962244033813","0.00024089962244033813"
"21687","0.0006408393383026123","0.0006408393383026123","0.0006408393383026123"
"21689","0.0007983874529600143","0.0007983874529600143","0.0007983874529600143"
"21691","0.0003579556941986084","0.0003579556941986084","0.0003579556941986084"
"21693","0.00024972856044769287","0.00024972856044769287","0.00024972856044769287"
"21697","0.000924995169043541","0.000924995169043541","0.000924995169043541"
"21699","0.0024887006729841232","0.0024887006729841232","0.0024887006729841232"
"21701","0.00008409842848777771","0.00008409842848777771","0.00008409842848777771"
"21703","0.00007357262074947357","0.00007357262074947357","0.00007357262074947357"
"21705","0.0006873253732919693","0.0006873253732919693","0.0006873253732919693"
"21707","0.01735115796327591","0.01735115796327591","0.01735115796327591"
"21711","0.0009891241788864136","0.0009891241788864136","0.0009891241788864136"
"21713","0.0005315430462360382","0.0005315430462360382","0.0005315430462360382"
"21717","0.020527606830000877","0.020527606830000877","0.020527606830000877"
"21719","0.00011646002531051636","0.00011646002531051636","0.00011646002531051636"
"21721","0.0003624614328145981","0.0003624614328145981","0.0003624614328145981"
"21723","0.0005581174045801163","0.0005581174045801163","0.0005581174045801163"
"21727","0.0009770505130290985","0.0009770505130290985","0.0009770505130290985"
"21729","0.004978742450475693","0.004978742450475693","0.004978742450475693"
"21735","0.0002691224217414856","0.0002691224217414856","0.0002691224217414856"
"21737","0.0012775827199220657","0.0012775827199220657","0.0012775827199220657"
"21739","0.02029920555651188","0.02029920555651188","0.02029920555651188"
"21741","0.0011359509080648422","0.0011359509080648422","0.0011359509080648422"
"21745","0.0020156633108854294","0.0020156633108854294","0.0020156633108854294"
"21747","0.000043511390686035156","0.000043511390686035156","0.000043511390686035156"
"21749","0.002722935751080513","0.002722935751080513","0.002722935751080513"
"21751","0.000382913276553154","0.000382913276553154","0.000382913276553154"
"21755","0.00040673650801181793","0.00040673650801181793","0.00040673650801181793"
"21757","0.00039241276681423187","0.00039241276681423187","0.00039241276681423187"
"21761","0.0013754479587078094","0.0013754479587078094","0.0013754479587078094"
"21763","0.0001335926353931427","0.0001335926353931427","0.0001335926353931427"
"21765","0.012790821492671967","0.012790821492671967","0.012790821492671967"
"21767","0.00021929480135440826","0.00021929480135440826","0.00021929480135440826"
"21769","0.0009897854179143906","0.0009897854179143906","0.0009897854179143906"
"21771","0.002302955836057663","0.002302955836057663","0.002302955836057663"
"21775","0.00031624361872673035","0.00031624361872673035","0.00031624361872673035"
"21777","0.0003568902611732483","0.0003568902611732483","0.0003568902611732483"
"21779","0.00021877698600292206","0.00021877698600292206","0.00021877698600292206"
"21781","0.0010790079832077026","0.0010790079832077026","0.0010790079832077026"
"21783","0.0049086809158325195","0.0049086809158325195","0.0049086809158325195"
"21787","0.0007810797542333603","0.0007810797542333603","0.0007810797542333603"
"21789","0.000519944354891777","0.000519944354891777","0.000519944354891777"
"21791","0.010405775159597397","0.010405775159597397","0.010405775159597397"
"21793","0.012141529470682144","0.012141529470682144","0.012141529470682144"
"21795","0.001314368098974228","0.001314368098974228","0.001314368098974228"
"21797","0.008464345708489418","0.008464345708489418","0.008464345708489418"
"21799","0.02146264910697937","0.02146264910697937","0.02146264910697937"
"21801","0.00039298832416534424","0.00039298832416534424","0.00039298832416534424"
"21803","0.00048152171075344086","0.00048152171075344086","0.00048152171075344086"
"21805","0.007040524855256081","0.007040524855256081","0.007040524855256081"
"21807","0.007716698572039604","0.007716698572039604","0.007716698572039604"
"21809","0.00002616085112094879","0.00002616085112094879","0.00002616085112094879"
"21813","0.00006355531513690948","0.00006355531513690948","0.00006355531513690948"
"21815","0.0007301121950149536","0.0007301121950149536","0.0007301121950149536"
"21817","0.00013892166316509247","0.00013892166316509247","0.00013892166316509247"
"21819","0.00011614151298999786","0.00011614151298999786","0.00011614151298999786"
"21825","0.0005073137581348419","0.0005073137581348419","0.0005073137581348419"
"21827","0.00025023147463798523","0.00025023147463798523","0.00025023147463798523"
"21829","0.005667537450790405","0.005667537450790405","0.005667537450790405"
"21831","0.0062873754650354385","0.0062873754650354385","0.0062873754650354385"
"21833","0.015248790383338928","0.015248790383338928","0.015248790383338928"
"21837","0.0000806562602519989","0.0000806562602519989","0.0000806562602519989"
"21839","0.00047809816896915436","0.00047809816896915436","0.00047809816896915436"
"21843","0.010810771957039833","0.010810771957039833","0.010810771957039833"
"21847","0.0018959101289510727","0.0018959101289510727","0.0018959101289510727"
"21851","0.0025796331465244293","0.0025796331465244293","0.0025796331465244293"
"21857","0.006968514993786812","0.006968514993786812","0.006968514993786812"
"21859","0.0018259081989526749","0.0018259081989526749","0.0018259081989526749"
"21861","0.0006354190409183502","0.0006354190409183502","0.0006354190409183502"
"21863","0.008403629064559937","0.008403629064559937","0.008403629064559937"
"21865","0.007415454834699631","0.007415454834699631","0.007415454834699631"
"21867","0.01639767736196518","0.01639767736196518","0.01639767736196518"
"21874","0.0004936978220939636","0.0004936978220939636","0.0004936978220939636"
"21878","0.004041625186800957","0.004041625186800957","0.004041625186800957"
"21880","0.09474828839302063","0.09474828839302063","0.09474828839302063"
"21882","0.010939888656139374","0.010939888656139374","0.010939888656139374"
"21884","0.008599219843745232","0.008599219843745232","0.008599219843745232"
"21886","0.0003296658396720886","0.0003296658396720886","0.0003296658396720886"
"21888","0.000360218808054924","0.000360218808054924","0.000360218808054924"
"21890","0.00048172473907470703","0.00048172473907470703","0.00048172473907470703"
"21892","0.0024871882051229477","0.0024871882051229477","0.0024871882051229477"
"21894","0.0021854136139154434","0.0021854136139154434","0.0021854136139154434"
"21896","0.0005005449056625366","0.0005005449056625366","0.0005005449056625366"
"21898","0.00011260621249675751","0.00011260621249675751","0.00011260621249675751"
"21900","0.004506150260567665","0.004506150260567665","0.004506150260567665"
"21902","0.0005074292421340942","0.0005074292421340942","0.0005074292421340942"
"21904","0.000050613656640052795","0.000050613656640052795","0.000050613656640052795"
"21910","0.0004527270793914795","0.0004527270793914795","0.0004527270793914795"
"21912","0.00037841126322746277","0.00037841126322746277","0.00037841126322746277"
"21914","0.022343400865793228","0.022343400865793228","0.022343400865793228"
"21916","0.0005512721836566925","0.0005512721836566925","0.0005512721836566925"
"21918","0.0020896829664707184","0.0020896829664707184","0.0020896829664707184"
"21922","0.0007237996906042099","0.0007237996906042099","0.0007237996906042099"
"21924","0.00015344098210334778","0.00015344098210334778","0.00015344098210334778"
"21928","0.0002535507082939148","0.0002535507082939148","0.0002535507082939148"
"21932","0.000015178695321083069","0.000015178695321083069","0.000015178695321083069"
"21934","0.0006442870944738388","0.0006442870944738388","0.0006442870944738388"
"21936","0.00018883682787418365","0.00018883682787418365","0.00018883682787418365"
"21938","0.0014287009835243225","0.0014287009835243225","0.0014287009835243225"
"21942","0.0001378878951072693","0.0001378878951072693","0.0001378878951072693"
"21944","0.00008029118180274963","0.00008029118180274963","0.00008029118180274963"
"21946","0.0010057799518108368","0.0010057799518108368","0.0010057799518108368"
"21948","0.0012315772473812103","0.0012315772473812103","0.0012315772473812103"
"21950","0.0005371533334255219","0.0005371533334255219","0.0005371533334255219"
"21952","0.00224272720515728","0.00224272720515728","0.00224272720515728"
"21956","0.0006459280848503113","0.0006459280848503113","0.0006459280848503113"
"21958","0.00031289830803871155","0.00031289830803871155","0.00031289830803871155"
"21960","0.00007048062980175018","0.00007048062980175018","0.00007048062980175018"
"21966","0.0003957245498895645","0.0003957245498895645","0.0003957245498895645"
"21968","0.00040733814239501953","0.00040733814239501953","0.00040733814239501953"
"21970","0.002640383318066597","0.002640383318066597","0.002640383318066597"
"21972","0.006338890641927719","0.006338890641927719","0.006338890641927719"
"21974","0.00045094452798366547","0.00045094452798366547","0.00045094452798366547"
"21976","0.0003434624522924423","0.0003434624522924423","0.0003434624522924423"
"21978","0.00009920820593833923","0.00009920820593833923","0.00009920820593833923"
"21980","0.0005774553865194321","0.0005774553865194321","0.0005774553865194321"
"21982","0.020980890840291977","0.020980890840291977","0.020980890840291977"
"21986","0.003069905564188957","0.003069905564188957","0.003069905564188957"
"21988","0.0009355228394269943","0.0009355228394269943","0.0009355228394269943"
"21990","0.0006263516843318939","0.0006263516843318939","0.0006263516843318939"
"21992","0.0029976144433021545","0.0029976144433021545","0.0029976144433021545"
"21994","0.0001611318439245224","0.0001611318439245224","0.0001611318439245224"
"21996","0.00009527616202831268","0.00009527616202831268","0.00009527616202831268"
"21998","0.00015175901353359222","0.00015175901353359222","0.00015175901353359222"
"22000","0.0007405523210763931","0.0007405523210763931","0.0007405523210763931"
"22004","0.004319533705711365","0.004319533705711365","0.004319533705711365"
"22006","0.00009219907224178314","0.00009219907224178314","0.00009219907224178314"
"22008","0.00009571388363838196","0.00009571388363838196","0.00009571388363838196"
"22010","0.0021045710891485214","0.0021045710891485214","0.0021045710891485214"
"22014","0.009143123403191566","0.009143123403191566","0.009143123403191566"
"22016","0.0007762406021356583","0.0007762406021356583","0.0007762406021356583"
"22018","0.0038917865604162216","0.0038917865604162216","0.0038917865604162216"
"22020","0.00008829496800899506","0.00008829496800899506","0.00008829496800899506"
"22022","0.016082899644970894","0.016082899644970894","0.016082899644970894"
"22024","0.00015500187873840332","0.00015500187873840332","0.00015500187873840332"
"22028","0.0002738572657108307","0.0002738572657108307","0.0002738572657108307"
"22030","0.000780375674366951","0.000780375674366951","0.000780375674366951"
"22032","0.0004200991243124008","0.0004200991243124008","0.0004200991243124008"
"22034","0.00019023939967155457","0.00019023939967155457","0.00019023939967155457"
"22038","0.0001885388046503067","0.0001885388046503067","0.0001885388046503067"
"22040","0.0006301924586296082","0.0006301924586296082","0.0006301924586296082"
"22042","0.02262621931731701","0.02262621931731701","0.02262621931731701"
"22044","0.0027779508382081985","0.0027779508382081985","0.0027779508382081985"
"22048","0.002095703035593033","0.002095703035593033","0.002095703035593033"
"22050","0.0024414528161287308","0.0024414528161287308","0.0024414528161287308"
"22052","0.0032157711684703827","0.0032157711684703827","0.0032157711684703827"
"22054","0.007300740107893944","0.007300740107893944","0.007300740107893944"
"22058","0.0019156131893396378","0.0019156131893396378","0.0019156131893396378"
"22060","0.00026396289467811584","0.00026396289467811584","0.00026396289467811584"
"22062","0.005456052720546722","0.005456052720546722","0.005456052720546722"
"22064","0.0005823615938425064","0.0005823615938425064","0.0005823615938425064"
"22068","0.0002949479967355728","0.0002949479967355728","0.0002949479967355728"
"22072","0.006860354915261269","0.006860354915261269","0.006860354915261269"
"22074","0.0005880575627088547","0.0005880575627088547","0.0005880575627088547"
"22076","0.007366646081209183","0.007366646081209183","0.007366646081209183"
"22084","0.002804698422551155","0.002804698422551155","0.002804698422551155"
"22088","0.00036516226828098297","0.00036516226828098297","0.00036516226828098297"
"22090","0.0004384368658065796","0.0004384368658065796","0.0004384368658065796"
"22092","0.006386781111359596","0.006386781111359596","0.006386781111359596"
"22094","0.0026750992983579636","0.0026750992983579636","0.0026750992983579636"
"22096","0.004987295717000961","0.004987295717000961","0.004987295717000961"
"22098","0.000048119574785232544","0.000048119574785232544","0.000048119574785232544"
"22100","0.0008582379668951035","0.0008582379668951035","0.0008582379668951035"
"22102","0.00003055483102798462","0.00003055483102798462","0.00003055483102798462"
"22104","0.0007233619689941406","0.0007233619689941406","0.0007233619689941406"
"22106","0.0009855758398771286","0.0009855758398771286","0.0009855758398771286"
"22108","0.0012512542307376862","0.0012512542307376862","0.0012512542307376862"
"22112","0.009514683857560158","0.009514683857560158","0.009514683857560158"
"22114","0.0005020704120397568","0.0005020704120397568","0.0005020704120397568"
"22116","0.0034188516438007355","0.0034188516438007355","0.0034188516438007355"
"22118","0.00005276501178741455","0.00005276501178741455","0.00005276501178741455"
"22120","0.004263579845428467","0.004263579845428467","0.004263579845428467"
"22124","0.006006339564919472","0.006006339564919472","0.006006339564919472"
"22126","0.00011371448636054993","0.00011371448636054993","0.00011371448636054993"
"22132","0.0005163718014955521","0.0005163718014955521","0.0005163718014955521"
"22134","0.0001773107796907425","0.0001773107796907425","0.0001773107796907425"
"22136","0.0035250894725322723","0.0035250894725322723","0.0035250894725322723"
"22138","0.0012512002140283585","0.0012512002140283585","0.0012512002140283585"
"22140","0.0033156555145978928","0.0033156555145978928","0.0033156555145978928"
"22142","0.0014325790107250214","0.0014325790107250214","0.0014325790107250214"
"22144","0.001241341233253479","0.001241341233253479","0.001241341233253479"
"22148","0.001260431483387947","0.001260431483387947","0.001260431483387947"
"22150","0.0003069210797548294","0.0003069210797548294","0.0003069210797548294"
"22152","0.0013971645385026932","0.0013971645385026932","0.0013971645385026932"
"22154","0.0002742726355791092","0.0002742726355791092","0.0002742726355791092"
"22156","0.0036937296390533447","0.0036937296390533447","0.0036937296390533447"
"22158","0.003133172169327736","0.003133172169327736","0.003133172169327736"
"22160","0.00017185881733894348","0.00017185881733894348","0.00017185881733894348"
"22162","0.0014112349599599838","0.0014112349599599838","0.0014112349599599838"
"22164","0.008619489148259163","0.008619489148259163","0.008619489148259163"
"22166","0.004142697900533676","0.004142697900533676","0.004142697900533676"
"22170","0.0032868143171072006","0.0032868143171072006","0.0032868143171072006"
"22172","0.00004108995199203491","0.00004108995199203491","0.00004108995199203491"
"22178","0.0089060477912426","0.0089060477912426","0.0089060477912426"
"22180","0.004087062552571297","0.004087062552571297","0.004087062552571297"
"22182","0.0016279537230730057","0.0016279537230730057","0.0016279537230730057"
"22184","0.00014632940292358398","0.00014632940292358398","0.00014632940292358398"
"22186","0.00011370144784450531","0.00011370144784450531","0.00011370144784450531"
"22188","0.00014421343803405762","0.00014421343803405762","0.00014421343803405762"
"22190","0.0007783584296703339","0.0007783584296703339","0.0007783584296703339"
"22194","0.0007895343005657196","0.0007895343005657196","0.0007895343005657196"
"22196","0.0007371325045824051","0.0007371325045824051","0.0007371325045824051"
"22198","0.005075231194496155","0.005075231194496155","0.005075231194496155"
"22200","0.0028372257947921753","0.0028372257947921753","0.0028372257947921753"
"22202","0.00022150948643684387","0.00022150948643684387","0.00022150948643684387"
"22204","0.00013043731451034546","0.00013043731451034546","0.00013043731451034546"
"22210","0.00665074959397316","0.00665074959397316","0.00665074959397316"
"22212","0.0003782697021961212","0.0003782697021961212","0.0003782697021961212"
"22216","0.004217552021145821","0.004217552021145821","0.004217552021145821"
"22218","0.00997483916580677","0.00997483916580677","0.00997483916580677"
"22224","0.0003478825092315674","0.0003478825092315674","0.0003478825092315674"
"22226","0.0006264876574277878","0.0006264876574277878","0.0006264876574277878"
"22228","0.00005490705370903015","0.00005490705370903015","0.00005490705370903015"
"22230","0.000163959339261055","0.000163959339261055","0.000163959339261055"
"22236","0.0003313012421131134","0.0003313012421131134","0.0003313012421131134"
"22240","0.00237264484167099","0.00237264484167099","0.00237264484167099"
"22242","0.000782625749707222","0.000782625749707222","0.000782625749707222"
"22246","0.0020755771547555923","0.0020755771547555923","0.0020755771547555923"
"22248","0.017748083919286728","0.017748083919286728","0.017748083919286728"
"22250","0.0002596285194158554","0.0002596285194158554","0.0002596285194158554"
"22252","0.00006967969238758087","0.00006967969238758087","0.00006967969238758087"
"22254","0.04281661659479141","0.04281661659479141","0.04281661659479141"
"22258","0.0001910720020532608","0.0001910720020532608","0.0001910720020532608"
"22260","0.0004973653703927994","0.0004973653703927994","0.0004973653703927994"
"22262","0.00013342499732971191","0.00013342499732971191","0.00013342499732971191"
"22264","0.00008032657206058502","0.00008032657206058502","0.00008032657206058502"
"22268","0.009957656264305115","0.009957656264305115","0.009957656264305115"
"22270","0.001974094659090042","0.001974094659090042","0.001974094659090042"
"22274","0.00016505084931850433","0.00016505084931850433","0.00016505084931850433"
"22276","0.0007324051111936569","0.0007324051111936569","0.0007324051111936569"
"22278","0.0048021599650382996","0.0048021599650382996","0.0048021599650382996"
"22280","0.008147062733769417","0.008147062733769417","0.008147062733769417"
"22282","0.026152586564421654","0.026152586564421654","0.026152586564421654"
"22284","0.0011955983936786652","0.0011955983936786652","0.0011955983936786652"
"22286","0.000489208847284317","0.000489208847284317","0.000489208847284317"
"22292","0.0003963690251111984","0.0003963690251111984","0.0003963690251111984"
"22296","0.00017097778618335724","0.00017097778618335724","0.00017097778618335724"
"22300","0.00037649646401405334","0.00037649646401405334","0.00037649646401405334"
"22302","0.0015221182256937027","0.0015221182256937027","0.0015221182256937027"
"22304","0.002414945513010025","0.002414945513010025","0.002414945513010025"
"22306","0.00028030574321746826","0.00028030574321746826","0.00028030574321746826"
"22312","0.00033293478190898895","0.00033293478190898895","0.00033293478190898895"
"22314","0.010240249335765839","0.010240249335765839","0.010240249335765839"
"22316","0.0011140182614326477","0.0011140182614326477","0.0011140182614326477"
"22318","0.0015278737992048264","0.0015278737992048264","0.0015278737992048264"
"22320","0.0004995781928300858","0.0004995781928300858","0.0004995781928300858"
"22326","0.0000581108033657074","0.0000581108033657074","0.0000581108033657074"
"22328","0.0012359824031591415","0.0012359824031591415","0.0012359824031591415"
"22332","0.001095229759812355","0.001095229759812355","0.001095229759812355"
"22334","0.003613550215959549","0.003613550215959549","0.003613550215959549"
"22338","0.0002258848398923874","0.0002258848398923874","0.0002258848398923874"
"22340","0.0035595428198575974","0.0035595428198575974","0.0035595428198575974"
"22342","0.00448610819876194","0.00448610819876194","0.00448610819876194"
"22344","0.007224487140774727","0.007224487140774727","0.007224487140774727"
"22346","0.001709911972284317","0.001709911972284317","0.001709911972284317"
"22348","0.0004057064652442932","0.0004057064652442932","0.0004057064652442932"
"22350","0.0013873875141143799","0.0013873875141143799","0.0013873875141143799"
"22352","0.0021830275654792786","0.0021830275654792786","0.0021830275654792786"
"22354","0.015238497406244278","0.015238497406244278","0.015238497406244278"
"22358","0.00039469264447689056","0.00039469264447689056","0.00039469264447689056"
"22360","0.0009188633412122726","0.0009188633412122726","0.0009188633412122726"
"22364","0.0004259292036294937","0.0004259292036294937","0.0004259292036294937"
"22370","0.00011664442718029022","0.00011664442718029022","0.00011664442718029022"
"22372","0.00026226043701171875","0.00026226043701171875","0.00026226043701171875"
"22376","0.000493854284286499","0.000493854284286499","0.000493854284286499"
"22378","0.00010817870497703552","0.00010817870497703552","0.00010817870497703552"
"22380","0.0008489601314067841","0.0008489601314067841","0.0008489601314067841"
"22384","0.0003594774752855301","0.0003594774752855301","0.0003594774752855301"
"22386","0.000044772401452064514","0.000044772401452064514","0.000044772401452064514"
"22390","0.0018401890993118286","0.0018401890993118286","0.0018401890993118286"
"22392","0.00017688795924186707","0.00017688795924186707","0.00017688795924186707"
"22399","0.012644387781620026","0.012644387781620026","0.012644387781620026"
"22401","0.00012472644448280334","0.00012472644448280334","0.00012472644448280334"
"22403","0.0006670821458101273","0.0006670821458101273","0.0006670821458101273"
"22405","0.00047176703810691833","0.00047176703810691833","0.00047176703810691833"
"22407","0.0003444887697696686","0.0003444887697696686","0.0003444887697696686"
"22409","0.0008576363325119019","0.0008576363325119019","0.0008576363325119019"
"22411","0.007994599640369415","0.007994599640369415","0.007994599640369415"
"22413","0.0006875097751617432","0.0006875097751617432","0.0006875097751617432"
"22417","0.004176506772637367","0.004176506772637367","0.004176506772637367"
"22419","0.00009939633309841156","0.00009939633309841156","0.00009939633309841156"
"22421","0.000059505924582481384","0.000059505924582481384","0.000059505924582481384"
"22423","0.0017725750803947449","0.0017725750803947449","0.0017725750803947449"
"22427","0.001920929178595543","0.001920929178595543","0.001920929178595543"
"22429","0.000019118189811706543","0.000019118189811706543","0.000019118189811706543"
"22433","0.00024116970598697662","0.00024116970598697662","0.00024116970598697662"
"22435","0.0003248453140258789","0.0003248453140258789","0.0003248453140258789"
"22439","0.001005120575428009","0.001005120575428009","0.001005120575428009"
"22445","0.004253610968589783","0.004253610968589783","0.004253610968589783"
"22447","0.00015977397561073303","0.00015977397561073303","0.00015977397561073303"
"22449","0.0001925043761730194","0.0001925043761730194","0.0001925043761730194"
"22451","0.006586430594325066","0.006586430594325066","0.006586430594325066"
"22453","0.019085517153143883","0.019085517153143883","0.019085517153143883"
"22455","0.0008113104850053787","0.0008113104850053787","0.0008113104850053787"
"22457","0.00015879422426223755","0.00015879422426223755","0.00015879422426223755"
"22459","0.0002018660306930542","0.0002018660306930542","0.0002018660306930542"
"22461","0.0003212764859199524","0.0003212764859199524","0.0003212764859199524"
"22463","0.0011488981544971466","0.0011488981544971466","0.0011488981544971466"
"22465","0.00016619451344013214","0.00016619451344013214","0.00016619451344013214"
"22467","0.001720380038022995","0.001720380038022995","0.001720380038022995"
"22469","0.0010166112333536148","0.0010166112333536148","0.0010166112333536148"
"22473","0.00012986920773983002","0.00012986920773983002","0.00012986920773983002"
"22475","0.0039705391973257065","0.0039705391973257065","0.0039705391973257065"
"22477","0.0024416130036115646","0.0024416130036115646","0.0024416130036115646"
"22479","0.0006001703441143036","0.0006001703441143036","0.0006001703441143036"
"22481","0.003965431824326515","0.003965431824326515","0.003965431824326515"
"22483","0.008349917829036713","0.008349917829036713","0.008349917829036713"
"22485","0.005561027675867081","0.005561027675867081","0.005561027675867081"
"22487","0.00015568919479846954","0.00015568919479846954","0.00015568919479846954"
"22489","0.003649091348052025","0.003649091348052025","0.003649091348052025"
"22491","0.007015584036707878","0.007015584036707878","0.007015584036707878"
"22493","0.000028442591428756714","0.000028442591428756714","0.000028442591428756714"
"22495","0.0004325173795223236","0.0004325173795223236","0.0004325173795223236"
"22497","0.013616159558296204","0.013616159558296204","0.013616159558296204"
"22499","0.0015038847923278809","0.0015038847923278809","0.0015038847923278809"
"22503","0.001008918508887291","0.001008918508887291","0.001008918508887291"
"22505","0.00014464929699897766","0.00014464929699897766","0.00014464929699897766"
"22509","0.0005405060946941376","0.0005405060946941376","0.0005405060946941376"
"22511","0.0026741884648799896","0.0026741884648799896","0.0026741884648799896"
"22515","0.001096680760383606","0.001096680760383606","0.001096680760383606"
"22517","0.0014233775436878204","0.0014233775436878204","0.0014233775436878204"
"22521","0.00033744238317012787","0.00033744238317012787","0.00033744238317012787"
"22523","0.018625132739543915","0.018625132739543915","0.018625132739543915"
"22527","0.0054287780076265335","0.0054287780076265335","0.0054287780076265335"
"22529","0.0011908598244190216","0.0011908598244190216","0.0011908598244190216"
"22531","0.061464376747608185","0.061464376747608185","0.061464376747608185"
"22533","0.002371612936258316","0.002371612936258316","0.002371612936258316"
"22535","0.0007476005703210831","0.0007476005703210831","0.0007476005703210831"
"22539","0.007428616285324097","0.007428616285324097","0.007428616285324097"
"22541","0.001135352998971939","0.001135352998971939","0.001135352998971939"
"22543","0.01935272477567196","0.01935272477567196","0.01935272477567196"
"22545","0.00020813196897506714","0.00020813196897506714","0.00020813196897506714"
"22547","0.0020374637097120285","0.0020374637097120285","0.0020374637097120285"
"22549","0.000031264498829841614","0.000031264498829841614","0.000031264498829841614"
"22553","0.00428612157702446","0.00428612157702446","0.00428612157702446"
"22555","0.00013950280845165253","0.00013950280845165253","0.00013950280845165253"
"22557","0.00006476603448390961","0.00006476603448390961","0.00006476603448390961"
"22559","0.009197141975164413","0.009197141975164413","0.009197141975164413"
"22561","0.00016199611127376556","0.00016199611127376556","0.00016199611127376556"
"22565","0.0002585388720035553","0.0002585388720035553","0.0002585388720035553"
"22575","0.00021828897297382355","0.00021828897297382355","0.00021828897297382355"
"22577","0.00009816326200962067","0.00009816326200962067","0.00009816326200962067"
"22579","0.009063342586159706","0.009063342586159706","0.009063342586159706"
"22581","0.000469449907541275","0.000469449907541275","0.000469449907541275"
"22583","0.000299135223031044","0.000299135223031044","0.000299135223031044"
"22585","0.00017694756388664246","0.00017694756388664246","0.00017694756388664246"
"22587","0.001011587679386139","0.001011587679386139","0.001011587679386139"
"22589","0.0005097929388284683","0.0005097929388284683","0.0005097929388284683"
"22591","0.00009407289326190948","0.00009407289326190948","0.00009407289326190948"
"22593","0.00735902413725853","0.00735902413725853","0.00735902413725853"
"22597","0.00020659714937210083","0.00020659714937210083","0.00020659714937210083"
"22599","0.003430888056755066","0.003430888056755066","0.003430888056755066"
"22603","0.00014323554933071136","0.00014323554933071136","0.00014323554933071136"
"22605","0.001343216747045517","0.001343216747045517","0.001343216747045517"
"22607","0.00024094060063362122","0.00024094060063362122","0.00024094060063362122"
"22609","0.0007931385189294815","0.0007931385189294815","0.0007931385189294815"
"22611","0.00011397898197174072","0.00011397898197174072","0.00011397898197174072"
"22617","0.0003505069762468338","0.0003505069762468338","0.0003505069762468338"
"22619","0.0022628791630268097","0.0022628791630268097","0.0022628791630268097"
"22621","0.002268131822347641","0.002268131822347641","0.002268131822347641"
"22623","0.00015309453010559082","0.00015309453010559082","0.00015309453010559082"
"22625","0.01675248146057129","0.01675248146057129","0.01675248146057129"
"22631","0.002939673140645027","0.002939673140645027","0.002939673140645027"
"22635","0.0003178007900714874","0.0003178007900714874","0.0003178007900714874"
"22639","0.0007099844515323639","0.0007099844515323639","0.0007099844515323639"
"22643","0.00014114566147327423","0.00014114566147327423","0.00014114566147327423"
"22645","0.046260133385658264","0.046260133385658264","0.046260133385658264"
"22649","0.0011315885931253433","0.0011315885931253433","0.0011315885931253433"
"22651","0.001068614423274994","0.001068614423274994","0.001068614423274994"
"22653","0.007633322849869728","0.007633322849869728","0.007633322849869728"
"22657","0.0003379303961992264","0.0003379303961992264","0.0003379303961992264"
"22659","0.000805385410785675","0.000805385410785675","0.000805385410785675"
"22661","0.0001507047563791275","0.0001507047563791275","0.0001507047563791275"
"22663","0.007182352244853973","0.007182352244853973","0.007182352244853973"
"22665","0.001164102926850319","0.001164102926850319","0.001164102926850319"
"22667","0.0011465288698673248","0.0011465288698673248","0.0011465288698673248"
"22671","0.00009513646364212036","0.00009513646364212036","0.00009513646364212036"
"22673","0.006457449868321419","0.006457449868321419","0.006457449868321419"
"22677","0.000657942146062851","0.000657942146062851","0.000657942146062851"
"22679","0.0021854564547538757","0.0021854564547538757","0.0021854564547538757"
"22681","0.000007076188921928406","0.000007076188921928406","0.000007076188921928406"
"22683","0.004600273445248604","0.004600273445248604","0.004600273445248604"
"22687","0.00011115334928035736","0.00011115334928035736","0.00011115334928035736"
"22689","0.0002548862248659134","0.0002548862248659134","0.0002548862248659134"
"22697","0.0033229906111955643","0.0033229906111955643","0.0033229906111955643"
"22699","0.00012376345694065094","0.00012376345694065094","0.00012376345694065094"
"22701","0.004462510347366333","0.004462510347366333","0.004462510347366333"
"22707","0.002334829419851303","0.002334829419851303","0.002334829419851303"
"22709","0.003073371946811676","0.003073371946811676","0.003073371946811676"
"22711","0.00026035308837890625","0.00026035308837890625","0.00026035308837890625"
"22713","0.0044682882726192474","0.0044682882726192474","0.0044682882726192474"
"22715","0.000005427747964859009","0.000005427747964859009","0.000005427747964859009"
"22719","0.00026745907962322235","0.00026745907962322235","0.00026745907962322235"
"22723","0.000600794330239296","0.000600794330239296","0.000600794330239296"
"22725","0.013176225125789642","0.013176225125789642","0.013176225125789642"
"22727","0.06359053403139114","0.06359053403139114","0.06359053403139114"
"22729","0.012787051498889923","0.012787051498889923","0.012787051498889923"
"22733","0.0009394939988851547","0.0009394939988851547","0.0009394939988851547"
"22735","0.006614886224269867","0.006614886224269867","0.006614886224269867"
"22737","0.0009788591414690018","0.0009788591414690018","0.0009788591414690018"
"22739","0.001466391608119011","0.001466391608119011","0.001466391608119011"
"22741","0.0004528108984231949","0.0004528108984231949","0.0004528108984231949"
"22745","0.000392083078622818","0.000392083078622818","0.000392083078622818"
"22747","0.0029449444264173508","0.0029449444264173508","0.0029449444264173508"
"22749","0.0006079096347093582","0.0006079096347093582","0.0006079096347093582"
"22751","0.0005027167499065399","0.0005027167499065399","0.0005027167499065399"
"22753","0.003711029887199402","0.003711029887199402","0.003711029887199402"
"22755","0.0019580423831939697","0.0019580423831939697","0.0019580423831939697"
"22757","0.0007133856415748596","0.0007133856415748596","0.0007133856415748596"
"22759","0.008027918636798859","0.008027918636798859","0.008027918636798859"
"22763","0.00011892430484294891","0.00011892430484294891","0.00011892430484294891"
"22765","0.0022472236305475235","0.0022472236305475235","0.0022472236305475235"
"22767","0.019248921424150467","0.019248921424150467","0.019248921424150467"
"22769","0.000810038298368454","0.000810038298368454","0.000810038298368454"
"22771","0.0016601085662841797","0.0016601085662841797","0.0016601085662841797"
"22773","0.00018818117678165436","0.00018818117678165436","0.00018818117678165436"
"22775","0.001388074830174446","0.001388074830174446","0.001388074830174446"
"22777","0.004351282492280006","0.004351282492280006","0.004351282492280006"
"22781","0.0002008732408285141","0.0002008732408285141","0.0002008732408285141"
"22783","0.0000951569527387619","0.0000951569527387619","0.0000951569527387619"
"22785","0.003757638856768608","0.003757638856768608","0.003757638856768608"
"22787","0.001337893307209015","0.001337893307209015","0.001337893307209015"
"22789","0.00023511238396167755","0.00023511238396167755","0.00023511238396167755"
"22793","0.00003353878855705261","0.00003353878855705261","0.00003353878855705261"
"22795","0.00019710510969161987","0.00019710510969161987","0.00019710510969161987"
"22797","0.005094578489661217","0.005094578489661217","0.005094578489661217"
"22803","0.00009833835065364838","0.00009833835065364838","0.00009833835065364838"
"22807","0.0010470673441886902","0.0010470673441886902","0.0010470673441886902"
"22811","0.025616515427827835","0.025616515427827835","0.025616515427827835"
"22813","0.0031243767589330673","0.0031243767589330673","0.0031243767589330673"
"22819","0.0008497368544340134","0.0008497368544340134","0.0008497368544340134"
"22821","0.00026404671370983124","0.00026404671370983124","0.00026404671370983124"
"22823","0.00027821771800518036","0.00027821771800518036","0.00027821771800518036"
"22827","0.0010980106890201569","0.0010980106890201569","0.0010980106890201569"
"22829","0.0006538350135087967","0.0006538350135087967","0.0006538350135087967"
"22831","0.010739205405116081","0.010739205405116081","0.010739205405116081"
"22835","0.0020061470568180084","0.0020061470568180084","0.0020061470568180084"
"22837","0.0022243615239858627","0.0022243615239858627","0.0022243615239858627"
"22839","0.0009860042482614517","0.0009860042482614517","0.0009860042482614517"
"22845","0.0002729203552007675","0.0002729203552007675","0.0002729203552007675"
"22847","0.00016141682863235474","0.00016141682863235474","0.00016141682863235474"
"22849","0.00335836224257946","0.00335836224257946","0.00335836224257946"
"22851","0.0019702017307281494","0.0019702017307281494","0.0019702017307281494"
"22855","0.00003223121166229248","0.00003223121166229248","0.00003223121166229248"
"22857","0.0004479009658098221","0.0004479009658098221","0.0004479009658098221"
"22859","0.009669939056038857","0.009669939056038857","0.009669939056038857"
"22861","0.00038879550993442535","0.00038879550993442535","0.00038879550993442535"
"22863","0.00037107057869434357","0.00037107057869434357","0.00037107057869434357"
"22865","0.011864900588989258","0.011864900588989258","0.011864900588989258"
"22867","0.0006018448621034622","0.0006018448621034622","0.0006018448621034622"
"22869","0.001346716657280922","0.001346716657280922","0.001346716657280922"
"22871","0.0004477091133594513","0.0004477091133594513","0.0004477091133594513"
"22873","0.0014802590012550354","0.0014802590012550354","0.0014802590012550354"
"22875","0.001975279301404953","0.001975279301404953","0.001975279301404953"
"22877","0.00022523477673530579","0.00022523477673530579","0.00022523477673530579"
"22879","0.007295113056898117","0.007295113056898117","0.007295113056898117"
"22883","0.008166801184415817","0.008166801184415817","0.008166801184415817"
"22885","0.0010996926575899124","0.0010996926575899124","0.0010996926575899124"
"22887","0.0018939729779958725","0.0018939729779958725","0.0018939729779958725"
"22889","0.00006840378046035767","0.00006840378046035767","0.00006840378046035767"
"22891","0.009728629142045975","0.009728629142045975","0.009728629142045975"
"22893","0.00011131353676319122","0.00011131353676319122","0.00011131353676319122"
"22895","0.0012293457984924316","0.0012293457984924316","0.0012293457984924316"
"22897","0.0014450568705797195","0.0014450568705797195","0.0014450568705797195"
"22899","0.0008137095719575882","0.0008137095719575882","0.0008137095719575882"
"22903","0.003379376605153084","0.003379376605153084","0.003379376605153084"
"22907","0.002520812675356865","0.002520812675356865","0.002520812675356865"
"22909","0.003931716084480286","0.003931716084480286","0.003931716084480286"
"22911","0.0005646347999572754","0.0005646347999572754","0.0005646347999572754"
"22913","0.00003339536488056183","0.00003339536488056183","0.00003339536488056183"
"22915","0.0027554482221603394","0.0027554482221603394","0.0027554482221603394"
"22919","0.004183784127235413","0.004183784127235413","0.004183784127235413"
"22921","0.0003108866512775421","0.0003108866512775421","0.0003108866512775421"
"22930","0.050758831202983856","0.050758831202983856","0.050758831202983856"
"22932","0.0003865659236907959","0.0003865659236907959","0.0003865659236907959"
"22936","0.0008785892277956009","0.0008785892277956009","0.0008785892277956009"
"22942","0.00033137574791908264","0.00033137574791908264","0.00033137574791908264"
"22946","0.0012866109609603882","0.0012866109609603882","0.0012866109609603882"
"22948","0.0006264448165893555","0.0006264448165893555","0.0006264448165893555"
"22950","0.0016579031944274902","0.0016579031944274902","0.0016579031944274902"
"22954","0.0004391763359308243","0.0004391763359308243","0.0004391763359308243"
"22956","0.0005706436932086945","0.0005706436932086945","0.0005706436932086945"
"22958","0.013920793309807777","0.013920793309807777","0.013920793309807777"
"22962","0.0017429646104574203","0.0017429646104574203","0.0017429646104574203"
"22964","0.0001391526311635971","0.0001391526311635971","0.0001391526311635971"
"22968","0.0004110373556613922","0.0004110373556613922","0.0004110373556613922"
"22970","0.00034373626112937927","0.00034373626112937927","0.00034373626112937927"
"22976","0.0008263848721981049","0.0008263848721981049","0.0008263848721981049"
"22978","0.00003170967102050781","0.00003170967102050781","0.00003170967102050781"
"22980","0.0003242436796426773","0.0003242436796426773","0.0003242436796426773"
"22984","0.011887935921549797","0.011887935921549797","0.011887935921549797"
"22988","0.00038073398172855377","0.00038073398172855377","0.00038073398172855377"
"22992","0.00014434009790420532","0.00014434009790420532","0.00014434009790420532"
"22996","0.00018544495105743408","0.00018544495105743408","0.00018544495105743408"
"22998","0.0016167741268873215","0.0016167741268873215","0.0016167741268873215"
"23000","0.00014977715909481049","0.00014977715909481049","0.00014977715909481049"
"23004","0.0002857819199562073","0.0002857819199562073","0.0002857819199562073"
"23006","0.0018257908523082733","0.0018257908523082733","0.0018257908523082733"
"23008","0.0023297201842069626","0.0023297201842069626","0.0023297201842069626"
"23010","0.0025878995656967163","0.0025878995656967163","0.0025878995656967163"
"23012","0.0001368410885334015","0.0001368410885334015","0.0001368410885334015"
"23014","0.0008004307746887207","0.0008004307746887207","0.0008004307746887207"
"23016","0.00019458308815956116","0.00019458308815956116","0.00019458308815956116"
"23018","0.06084785982966423","0.06084785982966423","0.06084785982966423"
"23022","0.00017171911895275116","0.00017171911895275116","0.00017171911895275116"
"23024","0.0001472383737564087","0.0001472383737564087","0.0001472383737564087"
"23026","0.0004581846296787262","0.0004581846296787262","0.0004581846296787262"
"23028","0.00008180737495422363","0.00008180737495422363","0.00008180737495422363"
"23032","0.00035786256194114685","0.00035786256194114685","0.00035786256194114685"
"23036","0.0014268476516008377","0.0014268476516008377","0.0014268476516008377"
"23038","0.0005138441920280457","0.0005138441920280457","0.0005138441920280457"
"23044","0.0008652396500110626","0.0008652396500110626","0.0008652396500110626"
"23048","0.0018530916422605515","0.0018530916422605515","0.0018530916422605515"
"23050","0.00026271305978298187","0.00026271305978298187","0.00026271305978298187"
"23052","0.00020954199135303497","0.00020954199135303497","0.00020954199135303497"
"23054","0.004517937079071999","0.004517937079071999","0.004517937079071999"
"23056","0.0005426723510026932","0.0005426723510026932","0.0005426723510026932"
"23060","0.008859558030962944","0.008859558030962944","0.008859558030962944"
"23062","0.0048987530171871185","0.0048987530171871185","0.0048987530171871185"
"23068","0.0174722783267498","0.0174722783267498","0.0174722783267498"
"23072","0.01425144262611866","0.01425144262611866","0.01425144262611866"
"23078","0.0004856269806623459","0.0004856269806623459","0.0004856269806623459"
"23080","0.00010829605162143707","0.00010829605162143707","0.00010829605162143707"
"23082","0.01637500710785389","0.01637500710785389","0.01637500710785389"
"23084","0.0008151493966579437","0.0008151493966579437","0.0008151493966579437"
"23086","0.005876028910279274","0.005876028910279274","0.005876028910279274"
"23088","0.00009471923112869263","0.00009471923112869263","0.00009471923112869263"
"23092","0.0018856450915336609","0.0018856450915336609","0.0018856450915336609"
"23094","0.00008672289550304413","0.00008672289550304413","0.00008672289550304413"
"23096","0.00203540176153183","0.00203540176153183","0.00203540176153183"
"23102","0.00020191259682178497","0.00020191259682178497","0.00020191259682178497"
"23104","0.0010415688157081604","0.0010415688157081604","0.0010415688157081604"
"23112","0.0004496462643146515","0.0004496462643146515","0.0004496462643146515"
"23114","0.0001118592917919159","0.0001118592917919159","0.0001118592917919159"
"23116","0.00025901757180690765","0.00025901757180690765","0.00025901757180690765"
"23118","0.0034745000302791595","0.0034745000302791595","0.0034745000302791595"
"23120","0.00011690892279148102","0.00011690892279148102","0.00011690892279148102"
"23124","0.00013795122504234314","0.00013795122504234314","0.00013795122504234314"
"23126","0.00015131942927837372","0.00015131942927837372","0.00015131942927837372"
"23128","0.00001938454806804657","0.00001938454806804657","0.00001938454806804657"
"23132","0.013829411938786507","0.013829411938786507","0.013829411938786507"
"23134","0.01722303405404091","0.01722303405404091","0.01722303405404091"
"23142","0.00012213177978992462","0.00012213177978992462","0.00012213177978992462"
"23144","0.0006012972444295883","0.0006012972444295883","0.0006012972444295883"
"23146","0.018891049548983574","0.018891049548983574","0.018891049548983574"
"23148","0.0011317785829305649","0.0011317785829305649","0.0011317785829305649"
"23150","0.016332583501935005","0.016332583501935005","0.016332583501935005"
"23156","0.00012828223407268524","0.00012828223407268524","0.00012828223407268524"
"23158","0.03721677511930466","0.03721677511930466","0.03721677511930466"
"23160","0.0004230272024869919","0.0004230272024869919","0.0004230272024869919"
"23162","0.00008468329906463623","0.00008468329906463623","0.00008468329906463623"
"23164","0.00004080682992935181","0.00004080682992935181","0.00004080682992935181"
"23168","0.000044343993067741394","0.000044343993067741394","0.000044343993067741394"
"23172","0.0005852561444044113","0.0005852561444044113","0.0005852561444044113"
"23174","0.016726315021514893","0.016726315021514893","0.016726315021514893"
"23176","0.000040316954255104065","0.000040316954255104065","0.000040316954255104065"
"23178","0.0009892992675304413","0.0009892992675304413","0.0009892992675304413"
"23180","0.00010923855006694794","0.00010923855006694794","0.00010923855006694794"
"23182","0.0004870835691690445","0.0004870835691690445","0.0004870835691690445"
"23186","0.024777747690677643","0.024777747690677643","0.024777747690677643"
"23188","0.0012537240982055664","0.0012537240982055664","0.0012537240982055664"
"23190","0.0008412078022956848","0.0008412078022956848","0.0008412078022956848"
"23192","0.0009285509586334229","0.0009285509586334229","0.0009285509586334229"
"23194","0.0002834610641002655","0.0002834610641002655","0.0002834610641002655"
"23196","0.001265859231352806","0.001265859231352806","0.001265859231352806"
"23198","0.0002541225403547287","0.0002541225403547287","0.0002541225403547287"
"23200","0.0015048626810312271","0.0015048626810312271","0.0015048626810312271"
"23202","0.0000408366322517395","0.0000408366322517395","0.0000408366322517395"
"23206","0.0019433926790952682","0.0019433926790952682","0.0019433926790952682"
"23208","0.00017503462731838226","0.00017503462731838226","0.00017503462731838226"
"23210","0.009833797812461853","0.009833797812461853","0.009833797812461853"
"23212","0.0011654794216156006","0.0011654794216156006","0.0011654794216156006"
"23216","0.0027050264179706573","0.0027050264179706573","0.0027050264179706573"
"23218","0.0002721138298511505","0.0002721138298511505","0.0002721138298511505"
"23220","0.04342430830001831","0.04342430830001831","0.04342430830001831"
"23222","0.00019351206719875336","0.00019351206719875336","0.00019351206719875336"
"23224","0.00034546107053756714","0.00034546107053756714","0.00034546107053756714"
"23228","0.0022237133234739304","0.0022237133234739304","0.0022237133234739304"
"23230","0.0014955196529626846","0.0014955196529626846","0.0014955196529626846"
"23232","0.00006243586540222168","0.00006243586540222168","0.00006243586540222168"
"23234","0.001910373568534851","0.001910373568534851","0.001910373568534851"
"23236","0.0009673945605754852","0.0009673945605754852","0.0009673945605754852"
"23238","0.00005269050598144531","0.00005269050598144531","0.00005269050598144531"
"23240","0.00008580833673477173","0.00008580833673477173","0.00008580833673477173"
"23244","0.00011201947927474976","0.00011201947927474976","0.00011201947927474976"
"23246","0.0005289483815431595","0.0005289483815431595","0.0005289483815431595"
"23248","0.0014557894319295883","0.0014557894319295883","0.0014557894319295883"
"23250","0.0059678032994270325","0.0059678032994270325","0.0059678032994270325"
"23254","0.008831510320305824","0.008831510320305824","0.008831510320305824"
"23256","0.0006300397217273712","0.0006300397217273712","0.0006300397217273712"
"23260","0.0002925656735897064","0.0002925656735897064","0.0002925656735897064"
"23262","0.0005866773426532745","0.0005866773426532745","0.0005866773426532745"
"23266","0.0012087468057870865","0.0012087468057870865","0.0012087468057870865"
"23268","0.003909368067979813","0.003909368067979813","0.003909368067979813"
"23270","0.00006940029561519623","0.00006940029561519623","0.00006940029561519623"
"23272","0.008167073130607605","0.008167073130607605","0.008167073130607605"
"23276","0.00022430717945098877","0.00022430717945098877","0.00022430717945098877"
"23278","0.0002873912453651428","0.0002873912453651428","0.0002873912453651428"
"23282","0.005609437823295593","0.005609437823295593","0.005609437823295593"
"23284","0.0002624392509460449","0.0002624392509460449","0.0002624392509460449"
"23286","0.00007144920527935028","0.00007144920527935028","0.00007144920527935028"
"23290","0.000715961679816246","0.000715961679816246","0.000715961679816246"
"23294","0.022341763600707054","0.022341763600707054","0.022341763600707054"
"23296","0.000919930636882782","0.000919930636882782","0.000919930636882782"
"23298","0.0018588025122880936","0.0018588025122880936","0.0018588025122880936"
"23300","0.0007441826164722443","0.0007441826164722443","0.0007441826164722443"
"23302","0.0016570240259170532","0.0016570240259170532","0.0016570240259170532"
"23304","0.00029987841844558716","0.00029987841844558716","0.00029987841844558716"
"23306","0.0006058439612388611","0.0006058439612388611","0.0006058439612388611"
"23310","0.002619972452521324","0.002619972452521324","0.002619972452521324"
"23312","0.0005551055073738098","0.0005551055073738098","0.0005551055073738098"
"23318","0.0006234291940927505","0.0006234291940927505","0.0006234291940927505"
"23320","0.0004361085593700409","0.0004361085593700409","0.0004361085593700409"
"23322","0.0024456121027469635","0.0024456121027469635","0.0024456121027469635"
"23324","0.00016123056411743164","0.00016123056411743164","0.00016123056411743164"
"23328","0.0011091288179159164","0.0011091288179159164","0.0011091288179159164"
"23330","0.006861761212348938","0.006861761212348938","0.006861761212348938"
"23334","0.0025065355002880096","0.0025065355002880096","0.0025065355002880096"
"23342","0.0032391734421253204","0.0032391734421253204","0.0032391734421253204"
"23344","0.0009314306080341339","0.0009314306080341339","0.0009314306080341339"
"23346","0.0005221068859100342","0.0005221068859100342","0.0005221068859100342"
"23348","0.0009875819087028503","0.0009875819087028503","0.0009875819087028503"
"23350","0.00011946260929107666","0.00011946260929107666","0.00011946260929107666"
"23356","0.0013208109885454178","0.0013208109885454178","0.0013208109885454178"
"23360","0.001676168292760849","0.001676168292760849","0.001676168292760849"
"23362","0.0003417525440454483","0.0003417525440454483","0.0003417525440454483"
"23364","0.017592567950487137","0.017592567950487137","0.017592567950487137"
"23366","0.007266771048307419","0.007266771048307419","0.007266771048307419"
"23368","0.0006144009530544281","0.0006144009530544281","0.0006144009530544281"
"23370","0.0048378389328718185","0.0048378389328718185","0.0048378389328718185"
"23372","0.00011422671377658844","0.00011422671377658844","0.00011422671377658844"
"23374","0.006174074485898018","0.006174074485898018","0.006174074485898018"
"23376","0.0350821390748024","0.0350821390748024","0.0350821390748024"
"23378","0.0014716815203428268","0.0014716815203428268","0.0014716815203428268"
"23380","0.009120739996433258","0.009120739996433258","0.009120739996433258"
"23382","0.002536298707127571","0.002536298707127571","0.002536298707127571"
"23386","0.00014832615852355957","0.00014832615852355957","0.00014832615852355957"
"23388","0.00044026412069797516","0.00044026412069797516","0.00044026412069797516"
"23390","0.0015733875334262848","0.0015733875334262848","0.0015733875334262848"
"23392","0.00005859881639480591","0.00005859881639480591","0.00005859881639480591"
"23396","0.09736739844083786","0.09736739844083786","0.09736739844083786"
"23398","0.00015990622341632843","0.00015990622341632843","0.00015990622341632843"
"23400","0.0054245442152023315","0.0054245442152023315","0.0054245442152023315"
"23404","0.0025437232106924057","0.0025437232106924057","0.0025437232106924057"
"23406","0.0028630346059799194","0.0028630346059799194","0.0028630346059799194"
"23408","0.002884620800614357","0.002884620800614357","0.002884620800614357"
"23410","0.0018126051872968674","0.0018126051872968674","0.0018126051872968674"
"23412","0.006544617936015129","0.006544617936015129","0.006544617936015129"
"23414","0.004469048231840134","0.004469048231840134","0.004469048231840134"
"23416","0.00009998492896556854","0.00009998492896556854","0.00009998492896556854"
"23418","0.00017410703003406525","0.00017410703003406525","0.00017410703003406525"
"23422","0.00027945078909397125","0.00027945078909397125","0.00027945078909397125"
"23424","0.0007215514779090881","0.0007215514779090881","0.0007215514779090881"
"23426","0.001358242705464363","0.001358242705464363","0.001358242705464363"
"23430","0.003795180469751358","0.003795180469751358","0.003795180469751358"
"23432","0.0009597335010766983","0.0009597335010766983","0.0009597335010766983"
"23434","0.0107197854667902","0.0107197854667902","0.0107197854667902"
"23438","0.0001948624849319458","0.0001948624849319458","0.0001948624849319458"
"23440","0.00020498596131801605","0.00020498596131801605","0.00020498596131801605"
"23442","0.0006809700280427933","0.0006809700280427933","0.0006809700280427933"
"23444","0.00007722340524196625","0.00007722340524196625","0.00007722340524196625"
"23446","0.0006773155182600021","0.0006773155182600021","0.0006773155182600021"
"23448","0.001063808798789978","0.001063808798789978","0.001063808798789978"
"23453","0.00004677101969718933","0.00004677101969718933","0.00004677101969718933"
"23455","0.009276309981942177","0.009276309981942177","0.009276309981942177"
"23457","0.00886530801653862","0.00886530801653862","0.00886530801653862"
"23461","0.0006855521351099014","0.0006855521351099014","0.0006855521351099014"
"23463","0.013840559870004654","0.013840559870004654","0.013840559870004654"
"23465","0.00012518279254436493","0.00012518279254436493","0.00012518279254436493"
"23467","0.0001684240996837616","0.0001684240996837616","0.0001684240996837616"
"23469","0.004083054140210152","0.004083054140210152","0.004083054140210152"
"23471","0.00010869838297367096","0.00010869838297367096","0.00010869838297367096"
"23473","0.0008696429431438446","0.0008696429431438446","0.0008696429431438446"
"23475","0.0025087911635637283","0.0025087911635637283","0.0025087911635637283"
"23477","0.00017943605780601501","0.00017943605780601501","0.00017943605780601501"
"23479","0.0003475714474916458","0.0003475714474916458","0.0003475714474916458"
"23483","0.0005555562674999237","0.0005555562674999237","0.0005555562674999237"
"23485","0.005374688655138016","0.005374688655138016","0.005374688655138016"
"23491","0.000024672597646713257","0.000024672597646713257","0.000024672597646713257"
"23495","0.0036756061017513275","0.0036756061017513275","0.0036756061017513275"
"23505","0.0009218174964189529","0.0009218174964189529","0.0009218174964189529"
"23507","0.00021284446120262146","0.00021284446120262146","0.00021284446120262146"
"23509","0.0001552719622850418","0.0001552719622850418","0.0001552719622850418"
"23511","0.00042925775051116943","0.00042925775051116943","0.00042925775051116943"
"23513","0.006214488297700882","0.006214488297700882","0.006214488297700882"
"23515","0.044447705149650574","0.044447705149650574","0.044447705149650574"
"23517","0.0040686167776584625","0.0040686167776584625","0.0040686167776584625"
"23519","0.006590729579329491","0.006590729579329491","0.006590729579329491"
"23521","0.003319608047604561","0.003319608047604561","0.003319608047604561"
"23531","0.0012491773813962936","0.0012491773813962936","0.0012491773813962936"
"23533","0.0016307905316352844","0.0016307905316352844","0.0016307905316352844"
"23535","0.000391276553273201","0.000391276553273201","0.000391276553273201"
"23545","0.0014069359749555588","0.0014069359749555588","0.0014069359749555588"
"23547","0.00037478096783161163","0.00037478096783161163","0.00037478096783161163"
"23551","0.00006706267595291138","0.00006706267595291138","0.00006706267595291138"
"23553","0.0006462018936872482","0.0006462018936872482","0.0006462018936872482"
"23555","0.00008271262049674988","0.00008271262049674988","0.00008271262049674988"
"23557","0.0009302385151386261","0.0009302385151386261","0.0009302385151386261"
"23559","0.0001235026866197586","0.0001235026866197586","0.0001235026866197586"
"23561","0.00007457099854946136","0.00007457099854946136","0.00007457099854946136"
"23563","0.0023197252303361893","0.0023197252303361893","0.0023197252303361893"
"23565","0.000066438689827919","0.000066438689827919","0.000066438689827919"
"23567","0.0009721647948026657","0.0009721647948026657","0.0009721647948026657"
"23569","0.0017026644200086594","0.0017026644200086594","0.0017026644200086594"
"23571","0.0023565609008073807","0.0023565609008073807","0.0023565609008073807"
"23573","0.0028266534209251404","0.0028266534209251404","0.0028266534209251404"
"23575","0.00024205632507801056","0.00024205632507801056","0.00024205632507801056"
"23577","0.0001572147011756897","0.0001572147011756897","0.0001572147011756897"
"23579","0.0015783142298460007","0.0015783142298460007","0.0015783142298460007"
"23583","0.0003428850322961807","0.0003428850322961807","0.0003428850322961807"
"23587","0.00021873973309993744","0.00021873973309993744","0.00021873973309993744"
"23589","0.006068294867873192","0.006068294867873192","0.006068294867873192"
"23593","0.0007754862308502197","0.0007754862308502197","0.0007754862308502197"
"23599","0.00027476437389850616","0.00027476437389850616","0.00027476437389850616"
"23605","0.000971473753452301","0.000971473753452301","0.000971473753452301"
"23607","0.001195354387164116","0.001195354387164116","0.001195354387164116"
"23609","0.0007980614900588989","0.0007980614900588989","0.0007980614900588989"
"23611","0.002846023067831993","0.002846023067831993","0.002846023067831993"
"23613","0.0011415667831897736","0.0011415667831897736","0.0011415667831897736"
"23615","0.004903489723801613","0.004903489723801613","0.004903489723801613"
"23619","0.0023890845477581024","0.0023890845477581024","0.0023890845477581024"
"23621","0.00022167526185512543","0.00022167526185512543","0.00022167526185512543"
"23623","0.002124583348631859","0.002124583348631859","0.002124583348631859"
"23625","0.0007932130247354507","0.0007932130247354507","0.0007932130247354507"
"23629","0.00011744163930416107","0.00011744163930416107","0.00011744163930416107"
"23631","0.0024252645671367645","0.0024252645671367645","0.0024252645671367645"
"23633","0.0005597788840532303","0.0005597788840532303","0.0005597788840532303"
"23635","0.0012048687785863876","0.0012048687785863876","0.0012048687785863876"
"23637","0.006747359409928322","0.006747359409928322","0.006747359409928322"
"23641","0.000016812235116958618","0.000016812235116958618","0.000016812235116958618"
"23645","0.00268622487783432","0.00268622487783432","0.00268622487783432"
"23647","0.0008528232574462891","0.0008528232574462891","0.0008528232574462891"
"23649","0.00036257319152355194","0.00036257319152355194","0.00036257319152355194"
"23651","0.000060420483350753784","0.000060420483350753784","0.000060420483350753784"
"23653","0.00014481879770755768","0.00014481879770755768","0.00014481879770755768"
"23655","0.00035743042826652527","0.00035743042826652527","0.00035743042826652527"
"23657","0.00008974410593509674","0.00008974410593509674","0.00008974410593509674"
"23659","0.0003923121839761734","0.0003923121839761734","0.0003923121839761734"
"23663","0.0001760292798280716","0.0001760292798280716","0.0001760292798280716"
"23665","0.0006865896284580231","0.0006865896284580231","0.0006865896284580231"
"23667","0.0005602650344371796","0.0005602650344371796","0.0005602650344371796"
"23669","0.05571324750781059","0.05571324750781059","0.05571324750781059"
"23671","0.0011117588728666306","0.0011117588728666306","0.0011117588728666306"
"23673","0.008194604888558388","0.008194604888558388","0.008194604888558388"
"23677","0.003269502893090248","0.003269502893090248","0.003269502893090248"
"23679","0.0005199145525693893","0.0005199145525693893","0.0005199145525693893"
"23683","0.0003176424652338028","0.0003176424652338028","0.0003176424652338028"
"23685","0.0006244797259569168","0.0006244797259569168","0.0006244797259569168"
"23687","0.00008944235742092133","0.00008944235742092133","0.00008944235742092133"
"23689","0.000044638291001319885","0.000044638291001319885","0.000044638291001319885"
"23691","0.002163393422961235","0.002163393422961235","0.002163393422961235"
"23693","0.0006632022559642792","0.0006632022559642792","0.0006632022559642792"
"23695","0.004140391945838928","0.004140391945838928","0.004140391945838928"
"23697","0.002168072387576103","0.002168072387576103","0.002168072387576103"
"23699","0.0035349763929843903","0.0035349763929843903","0.0035349763929843903"
"23701","0.008296126499772072","0.008296126499772072","0.008296126499772072"
"23703","0.0012206770479679108","0.0012206770479679108","0.0012206770479679108"
"23705","0.003176499158143997","0.003176499158143997","0.003176499158143997"
"23707","0.00020863115787506104","0.00020863115787506104","0.00020863115787506104"
"23709","0.0003560073673725128","0.0003560073673725128","0.0003560073673725128"
"23711","0.001722387969493866","0.001722387969493866","0.001722387969493866"
"23713","0.0010119136422872543","0.0010119136422872543","0.0010119136422872543"
"23715","0.0002836063504219055","0.0002836063504219055","0.0002836063504219055"
"23717","0.002246519550681114","0.002246519550681114","0.002246519550681114"
"23719","0.00021748431026935577","0.00021748431026935577","0.00021748431026935577"
"23721","0.00022879615426063538","0.00022879615426063538","0.00022879615426063538"
"23723","0.00012563541531562805","0.00012563541531562805","0.00012563541531562805"
"23725","0.0004713498055934906","0.0004713498055934906","0.0004713498055934906"
"23729","0.011067459359765053","0.011067459359765053","0.011067459359765053"
"23731","0.00025207363069057465","0.00025207363069057465","0.00025207363069057465"
"23733","0.0034263599663972855","0.0034263599663972855","0.0034263599663972855"
"23735","0.00011930614709854126","0.00011930614709854126","0.00011930614709854126"
"23737","0.0013942383229732513","0.0013942383229732513","0.0013942383229732513"
"23743","0.00006457790732383728","0.00006457790732383728","0.00006457790732383728"
"23745","0.0002487562596797943","0.0002487562596797943","0.0002487562596797943"
"23747","0.003931811079382896","0.003931811079382896","0.003931811079382896"
"23749","0.0000718533992767334","0.0000718533992767334","0.0000718533992767334"
"23751","0.0045969001948833466","0.0045969001948833466","0.0045969001948833466"
"23753","0.0018196124583482742","0.0018196124583482742","0.0018196124583482742"
"23755","0.006378963589668274","0.006378963589668274","0.006378963589668274"
"23757","0.011812504380941391","0.011812504380941391","0.011812504380941391"
"23759","0.013634566217660904","0.013634566217660904","0.013634566217660904"
"23761","0.0013464782387018204","0.0013464782387018204","0.0013464782387018204"
"23763","0.03220706060528755","0.03220706060528755","0.03220706060528755"
"23765","0.0003987997770309448","0.0003987997770309448","0.0003987997770309448"
"23767","0.00035727769136428833","0.00035727769136428833","0.00035727769136428833"
"23769","0.0004222951829433441","0.0004222951829433441","0.0004222951829433441"
"23771","0.0004686471074819565","0.0004686471074819565","0.0004686471074819565"
"23777","0.00009884126484394073","0.00009884126484394073","0.00009884126484394073"
"23781","0.005664080381393433","0.005664080381393433","0.005664080381393433"
"23783","0.00012408383190631866","0.00012408383190631866","0.00012408383190631866"
"23785","0.00534629262983799","0.00534629262983799","0.00534629262983799"
"23787","0.0012079477310180664","0.0012079477310180664","0.0012079477310180664"
"23789","0.004887884482741356","0.004887884482741356","0.004887884482741356"
"23791","0.00031066127121448517","0.00031066127121448517","0.00031066127121448517"
"23801","0.0023788660764694214","0.0023788660764694214","0.0023788660764694214"
"23803","0.005785288289189339","0.005785288289189339","0.005785288289189339"
"23807","0.0011923927813768387","0.0011923927813768387","0.0011923927813768387"
"23809","0.0013268142938613892","0.0013268142938613892","0.0013268142938613892"
"23811","0.00026371516287326813","0.00026371516287326813","0.00026371516287326813"
"23813","0.00040955469012260437","0.00040955469012260437","0.00040955469012260437"
"23815","0.0021126382052898407","0.0021126382052898407","0.0021126382052898407"
"23819","0.0030612535774707794","0.0030612535774707794","0.0030612535774707794"
"23821","0.0020477790385484695","0.0020477790385484695","0.0020477790385484695"
"23831","0.0008619241416454315","0.0008619241416454315","0.0008619241416454315"
"23833","0.005667595192790031","0.005667595192790031","0.005667595192790031"
"23839","0.0016360338777303696","0.0016360338777303696","0.0016360338777303696"
"23847","0.0005972273647785187","0.0005972273647785187","0.0005972273647785187"
"23849","0.0000864863395690918","0.0000864863395690918","0.0000864863395690918"
"23851","0.010413287207484245","0.010413287207484245","0.010413287207484245"
"23853","0.0005064383149147034","0.0005064383149147034","0.0005064383149147034"
"23855","0.0002487059682607651","0.0002487059682607651","0.0002487059682607651"
"23857","0.03313306346535683","0.03313306346535683","0.03313306346535683"
"23859","0.0002550240606069565","0.0002550240606069565","0.0002550240606069565"
"23861","0.005053950473666191","0.005053950473666191","0.005053950473666191"
"23863","0.00014851801097393036","0.00014851801097393036","0.00014851801097393036"
"23865","0.009389063343405724","0.009389063343405724","0.009389063343405724"
"23867","0.0006574541330337524","0.0006574541330337524","0.0006574541330337524"
"23869","0.0002657845616340637","0.0002657845616340637","0.0002657845616340637"
"23871","0.0017757713794708252","0.0017757713794708252","0.0017757713794708252"
"23875","0.007587580010294914","0.007587580010294914","0.007587580010294914"
"23877","0.00006735138595104218","0.00006735138595104218","0.00006735138595104218"
"23879","0.0004237815737724304","0.0004237815737724304","0.0004237815737724304"
"23881","0.013024382293224335","0.013024382293224335","0.013024382293224335"
"23883","0.0016984567046165466","0.0016984567046165466","0.0016984567046165466"
"23887","0.06017167121171951","0.06017167121171951","0.06017167121171951"
"23893","0.002322876825928688","0.002322876825928688","0.002322876825928688"
"23895","0.000520460307598114","0.000520460307598114","0.000520460307598114"
"23897","0.0010009873658418655","0.0010009873658418655","0.0010009873658418655"
"23899","0.002111615613102913","0.002111615613102913","0.002111615613102913"
"23901","0.00015538185834884644","0.00015538185834884644","0.00015538185834884644"
"23903","0.0152560044080019","0.0152560044080019","0.0152560044080019"
"23907","0.00034165941178798676","0.00034165941178798676","0.00034165941178798676"
"23909","0.028204772621393204","0.028204772621393204","0.028204772621393204"
"23911","0.0011925846338272095","0.0011925846338272095","0.0011925846338272095"
"23913","0.00042331404983997345","0.00042331404983997345","0.00042331404983997345"
"23915","0.0004420187324285507","0.0004420187324285507","0.0004420187324285507"
"23919","0.00013733096420764923","0.00013733096420764923","0.00013733096420764923"
"23923","0.00046251527965068817","0.00046251527965068817","0.00046251527965068817"
"23925","0.00018680095672607422","0.00018680095672607422","0.00018680095672607422"
"23927","0.00014619901776313782","0.00014619901776313782","0.00014619901776313782"
"23929","0.0003624130040407181","0.0003624130040407181","0.0003624130040407181"
"23931","0.0009460095316171646","0.0009460095316171646","0.0009460095316171646"
"23933","0.0025720931589603424","0.0025720931589603424","0.0025720931589603424"
"23941","0.0208111759275198","0.0208111759275198","0.0208111759275198"
"23943","0.0005127508193254471","0.0005127508193254471","0.0005127508193254471"
"23945","0.00009869784116744995","0.00009869784116744995","0.00009869784116744995"
"23947","0.0002136416733264923","0.0002136416733264923","0.0002136416733264923"
"23949","0.00017888471484184265","0.00017888471484184265","0.00017888471484184265"
"23951","0.0002945922315120697","0.0002945922315120697","0.0002945922315120697"
"23953","0.0004458930343389511","0.0004458930343389511","0.0004458930343389511"
"23955","0.003664005547761917","0.003664005547761917","0.003664005547761917"
"23957","0.0015136860311031342","0.0015136860311031342","0.0015136860311031342"
"23961","0.0035015959292650223","0.0035015959292650223","0.0035015959292650223"
"23963","0.0025391429662704468","0.0025391429662704468","0.0025391429662704468"
"23969","0.0009044334292411804","0.0009044334292411804","0.0009044334292411804"
"23971","0.0006600208580493927","0.0006600208580493927","0.0006600208580493927"
"23973","0.00007159262895584106","0.00007159262895584106","0.00007159262895584106"
"23975","0.0003152675926685333","0.0003152675926685333","0.0003152675926685333"
"23980","0.00006414391100406647","0.00006414391100406647","0.00006414391100406647"
"23984","0.0008420217782258987","0.0008420217782258987","0.0008420217782258987"
"23986","0.003743903711438179","0.003743903711438179","0.003743903711438179"
"23988","0.0005859322845935822","0.0005859322845935822","0.0005859322845935822"
"23990","0.0002616681158542633","0.0002616681158542633","0.0002616681158542633"
"23992","0.0009323339909315109","0.0009323339909315109","0.0009323339909315109"
"23996","0.00010235980153083801","0.00010235980153083801","0.00010235980153083801"
"23998","0.0012715477496385574","0.0012715477496385574","0.0012715477496385574"
"24002","0.0001735445111989975","0.0001735445111989975","0.0001735445111989975"
"24004","0.0004111155867576599","0.0004111155867576599","0.0004111155867576599"
"24006","0.0002463143318891525","0.0002463143318891525","0.0002463143318891525"
"24008","0.010352224111557007","0.010352224111557007","0.010352224111557007"
"24010","0.0020931605249643326","0.0020931605249643326","0.0020931605249643326"
"24012","0.0014763008803129196","0.0014763008803129196","0.0014763008803129196"
"24014","0.0007117036730051041","0.0007117036730051041","0.0007117036730051041"
"24016","0.004502909258008003","0.004502909258008003","0.004502909258008003"
"24020","0.005309730768203735","0.005309730768203735","0.005309730768203735"
"24022","0.00008307769894599915","0.00008307769894599915","0.00008307769894599915"
"24024","0.003338441252708435","0.003338441252708435","0.003338441252708435"
"24026","0.0011056475341320038","0.0011056475341320038","0.0011056475341320038"
"24032","0.00030059926211833954","0.00030059926211833954","0.00030059926211833954"
"24036","0.0006259921938180923","0.0006259921938180923","0.0006259921938180923"
"24038","0.0006324741989374161","0.0006324741989374161","0.0006324741989374161"
"24040","0.0004297960549592972","0.0004297960549592972","0.0004297960549592972"
"24042","0.00021480396389961243","0.00021480396389961243","0.00021480396389961243"
"24044","0.0010029487311840057","0.0010029487311840057","0.0010029487311840057"
"24048","0.00034018605947494507","0.00034018605947494507","0.00034018605947494507"
"24050","0.0004673600196838379","0.0004673600196838379","0.0004673600196838379"
"24052","0.0003395508974790573","0.0003395508974790573","0.0003395508974790573"
"24054","0.00899556279182434","0.00899556279182434","0.00899556279182434"
"24058","0.00022330135107040405","0.00022330135107040405","0.00022330135107040405"
"24060","0.0009184461086988449","0.0009184461086988449","0.0009184461086988449"
"24062","0.0011746734380722046","0.0011746734380722046","0.0011746734380722046"
"24064","0.0004752893000841141","0.0004752893000841141","0.0004752893000841141"
"24066","0.0007799025624990463","0.0007799025624990463","0.0007799025624990463"
"24068","0.0007297694683074951","0.0007297694683074951","0.0007297694683074951"
"24070","0.003293341025710106","0.003293341025710106","0.003293341025710106"
"24072","0.0002094116061925888","0.0002094116061925888","0.0002094116061925888"
"24074","0.008819937705993652","0.008819937705993652","0.008819937705993652"
"24076","0.00026352517306804657","0.00026352517306804657","0.00026352517306804657"
"24078","0.0015824716538190842","0.0015824716538190842","0.0015824716538190842"
"24080","0.0012505240738391876","0.0012505240738391876","0.0012505240738391876"
"24086","0.003383863717317581","0.003383863717317581","0.003383863717317581"
"24094","0.0034032929688692093","0.0034032929688692093","0.0034032929688692093"
"24096","0.02687467820942402","0.02687467820942402","0.02687467820942402"
"24100","0.0013230722397565842","0.0013230722397565842","0.0013230722397565842"
"24102","0.0008413810282945633","0.0008413810282945633","0.0008413810282945633"
"24104","0.00005089119076728821","0.00005089119076728821","0.00005089119076728821"
"24106","0.0010821279138326645","0.0010821279138326645","0.0010821279138326645"
"24108","0.002727663144469261","0.002727663144469261","0.002727663144469261"
"24110","0.0021248385310173035","0.0021248385310173035","0.0021248385310173035"
"24114","0.0010759122669696808","0.0010759122669696808","0.0010759122669696808"
"24116","0.0001219138503074646","0.0001219138503074646","0.0001219138503074646"
"24118","0.004320278763771057","0.004320278763771057","0.004320278763771057"
"24120","0.00009698234498500824","0.00009698234498500824","0.00009698234498500824"
"24122","0.0001223888248205185","0.0001223888248205185","0.0001223888248205185"
"24124","0.00010054744780063629","0.00010054744780063629","0.00010054744780063629"
"24126","0.04791581630706787","0.04791581630706787","0.04791581630706787"
"24128","0.0003980714827775955","0.0003980714827775955","0.0003980714827775955"
"24130","0.0003201030194759369","0.0003201030194759369","0.0003201030194759369"
"24132","0.0018698014318943024","0.0018698014318943024","0.0018698014318943024"
"24134","0.0016080345958471298","0.0016080345958471298","0.0016080345958471298"
"24138","0.00040628761053085327","0.00040628761053085327","0.00040628761053085327"
"24142","0.0007218718528747559","0.0007218718528747559","0.0007218718528747559"
"24146","0.0008189473301172256","0.0008189473301172256","0.0008189473301172256"
"24154","0.00003805011510848999","0.00003805011510848999","0.00003805011510848999"
"24156","0.00047743506729602814","0.00047743506729602814","0.00047743506729602814"
"24160","0.00017739273607730865","0.00017739273607730865","0.00017739273607730865"
"24162","0.0024484042078256607","0.0024484042078256607","0.0024484042078256607"
"24166","0.019832216203212738","0.019832216203212738","0.019832216203212738"
"24172","0.00043858960270881653","0.00043858960270881653","0.00043858960270881653"
"24174","0.00014903023838996887","0.00014903023838996887","0.00014903023838996887"
"24176","0.00020776502788066864","0.00020776502788066864","0.00020776502788066864"
"24180","0.0010486152023077011","0.0010486152023077011","0.0010486152023077011"
"24182","0.00009264424443244934","0.00009264424443244934","0.00009264424443244934"
"24186","0.0037925709038972855","0.0037925709038972855","0.0037925709038972855"
"24188","0.0007645208388566971","0.0007645208388566971","0.0007645208388566971"
"24190","0.00014289282262325287","0.00014289282262325287","0.00014289282262325287"
"24192","0.001714443787932396","0.001714443787932396","0.001714443787932396"
"24200","0.0003078579902648926","0.0003078579902648926","0.0003078579902648926"
"24204","0.0061689820140600204","0.0061689820140600204","0.0061689820140600204"
"24206","0.000902518630027771","0.000902518630027771","0.000902518630027771"
"24208","0.0011620260775089264","0.0011620260775089264","0.0011620260775089264"
"24210","0.0009222421795129776","0.0009222421795129776","0.0009222421795129776"
"24212","0.006533542647957802","0.006533542647957802","0.006533542647957802"
"24214","0.0038107596337795258","0.0038107596337795258","0.0038107596337795258"
"24218","0.0000661257654428482","0.0000661257654428482","0.0000661257654428482"
"24222","0.0025365203619003296","0.0025365203619003296","0.0025365203619003296"
"24224","0.0002224557101726532","0.0002224557101726532","0.0002224557101726532"
"24226","0.0014804992824792862","0.0014804992824792862","0.0014804992824792862"
"24228","0.0003953389823436737","0.0003953389823436737","0.0003953389823436737"
"24230","0.0003494769334793091","0.0003494769334793091","0.0003494769334793091"
"24232","0.0005037933588027954","0.0005037933588027954","0.0005037933588027954"
"24234","0.00021632201969623566","0.00021632201969623566","0.00021632201969623566"
"24240","0.00008188188076019287","0.00008188188076019287","0.00008188188076019287"
"24244","0.0003392547369003296","0.0003392547369003296","0.0003392547369003296"
"24248","0.010240104049444199","0.010240104049444199","0.010240104049444199"
"24250","0.0009893029928207397","0.0009893029928207397","0.0009893029928207397"
"24252","0.00151093490421772","0.00151093490421772","0.00151093490421772"
"24254","0.000234309583902359","0.000234309583902359","0.000234309583902359"
"24258","0.002719283103942871","0.002719283103942871","0.002719283103942871"
"24262","0.013714700937271118","0.013714700937271118","0.013714700937271118"
"24264","0.0005386844277381897","0.0005386844277381897","0.0005386844277381897"
"24266","0.002184096723794937","0.002184096723794937","0.002184096723794937"
"24272","0.005888437852263451","0.005888437852263451","0.005888437852263451"
"24276","0.000023307278752326965","0.000023307278752326965","0.000023307278752326965"
"24278","0.0003653131425380707","0.0003653131425380707","0.0003653131425380707"
"24280","0.0004845988005399704","0.0004845988005399704","0.0004845988005399704"
"24286","0.00030755437910556793","0.00030755437910556793","0.00030755437910556793"
"24288","0.00011392496526241302","0.00011392496526241302","0.00011392496526241302"
"24290","0.034132227301597595","0.034132227301597595","0.034132227301597595"
"24294","0.004946080967783928","0.004946080967783928","0.004946080967783928"
"24296","0.00040804967284202576","0.00040804967284202576","0.00040804967284202576"
"24302","0.000632263720035553","0.000632263720035553","0.000632263720035553"
"24304","0.0005660615861415863","0.0005660615861415863","0.0005660615861415863"
"24306","0.0006410311907529831","0.0006410311907529831","0.0006410311907529831"
"24308","0.00016161426901817322","0.00016161426901817322","0.00016161426901817322"
"24310","0.01392044872045517","0.01392044872045517","0.01392044872045517"
"24314","0.0006489269435405731","0.0006489269435405731","0.0006489269435405731"
"24316","0.0028585437685251236","0.0028585437685251236","0.0028585437685251236"
"24318","0.0006369613111019135","0.0006369613111019135","0.0006369613111019135"
"24320","0.0047814808785915375","0.0047814808785915375","0.0047814808785915375"
"24322","0.0016083084046840668","0.0016083084046840668","0.0016083084046840668"
"24324","0.0039642732590436935","0.0039642732590436935","0.0039642732590436935"
"24328","0.0005758609622716904","0.0005758609622716904","0.0005758609622716904"
"24332","0.000246584415435791","0.000246584415435791","0.000246584415435791"
"24334","0.0006419550627470016","0.0006419550627470016","0.0006419550627470016"
"24336","0.00028110481798648834","0.00028110481798648834","0.00028110481798648834"
"24338","0.0006288941949605942","0.0006288941949605942","0.0006288941949605942"
"24340","0.0015889685600996017","0.0015889685600996017","0.0015889685600996017"
"24342","0.0003589075058698654","0.0003589075058698654","0.0003589075058698654"
"24344","0.0005760956555604935","0.0005760956555604935","0.0005760956555604935"
"24346","0.0012334026396274567","0.0012334026396274567","0.0012334026396274567"
"24348","0.0004009753465652466","0.0004009753465652466","0.0004009753465652466"
"24352","0.000138942152261734","0.000138942152261734","0.000138942152261734"
"24354","0.00020059756934642792","0.00020059756934642792","0.00020059756934642792"
"24356","0.00034366361796855927","0.00034366361796855927","0.00034366361796855927"
"24358","0.00020528584718704224","0.00020528584718704224","0.00020528584718704224"
"24360","0.00030389614403247833","0.00030389614403247833","0.00030389614403247833"
"24362","0.00029972195625305176","0.00029972195625305176","0.00029972195625305176"
"24364","0.006269222125411034","0.006269222125411034","0.006269222125411034"
"24366","0.0006167478859424591","0.0006167478859424591","0.0006167478859424591"
"24368","0.004055891185998917","0.004055891185998917","0.004055891185998917"
"24372","0.004977138713002205","0.004977138713002205","0.004977138713002205"
"24374","0.01775522343814373","0.01775522343814373","0.01775522343814373"
"24376","0.0025803539901971817","0.0025803539901971817","0.0025803539901971817"
"24378","0.00357883982360363","0.00357883982360363","0.00357883982360363"
"24382","0.00020687654614448547","0.00020687654614448547","0.00020687654614448547"
"24384","0.007244542241096497","0.007244542241096497","0.007244542241096497"
"24386","0.0012664683163166046","0.0012664683163166046","0.0012664683163166046"
"24388","0.000804167240858078","0.000804167240858078","0.000804167240858078"
"24392","0.006104039028286934","0.006104039028286934","0.006104039028286934"
"24394","0.002347351983189583","0.002347351983189583","0.002347351983189583"
"24398","0.004095939919352531","0.004095939919352531","0.004095939919352531"
"24400","0.0030529573559761047","0.0030529573559761047","0.0030529573559761047"
"24402","0.009441038593649864","0.009441038593649864","0.009441038593649864"
"24404","0.0009937155991792679","0.0009937155991792679","0.0009937155991792679"
"24406","0.00495447963476181","0.00495447963476181","0.00495447963476181"
"24408","0.00008074566721916199","0.00008074566721916199","0.00008074566721916199"
"24410","0.0031468532979488373","0.0031468532979488373","0.0031468532979488373"
"24412","0.0006862469017505646","0.0006862469017505646","0.0006862469017505646"
"24414","0.0010806415230035782","0.0010806415230035782","0.0010806415230035782"
"24416","0.0010531414300203323","0.0010531414300203323","0.0010531414300203323"
"24418","0.00580236129462719","0.00580236129462719","0.00580236129462719"
"24420","0.0006628353148698807","0.0006628353148698807","0.0006628353148698807"
"24424","0.0006010923534631729","0.0006010923534631729","0.0006010923534631729"
"24426","0.0013170614838600159","0.0013170614838600159","0.0013170614838600159"
"24428","0.003288229927420616","0.003288229927420616","0.003288229927420616"
"24430","0.0011115707457065582","0.0011115707457065582","0.0011115707457065582"
"24432","0.001140788197517395","0.001140788197517395","0.001140788197517395"
"24434","0.0016204174607992172","0.0016204174607992172","0.0016204174607992172"
"24436","0.0006143730133771896","0.0006143730133771896","0.0006143730133771896"
"24440","0.0002095494419336319","0.0002095494419336319","0.0002095494419336319"
"24442","0.0015254616737365723","0.0015254616737365723","0.0015254616737365723"
"24444","0.00029505975544452667","0.00029505975544452667","0.00029505975544452667"
"24446","0.00012972019612789154","0.00012972019612789154","0.00012972019612789154"
"24448","0.0010518021881580353","0.0010518021881580353","0.0010518021881580353"
"24450","0.032453883439302444","0.032453883439302444","0.032453883439302444"
"24452","0.0003977101296186447","0.0003977101296186447","0.0003977101296186447"
"24456","0.000273287296295166","0.000273287296295166","0.000273287296295166"
"24458","0.0013707801699638367","0.0013707801699638367","0.0013707801699638367"
"24460","0.0002647135406732559","0.0002647135406732559","0.0002647135406732559"
"24466","0.00011981278657913208","0.00011981278657913208","0.00011981278657913208"
"24470","0.0025469064712524414","0.0025469064712524414","0.0025469064712524414"
"24472","0.0005759559571743011","0.0005759559571743011","0.0005759559571743011"
"24476","0.00023907609283924103","0.00023907609283924103","0.00023907609283924103"
"24478","0.0001694895327091217","0.0001694895327091217","0.0001694895327091217"
"24480","0.010891225188970566","0.010891225188970566","0.010891225188970566"
"24482","0.0002898275852203369","0.0002898275852203369","0.0002898275852203369"
"24484","0.006781568750739098","0.006781568750739098","0.006781568750739098"
"24488","0.0018666163086891174","0.0018666163086891174","0.0018666163086891174"
"24490","0.00047810934484004974","0.00047810934484004974","0.00047810934484004974"
"24496","0.0003508012741804123","0.0003508012741804123","0.0003508012741804123"
"24498","0.0014908406883478165","0.0014908406883478165","0.0014908406883478165"
"24502","0.00006856396794319153","0.00006856396794319153","0.00006856396794319153"
"24507","0.0002231653779745102","0.0002231653779745102","0.0002231653779745102"
"24509","0.010148478671908379","0.010148478671908379","0.010148478671908379"
"24513","0.00039631128311157227","0.00039631128311157227","0.00039631128311157227"
"24515","0.0008511971682310104","0.0008511971682310104","0.0008511971682310104"
"24517","0.0005523618310689926","0.0005523618310689926","0.0005523618310689926"
"24519","0.006785718724131584","0.006785718724131584","0.006785718724131584"
"24521","0.002560822293162346","0.002560822293162346","0.002560822293162346"
"24523","0.00003442354500293732","0.00003442354500293732","0.00003442354500293732"
"24525","0.00012772530317306519","0.00012772530317306519","0.00012772530317306519"
"24527","0.00041148997843265533","0.00041148997843265533","0.00041148997843265533"
"24529","0.000056292861700057983","0.000056292861700057983","0.000056292861700057983"
"24531","0.00012783147394657135","0.00012783147394657135","0.00012783147394657135"
"24533","0.00034353695809841156","0.00034353695809841156","0.00034353695809841156"
"24535","0.00029585324227809906","0.00029585324227809906","0.00029585324227809906"
"24537","0.0003590565174818039","0.0003590565174818039","0.0003590565174818039"
"24543","0.000867186114192009","0.000867186114192009","0.000867186114192009"
"24545","0.0006969720125198364","0.0006969720125198364","0.0006969720125198364"
"24547","0.018891599029302597","0.018891599029302597","0.018891599029302597"
"24549","0.022402826696634293","0.022402826696634293","0.022402826696634293"
"24551","0.054960161447525024","0.054960161447525024","0.054960161447525024"
"24555","0.000026522204279899597","0.000026522204279899597","0.000026522204279899597"
"24559","0.029925497248768806","0.029925497248768806","0.029925497248768806"
"24561","0.00010508857667446136","0.00010508857667446136","0.00010508857667446136"
"24563","0.0012649353593587875","0.0012649353593587875","0.0012649353593587875"
"24569","0.0016134195029735565","0.0016134195029735565","0.0016134195029735565"
"24573","0.00016548484563827515","0.00016548484563827515","0.00016548484563827515"
"24575","0.00015253759920597076","0.00015253759920597076","0.00015253759920597076"
"24579","0.0006915684789419174","0.0006915684789419174","0.0006915684789419174"
"24581","0.00020871683955192566","0.00020871683955192566","0.00020871683955192566"
"24583","0.00016879476606845856","0.00016879476606845856","0.00016879476606845856"
"24585","0.0001905430108308792","0.0001905430108308792","0.0001905430108308792"
"24587","0.03714093193411827","0.03714093193411827","0.03714093193411827"
"24589","0.006676532328128815","0.006676532328128815","0.006676532328128815"
"24591","0.0000947359949350357","0.0000947359949350357","0.0000947359949350357"
"24593","0.00003038346767425537","0.00003038346767425537","0.00003038346767425537"
"24595","0.000019973143935203552","0.000019973143935203552","0.000019973143935203552"
"24597","0.00034069083631038666","0.00034069083631038666","0.00034069083631038666"
"24599","0.014870483428239822","0.014870483428239822","0.014870483428239822"
"24603","0.014671260491013527","0.014671260491013527","0.014671260491013527"
"24607","0.02595444582402706","0.02595444582402706","0.02595444582402706"
"24609","0.000111408531665802","0.000111408531665802","0.000111408531665802"
"24613","0.0010135360062122345","0.0010135360062122345","0.0010135360062122345"
"24615","0.002322595566511154","0.002322595566511154","0.002322595566511154"
"24617","0.001236172392964363","0.001236172392964363","0.001236172392964363"
"24619","0.00010254792869091034","0.00010254792869091034","0.00010254792869091034"
"24621","0.00022332929074764252","0.00022332929074764252","0.00022332929074764252"
"24623","0.00022705644369125366","0.00022705644369125366","0.00022705644369125366"
"24625","0.001397445797920227","0.001397445797920227","0.001397445797920227"
"24627","0.0010305773466825485","0.0010305773466825485","0.0010305773466825485"
"24629","0.0014056432992219925","0.0014056432992219925","0.0014056432992219925"
"24631","0.0007469449192285538","0.0007469449192285538","0.0007469449192285538"
"24633","0.0002081170678138733","0.0002081170678138733","0.0002081170678138733"
"24637","0.006032945588231087","0.006032945588231087","0.006032945588231087"
"24639","0.0008544214069843292","0.0008544214069843292","0.0008544214069843292"
"24645","0.0004568733274936676","0.0004568733274936676","0.0004568733274936676"
"24647","0.00004860386252403259","0.00004860386252403259","0.00004860386252403259"
"24651","0.0003037862479686737","0.0003037862479686737","0.0003037862479686737"
"24653","0.000575728714466095","0.000575728714466095","0.000575728714466095"
"24657","0.0006793774664402008","0.0006793774664402008","0.0006793774664402008"
"24661","0.0025744233280420303","0.0025744233280420303","0.0025744233280420303"
"24663","0.0004290025681257248","0.0004290025681257248","0.0004290025681257248"
"24665","0.0002160593867301941","0.0002160593867301941","0.0002160593867301941"
"24667","0.00008355453610420227","0.00008355453610420227","0.00008355453610420227"
"24669","0.0003175027668476105","0.0003175027668476105","0.0003175027668476105"
"24671","0.0033617541193962097","0.0033617541193962097","0.0033617541193962097"
"24675","0.00003452971577644348","0.00003452971577644348","0.00003452971577644348"
"24677","0.0362137109041214","0.0362137109041214","0.0362137109041214"
"24679","0.0008616354316473007","0.0008616354316473007","0.0008616354316473007"
"24681","0.00002234242856502533","0.00002234242856502533","0.00002234242856502533"
"24683","0.0009785164147615433","0.0009785164147615433","0.0009785164147615433"
"24685","0.0017339009791612625","0.0017339009791612625","0.0017339009791612625"
"24687","0.006963929161429405","0.006963929161429405","0.006963929161429405"
"24689","0.020018666982650757","0.020018666982650757","0.020018666982650757"
"24691","0.005333740264177322","0.005333740264177322","0.005333740264177322"
"24693","0.007202001288533211","0.007202001288533211","0.007202001288533211"
"24697","0.00030960142612457275","0.00030960142612457275","0.00030960142612457275"
"24699","0.00040458887815475464","0.00040458887815475464","0.00040458887815475464"
"24701","0.0003367830067873001","0.0003367830067873001","0.0003367830067873001"
"24703","0.00018177926540374756","0.00018177926540374756","0.00018177926540374756"
"24705","0.0006534848362207413","0.0006534848362207413","0.0006534848362207413"
"24713","0.006566489115357399","0.006566489115357399","0.006566489115357399"
"24715","0.0010941065847873688","0.0010941065847873688","0.0010941065847873688"
"24717","0.003284011036157608","0.003284011036157608","0.003284011036157608"
"24719","0.000057617202401161194","0.000057617202401161194","0.000057617202401161194"
"24723","0.00018939562141895294","0.00018939562141895294","0.00018939562141895294"
"24725","0.00047231651842594147","0.00047231651842594147","0.00047231651842594147"
"24729","0.00026889704167842865","0.00026889704167842865","0.00026889704167842865"
"24731","0.022927870973944664","0.022927870973944664","0.022927870973944664"
"24733","0.00025335513055324554","0.00025335513055324554","0.00025335513055324554"
"24735","0.00019483454525470734","0.00019483454525470734","0.00019483454525470734"
"24737","0.00023825466632843018","0.00023825466632843018","0.00023825466632843018"
"24739","0.027911482378840446","0.027911482378840446","0.027911482378840446"
"24743","0.00013428553938865662","0.00013428553938865662","0.00013428553938865662"
"24745","0.006455760449171066","0.006455760449171066","0.006455760449171066"
"24749","0.000542227178812027","0.000542227178812027","0.000542227178812027"
"24751","0.013923171907663345","0.013923171907663345","0.013923171907663345"
"24755","0.00008428841829299927","0.00008428841829299927","0.00008428841829299927"
"24757","0.0005845930427312851","0.0005845930427312851","0.0005845930427312851"
"24761","0.00007990002632141113","0.00007990002632141113","0.00007990002632141113"
"24763","0.00007549487054347992","0.00007549487054347992","0.00007549487054347992"
"24765","0.0002796761691570282","0.0002796761691570282","0.0002796761691570282"
"24767","0.00020042620599269867","0.00020042620599269867","0.00020042620599269867"
"24769","0.00031649135053157806","0.00031649135053157806","0.00031649135053157806"
"24771","0.000769931823015213","0.000769931823015213","0.000769931823015213"
"24773","0.05233585834503174","0.05233585834503174","0.05233585834503174"
"24775","0.00010837800800800323","0.00010837800800800323","0.00010837800800800323"
"24777","0.001044977456331253","0.001044977456331253","0.001044977456331253"
"24779","0.0015272237360477448","0.0015272237360477448","0.0015272237360477448"
"24781","0.00012500397861003876","0.00012500397861003876","0.00012500397861003876"
"24789","0.019522128626704216","0.019522128626704216","0.019522128626704216"
"24791","0.0019380170851945877","0.0019380170851945877","0.0019380170851945877"
"24793","0.0012869127094745636","0.0012869127094745636","0.0012869127094745636"
"24797","0.002615334466099739","0.002615334466099739","0.002615334466099739"
"24799","0.003537362441420555","0.003537362441420555","0.003537362441420555"
"24801","0.0017490629106760025","0.0017490629106760025","0.0017490629106760025"
"24803","0.0009480156004428864","0.0009480156004428864","0.0009480156004428864"
"24805","0.0029248613864183426","0.0029248613864183426","0.0029248613864183426"
"24807","0.01462198980152607","0.01462198980152607","0.01462198980152607"
"24811","0.0032647158950567245","0.0032647158950567245","0.0032647158950567245"
"24813","0.00021326355636119843","0.00021326355636119843","0.00021326355636119843"
"24817","0.02186531201004982","0.02186531201004982","0.02186531201004982"
"24819","0.0025813188403844833","0.0025813188403844833","0.0025813188403844833"
"24821","0.002408483996987343","0.002408483996987343","0.002408483996987343"
"24823","0.0015341807156801224","0.0015341807156801224","0.0015341807156801224"
"24825","0.00039062462747097015","0.00039062462747097015","0.00039062462747097015"
"24827","0.020160013809800148","0.020160013809800148","0.020160013809800148"
"24829","0.011422267183661461","0.011422267183661461","0.011422267183661461"
"24831","0.006945321336388588","0.006945321336388588","0.006945321336388588"
"24833","0.0002687200903892517","0.0002687200903892517","0.0002687200903892517"
"24835","0.019533922895789146","0.019533922895789146","0.019533922895789146"
"24837","0.0009320620447397232","0.0009320620447397232","0.0009320620447397232"
"24839","0.0015394482761621475","0.0015394482761621475","0.0015394482761621475"
"24841","0.000033760443329811096","0.000033760443329811096","0.000033760443329811096"
"24843","0.002118755131959915","0.002118755131959915","0.002118755131959915"
"24845","0.0011905021965503693","0.0011905021965503693","0.0011905021965503693"
"24847","0.0008625760674476624","0.0008625760674476624","0.0008625760674476624"
"24849","0.000301579013466835","0.000301579013466835","0.000301579013466835"
"24851","0.00010956823825836182","0.00010956823825836182","0.00010956823825836182"
"24853","0.001368686556816101","0.001368686556816101","0.001368686556816101"
"24855","0.0022086799144744873","0.0022086799144744873","0.0022086799144744873"
"24857","0.005480963736772537","0.005480963736772537","0.005480963736772537"
"24861","0.00008882023394107819","0.00008882023394107819","0.00008882023394107819"
"24863","0.0009560883045196533","0.0009560883045196533","0.0009560883045196533"
"24865","0.00007346831262111664","0.00007346831262111664","0.00007346831262111664"
"24873","0.002610243856906891","0.002610243856906891","0.002610243856906891"
"24875","0.013932717964053154","0.013932717964053154","0.013932717964053154"
"24877","0.00006664544343948364","0.00006664544343948364","0.00006664544343948364"
"24881","0.0004021376371383667","0.0004021376371383667","0.0004021376371383667"
"24885","0.0007224269211292267","0.0007224269211292267","0.0007224269211292267"
"24887","0.002996286377310753","0.002996286377310753","0.002996286377310753"
"24891","0.00007102079689502716","0.00007102079689502716","0.00007102079689502716"
"24893","0.002244817093014717","0.002244817093014717","0.002244817093014717"
"24895","0.017653988674283028","0.017653988674283028","0.017653988674283028"
"24899","0.00010988116264343262","0.00010988116264343262","0.00010988116264343262"
"24905","0.0016180649399757385","0.0016180649399757385","0.0016180649399757385"
"24911","0.0005316827446222305","0.0005316827446222305","0.0005316827446222305"
"24917","0.000026656314730644226","0.000026656314730644226","0.000026656314730644226"
"24921","0.00001891516149044037","0.00001891516149044037","0.00001891516149044037"
"24923","0.00006078369915485382","0.00006078369915485382","0.00006078369915485382"
"24925","0.002417193725705147","0.002417193725705147","0.002417193725705147"
"24927","0.0012090038508176804","0.0012090038508176804","0.0012090038508176804"
"24929","0.0004090946167707443","0.0004090946167707443","0.0004090946167707443"
"24933","0.004349241033196449","0.004349241033196449","0.004349241033196449"
"24935","0.00240977481007576","0.00240977481007576","0.00240977481007576"
"24937","0.013643627986311913","0.013643627986311913","0.013643627986311913"
"24939","0.002883007749915123","0.002883007749915123","0.002883007749915123"
"24941","0.0020073093473911285","0.0020073093473911285","0.0020073093473911285"
"24943","0.018875693902373314","0.018875693902373314","0.018875693902373314"
"24945","0.00033256225287914276","0.00033256225287914276","0.00033256225287914276"
"24947","0.0002543646842241287","0.0002543646842241287","0.0002543646842241287"
"24949","0.0037841442972421646","0.0037841442972421646","0.0037841442972421646"
"24951","0.00005924887955188751","0.00005924887955188751","0.00005924887955188751"
"24953","0.0008907653391361237","0.0008907653391361237","0.0008907653391361237"
"24961","0.000299965962767601","0.000299965962767601","0.000299965962767601"
"24965","0.0006347931921482086","0.0006347931921482086","0.0006347931921482086"
"24969","0.0037478413432836533","0.0037478413432836533","0.0037478413432836533"
"24971","0.0003239307552576065","0.0003239307552576065","0.0003239307552576065"
"24973","0.03311537951231003","0.03311537951231003","0.03311537951231003"
"24975","0.00012116134166717529","0.00012116134166717529","0.00012116134166717529"
"24977","0.0010440237820148468","0.0010440237820148468","0.0010440237820148468"
"24981","0.0001948680728673935","0.0001948680728673935","0.0001948680728673935"
"24983","0.002751242369413376","0.002751242369413376","0.002751242369413376"
"24985","0.0011218972504138947","0.0011218972504138947","0.0011218972504138947"
"24987","0.00014305859804153442","0.00014305859804153442","0.00014305859804153442"
"24989","0.010797107592225075","0.010797107592225075","0.010797107592225075"
"24991","0.0014199689030647278","0.0014199689030647278","0.0014199689030647278"
"24993","0.000016435980796813965","0.000016435980796813965","0.000016435980796813965"
"24995","0.003740975633263588","0.003740975633263588","0.003740975633263588"
"24997","0.00048821792006492615","0.00048821792006492615","0.00048821792006492615"
"24999","0.0028081387281417847","0.0028081387281417847","0.0028081387281417847"
"25003","0.05048850178718567","0.05048850178718567","0.05048850178718567"
"25005","0.0001676473766565323","0.0001676473766565323","0.0001676473766565323"
"25009","0.0010861102491617203","0.0010861102491617203","0.0010861102491617203"
"25011","0.000344056636095047","0.000344056636095047","0.000344056636095047"
"25013","0.00043537281453609467","0.00043537281453609467","0.00043537281453609467"
"25015","0.00016975775361061096","0.00016975775361061096","0.00016975775361061096"
"25019","0.003959959372878075","0.003959959372878075","0.003959959372878075"
"25025","0.0000939350575208664","0.0000939350575208664","0.0000939350575208664"
"25027","0.0007976703345775604","0.0007976703345775604","0.0007976703345775604"
"25029","0.0018241796642541885","0.0018241796642541885","0.0018241796642541885"
"25036","0.0015645995736122131","0.0015645995736122131","0.0015645995736122131"
"25038","0.001346249133348465","0.001346249133348465","0.001346249133348465"
"25040","0.0004337206482887268","0.0004337206482887268","0.0004337206482887268"
"25042","0.00013287551701068878","0.00013287551701068878","0.00013287551701068878"
"25044","0.0005838163197040558","0.0005838163197040558","0.0005838163197040558"
"25046","0.00017900019884109497","0.00017900019884109497","0.00017900019884109497"
"25048","0.013015108183026314","0.013015108183026314","0.013015108183026314"
"25050","0.0008245948702096939","0.0008245948702096939","0.0008245948702096939"
"25052","0.002117067575454712","0.002117067575454712","0.002117067575454712"
"25054","0.00010920315980911255","0.00010920315980911255","0.00010920315980911255"
"25056","0.00018009915947914124","0.00018009915947914124","0.00018009915947914124"
"25058","0.0019360017031431198","0.0019360017031431198","0.0019360017031431198"
"25062","0.00005811452865600586","0.00005811452865600586","0.00005811452865600586"
"25066","0.000361073762178421","0.000361073762178421","0.000361073762178421"
"25074","0.00014944560825824738","0.00014944560825824738","0.00014944560825824738"
"25076","0.00016779080033302307","0.00016779080033302307","0.00016779080033302307"
"25078","0.002036651596426964","0.002036651596426964","0.002036651596426964"
"25082","0.0035458020865917206","0.0035458020865917206","0.0035458020865917206"
"25084","0.0012233797460794449","0.0012233797460794449","0.0012233797460794449"
"25086","0.0021531004458665848","0.0021531004458665848","0.0021531004458665848"
"25088","0.0002617146819829941","0.0002617146819829941","0.0002617146819829941"
"25092","0.0001573227345943451","0.0001573227345943451","0.0001573227345943451"
"25096","0.0008550453931093216","0.0008550453931093216","0.0008550453931093216"
"25098","0.00011206232011318207","0.00011206232011318207","0.00011206232011318207"
"25100","0.0003974735736846924","0.0003974735736846924","0.0003974735736846924"
"25102","0.00007724761962890625","0.00007724761962890625","0.00007724761962890625"
"25104","0.00013881362974643707","0.00013881362974643707","0.00013881362974643707"
"25106","0.011420661583542824","0.011420661583542824","0.011420661583542824"
"25110","0.0019857455044984818","0.0019857455044984818","0.0019857455044984818"
"25112","0.004803912714123726","0.004803912714123726","0.004803912714123726"
"25116","0.0011804010719060898","0.0011804010719060898","0.0011804010719060898"
"25118","0.001849474385380745","0.001849474385380745","0.001849474385380745"
"25120","0.0011374372988939285","0.0011374372988939285","0.0011374372988939285"
"25122","0.0007652807980775833","0.0007652807980775833","0.0007652807980775833"
"25124","0.0021064486354589462","0.0021064486354589462","0.0021064486354589462"
"25126","0.0005295928567647934","0.0005295928567647934","0.0005295928567647934"
"25134","0.00013998709619045258","0.00013998709619045258","0.00013998709619045258"
"25136","0.0007841624319553375","0.0007841624319553375","0.0007841624319553375"
"25138","0.0010281112045049667","0.0010281112045049667","0.0010281112045049667"
"25140","0.00026117265224456787","0.00026117265224456787","0.00026117265224456787"
"25142","0.0001062396913766861","0.0001062396913766861","0.0001062396913766861"
"25144","0.00006847642362117767","0.00006847642362117767","0.00006847642362117767"
"25146","0.0005819238722324371","0.0005819238722324371","0.0005819238722324371"
"25148","0.00018696673214435577","0.00018696673214435577","0.00018696673214435577"
"25150","0.04595258831977844","0.04595258831977844","0.04595258831977844"
"25152","0.0007025711238384247","0.0007025711238384247","0.0007025711238384247"
"25154","0.00010532326996326447","0.00010532326996326447","0.00010532326996326447"
"25158","0.0005647037178277969","0.0005647037178277969","0.0005647037178277969"
"25160","0.00015629827976226807","0.00015629827976226807","0.00015629827976226807"
"25162","0.012498678639531136","0.012498678639531136","0.012498678639531136"
"25166","0.00025869719684123993","0.00025869719684123993","0.00025869719684123993"
"25168","0.0001459158957004547","0.0001459158957004547","0.0001459158957004547"
"25170","0.0021096374839544296","0.0021096374839544296","0.0021096374839544296"
"25172","0.00011403672397136688","0.00011403672397136688","0.00011403672397136688"
"25174","0.004242662340402603","0.004242662340402603","0.004242662340402603"
"25176","0.009329704567790031","0.009329704567790031","0.009329704567790031"
"25180","0.00013880804181098938","0.00013880804181098938","0.00013880804181098938"
"25184","0.007808079943060875","0.007808079943060875","0.007808079943060875"
"25186","0.010068027302622795","0.010068027302622795","0.010068027302622795"
"25188","0.0003856457769870758","0.0003856457769870758","0.0003856457769870758"
"25190","0.003917854279279709","0.003917854279279709","0.003917854279279709"
"25192","0.0012361779808998108","0.0012361779808998108","0.0012361779808998108"
"25194","0.0005901455879211426","0.0005901455879211426","0.0005901455879211426"
"25196","0.0019138995558023453","0.0019138995558023453","0.0019138995558023453"
"25198","0.002352297306060791","0.002352297306060791","0.002352297306060791"
"25200","0.0011151954531669617","0.0011151954531669617","0.0011151954531669617"
"25202","0.0008222460746765137","0.0008222460746765137","0.0008222460746765137"
"25208","0.0011079199612140656","0.0011079199612140656","0.0011079199612140656"
"25212","0.0021812040358781815","0.0021812040358781815","0.0021812040358781815"
"25216","0.00008395500481128693","0.00008395500481128693","0.00008395500481128693"
"25218","0.02866624854505062","0.02866624854505062","0.02866624854505062"
"25222","0.0035708267241716385","0.0035708267241716385","0.0035708267241716385"
"25224","0.00009052827954292297","0.00009052827954292297","0.00009052827954292297"
"25228","0.000050785019993782043","0.000050785019993782043","0.000050785019993782043"
"25230","0.007878940552473068","0.007878940552473068","0.007878940552473068"
"25232","0.00164702907204628","0.00164702907204628","0.00164702907204628"
"25234","0.0017386730760335922","0.0017386730760335922","0.0017386730760335922"
"25236","0.0003584176301956177","0.0003584176301956177","0.0003584176301956177"
"25240","0.00043424591422080994","0.00043424591422080994","0.00043424591422080994"
"25242","0.00014176778495311737","0.00014176778495311737","0.00014176778495311737"
"25244","0.00318312831223011","0.00318312831223011","0.00318312831223011"
"25248","0.0002616327255964279","0.0002616327255964279","0.0002616327255964279"
"25250","0.0001255609095096588","0.0001255609095096588","0.0001255609095096588"
"25254","0.0006053987890481949","0.0006053987890481949","0.0006053987890481949"
"25260","0.00019946135580539703","0.00019946135580539703","0.00019946135580539703"
"25262","0.00006183050572872162","0.00006183050572872162","0.00006183050572872162"
"25264","0.0030466411262750626","0.0030466411262750626","0.0030466411262750626"
"25266","0.000023052096366882324","0.000023052096366882324","0.000023052096366882324"
"25268","0.00006714276969432831","0.00006714276969432831","0.00006714276969432831"
"25272","0.00019496679306030273","0.00019496679306030273","0.00019496679306030273"
"25276","0.0062978994101285934","0.0062978994101285934","0.0062978994101285934"
"25282","0.0007160305976867676","0.0007160305976867676","0.0007160305976867676"
"25284","0.012170052155852318","0.012170052155852318","0.012170052155852318"
"25286","0.0006624087691307068","0.0006624087691307068","0.0006624087691307068"
"25288","0.01599753275513649","0.01599753275513649","0.01599753275513649"
"25290","0.000883106142282486","0.000883106142282486","0.000883106142282486"
"25292","0.00130484439432621","0.00130484439432621","0.00130484439432621"
"25294","0.0019659288227558136","0.0019659288227558136","0.0019659288227558136"
"25298","0.0012444444000720978","0.0012444444000720978","0.0012444444000720978"
"25300","0.0037140604108572006","0.0037140604108572006","0.0037140604108572006"
"25302","0.0067777372896671295","0.0067777372896671295","0.0067777372896671295"
"25304","0.002063976600766182","0.002063976600766182","0.002063976600766182"
"25306","0.0007970370352268219","0.0007970370352268219","0.0007970370352268219"
"25308","0.012026259675621986","0.012026259675621986","0.012026259675621986"
"25310","0.0010898765176534653","0.0010898765176534653","0.0010898765176534653"
"25312","0.00026245415210723877","0.00026245415210723877","0.00026245415210723877"
"25314","0.00004856288433074951","0.00004856288433074951","0.00004856288433074951"
"25316","0.0010299067944288254","0.0010299067944288254","0.0010299067944288254"
"25320","0.00047098472714424133","0.00047098472714424133","0.00047098472714424133"
"25324","0.00038512423634529114","0.00038512423634529114","0.00038512423634529114"
"25326","0.0004186239093542099","0.0004186239093542099","0.0004186239093542099"
"25328","0.0006154272705316544","0.0006154272705316544","0.0006154272705316544"
"25330","0.0007144846022129059","0.0007144846022129059","0.0007144846022129059"
"25332","0.0002707242965698242","0.0002707242965698242","0.0002707242965698242"
"25334","0.0005808733403682709","0.0005808733403682709","0.0005808733403682709"
"25336","0.0003083515912294388","0.0003083515912294388","0.0003083515912294388"
"25340","0.00045073404908180237","0.00045073404908180237","0.00045073404908180237"
"25344","0.00009747594594955444","0.00009747594594955444","0.00009747594594955444"
"25346","0.0017008725553750992","0.0017008725553750992","0.0017008725553750992"
"25348","0.0004861578345298767","0.0004861578345298767","0.0004861578345298767"
"25350","0.0006910786032676697","0.0006910786032676697","0.0006910786032676697"
"25354","0.000515621155500412","0.000515621155500412","0.000515621155500412"
"25356","0.0001095253974199295","0.0001095253974199295","0.0001095253974199295"
"25360","0.00021021626889705658","0.00021021626889705658","0.00021021626889705658"
"25362","0.004998259246349335","0.004998259246349335","0.004998259246349335"
"25364","0.00010630860924720764","0.00010630860924720764","0.00010630860924720764"
"25366","0.00048533640801906586","0.00048533640801906586","0.00048533640801906586"
"25368","0.01044834777712822","0.01044834777712822","0.01044834777712822"
"25372","0.004551371559500694","0.004551371559500694","0.004551371559500694"
"25374","0.000316007062792778","0.000316007062792778","0.000316007062792778"
"25376","0.0010469499975442886","0.0010469499975442886","0.0010469499975442886"
"25378","0.007316902279853821","0.007316902279853821","0.007316902279853821"
"25380","0.0000763237476348877","0.0000763237476348877","0.0000763237476348877"
"25382","0.00017799437046051025","0.00017799437046051025","0.00017799437046051025"
"25386","0.00005021877586841583","0.00005021877586841583","0.00005021877586841583"
"25388","0.0034689120948314667","0.0034689120948314667","0.0034689120948314667"
"25390","0.0007682573050260544","0.0007682573050260544","0.0007682573050260544"
"25392","0.004686444997787476","0.004686444997787476","0.004686444997787476"
"25394","0.0002754591405391693","0.0002754591405391693","0.0002754591405391693"
"25396","0.008603015914559364","0.008603015914559364","0.008603015914559364"
"25398","0.002559354528784752","0.002559354528784752","0.002559354528784752"
"25400","0.000588197261095047","0.000588197261095047","0.000588197261095047"
"25404","0.00026570074260234833","0.00026570074260234833","0.00026570074260234833"
"25406","0.0004935860633850098","0.0004935860633850098","0.0004935860633850098"
"25408","0.0005463678389787674","0.0005463678389787674","0.0005463678389787674"
"25412","0.00024861283600330353","0.00024861283600330353","0.00024861283600330353"
"25414","0.004027577117085457","0.004027577117085457","0.004027577117085457"
"25420","0.003270406275987625","0.003270406275987625","0.003270406275987625"
"25422","0.0002623237669467926","0.0002623237669467926","0.0002623237669467926"
"25424","0.0003382489085197449","0.0003382489085197449","0.0003382489085197449"
"25426","0.0006148964166641235","0.0006148964166641235","0.0006148964166641235"
"25428","0.0006138719618320465","0.0006138719618320465","0.0006138719618320465"
"25430","0.00001658499240875244","0.00001658499240875244","0.00001658499240875244"
"25432","0.0005303174257278442","0.0005303174257278442","0.0005303174257278442"
"25434","0.0012809894979000092","0.0012809894979000092","0.0012809894979000092"
"25436","0.0005446616560220718","0.0005446616560220718","0.0005446616560220718"
"25440","0.029544759541749954","0.029544759541749954","0.029544759541749954"
"25444","0.009416066110134125","0.009416066110134125","0.009416066110134125"
"25446","0.0005011521279811859","0.0005011521279811859","0.0005011521279811859"
"25448","0.00086180679500103","0.00086180679500103","0.00086180679500103"
"25452","0.00024947337806224823","0.00024947337806224823","0.00024947337806224823"
"25454","0.000033814460039138794","0.000033814460039138794","0.000033814460039138794"
"25456","0.00031407177448272705","0.00031407177448272705","0.00031407177448272705"
"25458","0.006593933328986168","0.006593933328986168","0.006593933328986168"
"25460","0.0003052782267332077","0.0003052782267332077","0.0003052782267332077"
"25462","0.00030742399394512177","0.00030742399394512177","0.00030742399394512177"
"25464","0.0001569744199514389","0.0001569744199514389","0.0001569744199514389"
"25466","0.00010901503264904022","0.00010901503264904022","0.00010901503264904022"
"25468","0.0005322601646184921","0.0005322601646184921","0.0005322601646184921"
"25474","0.0005450397729873657","0.0005450397729873657","0.0005450397729873657"
"25476","0.002781582996249199","0.002781582996249199","0.002781582996249199"
"25478","0.001361023634672165","0.001361023634672165","0.001361023634672165"
"25480","0.0005665943026542664","0.0005665943026542664","0.0005665943026542664"
"25482","0.0012780185788869858","0.0012780185788869858","0.0012780185788869858"
"25486","0.0002519562840461731","0.0002519562840461731","0.0002519562840461731"
"25488","0.00011541694402694702","0.00011541694402694702","0.00011541694402694702"
"25490","0.0035886168479919434","0.0035886168479919434","0.0035886168479919434"
"25494","0.004098907113075256","0.004098907113075256","0.004098907113075256"
"25496","0.0016563478857278824","0.0016563478857278824","0.0016563478857278824"
"25498","0.0003729425370693207","0.0003729425370693207","0.0003729425370693207"
"25500","0.00017389655113220215","0.00017389655113220215","0.00017389655113220215"
"25504","0.0011568274348974228","0.0011568274348974228","0.0011568274348974228"
"25506","0.00004127807915210724","0.00004127807915210724","0.00004127807915210724"
"25510","0.0008896607905626297","0.0008896607905626297","0.0008896607905626297"
"25514","0.012145128101110458","0.012145128101110458","0.012145128101110458"
"25516","0.00396190769970417","0.00396190769970417","0.00396190769970417"
"25518","0.00023040920495986938","0.00023040920495986938","0.00023040920495986938"
"25522","0.00003762729465961456","0.00003762729465961456","0.00003762729465961456"
"25524","0.0005403328686952591","0.0005403328686952591","0.0005403328686952591"
"25526","0.000028332695364952087","0.000028332695364952087","0.000028332695364952087"
"25528","0.0005837902426719666","0.0005837902426719666","0.0005837902426719666"
"25530","0.001067841425538063","0.001067841425538063","0.001067841425538063"
"25534","0.00974983349442482","0.00974983349442482","0.00974983349442482"
"25538","0.001148376613855362","0.001148376613855362","0.001148376613855362"
"25540","0.0003823302686214447","0.0003823302686214447","0.0003823302686214447"
"25542","0.002268461510539055","0.002268461510539055","0.002268461510539055"
"25544","0.00037277117371559143","0.00037277117371559143","0.00037277117371559143"
"25546","0.00024079158902168274","0.00024079158902168274","0.00024079158902168274"
"25548","0.00004052184522151947","0.00004052184522151947","0.00004052184522151947"
"25550","0.006528481841087341","0.006528481841087341","0.006528481841087341"
"25552","0.00025111064314842224","0.00025111064314842224","0.00025111064314842224"
"25554","0.00034312903881073","0.00034312903881073","0.00034312903881073"
"25556","0.0002887789160013199","0.0002887789160013199","0.0002887789160013199"
"25561","0.0008055120706558228","0.0008055120706558228","0.0008055120706558228"
"25567","0.018099365755915642","0.018099365755915642","0.018099365755915642"
"25569","0.0006666537374258041","0.0006666537374258041","0.0006666537374258041"
"25571","0.0008290335536003113","0.0008290335536003113","0.0008290335536003113"
"25573","0.0006671212613582611","0.0006671212613582611","0.0006671212613582611"
"25575","0.000028422102332115173","0.000028422102332115173","0.000028422102332115173"
"25577","0.0019091218709945679","0.0019091218709945679","0.0019091218709945679"
"25579","0.014280581846833229","0.014280581846833229","0.014280581846833229"
"25581","0.00044459104537963867","0.00044459104537963867","0.00044459104537963867"
"25583","0.0022520553320646286","0.0022520553320646286","0.0022520553320646286"
"25585","0.00336662121117115","0.00336662121117115","0.00336662121117115"
"25587","0.029385922476649284","0.029385922476649284","0.029385922476649284"
"25589","0.0001646224409341812","0.0001646224409341812","0.0001646224409341812"
"25591","0.0006466321647167206","0.0006466321647167206","0.0006466321647167206"
"25593","0.0013323500752449036","0.0013323500752449036","0.0013323500752449036"
"25595","0.0006428435444831848","0.0006428435444831848","0.0006428435444831848"
"25597","0.0009659994393587112","0.0009659994393587112","0.0009659994393587112"
"25599","0.010567352175712585","0.010567352175712585","0.010567352175712585"
"25601","0.0007252078503370285","0.0007252078503370285","0.0007252078503370285"
"25605","0.00028344057500362396","0.00028344057500362396","0.00028344057500362396"
"25607","0.0004939455538988113","0.0004939455538988113","0.0004939455538988113"
"25609","0.0000959392637014389","0.0000959392637014389","0.0000959392637014389"
"25611","0.0016440320760011673","0.0016440320760011673","0.0016440320760011673"
"25613","0.0012246239930391312","0.0012246239930391312","0.0012246239930391312"
"25615","0.00004726089537143707","0.00004726089537143707","0.00004726089537143707"
"25617","0.026334119960665703","0.026334119960665703","0.026334119960665703"
"25619","0.0004529673606157303","0.0004529673606157303","0.0004529673606157303"
"25623","0.00046462006866931915","0.00046462006866931915","0.00046462006866931915"
"25629","0.010046804323792458","0.010046804323792458","0.010046804323792458"
"25631","0.0009725838899612427","0.0009725838899612427","0.0009725838899612427"
"25633","0.00019551068544387817","0.00019551068544387817","0.00019551068544387817"
"25635","0.00007890909910202026","0.00007890909910202026","0.00007890909910202026"
"25639","0.010673798620700836","0.010673798620700836","0.010673798620700836"
"25641","0.00002695620059967041","0.00002695620059967041","0.00002695620059967041"
"25643","0.007137283682823181","0.007137283682823181","0.007137283682823181"
"25645","0.0017829760909080505","0.0017829760909080505","0.0017829760909080505"
"25647","0.00380103662610054","0.00380103662610054","0.00380103662610054"
"25649","0.00011906400322914124","0.00011906400322914124","0.00011906400322914124"
"25651","0.007632257416844368","0.007632257416844368","0.007632257416844368"
"25653","0.001711629331111908","0.001711629331111908","0.001711629331111908"
"25655","0.005770407617092133","0.005770407617092133","0.005770407617092133"
"25657","0.00043288618326187134","0.00043288618326187134","0.00043288618326187134"
"25659","0.029472950845956802","0.029472950845956802","0.029472950845956802"
"25661","0.0002343934029340744","0.0002343934029340744","0.0002343934029340744"
"25663","0.0011901184916496277","0.0011901184916496277","0.0011901184916496277"
"25665","0.006965406239032745","0.006965406239032745","0.006965406239032745"
"25667","0.001036887988448143","0.001036887988448143","0.001036887988448143"
"25669","0.000357137992978096","0.000357137992978096","0.000357137992978096"
"25675","0.0009565930813550949","0.0009565930813550949","0.0009565930813550949"
"25677","0.0011709388345479965","0.0011709388345479965","0.0011709388345479965"
"25679","0.00035797059535980225","0.00035797059535980225","0.00035797059535980225"
"25681","0.00006519630551338196","0.00006519630551338196","0.00006519630551338196"
"25685","0.00017078034579753876","0.00017078034579753876","0.00017078034579753876"
"25687","0.00147283636033535","0.00147283636033535","0.00147283636033535"
"25689","0.003138769418001175","0.003138769418001175","0.003138769418001175"
"25691","0.0005850978195667267","0.0005850978195667267","0.0005850978195667267"
"25693","0.0028702933341264725","0.0028702933341264725","0.0028702933341264725"
"25697","0.00012937746942043304","0.00012937746942043304","0.00012937746942043304"
"25699","0.00009939819574356079","0.00009939819574356079","0.00009939819574356079"
"25701","0.00020955130457878113","0.00020955130457878113","0.00020955130457878113"
"25703","0.03789723291993141","0.03789723291993141","0.03789723291993141"
"25705","0.0006513800472021103","0.0006513800472021103","0.0006513800472021103"
"25709","0.000050399452447891235","0.000050399452447891235","0.000050399452447891235"
"25711","0.00039145350456237793","0.00039145350456237793","0.00039145350456237793"
"25717","0.0013042725622653961","0.0013042725622653961","0.0013042725622653961"
"25719","0.0035245567560195923","0.0035245567560195923","0.0035245567560195923"
"25725","0.0006176549941301346","0.0006176549941301346","0.0006176549941301346"
"25727","0.005843648687005043","0.005843648687005043","0.005843648687005043"
"25731","0.00029028765857219696","0.00029028765857219696","0.00029028765857219696"
"25733","0.036616601049900055","0.036616601049900055","0.036616601049900055"
"25735","0.00035250745713710785","0.00035250745713710785","0.00035250745713710785"
"25737","0.0007263310253620148","0.0007263310253620148","0.0007263310253620148"
"25739","0.0017576739192008972","0.0017576739192008972","0.0017576739192008972"
"25741","0.016495872288942337","0.016495872288942337","0.016495872288942337"
"25743","0.005320733413100243","0.005320733413100243","0.005320733413100243"
"25745","0.0002162158489227295","0.0002162158489227295","0.0002162158489227295"
"25749","0.004841197282075882","0.004841197282075882","0.004841197282075882"
"25751","0.00008174218237400055","0.00008174218237400055","0.00008174218237400055"
"25757","0.0007739383727312088","0.0007739383727312088","0.0007739383727312088"
"25759","0.0030606351792812347","0.0030606351792812347","0.0030606351792812347"
"25763","0.0037294048815965652","0.0037294048815965652","0.0037294048815965652"
"25765","0.000006357207894325256","0.000006357207894325256","0.000006357207894325256"
"25767","0.00023255124688148499","0.00023255124688148499","0.00023255124688148499"
"25769","0.0011948738247156143","0.0011948738247156143","0.0011948738247156143"
"25775","0.0006341896951198578","0.0006341896951198578","0.0006341896951198578"
"25777","0.0009187739342451096","0.0009187739342451096","0.0009187739342451096"
"25779","0.0008019004017114639","0.0008019004017114639","0.0008019004017114639"
"25781","0.002298181876540184","0.002298181876540184","0.002298181876540184"
"25783","0.0010948274284601212","0.0010948274284601212","0.0010948274284601212"
"25785","0.001865854486823082","0.001865854486823082","0.001865854486823082"
"25787","0.0002408195286989212","0.0002408195286989212","0.0002408195286989212"
"25789","0.000735938549041748","0.000735938549041748","0.000735938549041748"
"25791","0.00004943832755088806","0.00004943832755088806","0.00004943832755088806"
"25797","0.00037930160760879517","0.00037930160760879517","0.00037930160760879517"
"25801","0.00006789900362491608","0.00006789900362491608","0.00006789900362491608"
"25803","0.00029591284692287445","0.00029591284692287445","0.00029591284692287445"
"25805","0.0036559682339429855","0.0036559682339429855","0.0036559682339429855"
"25807","0.000560123473405838","0.000560123473405838","0.000560123473405838"
"25811","0.00017769262194633484","0.00017769262194633484","0.00017769262194633484"
"25813","0.003176964819431305","0.003176964819431305","0.003176964819431305"
"25815","0.002218088135123253","0.002218088135123253","0.002218088135123253"
"25821","0.0003366488963365555","0.0003366488963365555","0.0003366488963365555"
"25823","0.0031901318579912186","0.0031901318579912186","0.0031901318579912186"
"25825","0.003928296267986298","0.003928296267986298","0.003928296267986298"
"25827","0.000018713995814323425","0.000018713995814323425","0.000018713995814323425"
"25829","0.002992643043398857","0.002992643043398857","0.002992643043398857"
"25831","0.00007065199315547943","0.00007065199315547943","0.00007065199315547943"
"25833","0.0001703128218650818","0.0001703128218650818","0.0001703128218650818"
"25835","0.0003624260425567627","0.0003624260425567627","0.0003624260425567627"
"25841","0.0002154577523469925","0.0002154577523469925","0.0002154577523469925"
"25843","0.00018948130309581757","0.00018948130309581757","0.00018948130309581757"
"25845","0.0017850492149591446","0.0017850492149591446","0.0017850492149591446"
"25847","0.00007445178925991058","0.00007445178925991058","0.00007445178925991058"
"25849","0.010388581082224846","0.010388581082224846","0.010388581082224846"
"25851","0.004629151895642281","0.004629151895642281","0.004629151895642281"
"25859","0.00067119300365448","0.00067119300365448","0.00067119300365448"
"25861","0.0005924496799707413","0.0005924496799707413","0.0005924496799707413"
"25865","0.00890536978840828","0.00890536978840828","0.00890536978840828"
"25871","0.0007646363228559494","0.0007646363228559494","0.0007646363228559494"
"25873","0.014945365488529205","0.014945365488529205","0.014945365488529205"
"25875","0.00038165971636772156","0.00038165971636772156","0.00038165971636772156"
"25879","0.0004891585558652878","0.0004891585558652878","0.0004891585558652878"
"25885","0.003956757485866547","0.003956757485866547","0.003956757485866547"
"25887","0.0027889274060726166","0.0027889274060726166","0.0027889274060726166"
"25893","0.0002497062087059021","0.0002497062087059021","0.0002497062087059021"
"25895","0.00447295606136322","0.00447295606136322","0.00447295606136322"
"25899","0.010749366134405136","0.010749366134405136","0.010749366134405136"
"25901","0.00065559521317482","0.00065559521317482","0.00065559521317482"
"25905","0.002073341980576515","0.002073341980576515","0.002073341980576515"
"25907","0.010135635733604431","0.010135635733604431","0.010135635733604431"
"25909","0.012347422540187836","0.012347422540187836","0.012347422540187836"
"25911","0.005097556859254837","0.005097556859254837","0.005097556859254837"
"25915","0.00104595348238945","0.00104595348238945","0.00104595348238945"
"25917","0.0004104599356651306","0.0004104599356651306","0.0004104599356651306"
"25919","0.00011103413999080658","0.00011103413999080658","0.00011103413999080658"
"25921","0.004002213478088379","0.004002213478088379","0.004002213478088379"
"25923","0.004224004223942757","0.004224004223942757","0.004224004223942757"
"25927","0.00040141865611076355","0.00040141865611076355","0.00040141865611076355"
"25929","0.0035302061587572098","0.0035302061587572098","0.0035302061587572098"
"25931","0.000028092414140701294","0.000028092414140701294","0.000028092414140701294"
"25933","0.004598630592226982","0.004598630592226982","0.004598630592226982"
"25935","0.0007886774837970734","0.0007886774837970734","0.0007886774837970734"
"25937","0.00033026933670043945","0.00033026933670043945","0.00033026933670043945"
"25941","0.00048820115625858307","0.00048820115625858307","0.00048820115625858307"
"25945","0.0007091835141181946","0.0007091835141181946","0.0007091835141181946"
"25949","0.0008604824542999268","0.0008604824542999268","0.0008604824542999268"
"25953","0.000025406479835510254","0.000025406479835510254","0.000025406479835510254"
"25955","0.0006219148635864258","0.0006219148635864258","0.0006219148635864258"
"25961","0.00035426393151283264","0.00035426393151283264","0.00035426393151283264"
"25963","0.0007050316780805588","0.0007050316780805588","0.0007050316780805588"
"25965","0.0005616564303636551","0.0005616564303636551","0.0005616564303636551"
"25971","0.0015747658908367157","0.0015747658908367157","0.0015747658908367157"
"25975","0.0010500997304916382","0.0010500997304916382","0.0010500997304916382"
"25977","0.0013533178716897964","0.0013533178716897964","0.0013533178716897964"
"25979","0.001377033069729805","0.001377033069729805","0.001377033069729805"
"25981","0.00011156685650348663","0.00011156685650348663","0.00011156685650348663"
"25983","0.0002916734665632248","0.0002916734665632248","0.0002916734665632248"
"25985","0.000026531517505645752","0.000026531517505645752","0.000026531517505645752"
"25987","0.005830485373735428","0.005830485373735428","0.005830485373735428"
"25989","0.0049415044486522675","0.0049415044486522675","0.0049415044486522675"
"25991","0.002471858635544777","0.002471858635544777","0.002471858635544777"
"25993","0.0033311601728200912","0.0033311601728200912","0.0033311601728200912"
"25995","0.0003384556621313095","0.0003384556621313095","0.0003384556621313095"
"25997","0.00011623650789260864","0.00011623650789260864","0.00011623650789260864"
"26003","0.022516796365380287","0.022516796365380287","0.022516796365380287"
"26005","0.0018071550875902176","0.0018071550875902176","0.0018071550875902176"
"26007","0.00012866593897342682","0.00012866593897342682","0.00012866593897342682"
"26009","0.007492545992136002","0.007492545992136002","0.007492545992136002"
"26011","0.00008897297084331512","0.00008897297084331512","0.00008897297084331512"
"26013","0.000940367579460144","0.000940367579460144","0.000940367579460144"
"26015","0.0005932413041591644","0.0005932413041591644","0.0005932413041591644"
"26019","0.0005730632692575455","0.0005730632692575455","0.0005730632692575455"
"26021","0.004509907215833664","0.004509907215833664","0.004509907215833664"
"26023","0.0003767106682062149","0.0003767106682062149","0.0003767106682062149"
"26025","0.002467060461640358","0.002467060461640358","0.002467060461640358"
"26027","0.00010942108929157257","0.00010942108929157257","0.00010942108929157257"
"26029","0.0008654948323965073","0.0008654948323965073","0.0008654948323965073"
"26035","0.0018816236406564713","0.0018816236406564713","0.0018816236406564713"
"26041","0.010227840393781662","0.010227840393781662","0.010227840393781662"
"26043","0.002565266564488411","0.002565266564488411","0.002565266564488411"
"26045","0.0017900578677654266","0.0017900578677654266","0.0017900578677654266"
"26047","0.0017516668885946274","0.0017516668885946274","0.0017516668885946274"
"26049","0.0008871704339981079","0.0008871704339981079","0.0008871704339981079"
"26051","0.00003297440707683563","0.00003297440707683563","0.00003297440707683563"
"26053","0.0016886312514543533","0.0016886312514543533","0.0016886312514543533"
"26055","0.0003150906413793564","0.0003150906413793564","0.0003150906413793564"
"26057","0.00047005340456962585","0.00047005340456962585","0.00047005340456962585"
"26059","0.020722215995192528","0.020722215995192528","0.020722215995192528"
"26061","0.003451840952038765","0.003451840952038765","0.003451840952038765"
"26063","0.0007840096950531006","0.0007840096950531006","0.0007840096950531006"
"26065","0.0537017360329628","0.0537017360329628","0.0537017360329628"
"26069","0.0008293520659208298","0.0008293520659208298","0.0008293520659208298"
"26073","0.00963221862912178","0.00963221862912178","0.00963221862912178"
"26075","0.0006403699517250061","0.0006403699517250061","0.0006403699517250061"
"26077","0.0009598694741725922","0.0009598694741725922","0.0009598694741725922"
"26079","0.005449168384075165","0.005449168384075165","0.005449168384075165"
"26081","0.0016577690839767456","0.0016577690839767456","0.0016577690839767456"
"26083","0.003049015998840332","0.003049015998840332","0.003049015998840332"
"26088","0.00017852522432804108","0.00017852522432804108","0.00017852522432804108"
"26090","0.003320438787341118","0.003320438787341118","0.003320438787341118"
"26092","0.0008258502930402756","0.0008258502930402756","0.0008258502930402756"
"26094","0.000618884339928627","0.000618884339928627","0.000618884339928627"
"26100","0.000482901930809021","0.000482901930809021","0.000482901930809021"
"26108","0.0020582452416419983","0.0020582452416419983","0.0020582452416419983"
"26112","0.000577729195356369","0.000577729195356369","0.000577729195356369"
"26116","0.00008958019316196442","0.00008958019316196442","0.00008958019316196442"
"26118","0.00018859654664993286","0.00018859654664993286","0.00018859654664993286"
"26122","0.00021291524171829224","0.00021291524171829224","0.00021291524171829224"
"26124","0.00029288604855537415","0.00029288604855537415","0.00029288604855537415"
"26126","0.0023858677595853806","0.0023858677595853806","0.0023858677595853806"
"26128","0.00018287822604179382","0.00018287822604179382","0.00018287822604179382"
"26130","0.005303023383021355","0.005303023383021355","0.005303023383021355"
"26132","0.00024709105491638184","0.00024709105491638184","0.00024709105491638184"
"26134","0.0003885570913553238","0.0003885570913553238","0.0003885570913553238"
"26136","0.0015036165714263916","0.0015036165714263916","0.0015036165714263916"
"26138","0.0063780564814805984","0.0063780564814805984","0.0063780564814805984"
"26140","0.00027742795646190643","0.00027742795646190643","0.00027742795646190643"
"26142","0.0016326215118169785","0.0016326215118169785","0.0016326215118169785"
"26144","0.00025573931634426117","0.00025573931634426117","0.00025573931634426117"
"26146","0.003715081140398979","0.003715081140398979","0.003715081140398979"
"26148","0.00024410337209701538","0.00024410337209701538","0.00024410337209701538"
"26152","0.0017033666372299194","0.0017033666372299194","0.0017033666372299194"
"26154","0.00042309053242206573","0.00042309053242206573","0.00042309053242206573"
"26156","0.0005296431481838226","0.0005296431481838226","0.0005296431481838226"
"26158","0.0002924259752035141","0.0002924259752035141","0.0002924259752035141"
"26160","0.00013656914234161377","0.00013656914234161377","0.00013656914234161377"
"26168","0.00008098781108856201","0.00008098781108856201","0.00008098781108856201"
"26170","0.0041620004922151566","0.0041620004922151566","0.0041620004922151566"
"26172","0.00003573670983314514","0.00003573670983314514","0.00003573670983314514"
"26174","0.00003843382000923157","0.00003843382000923157","0.00003843382000923157"
"26176","0.0007656384259462357","0.0007656384259462357","0.0007656384259462357"
"26178","0.00010274350643157959","0.00010274350643157959","0.00010274350643157959"
"26180","0.003120221197605133","0.003120221197605133","0.003120221197605133"
"26182","0.00024889037013053894","0.00024889037013053894","0.00024889037013053894"
"26186","0.0006284043192863464","0.0006284043192863464","0.0006284043192863464"
"26188","0.0034394580870866776","0.0034394580870866776","0.0034394580870866776"
"26190","0.00012250058352947235","0.00012250058352947235","0.00012250058352947235"
"26192","0.011528966948390007","0.011528966948390007","0.011528966948390007"
"26194","0.0043603647500276566","0.0043603647500276566","0.0043603647500276566"
"26196","0.003733402118086815","0.003733402118086815","0.003733402118086815"
"26198","0.015071241185069084","0.015071241185069084","0.015071241185069084"
"26200","0.0007053930312395096","0.0007053930312395096","0.0007053930312395096"
"26202","0.00011869706213474274","0.00011869706213474274","0.00011869706213474274"
"26204","0.0001706629991531372","0.0001706629991531372","0.0001706629991531372"
"26206","0.0013036895543336868","0.0013036895543336868","0.0013036895543336868"
"26210","0.026747284457087517","0.026747284457087517","0.026747284457087517"
"26212","0.0002990737557411194","0.0002990737557411194","0.0002990737557411194"
"26216","0.0007139761000871658","0.0007139761000871658","0.0007139761000871658"
"26218","0.0011608917266130447","0.0011608917266130447","0.0011608917266130447"
"26220","0.002278583124279976","0.002278583124279976","0.002278583124279976"
"26226","0.0002501644194126129","0.0002501644194126129","0.0002501644194126129"
"26228","0.000051410868763923645","0.000051410868763923645","0.000051410868763923645"
"26230","0.0001392178237438202","0.0001392178237438202","0.0001392178237438202"
"26232","0.0015697646886110306","0.0015697646886110306","0.0015697646886110306"
"26234","0.004109807312488556","0.004109807312488556","0.004109807312488556"
"26238","0.010518725961446762","0.010518725961446762","0.010518725961446762"
"26240","0.0026690494269132614","0.0026690494269132614","0.0026690494269132614"
"26242","0.00029888376593589783","0.00029888376593589783","0.00029888376593589783"
"26244","0.001232646405696869","0.001232646405696869","0.001232646405696869"
"26246","0.0014835968613624573","0.0014835968613624573","0.0014835968613624573"
"26248","0.002439720556139946","0.002439720556139946","0.002439720556139946"
"26250","0.0064889416098594666","0.0064889416098594666","0.0064889416098594666"
"26252","0.00036744773387908936","0.00036744773387908936","0.00036744773387908936"
"26254","0.0010561682283878326","0.0010561682283878326","0.0010561682283878326"
"26256","0.00887848250567913","0.00887848250567913","0.00887848250567913"
"26258","0.01148574985563755","0.01148574985563755","0.01148574985563755"
"26262","0.0031094886362552643","0.0031094886362552643","0.0031094886362552643"
"26266","0.0002970844507217407","0.0002970844507217407","0.0002970844507217407"
"26270","0.00014257244765758514","0.00014257244765758514","0.00014257244765758514"
"26272","0.001188378781080246","0.001188378781080246","0.001188378781080246"
"26274","0.0008021686226129532","0.0008021686226129532","0.0008021686226129532"
"26276","0.0009240023791790009","0.0009240023791790009","0.0009240023791790009"
"26278","0.007963664829730988","0.007963664829730988","0.007963664829730988"
"26280","0.023792127147316933","0.023792127147316933","0.023792127147316933"
"26282","0.005733771249651909","0.005733771249651909","0.005733771249651909"
"26284","0.0005312953144311905","0.0005312953144311905","0.0005312953144311905"
"26286","0.0033001210540533066","0.0033001210540533066","0.0033001210540533066"
"26288","0.002176715061068535","0.002176715061068535","0.002176715061068535"
"26290","0.0018623806536197662","0.0018623806536197662","0.0018623806536197662"
"26292","0.00007982924580574036","0.00007982924580574036","0.00007982924580574036"
"26294","0.003613213077187538","0.003613213077187538","0.003613213077187538"
"26296","0.003436196595430374","0.003436196595430374","0.003436196595430374"
"26298","0.000702274963259697","0.000702274963259697","0.000702274963259697"
"26302","0.0004400443285703659","0.0004400443285703659","0.0004400443285703659"
"26304","0.000023342669010162354","0.000023342669010162354","0.000023342669010162354"
"26306","0.016287069767713547","0.016287069767713547","0.016287069767713547"
"26312","0.00016426295042037964","0.00016426295042037964","0.00016426295042037964"
"26316","0.00031640753149986267","0.00031640753149986267","0.00031640753149986267"
"26318","0.002730356529355049","0.002730356529355049","0.002730356529355049"
"26320","0.0008780471980571747","0.0008780471980571747","0.0008780471980571747"
"26322","0.0012860186398029327","0.0012860186398029327","0.0012860186398029327"
"26324","0.0012118443846702576","0.0012118443846702576","0.0012118443846702576"
"26326","0.0007401835173368454","0.0007401835173368454","0.0007401835173368454"
"26328","0.0008014068007469177","0.0008014068007469177","0.0008014068007469177"
"26330","0.00008998997509479523","0.00008998997509479523","0.00008998997509479523"
"26332","0.0003486853092908859","0.0003486853092908859","0.0003486853092908859"
"26334","0.0018754173070192337","0.0018754173070192337","0.0018754173070192337"
"26336","0.00006013922393321991","0.00006013922393321991","0.00006013922393321991"
"26342","0.0003914032131433487","0.0003914032131433487","0.0003914032131433487"
"26344","0.002235332503914833","0.002235332503914833","0.002235332503914833"
"26346","0.0008628014475107193","0.0008628014475107193","0.0008628014475107193"